Tue Sep  9 04:07:26 2025       
+-----------------------------------------------------------------------------------------+
| NVIDIA-SMI 580.65.06              Driver Version: 580.65.06      CUDA Version: 13.0     |
+-----------------------------------------+------------------------+----------------------+
| GPU  Name                 Persistence-M | Bus-Id          Disp.A | Volatile Uncorr. ECC |
| Fan  Temp   Perf          Pwr:Usage/Cap |           Memory-Usage | GPU-Util  Compute M. |
|                                         |                        |               MIG M. |
|=========================================+========================+======================|
|   0  NVIDIA A100-PCIE-40GB          Off |   00000000:25:00.0 Off |                    0 |
| N/A   34C    P0             33W /  250W |       0MiB /  40960MiB |      0%      Default |
|                                         |                        |             Disabled |
+-----------------------------------------+------------------------+----------------------+

+-----------------------------------------------------------------------------------------+
| Processes:                                                                              |
|  GPU   GI   CI              PID   Type   Process name                        GPU Memory |
|        ID   ID                                                               Usage      |
|=========================================================================================|
|  No running processes found                                                             |
+-----------------------------------------------------------------------------------------+
Tue Sep  9 04:07:26 2025       
+-----------------------------------------------------------------------------------------+
| NVIDIA-SMI 580.65.06              Driver Version: 580.65.06      CUDA Version: 13.0     |
+-----------------------------------------+------------------------+----------------------+
| GPU  Name                 Persistence-M | Bus-Id          Disp.A | Volatile Uncorr. ECC |
| Fan  Temp   Perf          Pwr:Usage/Cap |           Memory-Usage | GPU-Util  Compute M. |
|                                         |                        |               MIG M. |
|=========================================+========================+======================|
|   0  NVIDIA A100-PCIE-40GB          Off |   00000000:25:00.0 Off |                    0 |
| N/A   35C    P0             54W /  250W |       0MiB /  40960MiB |      0%      Default |
|                                         |                        |             Disabled |
+-----------------------------------------+------------------------+----------------------+

+-----------------------------------------------------------------------------------------+
| Processes:                                                                              |
|  GPU   GI   CI              PID   Type   Process name                        GPU Memory |
|        ID   ID                                                               Usage      |
|=========================================================================================|
|  No running processes found                                                             |
+-----------------------------------------------------------------------------------------+
CUDA_HOME: /scrfs/storage/tp030/home/.conda/envs/control
CUDA version:
nvcc: NVIDIA (R) Cuda compiler driver
Copyright (c) 2005-2023 NVIDIA Corporation
Built on Tue_Feb__7_19:32:13_PST_2023
Cuda compilation tools, release 12.1, V12.1.66
Build cuda_12.1.r12.1/compiler.32415258_0
Current Rank 0 LOCAL_RANK 0
Tue Sep  9 04:07:21 2025       
+-----------------------------------------------------------------------------------------+
| NVIDIA-SMI 580.65.06              Driver Version: 580.65.06      CUDA Version: 13.0     |
+-----------------------------------------+------------------------+----------------------+
| GPU  Name                 Persistence-M | Bus-Id          Disp.A | Volatile Uncorr. ECC |
| Fan  Temp   Perf          Pwr:Usage/Cap |           Memory-Usage | GPU-Util  Compute M. |
|                                         |                        |               MIG M. |
|=========================================+========================+======================|
|   0  NVIDIA A100-PCIE-40GB          Off |   00000000:25:00.0 Off |                    0 |
| N/A   45C    P0             41W /  250W |       0MiB /  40960MiB |     42%      Default |
|                                         |                        |             Disabled |
+-----------------------------------------+------------------------+----------------------+

+-----------------------------------------------------------------------------------------+
| Processes:                                                                              |
|  GPU   GI   CI              PID   Type   Process name                        GPU Memory |
|        ID   ID                                                               Usage      |
|=========================================================================================|
|  No running processes found                                                             |
+-----------------------------------------------------------------------------------------+
Tue Sep  9 04:07:23 2025       
+-----------------------------------------------------------------------------------------+
| NVIDIA-SMI 580.65.06              Driver Version: 580.65.06      CUDA Version: 13.0     |
+-----------------------------------------+------------------------+----------------------+
| GPU  Name                 Persistence-M | Bus-Id          Disp.A | Volatile Uncorr. ECC |
| Fan  Temp   Perf          Pwr:Usage/Cap |           Memory-Usage | GPU-Util  Compute M. |
|                                         |                        |               MIG M. |
|=========================================+========================+======================|
|   0  NVIDIA A100-PCIE-40GB          Off |   00000000:25:00.0 Off |                    0 |
| N/A   45C    P0             41W /  250W |       0MiB /  40960MiB |     41%      Default |
|                                         |                        |             Disabled |
+-----------------------------------------+------------------------+----------------------+

+-----------------------------------------------------------------------------------------+
| Processes:                                                                              |
|  GPU   GI   CI              PID   Type   Process name                        GPU Memory |
|        ID   ID                                                               Usage      |
|=========================================================================================|
|  No running processes found                                                             |
+-----------------------------------------------------------------------------------------+
CUDA_HOME: /scrfs/storage/tp030/home/.conda/envs/control
CUDA version:
nvcc: NVIDIA (R) Cuda compiler driver
Copyright (c) 2005-2023 NVIDIA Corporation
Built on Tue_Feb__7_19:32:13_PST_2023
Cuda compilation tools, release 12.1, V12.1.66
Build cuda_12.1.r12.1/compiler.32415258_0
Current Rank 1 LOCAL_RANK 1
[2025-09-09 04:07:36,822] [INFO] [real_accelerator.py:260:get_accelerator] Setting ds_accelerator to cuda (auto detect)
[2025-09-09 04:07:31,238] [INFO] [real_accelerator.py:260:get_accelerator] Setting ds_accelerator to cuda (auto detect)
[2025-09-09 04:07:39,474] [INFO] [logging.py:107:log_dist] [Rank -1] [TorchCheckpointEngine] Initialized with serialization = False
Distributed training: 6 nodes, 1 GPUs/node
Global rank: 0, Node rank: 0, Local rank: 0
Training: 6 nodes, 6 world_size, DeepSpeed stage 3
Global batch size: 384
Model parameters: 4,242,954
[2025-09-09 04:07:39,668] [INFO] [comm.py:821:init_distributed] cdb=None
[2025-09-09 04:07:39,668] [INFO] [comm.py:852:init_distributed] Initializing TorchBackend in DeepSpeed with backend nccl
c1912:2191935:2191935 [0] NCCL INFO Bootstrap: Using ibp65s0:172.17.19.12<0>
c1912:2191935:2191935 [0] NCCL INFO cudaDriverVersion 13000
c1912:2191935:2191935 [0] NCCL INFO NCCL version 2.27.3+cuda12.9
c1912:2191935:2191935 [0] NCCL INFO Comm config Blocking set to 1
c1912:2191935:2191970 [0] NCCL INFO NET/Plugin: Could not find: libnccl-net.so. 
c1912:2191935:2191970 [0] NCCL INFO Failed to open libibverbs.so[.1]
c1912:2191935:2191970 [0] NCCL INFO NET/Socket : Using [0]ibp65s0:172.17.19.12<0>
c1912:2191935:2191970 [0] NCCL INFO Initialized NET plugin Socket
c1912:2191935:2191970 [0] NCCL INFO Assigned NET plugin Socket to comm
c1912:2191935:2191970 [0] NCCL INFO Using network Socket
c1912:2191935:2191970 [0] NCCL INFO ncclCommInitRankConfig comm 0x55ea0a2ba860 rank 0 nranks 6 cudaDev 0 nvmlDev 0 busId 25000 commId 0x37898f1fbd7d1771 - Init START
[2025-09-09 04:07:33,940] [INFO] [logging.py:107:log_dist] [Rank -1] [TorchCheckpointEngine] Initialized with serialization = False
Distributed training: 6 nodes, 1 GPUs/node
Global rank: 1, Node rank: 1, Local rank: 0
[2025-09-09 04:07:34,140] [INFO] [comm.py:821:init_distributed] cdb=None
c2008:811899:811899 [0] NCCL INFO cudaDriverVersion 13000
c2008:811899:811899 [0] NCCL INFO Bootstrap: Using ibp65s0:172.17.20.8<0>
c2008:811899:811899 [0] NCCL INFO NCCL version 2.27.3+cuda12.9
c2008:811899:811899 [0] NCCL INFO Comm config Blocking set to 1
c2008:811899:811940 [0] NCCL INFO NET/Plugin: Could not find: libnccl-net.so. 
c2008:811899:811940 [0] NCCL INFO Failed to open libibverbs.so[.1]
c2008:811899:811940 [0] NCCL INFO NET/Socket : Using [0]ibp65s0:172.17.20.8<0>
c2008:811899:811940 [0] NCCL INFO Initialized NET plugin Socket
c2008:811899:811940 [0] NCCL INFO Assigned NET plugin Socket to comm
c2008:811899:811940 [0] NCCL INFO Using network Socket
c2008:811899:811940 [0] NCCL INFO ncclCommInitRankConfig comm 0x559491cbd930 rank 1 nranks 6 cudaDev 0 nvmlDev 0 busId 25000 commId 0x37898f1fbd7d1771 - Init START
c1912:2191935:2191970 [0] NCCL INFO RAS client listening socket at ::1<28028>
c2008:811899:811940 [0] NCCL INFO RAS client listening socket at ::1<28028>
c1912:2191935:2191970 [0] NCCL INFO Bootstrap timings total 1.629509 (create 0.000036, send 0.000094, recv 1.626518, ring 0.001564, delay 0.000003)
c2008:811899:811940 [0] NCCL INFO Bootstrap timings total 0.003420 (create 0.000036, send 0.000263, recv 0.000598, ring 0.000708, delay 0.000002)
c2008:811899:811940 [0] NCCL INFO Setting affinity for GPU 0 to 16-23
c1912:2191935:2191970 [0] NCCL INFO Setting affinity for GPU 0 to 16-23
c2008:811899:811940 [0] NCCL INFO comm 0x559491cbd930 rank 1 nRanks 6 nNodes 3 localRanks 1 localRank 0 MNNVL 0
c2008:811899:811940 [0] NCCL INFO Trees [0] -1/-1/-1->1->3 [1] 0/-1/-1->1->-1
c2008:811899:811940 [0] NCCL INFO P2P Chunksize set to 131072
c1912:2191935:2191970 [0] NCCL INFO comm 0x55ea0a2ba860 rank 0 nRanks 6 nNodes 3 localRanks 1 localRank 0 MNNVL 0
c1912:2191935:2191970 [0] NCCL INFO Channel 00/02 : 0 1 2 3 4 5
c1912:2191935:2191970 [0] NCCL INFO Channel 01/02 : 0 1 2 3 4 5
c1912:2191935:2191970 [0] NCCL INFO Trees [0] 2/-1/-1->0->-1 [1] 2/-1/-1->0->1
c1912:2191935:2191970 [0] NCCL INFO P2P Chunksize set to 131072
c2008:811899:811940 [0] NCCL INFO PROFILER/Plugin: Could not find: libnccl-profiler.so. 
c1912:2191935:2191970 [0] NCCL INFO PROFILER/Plugin: Could not find: libnccl-profiler.so. 
c1912:2191935:2191970 [0] NCCL INFO Check P2P Type isAllDirectP2p 0 directMode 0
c2008:811899:811943 [0] NCCL INFO [Proxy Service UDS] Device 0 CPU core 17
c1912:2191935:2191974 [0] NCCL INFO [Proxy Service UDS] Device 0 CPU core 19
c2008:811899:811942 [0] NCCL INFO [Proxy Service] Device 0 CPU core 23
c1912:2191935:2191973 [0] NCCL INFO [Proxy Service] Device 0 CPU core 23
c1912:2191935:2191970 [0] NCCL INFO threadThresholds 8/8/64 | 48/8/64 | 512 | 512
c1912:2191935:2191970 [0] NCCL INFO 2 coll channels, 2 collnet channels, 0 nvls channels, 2 p2p channels, 1 p2p channels per peer
c2008:811899:811940 [0] NCCL INFO threadThresholds 8/8/64 | 48/8/64 | 512 | 512
c2008:811899:811940 [0] NCCL INFO 2 coll channels, 2 collnet channels, 0 nvls channels, 2 p2p channels, 1 p2p channels per peer
c1912:2191935:2191970 [0] NCCL INFO CC Off, workFifoBytes 1048576
c1912:2191935:2191970 [0] NCCL INFO TUNER/Plugin: Could not find: libnccl-tuner.so. Using internal tuner plugin.
c1912:2191935:2191970 [0] NCCL INFO ncclCommInitRankConfig comm 0x55ea0a2ba860 rank 0 nranks 6 cudaDev 0 nvmlDev 0 busId 25000 commId 0x37898f1fbd7d1771 - Init COMPLETE
c1912:2191935:2191970 [0] NCCL INFO Init timings - ncclCommInitRankConfig: rank 0 nranks 6 total 1.77 (kernels 0.10, alloc 0.00, bootstrap 1.63, allgathers 0.01, topo 0.02, graphs 0.00, connections 0.00, rest 0.00)
c2008:811899:811940 [0] NCCL INFO TUNER/Plugin: Could not find: libnccl-tuner.so. Using internal tuner plugin.
c2008:811899:811940 [0] NCCL INFO ncclCommInitRankConfig comm 0x559491cbd930 rank 1 nranks 6 cudaDev 0 nvmlDev 0 busId 25000 commId 0x37898f1fbd7d1771 - Init COMPLETE
c2008:811899:811940 [0] NCCL INFO Init timings - ncclCommInitRankConfig: rank 1 nranks 6 total 0.14 (kernels 0.10, alloc 0.00, bootstrap 0.00, allgathers 0.02, topo 0.02, graphs 0.00, connections 0.00, rest 0.00)
c2008:811899:811945 [0] NCCL INFO [Proxy Progress] Device 0 CPU core 23
c2008:811899:811944 [0] NCCL INFO Channel 00/0 : 0[0] -> 1[0] [receive] via NET/Socket/0
c2008:811899:811944 [0] NCCL INFO Channel 01/0 : 0[0] -> 1[0] [receive] via NET/Socket/0
c2008:811899:811944 [0] NCCL INFO Channel 00/0 : 1[0] -> 2[0] [send] via NET/Socket/0
c2008:811899:811944 [0] NCCL INFO Channel 01/0 : 1[0] -> 2[0] [send] via NET/Socket/0
c1912:2191935:2191976 [0] NCCL INFO [Proxy Progress] Device 0 CPU core 21
c1912:2191935:2191975 [0] NCCL INFO Channel 00/0 : 5[3] -> 0[0] [receive] via NET/Socket/0
c1912:2191935:2191975 [0] NCCL INFO Channel 01/0 : 5[3] -> 0[0] [receive] via NET/Socket/0
c1912:2191935:2191975 [0] NCCL INFO Channel 00/0 : 0[0] -> 1[0] [send] via NET/Socket/0
c1912:2191935:2191975 [0] NCCL INFO Channel 01/0 : 0[0] -> 1[0] [send] via NET/Socket/0
c1912:2191935:2191975 [0] NCCL INFO Connected all rings, use ring PXN 0 GDR 0
c2008:811899:811944 [0] NCCL INFO Connected all rings, use ring PXN 0 GDR 0
[Gloo] Rank 0 is connected to 5 peer ranks. Expected number of connected peer ranks is : 5
[Gloo] Rank 1 is connected to 5 peer ranks. Expected number of connected peer ranks is : 5
c2008:811899:811949 [0] NCCL INFO Channel 00/0 : 1[0] -> 3[1] [send] via NET/Socket/0
c2008:811899:811949 [0] NCCL INFO Channel 00/0 : 3[1] -> 1[0] [receive] via NET/Socket/0
c2008:811899:811949 [0] NCCL INFO Channel 01/0 : 1[0] -> 0[0] [send] via NET/Socket/0
c1912:2191935:2192049 [0] NCCL INFO Channel 00/0 : 0[0] -> 2[0] [send] via NET/Socket/0
c1912:2191935:2192049 [0] NCCL INFO Channel 01/0 : 0[0] -> 2[0] [send] via NET/Socket/0
c1912:2191935:2192049 [0] NCCL INFO Channel 00/0 : 2[0] -> 0[0] [receive] via NET/Socket/0
c1912:2191935:2192049 [0] NCCL INFO Channel 01/0 : 2[0] -> 0[0] [receive] via NET/Socket/0
c1912:2191935:2192049 [0] NCCL INFO Channel 01/0 : 1[0] -> 0[0] [receive] via NET/Socket/0
c1912:2191935:2192049 [0] NCCL INFO Connected all trees
c2008:811899:811949 [0] NCCL INFO Connected all trees
[2025-09-09 04:07:51,310] [INFO] [logging.py:107:log_dist] [Rank 0] DeepSpeed info: version=0.17.5, git-hash=unknown, git-branch=unknown
[2025-09-09 04:07:51,310] [INFO] [config.py:684:__init__] Config mesh_device None world_size = 6
[2025-09-09 04:07:44,154] [INFO] [config.py:684:__init__] Config mesh_device None world_size = 6
c1912:2191935:2191935 [0] NCCL INFO Comm config Blocking set to 1
c2008:811899:811899 [0] NCCL INFO Comm config Blocking set to 1
c1912:2191935:2192052 [0] NCCL INFO Assigned NET plugin Socket to comm
c1912:2191935:2192052 [0] NCCL INFO Using network Socket
c2008:811899:812022 [0] NCCL INFO Assigned NET plugin Socket to comm
c2008:811899:812022 [0] NCCL INFO Using network Socket
c1912:2191935:2192052 [0] NCCL INFO ncclCommSplit comm 0x55ea072cc140 rank 0 nranks 6 cudaDev 0 nvmlDev 0 busId 25000 parent 0x55ea0a2ba860 splitCount 1 color 1741855487 key 0- Init START
c2008:811899:812022 [0] NCCL INFO ncclCommSplit comm 0x55948ecd2380 rank 1 nranks 6 cudaDev 0 nvmlDev 0 busId 25000 parent 0x559491cbd930 splitCount 1 color 1741855487 key 1- Init START
c2008:811899:812022 [0] NCCL INFO Setting affinity for GPU 0 to 16-23
c1912:2191935:2192052 [0] NCCL INFO Setting affinity for GPU 0 to 16-23
c2008:811899:812022 [0] NCCL INFO comm 0x55948ecd2380 rank 1 nRanks 6 nNodes 3 localRanks 1 localRank 0 MNNVL 0
c2008:811899:812022 [0] NCCL INFO Trees [0] -1/-1/-1->1->3 [1] 0/-1/-1->1->-1
c2008:811899:812022 [0] NCCL INFO P2P Chunksize set to 131072
c1912:2191935:2192052 [0] NCCL INFO comm 0x55ea072cc140 rank 0 nRanks 6 nNodes 3 localRanks 1 localRank 0 MNNVL 0
c1912:2191935:2192052 [0] NCCL INFO Channel 00/02 : 0 1 2 3 4 5
c1912:2191935:2192052 [0] NCCL INFO Channel 01/02 : 0 1 2 3 4 5
c1912:2191935:2192052 [0] NCCL INFO Trees [0] 2/-1/-1->0->-1 [1] 2/-1/-1->0->1
c1912:2191935:2192052 [0] NCCL INFO P2P Chunksize set to 131072
c1912:2191935:2192052 [0] NCCL INFO Check P2P Type isAllDirectP2p 0 directMode 0
c1912:2191935:2192054 [0] NCCL INFO [Proxy Service UDS] Device 0 CPU core 19
c2008:811899:812023 [0] NCCL INFO [Proxy Service] Device 0 CPU core 23
c2008:811899:812024 [0] NCCL INFO [Proxy Service UDS] Device 0 CPU core 17
c1912:2191935:2192053 [0] NCCL INFO [Proxy Service] Device 0 CPU core 21
c1912:2191935:2192052 [0] NCCL INFO threadThresholds 8/8/64 | 48/8/64 | 512 | 512
c1912:2191935:2192052 [0] NCCL INFO 2 coll channels, 2 collnet channels, 0 nvls channels, 2 p2p channels, 1 p2p channels per peer
c2008:811899:812022 [0] NCCL INFO threadThresholds 8/8/64 | 48/8/64 | 512 | 512
c2008:811899:812022 [0] NCCL INFO 2 coll channels, 2 collnet channels, 0 nvls channels, 2 p2p channels, 1 p2p channels per peer
c1912:2191935:2192052 [0] NCCL INFO CC Off, workFifoBytes 1048576
c1912:2191935:2192052 [0] NCCL INFO ncclCommSplit comm 0x55ea072cc140 rank 0 nranks 6 cudaDev 0 nvmlDev 0 busId 25000 parent 0x55ea0a2ba860 splitCount 1 color 1741855487 key 0 - Init COMPLETE
c1912:2191935:2192052 [0] NCCL INFO Init timings - ncclCommSplit: rank 0 nranks 6 total 0.03 (kernels 0.00, alloc 0.00, bootstrap 0.00, allgathers 0.01, topo 0.01, graphs 0.00, connections 0.00, rest 0.01)
[2025-09-09 04:07:51,347] [INFO] [engine.py:1356:_configure_distributed_model] ********** distributed groups summary **********
	 self.dp_world_size=6
	 self.mp_world_size=1
	 self.seq_dp_world_size=6
	 self.sequence_parallel_size=1
***********************************************
c2008:811899:812022 [0] NCCL INFO ncclCommSplit comm 0x55948ecd2380 rank 1 nranks 6 cudaDev 0 nvmlDev 0 busId 25000 parent 0x559491cbd930 splitCount 1 color 1741855487 key 1 - Init COMPLETE
c2008:811899:812022 [0] NCCL INFO Init timings - ncclCommSplit: rank 1 nranks 6 total 0.02 (kernels 0.00, alloc 0.00, bootstrap 0.00, allgathers 0.01, topo 0.01, graphs 0.00, connections 0.00, rest 0.00)
c1912:2191935:2192056 [0] NCCL INFO [Proxy Progress] Device 0 CPU core 22
c1912:2191935:2192055 [0] NCCL INFO Channel 00/0 : 5[3] -> 0[0] [receive] via NET/Socket/0
c1912:2191935:2192055 [0] NCCL INFO Channel 01/0 : 5[3] -> 0[0] [receive] via NET/Socket/0
c1912:2191935:2192055 [0] NCCL INFO Channel 00/0 : 0[0] -> 1[0] [send] via NET/Socket/0
c1912:2191935:2192055 [0] NCCL INFO Channel 01/0 : 0[0] -> 1[0] [send] via NET/Socket/0
c2008:811899:812026 [0] NCCL INFO [Proxy Progress] Device 0 CPU core 23
c2008:811899:812025 [0] NCCL INFO Channel 00/0 : 0[0] -> 1[0] [receive] via NET/Socket/0
c2008:811899:812025 [0] NCCL INFO Channel 01/0 : 0[0] -> 1[0] [receive] via NET/Socket/0
c2008:811899:812025 [0] NCCL INFO Channel 00/0 : 1[0] -> 2[0] [send] via NET/Socket/0
c2008:811899:812025 [0] NCCL INFO Channel 01/0 : 1[0] -> 2[0] [send] via NET/Socket/0
c1912:2191935:2192055 [0] NCCL INFO Connected all rings, use ring PXN 0 GDR 0
c2008:811899:812025 [0] NCCL INFO Connected all rings, use ring PXN 0 GDR 0
[2025-09-09 04:07:51,392] [INFO] [logging.py:107:log_dist] [Rank 0] DeepSpeed Flops Profiler Enabled: False
[1/2] /scrfs/storage/tp030/home/.conda/envs/control/bin/nvcc --generate-dependencies-with-compile --dependency-output multi_tensor_adam.cuda.o.d -DTORCH_EXTENSION_NAME=fused_adam -DTORCH_API_INCLUDE_EXTENSION_H -DPYBIND11_COMPILER_TYPE=\"_gcc\" -DPYBIND11_STDLIB=\"_libstdcpp\" -DPYBIND11_BUILD_ABI=\"_cxxabi1018\" -I/scrfs/storage/tp030/home/ftvae/ita-mdt_code/.venv/lib/python3.11/site-packages/deepspeed/ops/csrc/includes -I/scrfs/storage/tp030/home/ftvae/ita-mdt_code/.venv/lib/python3.11/site-packages/deepspeed/ops/csrc/adam -isystem /scrfs/storage/tp030/home/ftvae/ita-mdt_code/.venv/lib/python3.11/site-packages/torch/include -isystem /scrfs/storage/tp030/home/ftvae/ita-mdt_code/.venv/lib/python3.11/site-packages/torch/include/torch/csrc/api/include -isystem /scrfs/storage/tp030/home/.conda/envs/control/include -isystem /home/tp030/.local/share/uv/python/cpython-3.11.13-linux-x86_64-gnu/include/python3.11 -D__CUDA_NO_HALF_OPERATORS__ -D__CUDA_NO_HALF_CONVERSIONS__ -D__CUDA_NO_BFLOAT16_CONVERSIONS__ -D__CUDA_NO_HALF2_OPERATORS__ --expt-relaxed-constexpr -gencode=arch=compute_80,code=compute_80 -gencode=arch=compute_80,code=sm_80 --compiler-options '-fPIC' -O3 -DVERSION_GE_1_1 -DVERSION_GE_1_3 -DVERSION_GE_1_5 -lineinfo --use_fast_math -gencode=arch=compute_80,code=sm_80 -gencode=arch=compute_80,code=compute_80 -UC10_USE_GLOG -DBF16_AVAILABLE -U__CUDA_NO_BFLOAT16_OPERATORS__ -U__CUDA_NO_BFLOAT162_OPERATORS__ -U__CUDA_NO_BFLOAT16_CONVERSIONS__ -std=c++17 -c /scrfs/storage/tp030/home/ftvae/ita-mdt_code/.venv/lib/python3.11/site-packages/deepspeed/ops/csrc/adam/multi_tensor_adam.cu -o multi_tensor_adam.cuda.o 
[2/2] c++ fused_adam_frontend.o multi_tensor_adam.cuda.o -shared -L/scrfs/storage/tp030/home/ftvae/ita-mdt_code/.venv/lib/python3.11/site-packages/torch/lib -lc10 -lc10_cuda -ltorch_cpu -ltorch_cuda -ltorch -ltorch_python -L/scrfs/storage/tp030/home/.conda/envs/control/lib -lcudart -o fused_adam.so
Time to load fused_adam op: 22.517449140548706 seconds
[2025-09-09 04:08:13,912] [INFO] [logging.py:107:log_dist] [Rank 0] Using DeepSpeed Optimizer param name adam as basic optimizer
[2025-09-09 04:08:13,912] [INFO] [logging.py:107:log_dist] [Rank 0] Removing param_group that has no 'params' in the basic Optimizer
[2025-09-09 04:08:13,912] [INFO] [logging.py:107:log_dist] [Rank 0] DeepSpeed Basic Optimizer = FusedAdam
[2025-09-09 04:08:13,913] [INFO] [utils.py:59:is_zero_supported_optimizer] Checking ZeRO support for optimizer=FusedAdam type=<class 'deepspeed.ops.adam.fused_adam.FusedAdam'>
[2025-09-09 04:08:13,913] [INFO] [logging.py:107:log_dist] [Rank 0] Creating fp16 ZeRO stage 3 optimizer, MiCS is enabled False, Hierarchical params gather False
[2025-09-09 04:08:13,913] [INFO] [logging.py:107:log_dist] [Rank 0] Creating torch.bfloat16 ZeRO stage 3 optimizer
Time to load fused_adam op: 22.560140371322632 seconds
[2025-09-09 04:08:06,800] [INFO] [config.py:684:__init__] Config mesh_device None world_size = 6
[2025-09-09 04:08:14,157] [INFO] [utils.py:781:see_memory_usage] Stage 3 initialize beginning
[2025-09-09 04:08:14,158] [INFO] [utils.py:782:see_memory_usage] MA 0.01 GB         Max_MA 0.01 GB         CA 0.02 GB         Max_CA 0 GB 
[2025-09-09 04:08:14,158] [INFO] [utils.py:789:see_memory_usage] CPU Virtual Memory:  used = 22.47 GB, percent = 2.2%
[2025-09-09 04:08:14,158] [INFO] [stage3.py:186:__init__] Reduce bucket size 200000000
[2025-09-09 04:08:14,158] [INFO] [stage3.py:187:__init__] Prefetch bucket size 50000000
[2025-09-09 04:08:14,356] [INFO] [utils.py:781:see_memory_usage] DeepSpeedZeRoOffload initialize [begin]
[2025-09-09 04:08:14,356] [INFO] [utils.py:782:see_memory_usage] MA 0.01 GB         Max_MA 0.01 GB         CA 0.02 GB         Max_CA 0 GB 
[2025-09-09 04:08:14,357] [INFO] [utils.py:789:see_memory_usage] CPU Virtual Memory:  used = 22.47 GB, percent = 2.2%
[2025-09-09 04:08:14,357] [INFO] [config.py:684:__init__] Config mesh_device None world_size = 6
Parameter Offload - Persistent parameters statistics: param_count = 11, numel = 15882
[2025-09-09 04:08:14,565] [INFO] [utils.py:781:see_memory_usage] DeepSpeedZeRoOffload initialize [end]
[2025-09-09 04:08:14,565] [INFO] [utils.py:782:see_memory_usage] MA 0.0 GB         Max_MA 0.01 GB         CA 0.02 GB         Max_CA 0 GB 
[2025-09-09 04:08:14,566] [INFO] [utils.py:789:see_memory_usage] CPU Virtual Memory:  used = 22.48 GB, percent = 2.2%
[2025-09-09 04:08:14,769] [INFO] [utils.py:781:see_memory_usage] Before creating fp16 partitions
[2025-09-09 04:08:14,770] [INFO] [utils.py:782:see_memory_usage] MA 0.0 GB         Max_MA 0.0 GB         CA 0.02 GB         Max_CA 0 GB 
[2025-09-09 04:08:14,770] [INFO] [utils.py:789:see_memory_usage] CPU Virtual Memory:  used = 22.48 GB, percent = 2.2%
[2025-09-09 04:08:15,163] [INFO] [utils.py:781:see_memory_usage] After creating fp16 partitions: 1
[2025-09-09 04:08:15,163] [INFO] [utils.py:782:see_memory_usage] MA 0.0 GB         Max_MA 0.0 GB         CA 0.02 GB         Max_CA 0 GB 
[2025-09-09 04:08:15,163] [INFO] [utils.py:789:see_memory_usage] CPU Virtual Memory:  used = 22.48 GB, percent = 2.2%
[2025-09-09 04:08:15,357] [INFO] [utils.py:781:see_memory_usage] Before creating fp32 partitions
[2025-09-09 04:08:15,357] [INFO] [utils.py:782:see_memory_usage] MA 0.0 GB         Max_MA 0.0 GB         CA 0.02 GB         Max_CA 0 GB 
[2025-09-09 04:08:15,358] [INFO] [utils.py:789:see_memory_usage] CPU Virtual Memory:  used = 22.48 GB, percent = 2.2%
[2025-09-09 04:08:15,566] [INFO] [utils.py:781:see_memory_usage] After creating fp32 partitions
[2025-09-09 04:08:15,567] [INFO] [utils.py:782:see_memory_usage] MA 0.0 GB         Max_MA 0.01 GB         CA 0.02 GB         Max_CA 0 GB 
[2025-09-09 04:08:15,567] [INFO] [utils.py:789:see_memory_usage] CPU Virtual Memory:  used = 22.49 GB, percent = 2.2%
[2025-09-09 04:08:15,762] [INFO] [utils.py:781:see_memory_usage] Before initializing optimizer states
[2025-09-09 04:08:15,763] [INFO] [utils.py:782:see_memory_usage] MA 0.0 GB         Max_MA 0.0 GB         CA 0.02 GB         Max_CA 0 GB 
[2025-09-09 04:08:15,763] [INFO] [utils.py:789:see_memory_usage] CPU Virtual Memory:  used = 22.49 GB, percent = 2.2%
[2025-09-09 04:08:15,957] [INFO] [utils.py:781:see_memory_usage] After initializing optimizer states
[2025-09-09 04:08:15,957] [INFO] [utils.py:782:see_memory_usage] MA 0.0 GB         Max_MA 0.01 GB         CA 0.02 GB         Max_CA 0 GB 
[2025-09-09 04:08:15,957] [INFO] [utils.py:789:see_memory_usage] CPU Virtual Memory:  used = 22.49 GB, percent = 2.2%
[2025-09-09 04:08:15,958] [INFO] [stage3.py:554:_setup_for_real_optimizer] optimizer state initialized
[2025-09-09 04:08:08,808] [WARNING] [lr_schedules.py:686:get_lr] Attempting to get learning rate from scheduler before it has started
[2025-09-09 04:08:16,159] [INFO] [utils.py:781:see_memory_usage] After initializing ZeRO optimizer
[2025-09-09 04:08:16,159] [INFO] [utils.py:782:see_memory_usage] MA 0.38 GB         Max_MA 0.39 GB         CA 0.39 GB         Max_CA 0 GB 
[2025-09-09 04:08:16,160] [INFO] [utils.py:789:see_memory_usage] CPU Virtual Memory:  used = 22.49 GB, percent = 2.2%
[2025-09-09 04:08:16,160] [INFO] [logging.py:107:log_dist] [Rank 0] DeepSpeed Final Optimizer = DeepSpeedZeroOptimizer_Stage3
[2025-09-09 04:08:16,160] [WARNING] [lr_schedules.py:686:get_lr] Attempting to get learning rate from scheduler before it has started
[2025-09-09 04:08:16,160] [INFO] [logging.py:107:log_dist] [Rank 0] DeepSpeed using configured LR scheduler = WarmupLR
[2025-09-09 04:08:16,160] [INFO] [logging.py:107:log_dist] [Rank 0] DeepSpeed LR Scheduler = <deepspeed.runtime.lr_schedules.WarmupLR object at 0x14f3e4cbb6d0>
[2025-09-09 04:08:16,160] [INFO] [logging.py:107:log_dist] [Rank 0] step=0, skipped=0, lr=[0], mom=[[0.8, 0.999]]
[2025-09-09 04:08:16,160] [INFO] [logging.py:107:log_dist] [Rank 0] [TorchCheckpointEngine] Initialized with serialization = True
[2025-09-09 04:08:16,160] [INFO] [config.py:954:print] DeepSpeedEngine configuration:
[2025-09-09 04:08:16,160] [INFO] [config.py:958:print]   activation_checkpointing_config  {
    "partition_activations": true, 
    "contiguous_memory_optimization": false, 
    "cpu_checkpointing": true, 
    "number_checkpoints": 4, 
    "synchronize_checkpoint_boundary": false, 
    "profile": false
}
[2025-09-09 04:08:16,160] [INFO] [config.py:958:print]   aio_config ................... {'block_size': 1048576, 'queue_depth': 8, 'intra_op_parallelism': 1, 'single_submit': False, 'overlap_events': True, 'use_gds': False}
[2025-09-09 04:08:16,160] [INFO] [config.py:958:print]   amp_enabled .................. False
[2025-09-09 04:08:16,160] [INFO] [config.py:958:print]   amp_params ................... False
[2025-09-09 04:08:16,161] [INFO] [config.py:958:print]   autotuning_config ............ {
    "enabled": false, 
    "start_step": null, 
    "end_step": null, 
    "metric_path": null, 
    "arg_mappings": null, 
    "metric": "throughput", 
    "model_info": null, 
    "results_dir": "autotuning_results", 
    "exps_dir": "autotuning_exps", 
    "overwrite": true, 
    "fast": true, 
    "start_profile_step": 3, 
    "end_profile_step": 5, 
    "tuner_type": "gridsearch", 
    "tuner_early_stopping": 5, 
    "tuner_num_trials": 50, 
    "model_info_path": null, 
    "mp_size": 1, 
    "max_train_batch_size": null, 
    "min_train_batch_size": 1, 
    "max_train_micro_batch_size_per_gpu": 1.024000e+03, 
    "min_train_micro_batch_size_per_gpu": 1, 
    "num_tuning_micro_batch_sizes": 3
}
[2025-09-09 04:08:16,161] [INFO] [config.py:958:print]   bfloat16_config .............. enabled=True immediate_grad_update=False check_grad_overflow=False
[2025-09-09 04:08:16,161] [INFO] [config.py:958:print]   checkpoint_config ............ {'tag_validation': 'WARN', 'checkpoint_serialization': True, 'writer': None}
[2025-09-09 04:08:16,161] [INFO] [config.py:958:print]   checkpoint_parallel_write_pipeline  False
[2025-09-09 04:08:16,161] [INFO] [config.py:958:print]   checkpoint_tag_validation_enabled  True
[2025-09-09 04:08:16,161] [INFO] [config.py:958:print]   checkpoint_tag_validation_fail  False
[2025-09-09 04:08:16,161] [INFO] [config.py:958:print]   comms_config ................. <deepspeed.comm.config.DeepSpeedCommsConfig object at 0x14f3e450c4d0>
[2025-09-09 04:08:16,161] [INFO] [config.py:958:print]   communication_data_type ...... None
[2025-09-09 04:08:16,161] [INFO] [config.py:958:print]   compile_config ............... deepcompile=False free_activation=False offload_activation=False offload_opt_states=False double_buffer=True symmetric_memory=False debug_log=False offload_parameters=False sync_before_reduce=False sync_after_reduce=False sync_before_allgather=False sync_after_allgather=False keep_int_input_tensors=True keep_all_input_tensors=False
[2025-09-09 04:08:16,161] [INFO] [config.py:958:print]   compression_config ........... {'weight_quantization': {'shared_parameters': {'enabled': False, 'quantizer_kernel': False, 'schedule_offset': 0, 'quantize_groups': 1, 'quantize_verbose': False, 'quantization_type': 'symmetric', 'quantize_weight_in_forward': False, 'rounding': 'nearest', 'fp16_mixed_quantize': False, 'quantize_change_ratio': 0.001}, 'different_groups': {}}, 'activation_quantization': {'shared_parameters': {'enabled': False, 'quantization_type': 'symmetric', 'range_calibration': 'dynamic', 'schedule_offset': 1000}, 'different_groups': {}}, 'sparse_pruning': {'shared_parameters': {'enabled': False, 'method': 'l1', 'schedule_offset': 1000}, 'different_groups': {}}, 'row_pruning': {'shared_parameters': {'enabled': False, 'method': 'l1', 'schedule_offset': 1000}, 'different_groups': {}}, 'head_pruning': {'shared_parameters': {'enabled': False, 'method': 'topk', 'schedule_offset': 1000}, 'different_groups': {}}, 'channel_pruning': {'shared_parameters': {'enabled': False, 'method': 'l1', 'schedule_offset': 1000}, 'different_groups': {}}, 'layer_reduction': {'enabled': False}}
[2025-09-09 04:08:16,161] [INFO] [config.py:958:print]   curriculum_enabled_legacy .... False
[2025-09-09 04:08:16,161] [INFO] [config.py:958:print]   curriculum_params_legacy ..... False
[2025-09-09 04:08:16,161] [INFO] [config.py:958:print]   data_efficiency_config ....... {'enabled': False, 'seed': 1234, 'data_sampling': {'enabled': False, 'num_epochs': 1000, 'num_workers': 0, 'pin_memory': False, 'curriculum_learning': {'enabled': False}, 'dynamic_batching': {'enabled': False, 'lr_scaling_method': 'linear', 'min_batch_size': 1, 'max_batch_size': None, 'sequence_picking_order': 'dataloader', 'verbose': False}}, 'data_routing': {'enabled': False, 'random_ltd': {'enabled': False, 'layer_token_lr_schedule': {'enabled': False}}}}
[2025-09-09 04:08:16,161] [INFO] [config.py:958:print]   data_efficiency_enabled ...... False
[2025-09-09 04:08:16,161] [INFO] [config.py:958:print]   dataloader_drop_last ......... False
[2025-09-09 04:08:16,161] [INFO] [config.py:958:print]   disable_allgather ............ False
[2025-09-09 04:08:16,161] [INFO] [config.py:958:print]   dump_state ................... False
[2025-09-09 04:08:16,161] [INFO] [config.py:958:print]   eigenvalue_enabled ........... False
[2025-09-09 04:08:16,161] [INFO] [config.py:958:print]   eigenvalue_gas_boundary_resolution  1
[2025-09-09 04:08:16,161] [INFO] [config.py:958:print]   eigenvalue_layer_name ........ bert.encoder.layer
[2025-09-09 04:08:16,161] [INFO] [config.py:958:print]   eigenvalue_layer_num ......... 0
[2025-09-09 04:08:16,161] [INFO] [config.py:958:print]   eigenvalue_max_iter .......... 100
[2025-09-09 04:08:16,161] [INFO] [config.py:958:print]   eigenvalue_stability ......... 1e-06
[2025-09-09 04:08:16,161] [INFO] [config.py:958:print]   eigenvalue_tol ............... 0.01
[2025-09-09 04:08:16,161] [INFO] [config.py:958:print]   eigenvalue_verbose ........... False
[2025-09-09 04:08:16,161] [INFO] [config.py:958:print]   elasticity_enabled ........... False
[2025-09-09 04:08:16,161] [INFO] [config.py:958:print]   float16_config ............... enabled=False auto_cast=False loss_scale=0.0 initial_scale_power=16 loss_scale_window=1000 hysteresis=2 consecutive_hysteresis=False min_loss_scale=1 fp16_master_weights_and_grads=False
[2025-09-09 04:08:16,161] [INFO] [config.py:958:print]   flops_profiler_config ........ {
    "enabled": false, 
    "recompute_fwd_factor": 0.0, 
    "profile_step": 1, 
    "module_depth": -1, 
    "top_modules": 1, 
    "detailed": true, 
    "output_file": null
}
[2025-09-09 04:08:16,161] [INFO] [config.py:958:print]   global_rank .................. 0
[2025-09-09 04:08:16,161] [INFO] [config.py:958:print]   grad_accum_dtype ............. None
[2025-09-09 04:08:16,161] [INFO] [config.py:958:print]   gradient_accumulation_steps .. 1
[2025-09-09 04:08:16,161] [INFO] [config.py:958:print]   gradient_clipping ............ 1.0
[2025-09-09 04:08:16,161] [INFO] [config.py:958:print]   gradient_predivide_factor .... 1.0
[2025-09-09 04:08:16,161] [INFO] [config.py:958:print]   graph_harvesting ............. False
[2025-09-09 04:08:16,161] [INFO] [config.py:958:print]   hybrid_engine ................ enabled=False max_out_tokens=512 inference_tp_size=1 release_inference_cache=False pin_parameters=True tp_gather_partition_size=8
[2025-09-09 04:08:16,161] [INFO] [config.py:958:print]   load_universal_checkpoint .... False
[2025-09-09 04:08:16,161] [INFO] [config.py:958:print]   memory_breakdown ............. False
[2025-09-09 04:08:16,161] [INFO] [config.py:958:print]   mics_hierarchial_params_gather  False
[2025-09-09 04:08:16,161] [INFO] [config.py:958:print]   mics_shard_size .............. -1
[2025-09-09 04:08:16,161] [INFO] [config.py:958:print]   monitor_config ............... tensorboard=TensorBoardConfig(enabled=False, output_path='', job_name='DeepSpeedJobName') comet=CometConfig(enabled=False, samples_log_interval=100, project=None, workspace=None, api_key=None, experiment_name=None, experiment_key=None, online=None, mode=None) wandb=WandbConfig(enabled=False, group=None, team=None, project='deepspeed') csv_monitor=CSVConfig(enabled=False, output_path='', job_name='DeepSpeedJobName')
[2025-09-09 04:08:16,161] [INFO] [config.py:958:print]   nebula_config ................ {
    "enabled": false, 
    "persistent_storage_path": null, 
    "persistent_time_interval": 100, 
    "num_of_version_in_retention": 2, 
    "enable_nebula_load": true, 
    "load_path": null
}
[2025-09-09 04:08:16,161] [INFO] [config.py:958:print]   optimizer_legacy_fusion ...... False
[2025-09-09 04:08:16,161] [INFO] [config.py:958:print]   optimizer_name ............... adam
[2025-09-09 04:08:16,161] [INFO] [config.py:958:print]   optimizer_params ............. {'lr': 0.001, 'betas': [0.8, 0.999], 'eps': 1e-08, 'weight_decay': 3e-07}
[2025-09-09 04:08:16,161] [INFO] [config.py:958:print]   pipeline ..................... {'stages': 'auto', 'partition': 'best', 'seed_layers': False, 'activation_checkpoint_interval': 0, 'pipe_partitioned': True, 'grad_partitioned': True}
[2025-09-09 04:08:16,161] [INFO] [config.py:958:print]   pld_enabled .................. False
[2025-09-09 04:08:16,161] [INFO] [config.py:958:print]   pld_params ................... False
[2025-09-09 04:08:16,161] [INFO] [config.py:958:print]   prescale_gradients ........... False
[2025-09-09 04:08:16,161] [INFO] [config.py:958:print]   scheduler_name ............... WarmupLR
[2025-09-09 04:08:16,161] [INFO] [config.py:958:print]   scheduler_params ............. {'warmup_min_lr': 0, 'warmup_max_lr': 0.001, 'warmup_num_steps': 1000}
[2025-09-09 04:08:16,161] [INFO] [config.py:958:print]   seq_parallel_communication_data_type  torch.float32
[2025-09-09 04:08:16,161] [INFO] [config.py:958:print]   sparse_attention ............. None
[2025-09-09 04:08:16,161] [INFO] [config.py:958:print]   sparse_gradients_enabled ..... False
[2025-09-09 04:08:16,161] [INFO] [config.py:958:print]   steps_per_print .............. None
[2025-09-09 04:08:16,162] [INFO] [config.py:958:print]   tensor_parallel_config ....... dtype=torch.float16 autotp_size=0 tp_overlap_comm=False tensor_parallel=TPConfig(tp_size=1, tp_grain_size=1, mpu=None, tp_group=None) injection_policy_tuple=None keep_module_on_host=False replace_with_kernel_inject=False
[2025-09-09 04:08:16,162] [INFO] [config.py:958:print]   timers_config ................ enabled=True synchronized=True
[2025-09-09 04:08:16,162] [INFO] [config.py:958:print]   torch_autocast_dtype ......... None
[2025-09-09 04:08:16,162] [INFO] [config.py:958:print]   torch_autocast_enabled ....... False
[2025-09-09 04:08:16,162] [INFO] [config.py:958:print]   torch_autocast_lower_precision_safe_modules  None
[2025-09-09 04:08:16,162] [INFO] [config.py:958:print]   train_batch_size ............. 384
[2025-09-09 04:08:16,162] [INFO] [config.py:958:print]   train_micro_batch_size_per_gpu  64
[2025-09-09 04:08:16,162] [INFO] [config.py:958:print]   use_data_before_expert_parallel_  False
[2025-09-09 04:08:16,162] [INFO] [config.py:958:print]   use_node_local_storage ....... False
[2025-09-09 04:08:16,162] [INFO] [config.py:958:print]   wall_clock_breakdown ......... False
[2025-09-09 04:08:16,162] [INFO] [config.py:958:print]   weight_quantization_config ... None
[2025-09-09 04:08:16,162] [INFO] [config.py:958:print]   world_size ................... 6
[2025-09-09 04:08:16,162] [INFO] [config.py:958:print]   zero_allow_untested_optimizer  False
[2025-09-09 04:08:16,162] [INFO] [config.py:958:print]   zero_config .................. stage=3 contiguous_gradients=True reduce_scatter=True reduce_bucket_size=200000000 use_multi_rank_bucket_allreduce=True allgather_partitions=True allgather_bucket_size=200000000 overlap_comm=True load_from_fp32_weights=True elastic_checkpoint=False offload_param=None offload_optimizer=None zenflow=None sub_group_size=1000000000 cpu_offload_param=None cpu_offload_use_pin_memory=None cpu_offload=None prefetch_bucket_size=50000000 param_persistence_threshold=100000 model_persistence_threshold=9223372036854775807 max_live_parameters=1000000000 max_reuse_distance=1000000000 gather_16bit_weights_on_model_save=False module_granularity_threshold=0 use_all_reduce_for_fetch_params=False stage3_gather_fp16_weights_on_model_save=False ignore_unused_parameters=True legacy_stage1=False round_robin_gradients=False zero_hpz_partition_size=1 zero_quantized_weights=False zero_quantized_nontrainable_weights=False zero_quantized_gradients=False zeropp_loco_param=None mics_shard_size=-1 mics_hierarchical_params_gather=False memory_efficient_linear=True pipeline_loading_checkpoint=False override_module_apply=True log_trace_cache_warnings=False
[2025-09-09 04:08:16,162] [INFO] [config.py:958:print]   zero_enabled ................. True
[2025-09-09 04:08:16,162] [INFO] [config.py:958:print]   zero_force_ds_cpu_optimizer .. True
[2025-09-09 04:08:16,162] [INFO] [config.py:958:print]   zero_optimization_stage ...... 3
[2025-09-09 04:08:16,162] [INFO] [config.py:944:print_user_config]   json = {
    "zero_optimization": {
        "stage": 3, 
        "allgather_partitions": true, 
        "allgather_bucket_size": 2.000000e+08, 
        "overlap_comm": true, 
        "reduce_scatter": true, 
        "reduce_bucket_size": 2.000000e+08, 
        "contiguous_gradients": true
    }, 
    "optimizer": {
        "type": "Adam", 
        "params": {
            "lr": 0.001, 
            "betas": [0.8, 0.999], 
            "eps": 1e-08, 
            "weight_decay": 3e-07
        }
    }, 
    "scheduler": {
        "type": "WarmupLR", 
        "params": {
            "warmup_min_lr": 0, 
            "warmup_max_lr": 0.001, 
            "warmup_num_steps": 1000
        }
    }, 
    "activation_checkpointing": {
        "partition_activations": true, 
        "cpu_checkpointing": true, 
        "contiguous_memory_optimization": false, 
        "number_checkpoints": 4
    }, 
    "train_micro_batch_size_per_gpu": 64, 
    "gradient_clipping": 1.0, 
    "fp16": {
        "enabled": false, 
        "loss_scale": 0, 
        "loss_scale_window": 1000, 
        "initial_scale_power": 16, 
        "hysteresis": 2, 
        "min_loss_scale": 1
    }, 
    "bf16": {
        "enabled": true
    }, 
    "gradient_accumulation_steps": 1
}
[2025-09-09 04:08:16,162] [INFO] [checkpointing.py:1125:configure] Activation Checkpointing Information
[2025-09-09 04:08:16,162] [INFO] [checkpointing.py:1126:configure] ----Partition Activations True, CPU CHECKPOINTING True
[2025-09-09 04:08:16,162] [INFO] [checkpointing.py:1127:configure] ----contiguous Memory Checkpointing False with False total layers
[2025-09-09 04:08:16,162] [INFO] [checkpointing.py:1128:configure] ----Synchronization False
[2025-09-09 04:08:16,162] [INFO] [checkpointing.py:1129:configure] ----Profiling time in checkpointing False
c2008:811899:812282 [0] NCCL INFO Channel 00/0 : 1[0] -> 3[1] [send] via NET/Socket/0
Sanity Checking: |          | 0/? [00:00<?, ?it/s]Sanity Checking:   0%|          | 0/2 [00:00<?, ?it/s]Sanity Checking DataLoader 0:   0%|          | 0/2 [00:00<?, ?it/s]Sanity Checking DataLoader 0:  50%|█████     | 1/2 [00:00<00:00,  2.70it/s]Sanity Checking DataLoader 0: 100%|██████████| 2/2 [00:00<00:00,  5.16it/s]                                                                           Training: |          | 0/? [00:00<?, ?it/s]Training:   0%|          | 0/144 [00:00<?, ?it/s]Epoch 0:   0%|          | 0/144 [00:00<?, ?it/s] c1912:2191935:2192260 [0] NCCL INFO Channel 00/0 : 0[0] -> 2[0] [send] via NET/Socket/0
c1912:2191935:2192260 [0] NCCL INFO Channel 01/0 : 0[0] -> 2[0] [send] via NET/Socket/0
c1912:2191935:2192260 [0] NCCL INFO Channel 00/0 : 2[0] -> 0[0] [receive] via NET/Socket/0
c1912:2191935:2192260 [0] NCCL INFO Channel 01/0 : 2[0] -> 0[0] [receive] via NET/Socket/0
c1912:2191935:2192260 [0] NCCL INFO Channel 01/0 : 1[0] -> 0[0] [receive] via NET/Socket/0
c2008:811899:812282 [0] NCCL INFO Channel 00/0 : 3[1] -> 1[0] [receive] via NET/Socket/0
c2008:811899:812282 [0] NCCL INFO Channel 01/0 : 1[0] -> 0[0] [send] via NET/Socket/0
c1912:2191935:2192260 [0] NCCL INFO Connected all trees
c2008:811899:812282 [0] NCCL INFO Connected all trees
Epoch 0:   1%|          | 1/144 [00:00<00:37,  3.84it/s]Epoch 0:   1%|          | 1/144 [00:00<00:37,  3.84it/s, v_num=73760, train_loss_step=2.320]Epoch 0:   1%|▏         | 2/144 [00:00<00:20,  6.87it/s, v_num=73760, train_loss_step=2.320]Epoch 0:   1%|▏         | 2/144 [00:00<00:20,  6.86it/s, v_num=73760, train_loss_step=2.300]Epoch 0:   2%|▏         | 3/144 [00:00<00:14,  9.46it/s, v_num=73760, train_loss_step=2.300]Epoch 0:   2%|▏         | 3/144 [00:00<00:14,  9.46it/s, v_num=73760, train_loss_step=2.350]Epoch 0:   3%|▎         | 4/144 [00:00<00:11, 11.69it/s, v_num=73760, train_loss_step=2.350]Epoch 0:   3%|▎         | 4/144 [00:00<00:11, 11.69it/s, v_num=73760, train_loss_step=1.960]Epoch 0:   3%|▎         | 5/144 [00:00<00:10, 13.60it/s, v_num=73760, train_loss_step=1.960]Epoch 0:   3%|▎         | 5/144 [00:00<00:10, 13.59it/s, v_num=73760, train_loss_step=1.560]Epoch 0:   4%|▍         | 6/144 [00:00<00:09, 15.13it/s, v_num=73760, train_loss_step=1.560]Epoch 0:   4%|▍         | 6/144 [00:00<00:09, 15.13it/s, v_num=73760, train_loss_step=1.290]Epoch 0:   5%|▍         | 7/144 [00:00<00:08, 16.62it/s, v_num=73760, train_loss_step=1.290]Epoch 0:   5%|▍         | 7/144 [00:00<00:08, 16.61it/s, v_num=73760, train_loss_step=1.050]Epoch 0:   6%|▌         | 8/144 [00:00<00:07, 17.85it/s, v_num=73760, train_loss_step=1.050]Epoch 0:   6%|▌         | 8/144 [00:00<00:07, 17.85it/s, v_num=73760, train_loss_step=0.854]Epoch 0:   6%|▋         | 9/144 [00:00<00:07, 19.04it/s, v_num=73760, train_loss_step=0.854]Epoch 0:   6%|▋         | 9/144 [00:00<00:07, 19.04it/s, v_num=73760, train_loss_step=0.704]Epoch 0:   7%|▋         | 10/144 [00:00<00:06, 19.79it/s, v_num=73760, train_loss_step=0.704]Epoch 0:   7%|▋         | 10/144 [00:00<00:06, 19.78it/s, v_num=73760, train_loss_step=0.636]Epoch 0:   8%|▊         | 11/144 [00:00<00:06, 20.73it/s, v_num=73760, train_loss_step=0.636]Epoch 0:   8%|▊         | 11/144 [00:00<00:06, 20.73it/s, v_num=73760, train_loss_step=0.535]Epoch 0:   8%|▊         | 12/144 [00:00<00:06, 21.55it/s, v_num=73760, train_loss_step=0.535]Epoch 0:   8%|▊         | 12/144 [00:00<00:06, 21.55it/s, v_num=73760, train_loss_step=0.465]Epoch 0:   9%|▉         | 13/144 [00:00<00:05, 22.30it/s, v_num=73760, train_loss_step=0.465]Epoch 0:   9%|▉         | 13/144 [00:00<00:05, 22.30it/s, v_num=73760, train_loss_step=0.477]Epoch 0:  10%|▉         | 14/144 [00:00<00:05, 22.87it/s, v_num=73760, train_loss_step=0.477]Epoch 0:  10%|▉         | 14/144 [00:00<00:05, 22.87it/s, v_num=73760, train_loss_step=0.460]Epoch 0:  10%|█         | 15/144 [00:00<00:05, 23.44it/s, v_num=73760, train_loss_step=0.460]Epoch 0:  10%|█         | 15/144 [00:00<00:05, 23.44it/s, v_num=73760, train_loss_step=0.375]Epoch 0:  11%|█         | 16/144 [00:00<00:05, 24.04it/s, v_num=73760, train_loss_step=0.375]Epoch 0:  11%|█         | 16/144 [00:00<00:05, 24.03it/s, v_num=73760, train_loss_step=0.300]Epoch 0:  12%|█▏        | 17/144 [00:00<00:05, 24.57it/s, v_num=73760, train_loss_step=0.300]Epoch 0:  12%|█▏        | 17/144 [00:00<00:05, 24.56it/s, v_num=73760, train_loss_step=0.387]Epoch 0:  12%|█▎        | 18/144 [00:00<00:05, 24.88it/s, v_num=73760, train_loss_step=0.387]Epoch 0:  12%|█▎        | 18/144 [00:00<00:05, 24.87it/s, v_num=73760, train_loss_step=0.323]Epoch 0:  13%|█▎        | 19/144 [00:00<00:04, 25.37it/s, v_num=73760, train_loss_step=0.323]Epoch 0:  13%|█▎        | 19/144 [00:00<00:04, 25.37it/s, v_num=73760, train_loss_step=0.292]Epoch 0:  14%|█▍        | 20/144 [00:00<00:04, 25.86it/s, v_num=73760, train_loss_step=0.292]Epoch 0:  14%|█▍        | 20/144 [00:00<00:04, 25.85it/s, v_num=73760, train_loss_step=0.285]Epoch 0:  15%|█▍        | 21/144 [00:00<00:04, 26.22it/s, v_num=73760, train_loss_step=0.285]Epoch 0:  15%|█▍        | 21/144 [00:00<00:04, 26.21it/s, v_num=73760, train_loss_step=0.253]Epoch 0:  15%|█▌        | 22/144 [00:00<00:04, 26.55it/s, v_num=73760, train_loss_step=0.253]Epoch 0:  15%|█▌        | 22/144 [00:00<00:04, 26.55it/s, v_num=73760, train_loss_step=0.235]Epoch 0:  16%|█▌        | 23/144 [00:00<00:04, 26.92it/s, v_num=73760, train_loss_step=0.235]Epoch 0:  16%|█▌        | 23/144 [00:00<00:04, 26.91it/s, v_num=73760, train_loss_step=0.334]Epoch 0:  17%|█▋        | 24/144 [00:00<00:04, 27.26it/s, v_num=73760, train_loss_step=0.334]Epoch 0:  17%|█▋        | 24/144 [00:00<00:04, 27.26it/s, v_num=73760, train_loss_step=0.284]Epoch 0:  17%|█▋        | 25/144 [00:00<00:04, 27.58it/s, v_num=73760, train_loss_step=0.284]Epoch 0:  17%|█▋        | 25/144 [00:00<00:04, 27.57it/s, v_num=73760, train_loss_step=0.330]Epoch 0:  18%|█▊        | 26/144 [00:00<00:04, 27.78it/s, v_num=73760, train_loss_step=0.330]Epoch 0:  18%|█▊        | 26/144 [00:00<00:04, 27.78it/s, v_num=73760, train_loss_step=0.253]Epoch 0:  19%|█▉        | 27/144 [00:00<00:04, 28.11it/s, v_num=73760, train_loss_step=0.253]Epoch 0:  19%|█▉        | 27/144 [00:00<00:04, 28.11it/s, v_num=73760, train_loss_step=0.247]Epoch 0:  19%|█▉        | 28/144 [00:00<00:04, 28.43it/s, v_num=73760, train_loss_step=0.247]Epoch 0:  19%|█▉        | 28/144 [00:00<00:04, 28.43it/s, v_num=73760, train_loss_step=0.226]Epoch 0:  20%|██        | 29/144 [00:01<00:04, 28.71it/s, v_num=73760, train_loss_step=0.226]Epoch 0:  20%|██        | 29/144 [00:01<00:04, 28.71it/s, v_num=73760, train_loss_step=0.253]Epoch 0:  21%|██        | 30/144 [00:01<00:03, 28.86it/s, v_num=73760, train_loss_step=0.253]Epoch 0:  21%|██        | 30/144 [00:01<00:03, 28.86it/s, v_num=73760, train_loss_step=0.270]Epoch 0:  22%|██▏       | 31/144 [00:01<00:03, 29.12it/s, v_num=73760, train_loss_step=0.270]Epoch 0:  22%|██▏       | 31/144 [00:01<00:03, 29.12it/s, v_num=73760, train_loss_step=0.197]Epoch 0:  22%|██▏       | 32/144 [00:01<00:03, 29.36it/s, v_num=73760, train_loss_step=0.197]Epoch 0:  22%|██▏       | 32/144 [00:01<00:03, 29.36it/s, v_num=73760, train_loss_step=0.146]Epoch 0:  23%|██▎       | 33/144 [00:01<00:03, 29.58it/s, v_num=73760, train_loss_step=0.146]Epoch 0:  23%|██▎       | 33/144 [00:01<00:03, 29.57it/s, v_num=73760, train_loss_step=0.239]Epoch 0:  24%|██▎       | 34/144 [00:01<00:03, 29.76it/s, v_num=73760, train_loss_step=0.239]Epoch 0:  24%|██▎       | 34/144 [00:01<00:03, 29.76it/s, v_num=73760, train_loss_step=0.296]Epoch 0:  24%|██▍       | 35/144 [00:01<00:03, 29.88it/s, v_num=73760, train_loss_step=0.296]Epoch 0:  24%|██▍       | 35/144 [00:01<00:03, 29.87it/s, v_num=73760, train_loss_step=0.208]Epoch 0:  25%|██▌       | 36/144 [00:01<00:03, 30.09it/s, v_num=73760, train_loss_step=0.208]Epoch 0:  25%|██▌       | 36/144 [00:01<00:03, 30.08it/s, v_num=73760, train_loss_step=0.220]Epoch 0:  26%|██▌       | 37/144 [00:01<00:03, 30.28it/s, v_num=73760, train_loss_step=0.220]Epoch 0:  26%|██▌       | 37/144 [00:01<00:03, 30.28it/s, v_num=73760, train_loss_step=0.192]Epoch 0:  26%|██▋       | 38/144 [00:01<00:03, 30.47it/s, v_num=73760, train_loss_step=0.192]Epoch 0:  26%|██▋       | 38/144 [00:01<00:03, 30.46it/s, v_num=73760, train_loss_step=0.177]Epoch 0:  27%|██▋       | 39/144 [00:01<00:03, 30.52it/s, v_num=73760, train_loss_step=0.177]Epoch 0:  27%|██▋       | 39/144 [00:01<00:03, 30.52it/s, v_num=73760, train_loss_step=0.223]Epoch 0:  28%|██▊       | 40/144 [00:01<00:03, 30.70it/s, v_num=73760, train_loss_step=0.223]Epoch 0:  28%|██▊       | 40/144 [00:01<00:03, 30.69it/s, v_num=73760, train_loss_step=0.219]Epoch 0:  28%|██▊       | 41/144 [00:01<00:03, 30.84it/s, v_num=73760, train_loss_step=0.219]Epoch 0:  28%|██▊       | 41/144 [00:01<00:03, 30.84it/s, v_num=73760, train_loss_step=0.213]Epoch 0:  29%|██▉       | 42/144 [00:01<00:03, 30.98it/s, v_num=73760, train_loss_step=0.213]Epoch 0:  29%|██▉       | 42/144 [00:01<00:03, 30.98it/s, v_num=73760, train_loss_step=0.179]Epoch 0:  30%|██▉       | 43/144 [00:01<00:03, 31.02it/s, v_num=73760, train_loss_step=0.179]Epoch 0:  30%|██▉       | 43/144 [00:01<00:03, 31.02it/s, v_num=73760, train_loss_step=0.202]Epoch 0:  31%|███       | 44/144 [00:01<00:03, 31.15it/s, v_num=73760, train_loss_step=0.202]Epoch 0:  31%|███       | 44/144 [00:01<00:03, 31.14it/s, v_num=73760, train_loss_step=0.174]Epoch 0:  31%|███▏      | 45/144 [00:01<00:03, 31.30it/s, v_num=73760, train_loss_step=0.174]Epoch 0:  31%|███▏      | 45/144 [00:01<00:03, 31.30it/s, v_num=73760, train_loss_step=0.126]Epoch 0:  32%|███▏      | 46/144 [00:01<00:03, 31.43it/s, v_num=73760, train_loss_step=0.126]Epoch 0:  32%|███▏      | 46/144 [00:01<00:03, 31.43it/s, v_num=73760, train_loss_step=0.128]Epoch 0:  33%|███▎      | 47/144 [00:01<00:03, 31.48it/s, v_num=73760, train_loss_step=0.128]Epoch 0:  33%|███▎      | 47/144 [00:01<00:03, 31.47it/s, v_num=73760, train_loss_step=0.175]Epoch 0:  33%|███▎      | 48/144 [00:01<00:03, 31.62it/s, v_num=73760, train_loss_step=0.175]Epoch 0:  33%|███▎      | 48/144 [00:01<00:03, 31.62it/s, v_num=73760, train_loss_step=0.167]Epoch 0:  34%|███▍      | 49/144 [00:01<00:02, 31.73it/s, v_num=73760, train_loss_step=0.167]Epoch 0:  34%|███▍      | 49/144 [00:01<00:02, 31.73it/s, v_num=73760, train_loss_step=0.160]Epoch 0:  35%|███▍      | 50/144 [00:01<00:02, 31.85it/s, v_num=73760, train_loss_step=0.160]Epoch 0:  35%|███▍      | 50/144 [00:01<00:02, 31.85it/s, v_num=73760, train_loss_step=0.159]Epoch 0:  35%|███▌      | 51/144 [00:01<00:02, 31.92it/s, v_num=73760, train_loss_step=0.159]Epoch 0:  35%|███▌      | 51/144 [00:01<00:02, 31.91it/s, v_num=73760, train_loss_step=0.190]Epoch 0:  36%|███▌      | 52/144 [00:01<00:02, 32.03it/s, v_num=73760, train_loss_step=0.190]Epoch 0:  36%|███▌      | 52/144 [00:01<00:02, 32.03it/s, v_num=73760, train_loss_step=0.165]Epoch 0:  37%|███▋      | 53/144 [00:01<00:02, 32.13it/s, v_num=73760, train_loss_step=0.165]Epoch 0:  37%|███▋      | 53/144 [00:01<00:02, 32.13it/s, v_num=73760, train_loss_step=0.212]Epoch 0:  38%|███▊      | 54/144 [00:01<00:02, 32.25it/s, v_num=73760, train_loss_step=0.212]Epoch 0:  38%|███▊      | 54/144 [00:01<00:02, 32.25it/s, v_num=73760, train_loss_step=0.156]Epoch 0:  38%|███▊      | 55/144 [00:01<00:02, 32.29it/s, v_num=73760, train_loss_step=0.156]Epoch 0:  38%|███▊      | 55/144 [00:01<00:02, 32.29it/s, v_num=73760, train_loss_step=0.206]Epoch 0:  39%|███▉      | 56/144 [00:01<00:02, 32.39it/s, v_num=73760, train_loss_step=0.206]Epoch 0:  39%|███▉      | 56/144 [00:01<00:02, 32.39it/s, v_num=73760, train_loss_step=0.156]Epoch 0:  40%|███▉      | 57/144 [00:01<00:02, 32.50it/s, v_num=73760, train_loss_step=0.156]Epoch 0:  40%|███▉      | 57/144 [00:01<00:02, 32.49it/s, v_num=73760, train_loss_step=0.175]Epoch 0:  40%|████      | 58/144 [00:01<00:02, 32.61it/s, v_num=73760, train_loss_step=0.175]Epoch 0:  40%|████      | 58/144 [00:01<00:02, 32.60it/s, v_num=73760, train_loss_step=0.187]Epoch 0:  41%|████      | 59/144 [00:01<00:02, 32.64it/s, v_num=73760, train_loss_step=0.187]Epoch 0:  41%|████      | 59/144 [00:01<00:02, 32.63it/s, v_num=73760, train_loss_step=0.181]Epoch 0:  42%|████▏     | 60/144 [00:01<00:02, 32.74it/s, v_num=73760, train_loss_step=0.181]Epoch 0:  42%|████▏     | 60/144 [00:01<00:02, 32.74it/s, v_num=73760, train_loss_step=0.124]Epoch 0:  42%|████▏     | 61/144 [00:01<00:02, 32.83it/s, v_num=73760, train_loss_step=0.124]Epoch 0:  42%|████▏     | 61/144 [00:01<00:02, 32.83it/s, v_num=73760, train_loss_step=0.156]Epoch 0:  43%|████▎     | 62/144 [00:01<00:02, 32.91it/s, v_num=73760, train_loss_step=0.156]Epoch 0:  43%|████▎     | 62/144 [00:01<00:02, 32.91it/s, v_num=73760, train_loss_step=0.146]Epoch 0:  44%|████▍     | 63/144 [00:01<00:02, 32.93it/s, v_num=73760, train_loss_step=0.146]Epoch 0:  44%|████▍     | 63/144 [00:01<00:02, 32.93it/s, v_num=73760, train_loss_step=0.123]Epoch 0:  44%|████▍     | 64/144 [00:01<00:02, 33.02it/s, v_num=73760, train_loss_step=0.123]Epoch 0:  44%|████▍     | 64/144 [00:01<00:02, 33.02it/s, v_num=73760, train_loss_step=0.155]Epoch 0:  45%|████▌     | 65/144 [00:01<00:02, 33.10it/s, v_num=73760, train_loss_step=0.155]Epoch 0:  45%|████▌     | 65/144 [00:01<00:02, 33.10it/s, v_num=73760, train_loss_step=0.192]Epoch 0:  46%|████▌     | 66/144 [00:01<00:02, 33.17it/s, v_num=73760, train_loss_step=0.192]Epoch 0:  46%|████▌     | 66/144 [00:01<00:02, 33.17it/s, v_num=73760, train_loss_step=0.119]Epoch 0:  47%|████▋     | 67/144 [00:02<00:02, 33.16it/s, v_num=73760, train_loss_step=0.119]Epoch 0:  47%|████▋     | 67/144 [00:02<00:02, 33.16it/s, v_num=73760, train_loss_step=0.152]Epoch 0:  47%|████▋     | 68/144 [00:02<00:02, 33.24it/s, v_num=73760, train_loss_step=0.152]Epoch 0:  47%|████▋     | 68/144 [00:02<00:02, 33.24it/s, v_num=73760, train_loss_step=0.187]Epoch 0:  48%|████▊     | 69/144 [00:02<00:02, 33.30it/s, v_num=73760, train_loss_step=0.187]Epoch 0:  48%|████▊     | 69/144 [00:02<00:02, 33.30it/s, v_num=73760, train_loss_step=0.122]Epoch 0:  49%|████▊     | 70/144 [00:02<00:02, 33.31it/s, v_num=73760, train_loss_step=0.122]Epoch 0:  49%|████▊     | 70/144 [00:02<00:02, 33.31it/s, v_num=73760, train_loss_step=0.270]Epoch 0:  49%|████▉     | 71/144 [00:02<00:02, 33.29it/s, v_num=73760, train_loss_step=0.270]Epoch 0:  49%|████▉     | 71/144 [00:02<00:02, 33.29it/s, v_num=73760, train_loss_step=0.154]Epoch 0:  50%|█████     | 72/144 [00:02<00:02, 33.35it/s, v_num=73760, train_loss_step=0.154]Epoch 0:  50%|█████     | 72/144 [00:02<00:02, 33.35it/s, v_num=73760, train_loss_step=0.170]Epoch 0:  51%|█████     | 73/144 [00:02<00:02, 33.40it/s, v_num=73760, train_loss_step=0.170]Epoch 0:  51%|█████     | 73/144 [00:02<00:02, 33.40it/s, v_num=73760, train_loss_step=0.113]Epoch 0:  51%|█████▏    | 74/144 [00:02<00:02, 33.48it/s, v_num=73760, train_loss_step=0.113]Epoch 0:  51%|█████▏    | 74/144 [00:02<00:02, 33.48it/s, v_num=73760, train_loss_step=0.184]Epoch 0:  52%|█████▏    | 75/144 [00:02<00:02, 33.48it/s, v_num=73760, train_loss_step=0.184]Epoch 0:  52%|█████▏    | 75/144 [00:02<00:02, 33.48it/s, v_num=73760, train_loss_step=0.133]Epoch 0:  53%|█████▎    | 76/144 [00:02<00:02, 33.54it/s, v_num=73760, train_loss_step=0.133]Epoch 0:  53%|█████▎    | 76/144 [00:02<00:02, 33.54it/s, v_num=73760, train_loss_step=0.219]Epoch 0:  53%|█████▎    | 77/144 [00:02<00:01, 33.58it/s, v_num=73760, train_loss_step=0.219]Epoch 0:  53%|█████▎    | 77/144 [00:02<00:01, 33.58it/s, v_num=73760, train_loss_step=0.139]Epoch 0:  54%|█████▍    | 78/144 [00:02<00:01, 33.61it/s, v_num=73760, train_loss_step=0.139]Epoch 0:  54%|█████▍    | 78/144 [00:02<00:01, 33.60it/s, v_num=73760, train_loss_step=0.136]Epoch 0:  55%|█████▍    | 79/144 [00:02<00:01, 33.62it/s, v_num=73760, train_loss_step=0.136]Epoch 0:  55%|█████▍    | 79/144 [00:02<00:01, 33.62it/s, v_num=73760, train_loss_step=0.127]Epoch 0:  56%|█████▌    | 80/144 [00:02<00:01, 33.69it/s, v_num=73760, train_loss_step=0.127]Epoch 0:  56%|█████▌    | 80/144 [00:02<00:01, 33.69it/s, v_num=73760, train_loss_step=0.138]Epoch 0:  56%|█████▋    | 81/144 [00:02<00:01, 33.75it/s, v_num=73760, train_loss_step=0.138]Epoch 0:  56%|█████▋    | 81/144 [00:02<00:01, 33.74it/s, v_num=73760, train_loss_step=0.207]Epoch 0:  57%|█████▋    | 82/144 [00:02<00:01, 33.80it/s, v_num=73760, train_loss_step=0.207]Epoch 0:  57%|█████▋    | 82/144 [00:02<00:01, 33.80it/s, v_num=73760, train_loss_step=0.175]Epoch 0:  58%|█████▊    | 83/144 [00:02<00:01, 33.79it/s, v_num=73760, train_loss_step=0.175]Epoch 0:  58%|█████▊    | 83/144 [00:02<00:01, 33.78it/s, v_num=73760, train_loss_step=0.146]Epoch 0:  58%|█████▊    | 84/144 [00:02<00:01, 33.84it/s, v_num=73760, train_loss_step=0.146]Epoch 0:  58%|█████▊    | 84/144 [00:02<00:01, 33.83it/s, v_num=73760, train_loss_step=0.169]Epoch 0:  59%|█████▉    | 85/144 [00:02<00:01, 33.89it/s, v_num=73760, train_loss_step=0.169]Epoch 0:  59%|█████▉    | 85/144 [00:02<00:01, 33.89it/s, v_num=73760, train_loss_step=0.185]Epoch 0:  60%|█████▉    | 86/144 [00:02<00:01, 33.95it/s, v_num=73760, train_loss_step=0.185]Epoch 0:  60%|█████▉    | 86/144 [00:02<00:01, 33.95it/s, v_num=73760, train_loss_step=0.168]Epoch 0:  60%|██████    | 87/144 [00:02<00:01, 33.97it/s, v_num=73760, train_loss_step=0.168]Epoch 0:  60%|██████    | 87/144 [00:02<00:01, 33.96it/s, v_num=73760, train_loss_step=0.197]Epoch 0:  61%|██████    | 88/144 [00:02<00:01, 34.04it/s, v_num=73760, train_loss_step=0.197]Epoch 0:  61%|██████    | 88/144 [00:02<00:01, 34.04it/s, v_num=73760, train_loss_step=0.131]Epoch 0:  62%|██████▏   | 89/144 [00:02<00:01, 34.09it/s, v_num=73760, train_loss_step=0.131]Epoch 0:  62%|██████▏   | 89/144 [00:02<00:01, 34.09it/s, v_num=73760, train_loss_step=0.099]Epoch 0:  62%|██████▎   | 90/144 [00:02<00:01, 34.16it/s, v_num=73760, train_loss_step=0.099]Epoch 0:  62%|██████▎   | 90/144 [00:02<00:01, 34.16it/s, v_num=73760, train_loss_step=0.142]Epoch 0:  63%|██████▎   | 91/144 [00:02<00:01, 34.22it/s, v_num=73760, train_loss_step=0.142]Epoch 0:  63%|██████▎   | 91/144 [00:02<00:01, 34.22it/s, v_num=73760, train_loss_step=0.183]Epoch 0:  64%|██████▍   | 92/144 [00:02<00:01, 34.22it/s, v_num=73760, train_loss_step=0.183]Epoch 0:  64%|██████▍   | 92/144 [00:02<00:01, 34.22it/s, v_num=73760, train_loss_step=0.154]Epoch 0:  65%|██████▍   | 93/144 [00:02<00:01, 34.27it/s, v_num=73760, train_loss_step=0.154]Epoch 0:  65%|██████▍   | 93/144 [00:02<00:01, 34.27it/s, v_num=73760, train_loss_step=0.149]Epoch 0:  65%|██████▌   | 94/144 [00:02<00:01, 34.33it/s, v_num=73760, train_loss_step=0.149]Epoch 0:  65%|██████▌   | 94/144 [00:02<00:01, 34.32it/s, v_num=73760, train_loss_step=0.118]Epoch 0:  66%|██████▌   | 95/144 [00:02<00:01, 34.36it/s, v_num=73760, train_loss_step=0.118]Epoch 0:  66%|██████▌   | 95/144 [00:02<00:01, 34.36it/s, v_num=73760, train_loss_step=0.111]Epoch 0:  67%|██████▋   | 96/144 [00:02<00:01, 34.35it/s, v_num=73760, train_loss_step=0.111]Epoch 0:  67%|██████▋   | 96/144 [00:02<00:01, 34.35it/s, v_num=73760, train_loss_step=0.162]Epoch 0:  67%|██████▋   | 97/144 [00:02<00:01, 34.40it/s, v_num=73760, train_loss_step=0.162]Epoch 0:  67%|██████▋   | 97/144 [00:02<00:01, 34.39it/s, v_num=73760, train_loss_step=0.183]Epoch 0:  68%|██████▊   | 98/144 [00:02<00:01, 34.45it/s, v_num=73760, train_loss_step=0.183]Epoch 0:  68%|██████▊   | 98/144 [00:02<00:01, 34.45it/s, v_num=73760, train_loss_step=0.143]Epoch 0:  69%|██████▉   | 99/144 [00:02<00:01, 34.48it/s, v_num=73760, train_loss_step=0.143]Epoch 0:  69%|██████▉   | 99/144 [00:02<00:01, 34.48it/s, v_num=73760, train_loss_step=0.210]Epoch 0:  69%|██████▉   | 100/144 [00:02<00:01, 34.50it/s, v_num=73760, train_loss_step=0.210]Epoch 0:  69%|██████▉   | 100/144 [00:02<00:01, 34.50it/s, v_num=73760, train_loss_step=0.176]Epoch 0:  70%|███████   | 101/144 [00:02<00:01, 34.54it/s, v_num=73760, train_loss_step=0.176]Epoch 0:  70%|███████   | 101/144 [00:02<00:01, 34.54it/s, v_num=73760, train_loss_step=0.123]Epoch 0:  71%|███████   | 102/144 [00:02<00:01, 34.60it/s, v_num=73760, train_loss_step=0.123]Epoch 0:  71%|███████   | 102/144 [00:02<00:01, 34.60it/s, v_num=73760, train_loss_step=0.173]Epoch 0:  72%|███████▏  | 103/144 [00:02<00:01, 34.65it/s, v_num=73760, train_loss_step=0.173]Epoch 0:  72%|███████▏  | 103/144 [00:02<00:01, 34.64it/s, v_num=73760, train_loss_step=0.172]Epoch 0:  72%|███████▏  | 104/144 [00:03<00:01, 34.65it/s, v_num=73760, train_loss_step=0.172]Epoch 0:  72%|███████▏  | 104/144 [00:03<00:01, 34.65it/s, v_num=73760, train_loss_step=0.223]Epoch 0:  73%|███████▎  | 105/144 [00:03<00:01, 34.71it/s, v_num=73760, train_loss_step=0.223]Epoch 0:  73%|███████▎  | 105/144 [00:03<00:01, 34.71it/s, v_num=73760, train_loss_step=0.164]Epoch 0:  74%|███████▎  | 106/144 [00:03<00:01, 34.76it/s, v_num=73760, train_loss_step=0.164]Epoch 0:  74%|███████▎  | 106/144 [00:03<00:01, 34.75it/s, v_num=73760, train_loss_step=0.108]Epoch 0:  74%|███████▍  | 107/144 [00:03<00:01, 34.79it/s, v_num=73760, train_loss_step=0.108]Epoch 0:  74%|███████▍  | 107/144 [00:03<00:01, 34.78it/s, v_num=73760, train_loss_step=0.111]Epoch 0:  75%|███████▌  | 108/144 [00:03<00:01, 34.81it/s, v_num=73760, train_loss_step=0.111]Epoch 0:  75%|███████▌  | 108/144 [00:03<00:01, 34.80it/s, v_num=73760, train_loss_step=0.175]Epoch 0:  76%|███████▌  | 109/144 [00:03<00:01, 34.85it/s, v_num=73760, train_loss_step=0.175]Epoch 0:  76%|███████▌  | 109/144 [00:03<00:01, 34.85it/s, v_num=73760, train_loss_step=0.113]Epoch 0:  76%|███████▋  | 110/144 [00:03<00:00, 34.90it/s, v_num=73760, train_loss_step=0.113]Epoch 0:  76%|███████▋  | 110/144 [00:03<00:00, 34.90it/s, v_num=73760, train_loss_step=0.130]Epoch 0:  77%|███████▋  | 111/144 [00:03<00:00, 34.94it/s, v_num=73760, train_loss_step=0.130]Epoch 0:  77%|███████▋  | 111/144 [00:03<00:00, 34.94it/s, v_num=73760, train_loss_step=0.100]Epoch 0:  78%|███████▊  | 112/144 [00:03<00:00, 34.97it/s, v_num=73760, train_loss_step=0.100]Epoch 0:  78%|███████▊  | 112/144 [00:03<00:00, 34.97it/s, v_num=73760, train_loss_step=0.0844]Epoch 0:  78%|███████▊  | 113/144 [00:03<00:00, 34.97it/s, v_num=73760, train_loss_step=0.0844]Epoch 0:  78%|███████▊  | 113/144 [00:03<00:00, 34.97it/s, v_num=73760, train_loss_step=0.129] Epoch 0:  79%|███████▉  | 114/144 [00:03<00:00, 35.02it/s, v_num=73760, train_loss_step=0.129]Epoch 0:  79%|███████▉  | 114/144 [00:03<00:00, 35.01it/s, v_num=73760, train_loss_step=0.139]Epoch 0:  80%|███████▉  | 115/144 [00:03<00:00, 35.04it/s, v_num=73760, train_loss_step=0.139]Epoch 0:  80%|███████▉  | 115/144 [00:03<00:00, 35.04it/s, v_num=73760, train_loss_step=0.123]Epoch 0:  81%|████████  | 116/144 [00:03<00:00, 35.08it/s, v_num=73760, train_loss_step=0.123]Epoch 0:  81%|████████  | 116/144 [00:03<00:00, 35.08it/s, v_num=73760, train_loss_step=0.152]Epoch 0:  81%|████████▏ | 117/144 [00:03<00:00, 35.06it/s, v_num=73760, train_loss_step=0.152]Epoch 0:  81%|████████▏ | 117/144 [00:03<00:00, 35.06it/s, v_num=73760, train_loss_step=0.172]Epoch 0:  82%|████████▏ | 118/144 [00:03<00:00, 35.09it/s, v_num=73760, train_loss_step=0.172]Epoch 0:  82%|████████▏ | 118/144 [00:03<00:00, 35.09it/s, v_num=73760, train_loss_step=0.0782]Epoch 0:  83%|████████▎ | 119/144 [00:03<00:00, 35.09it/s, v_num=73760, train_loss_step=0.0782]Epoch 0:  83%|████████▎ | 119/144 [00:03<00:00, 35.09it/s, v_num=73760, train_loss_step=0.109] Epoch 0:  83%|████████▎ | 120/144 [00:03<00:00, 35.13it/s, v_num=73760, train_loss_step=0.109]Epoch 0:  83%|████████▎ | 120/144 [00:03<00:00, 35.13it/s, v_num=73760, train_loss_step=0.145]Epoch 0:  84%|████████▍ | 121/144 [00:03<00:00, 35.14it/s, v_num=73760, train_loss_step=0.145]Epoch 0:  84%|████████▍ | 121/144 [00:03<00:00, 35.14it/s, v_num=73760, train_loss_step=0.120]Epoch 0:  85%|████████▍ | 122/144 [00:03<00:00, 35.17it/s, v_num=73760, train_loss_step=0.120]Epoch 0:  85%|████████▍ | 122/144 [00:03<00:00, 35.17it/s, v_num=73760, train_loss_step=0.0991]Epoch 0:  85%|████████▌ | 123/144 [00:03<00:00, 35.21it/s, v_num=73760, train_loss_step=0.0991]Epoch 0:  85%|████████▌ | 123/144 [00:03<00:00, 35.21it/s, v_num=73760, train_loss_step=0.138] Epoch 0:  86%|████████▌ | 124/144 [00:03<00:00, 35.26it/s, v_num=73760, train_loss_step=0.138]Epoch 0:  86%|████████▌ | 124/144 [00:03<00:00, 35.26it/s, v_num=73760, train_loss_step=0.0842]Epoch 0:  87%|████████▋ | 125/144 [00:03<00:00, 35.27it/s, v_num=73760, train_loss_step=0.0842]Epoch 0:  87%|████████▋ | 125/144 [00:03<00:00, 35.27it/s, v_num=73760, train_loss_step=0.128] Epoch 0:  88%|████████▊ | 126/144 [00:03<00:00, 35.23it/s, v_num=73760, train_loss_step=0.128]Epoch 0:  88%|████████▊ | 126/144 [00:03<00:00, 35.23it/s, v_num=73760, train_loss_step=0.164]Epoch 0:  88%|████████▊ | 127/144 [00:03<00:00, 35.27it/s, v_num=73760, train_loss_step=0.164]Epoch 0:  88%|████████▊ | 127/144 [00:03<00:00, 35.27it/s, v_num=73760, train_loss_step=0.0811]Epoch 0:  89%|████████▉ | 128/144 [00:03<00:00, 35.31it/s, v_num=73760, train_loss_step=0.0811]Epoch 0:  89%|████████▉ | 128/144 [00:03<00:00, 35.31it/s, v_num=73760, train_loss_step=0.168] Epoch 0:  90%|████████▉ | 129/144 [00:03<00:00, 35.35it/s, v_num=73760, train_loss_step=0.168]Epoch 0:  90%|████████▉ | 129/144 [00:03<00:00, 35.35it/s, v_num=73760, train_loss_step=0.178]Epoch 0:  90%|█████████ | 130/144 [00:03<00:00, 35.36it/s, v_num=73760, train_loss_step=0.178]Epoch 0:  90%|█████████ | 130/144 [00:03<00:00, 35.36it/s, v_num=73760, train_loss_step=0.0854]Epoch 0:  91%|█████████ | 131/144 [00:03<00:00, 35.36it/s, v_num=73760, train_loss_step=0.0854]Epoch 0:  91%|█████████ | 131/144 [00:03<00:00, 35.36it/s, v_num=73760, train_loss_step=0.112] Epoch 0:  92%|█████████▏| 132/144 [00:03<00:00, 35.41it/s, v_num=73760, train_loss_step=0.112]Epoch 0:  92%|█████████▏| 132/144 [00:03<00:00, 35.40it/s, v_num=73760, train_loss_step=0.101]Epoch 0:  92%|█████████▏| 133/144 [00:03<00:00, 35.44it/s, v_num=73760, train_loss_step=0.101]Epoch 0:  92%|█████████▏| 133/144 [00:03<00:00, 35.44it/s, v_num=73760, train_loss_step=0.0923]Epoch 0:  93%|█████████▎| 134/144 [00:03<00:00, 35.48it/s, v_num=73760, train_loss_step=0.0923]Epoch 0:  93%|█████████▎| 134/144 [00:03<00:00, 35.48it/s, v_num=73760, train_loss_step=0.0784]Epoch 0:  94%|█████████▍| 135/144 [00:03<00:00, 35.48it/s, v_num=73760, train_loss_step=0.0784]Epoch 0:  94%|█████████▍| 135/144 [00:03<00:00, 35.48it/s, v_num=73760, train_loss_step=0.105] Epoch 0:  94%|█████████▍| 136/144 [00:03<00:00, 35.51it/s, v_num=73760, train_loss_step=0.105]Epoch 0:  94%|█████████▍| 136/144 [00:03<00:00, 35.51it/s, v_num=73760, train_loss_step=0.156]Epoch 0:  95%|█████████▌| 137/144 [00:03<00:00, 35.55it/s, v_num=73760, train_loss_step=0.156]Epoch 0:  95%|█████████▌| 137/144 [00:03<00:00, 35.55it/s, v_num=73760, train_loss_step=0.123]Epoch 0:  96%|█████████▌| 138/144 [00:03<00:00, 35.58it/s, v_num=73760, train_loss_step=0.123]Epoch 0:  96%|█████████▌| 138/144 [00:03<00:00, 35.58it/s, v_num=73760, train_loss_step=0.0536]Epoch 0:  97%|█████████▋| 139/144 [00:03<00:00, 35.59it/s, v_num=73760, train_loss_step=0.0536]Epoch 0:  97%|█████████▋| 139/144 [00:03<00:00, 35.59it/s, v_num=73760, train_loss_step=0.121] Epoch 0:  97%|█████████▋| 140/144 [00:03<00:00, 35.63it/s, v_num=73760, train_loss_step=0.121]Epoch 0:  97%|█████████▋| 140/144 [00:03<00:00, 35.62it/s, v_num=73760, train_loss_step=0.157]Epoch 0:  98%|█████████▊| 141/144 [00:03<00:00, 35.66it/s, v_num=73760, train_loss_step=0.157]Epoch 0:  98%|█████████▊| 141/144 [00:03<00:00, 35.65it/s, v_num=73760, train_loss_step=0.0663]Epoch 0:  99%|█████████▊| 142/144 [00:03<00:00, 35.69it/s, v_num=73760, train_loss_step=0.0663]Epoch 0:  99%|█████████▊| 142/144 [00:03<00:00, 35.69it/s, v_num=73760, train_loss_step=0.118] Epoch 0:  99%|█████████▉| 143/144 [00:04<00:00, 35.72it/s, v_num=73760, train_loss_step=0.118]Epoch 0:  99%|█████████▉| 143/144 [00:04<00:00, 35.72it/s, v_num=73760, train_loss_step=0.0884]Epoch 0: 100%|██████████| 144/144 [00:04<00:00, 35.69it/s, v_num=73760, train_loss_step=0.0884]Epoch 0: 100%|██████████| 144/144 [00:04<00:00, 35.68it/s, v_num=73760, train_loss_step=0.0714]
Validation: |          | 0/? [00:00<?, ?it/s][A
Validation:   0%|          | 0/14 [00:00<?, ?it/s][A
Validation DataLoader 0:   0%|          | 0/14 [00:00<?, ?it/s][A
Validation DataLoader 0:   7%|▋         | 1/14 [00:00<00:00, 81.00it/s][A
Validation DataLoader 0:  14%|█▍        | 2/14 [00:00<00:00, 78.97it/s][A
Validation DataLoader 0:  21%|██▏       | 3/14 [00:00<00:00, 84.66it/s][A
Validation DataLoader 0:  29%|██▊       | 4/14 [00:00<00:00, 87.85it/s][A
Validation DataLoader 0:  36%|███▌      | 5/14 [00:00<00:00, 88.64it/s][A
Validation DataLoader 0:  43%|████▎     | 6/14 [00:00<00:00, 83.72it/s][A
Validation DataLoader 0:  50%|█████     | 7/14 [00:00<00:00, 85.74it/s][A
Validation DataLoader 0:  57%|█████▋    | 8/14 [00:00<00:00, 87.45it/s][A
Validation DataLoader 0:  64%|██████▍   | 9/14 [00:00<00:00, 88.67it/s][A
Validation DataLoader 0:  71%|███████▏  | 10/14 [00:00<00:00, 89.38it/s][A
Validation DataLoader 0:  79%|███████▊  | 11/14 [00:00<00:00, 90.66it/s][A
Validation DataLoader 0:  86%|████████▌ | 12/14 [00:00<00:00, 91.39it/s][A
Validation DataLoader 0:  93%|█████████▎| 13/14 [00:00<00:00, 92.03it/s][A
Validation DataLoader 0: 100%|██████████| 14/14 [00:00<00:00, 92.38it/s][A
                                                                        [AEpoch 0: 100%|██████████| 144/144 [00:04<00:00, 34.16it/s, v_num=73760, train_loss_step=0.0714, val_loss=0.0909, val_acc=0.972]Epoch 0: 100%|██████████| 144/144 [00:04<00:00, 34.16it/s, v_num=73760, train_loss_step=0.0714, val_loss=0.0909, val_acc=0.972, train_loss_epoch=0.271]Epoch 0:   0%|          | 0/144 [00:00<?, ?it/s, v_num=73760, train_loss_step=0.0714, val_loss=0.0909, val_acc=0.972, train_loss_epoch=0.271]          Epoch 1:   0%|          | 0/144 [00:00<?, ?it/s, v_num=73760, train_loss_step=0.0714, val_loss=0.0909, val_acc=0.972, train_loss_epoch=0.271]Epoch 1:   1%|          | 1/144 [00:00<00:12, 11.44it/s, v_num=73760, train_loss_step=0.0714, val_loss=0.0909, val_acc=0.972, train_loss_epoch=0.271]Epoch 1:   1%|          | 1/144 [00:00<00:12, 11.41it/s, v_num=73760, train_loss_step=0.124, val_loss=0.0909, val_acc=0.972, train_loss_epoch=0.271] Epoch 1:   1%|▏         | 2/144 [00:00<00:08, 17.69it/s, v_num=73760, train_loss_step=0.124, val_loss=0.0909, val_acc=0.972, train_loss_epoch=0.271]Epoch 1:   1%|▏         | 2/144 [00:00<00:08, 17.66it/s, v_num=73760, train_loss_step=0.0865, val_loss=0.0909, val_acc=0.972, train_loss_epoch=0.271]Epoch 1:   2%|▏         | 3/144 [00:00<00:06, 21.30it/s, v_num=73760, train_loss_step=0.0865, val_loss=0.0909, val_acc=0.972, train_loss_epoch=0.271]Epoch 1:   2%|▏         | 3/144 [00:00<00:06, 21.28it/s, v_num=73760, train_loss_step=0.133, val_loss=0.0909, val_acc=0.972, train_loss_epoch=0.271] Epoch 1:   3%|▎         | 4/144 [00:00<00:05, 24.10it/s, v_num=73760, train_loss_step=0.133, val_loss=0.0909, val_acc=0.972, train_loss_epoch=0.271]Epoch 1:   3%|▎         | 4/144 [00:00<00:05, 24.08it/s, v_num=73760, train_loss_step=0.112, val_loss=0.0909, val_acc=0.972, train_loss_epoch=0.271]Epoch 1:   3%|▎         | 5/144 [00:00<00:05, 26.09it/s, v_num=73760, train_loss_step=0.112, val_loss=0.0909, val_acc=0.972, train_loss_epoch=0.271]Epoch 1:   3%|▎         | 5/144 [00:00<00:05, 26.07it/s, v_num=73760, train_loss_step=0.0977, val_loss=0.0909, val_acc=0.972, train_loss_epoch=0.271]Epoch 1:   4%|▍         | 6/144 [00:00<00:04, 27.68it/s, v_num=73760, train_loss_step=0.0977, val_loss=0.0909, val_acc=0.972, train_loss_epoch=0.271]Epoch 1:   4%|▍         | 6/144 [00:00<00:04, 27.66it/s, v_num=73760, train_loss_step=0.105, val_loss=0.0909, val_acc=0.972, train_loss_epoch=0.271] Epoch 1:   5%|▍         | 7/144 [00:00<00:04, 28.73it/s, v_num=73760, train_loss_step=0.105, val_loss=0.0909, val_acc=0.972, train_loss_epoch=0.271]Epoch 1:   5%|▍         | 7/144 [00:00<00:04, 28.71it/s, v_num=73760, train_loss_step=0.0824, val_loss=0.0909, val_acc=0.972, train_loss_epoch=0.271]Epoch 1:   6%|▌         | 8/144 [00:00<00:04, 29.71it/s, v_num=73760, train_loss_step=0.0824, val_loss=0.0909, val_acc=0.972, train_loss_epoch=0.271]Epoch 1:   6%|▌         | 8/144 [00:00<00:04, 29.69it/s, v_num=73760, train_loss_step=0.0569, val_loss=0.0909, val_acc=0.972, train_loss_epoch=0.271]Epoch 1:   6%|▋         | 9/144 [00:00<00:04, 30.54it/s, v_num=73760, train_loss_step=0.0569, val_loss=0.0909, val_acc=0.972, train_loss_epoch=0.271]Epoch 1:   6%|▋         | 9/144 [00:00<00:04, 30.52it/s, v_num=73760, train_loss_step=0.102, val_loss=0.0909, val_acc=0.972, train_loss_epoch=0.271] Epoch 1:   7%|▋         | 10/144 [00:00<00:04, 31.20it/s, v_num=73760, train_loss_step=0.102, val_loss=0.0909, val_acc=0.972, train_loss_epoch=0.271]Epoch 1:   7%|▋         | 10/144 [00:00<00:04, 31.18it/s, v_num=73760, train_loss_step=0.147, val_loss=0.0909, val_acc=0.972, train_loss_epoch=0.271]Epoch 1:   8%|▊         | 11/144 [00:00<00:04, 31.30it/s, v_num=73760, train_loss_step=0.147, val_loss=0.0909, val_acc=0.972, train_loss_epoch=0.271]Epoch 1:   8%|▊         | 11/144 [00:00<00:04, 31.29it/s, v_num=73760, train_loss_step=0.115, val_loss=0.0909, val_acc=0.972, train_loss_epoch=0.271]Epoch 1:   8%|▊         | 12/144 [00:00<00:04, 31.78it/s, v_num=73760, train_loss_step=0.115, val_loss=0.0909, val_acc=0.972, train_loss_epoch=0.271]Epoch 1:   8%|▊         | 12/144 [00:00<00:04, 31.76it/s, v_num=73760, train_loss_step=0.0758, val_loss=0.0909, val_acc=0.972, train_loss_epoch=0.271]Epoch 1:   9%|▉         | 13/144 [00:00<00:04, 32.17it/s, v_num=73760, train_loss_step=0.0758, val_loss=0.0909, val_acc=0.972, train_loss_epoch=0.271]Epoch 1:   9%|▉         | 13/144 [00:00<00:04, 32.16it/s, v_num=73760, train_loss_step=0.112, val_loss=0.0909, val_acc=0.972, train_loss_epoch=0.271] Epoch 1:  10%|▉         | 14/144 [00:00<00:03, 32.56it/s, v_num=73760, train_loss_step=0.112, val_loss=0.0909, val_acc=0.972, train_loss_epoch=0.271]Epoch 1:  10%|▉         | 14/144 [00:00<00:03, 32.55it/s, v_num=73760, train_loss_step=0.103, val_loss=0.0909, val_acc=0.972, train_loss_epoch=0.271]Epoch 1:  10%|█         | 15/144 [00:00<00:03, 32.58it/s, v_num=73760, train_loss_step=0.103, val_loss=0.0909, val_acc=0.972, train_loss_epoch=0.271]Epoch 1:  10%|█         | 15/144 [00:00<00:03, 32.57it/s, v_num=73760, train_loss_step=0.087, val_loss=0.0909, val_acc=0.972, train_loss_epoch=0.271]Epoch 1:  11%|█         | 16/144 [00:00<00:03, 32.93it/s, v_num=73760, train_loss_step=0.087, val_loss=0.0909, val_acc=0.972, train_loss_epoch=0.271]Epoch 1:  11%|█         | 16/144 [00:00<00:03, 32.92it/s, v_num=73760, train_loss_step=0.102, val_loss=0.0909, val_acc=0.972, train_loss_epoch=0.271]Epoch 1:  12%|█▏        | 17/144 [00:00<00:03, 33.26it/s, v_num=73760, train_loss_step=0.102, val_loss=0.0909, val_acc=0.972, train_loss_epoch=0.271]Epoch 1:  12%|█▏        | 17/144 [00:00<00:03, 33.25it/s, v_num=73760, train_loss_step=0.124, val_loss=0.0909, val_acc=0.972, train_loss_epoch=0.271]Epoch 1:  12%|█▎        | 18/144 [00:00<00:03, 33.56it/s, v_num=73760, train_loss_step=0.124, val_loss=0.0909, val_acc=0.972, train_loss_epoch=0.271]Epoch 1:  12%|█▎        | 18/144 [00:00<00:03, 33.55it/s, v_num=73760, train_loss_step=0.149, val_loss=0.0909, val_acc=0.972, train_loss_epoch=0.271]Epoch 1:  13%|█▎        | 19/144 [00:00<00:03, 33.70it/s, v_num=73760, train_loss_step=0.149, val_loss=0.0909, val_acc=0.972, train_loss_epoch=0.271]Epoch 1:  13%|█▎        | 19/144 [00:00<00:03, 33.69it/s, v_num=73760, train_loss_step=0.113, val_loss=0.0909, val_acc=0.972, train_loss_epoch=0.271]Epoch 1:  14%|█▍        | 20/144 [00:00<00:03, 34.01it/s, v_num=73760, train_loss_step=0.113, val_loss=0.0909, val_acc=0.972, train_loss_epoch=0.271]Epoch 1:  14%|█▍        | 20/144 [00:00<00:03, 34.00it/s, v_num=73760, train_loss_step=0.138, val_loss=0.0909, val_acc=0.972, train_loss_epoch=0.271]Epoch 1:  15%|█▍        | 21/144 [00:00<00:03, 34.27it/s, v_num=73760, train_loss_step=0.138, val_loss=0.0909, val_acc=0.972, train_loss_epoch=0.271]Epoch 1:  15%|█▍        | 21/144 [00:00<00:03, 34.26it/s, v_num=73760, train_loss_step=0.0667, val_loss=0.0909, val_acc=0.972, train_loss_epoch=0.271]Epoch 1:  15%|█▌        | 22/144 [00:00<00:03, 34.53it/s, v_num=73760, train_loss_step=0.0667, val_loss=0.0909, val_acc=0.972, train_loss_epoch=0.271]Epoch 1:  15%|█▌        | 22/144 [00:00<00:03, 34.52it/s, v_num=73760, train_loss_step=0.116, val_loss=0.0909, val_acc=0.972, train_loss_epoch=0.271] Epoch 1:  16%|█▌        | 23/144 [00:00<00:03, 34.60it/s, v_num=73760, train_loss_step=0.116, val_loss=0.0909, val_acc=0.972, train_loss_epoch=0.271]Epoch 1:  16%|█▌        | 23/144 [00:00<00:03, 34.59it/s, v_num=73760, train_loss_step=0.0883, val_loss=0.0909, val_acc=0.972, train_loss_epoch=0.271]Epoch 1:  17%|█▋        | 24/144 [00:00<00:03, 34.74it/s, v_num=73760, train_loss_step=0.0883, val_loss=0.0909, val_acc=0.972, train_loss_epoch=0.271]Epoch 1:  17%|█▋        | 24/144 [00:00<00:03, 34.73it/s, v_num=73760, train_loss_step=0.0896, val_loss=0.0909, val_acc=0.972, train_loss_epoch=0.271]Epoch 1:  17%|█▋        | 25/144 [00:00<00:03, 34.93it/s, v_num=73760, train_loss_step=0.0896, val_loss=0.0909, val_acc=0.972, train_loss_epoch=0.271]Epoch 1:  17%|█▋        | 25/144 [00:00<00:03, 34.92it/s, v_num=73760, train_loss_step=0.118, val_loss=0.0909, val_acc=0.972, train_loss_epoch=0.271] Epoch 1:  18%|█▊        | 26/144 [00:00<00:03, 35.11it/s, v_num=73760, train_loss_step=0.118, val_loss=0.0909, val_acc=0.972, train_loss_epoch=0.271]Epoch 1:  18%|█▊        | 26/144 [00:00<00:03, 35.10it/s, v_num=73760, train_loss_step=0.110, val_loss=0.0909, val_acc=0.972, train_loss_epoch=0.271]Epoch 1:  19%|█▉        | 27/144 [00:00<00:03, 35.07it/s, v_num=73760, train_loss_step=0.110, val_loss=0.0909, val_acc=0.972, train_loss_epoch=0.271]Epoch 1:  19%|█▉        | 27/144 [00:00<00:03, 35.06it/s, v_num=73760, train_loss_step=0.115, val_loss=0.0909, val_acc=0.972, train_loss_epoch=0.271]Epoch 1:  19%|█▉        | 28/144 [00:00<00:03, 35.03it/s, v_num=73760, train_loss_step=0.115, val_loss=0.0909, val_acc=0.972, train_loss_epoch=0.271]Epoch 1:  19%|█▉        | 28/144 [00:00<00:03, 35.02it/s, v_num=73760, train_loss_step=0.0847, val_loss=0.0909, val_acc=0.972, train_loss_epoch=0.271]Epoch 1:  20%|██        | 29/144 [00:00<00:03, 35.15it/s, v_num=73760, train_loss_step=0.0847, val_loss=0.0909, val_acc=0.972, train_loss_epoch=0.271]Epoch 1:  20%|██        | 29/144 [00:00<00:03, 35.15it/s, v_num=73760, train_loss_step=0.152, val_loss=0.0909, val_acc=0.972, train_loss_epoch=0.271] Epoch 1:  21%|██        | 30/144 [00:00<00:03, 35.31it/s, v_num=73760, train_loss_step=0.152, val_loss=0.0909, val_acc=0.972, train_loss_epoch=0.271]Epoch 1:  21%|██        | 30/144 [00:00<00:03, 35.31it/s, v_num=73760, train_loss_step=0.0688, val_loss=0.0909, val_acc=0.972, train_loss_epoch=0.271]Epoch 1:  22%|██▏       | 31/144 [00:00<00:03, 35.40it/s, v_num=73760, train_loss_step=0.0688, val_loss=0.0909, val_acc=0.972, train_loss_epoch=0.271]Epoch 1:  22%|██▏       | 31/144 [00:00<00:03, 35.39it/s, v_num=73760, train_loss_step=0.0958, val_loss=0.0909, val_acc=0.972, train_loss_epoch=0.271]Epoch 1:  22%|██▏       | 32/144 [00:00<00:03, 35.40it/s, v_num=73760, train_loss_step=0.0958, val_loss=0.0909, val_acc=0.972, train_loss_epoch=0.271]Epoch 1:  22%|██▏       | 32/144 [00:00<00:03, 35.39it/s, v_num=73760, train_loss_step=0.105, val_loss=0.0909, val_acc=0.972, train_loss_epoch=0.271] Epoch 1:  23%|██▎       | 33/144 [00:00<00:03, 35.53it/s, v_num=73760, train_loss_step=0.105, val_loss=0.0909, val_acc=0.972, train_loss_epoch=0.271]Epoch 1:  23%|██▎       | 33/144 [00:00<00:03, 35.52it/s, v_num=73760, train_loss_step=0.0808, val_loss=0.0909, val_acc=0.972, train_loss_epoch=0.271]Epoch 1:  24%|██▎       | 34/144 [00:00<00:03, 35.66it/s, v_num=73760, train_loss_step=0.0808, val_loss=0.0909, val_acc=0.972, train_loss_epoch=0.271]Epoch 1:  24%|██▎       | 34/144 [00:00<00:03, 35.65it/s, v_num=73760, train_loss_step=0.111, val_loss=0.0909, val_acc=0.972, train_loss_epoch=0.271] Epoch 1:  24%|██▍       | 35/144 [00:00<00:03, 35.78it/s, v_num=73760, train_loss_step=0.111, val_loss=0.0909, val_acc=0.972, train_loss_epoch=0.271]Epoch 1:  24%|██▍       | 35/144 [00:00<00:03, 35.78it/s, v_num=73760, train_loss_step=0.118, val_loss=0.0909, val_acc=0.972, train_loss_epoch=0.271]Epoch 1:  25%|██▌       | 36/144 [00:01<00:03, 35.72it/s, v_num=73760, train_loss_step=0.118, val_loss=0.0909, val_acc=0.972, train_loss_epoch=0.271]Epoch 1:  25%|██▌       | 36/144 [00:01<00:03, 35.72it/s, v_num=73760, train_loss_step=0.101, val_loss=0.0909, val_acc=0.972, train_loss_epoch=0.271]Epoch 1:  26%|██▌       | 37/144 [00:01<00:02, 35.80it/s, v_num=73760, train_loss_step=0.101, val_loss=0.0909, val_acc=0.972, train_loss_epoch=0.271]Epoch 1:  26%|██▌       | 37/144 [00:01<00:02, 35.80it/s, v_num=73760, train_loss_step=0.0972, val_loss=0.0909, val_acc=0.972, train_loss_epoch=0.271]Epoch 1:  26%|██▋       | 38/144 [00:01<00:02, 35.90it/s, v_num=73760, train_loss_step=0.0972, val_loss=0.0909, val_acc=0.972, train_loss_epoch=0.271]Epoch 1:  26%|██▋       | 38/144 [00:01<00:02, 35.90it/s, v_num=73760, train_loss_step=0.0802, val_loss=0.0909, val_acc=0.972, train_loss_epoch=0.271]Epoch 1:  27%|██▋       | 39/144 [00:01<00:02, 35.97it/s, v_num=73760, train_loss_step=0.0802, val_loss=0.0909, val_acc=0.972, train_loss_epoch=0.271]Epoch 1:  27%|██▋       | 39/144 [00:01<00:02, 35.96it/s, v_num=73760, train_loss_step=0.122, val_loss=0.0909, val_acc=0.972, train_loss_epoch=0.271] Epoch 1:  28%|██▊       | 40/144 [00:01<00:02, 35.88it/s, v_num=73760, train_loss_step=0.122, val_loss=0.0909, val_acc=0.972, train_loss_epoch=0.271]Epoch 1:  28%|██▊       | 40/144 [00:01<00:02, 35.87it/s, v_num=73760, train_loss_step=0.121, val_loss=0.0909, val_acc=0.972, train_loss_epoch=0.271]Epoch 1:  28%|██▊       | 41/144 [00:01<00:02, 35.93it/s, v_num=73760, train_loss_step=0.121, val_loss=0.0909, val_acc=0.972, train_loss_epoch=0.271]Epoch 1:  28%|██▊       | 41/144 [00:01<00:02, 35.93it/s, v_num=73760, train_loss_step=0.0937, val_loss=0.0909, val_acc=0.972, train_loss_epoch=0.271]Epoch 1:  29%|██▉       | 42/144 [00:01<00:02, 36.02it/s, v_num=73760, train_loss_step=0.0937, val_loss=0.0909, val_acc=0.972, train_loss_epoch=0.271]Epoch 1:  29%|██▉       | 42/144 [00:01<00:02, 36.01it/s, v_num=73760, train_loss_step=0.123, val_loss=0.0909, val_acc=0.972, train_loss_epoch=0.271] Epoch 1:  30%|██▉       | 43/144 [00:01<00:02, 36.07it/s, v_num=73760, train_loss_step=0.123, val_loss=0.0909, val_acc=0.972, train_loss_epoch=0.271]Epoch 1:  30%|██▉       | 43/144 [00:01<00:02, 36.07it/s, v_num=73760, train_loss_step=0.0884, val_loss=0.0909, val_acc=0.972, train_loss_epoch=0.271]Epoch 1:  31%|███       | 44/144 [00:01<00:02, 36.03it/s, v_num=73760, train_loss_step=0.0884, val_loss=0.0909, val_acc=0.972, train_loss_epoch=0.271]Epoch 1:  31%|███       | 44/144 [00:01<00:02, 36.02it/s, v_num=73760, train_loss_step=0.075, val_loss=0.0909, val_acc=0.972, train_loss_epoch=0.271] Epoch 1:  31%|███▏      | 45/144 [00:01<00:02, 36.06it/s, v_num=73760, train_loss_step=0.075, val_loss=0.0909, val_acc=0.972, train_loss_epoch=0.271]Epoch 1:  31%|███▏      | 45/144 [00:01<00:02, 36.05it/s, v_num=73760, train_loss_step=0.123, val_loss=0.0909, val_acc=0.972, train_loss_epoch=0.271]Epoch 1:  32%|███▏      | 46/144 [00:01<00:02, 36.10it/s, v_num=73760, train_loss_step=0.123, val_loss=0.0909, val_acc=0.972, train_loss_epoch=0.271]Epoch 1:  32%|███▏      | 46/144 [00:01<00:02, 36.09it/s, v_num=73760, train_loss_step=0.0925, val_loss=0.0909, val_acc=0.972, train_loss_epoch=0.271]Epoch 1:  33%|███▎      | 47/144 [00:01<00:02, 36.11it/s, v_num=73760, train_loss_step=0.0925, val_loss=0.0909, val_acc=0.972, train_loss_epoch=0.271]Epoch 1:  33%|███▎      | 47/144 [00:01<00:02, 36.10it/s, v_num=73760, train_loss_step=0.115, val_loss=0.0909, val_acc=0.972, train_loss_epoch=0.271] Epoch 1:  33%|███▎      | 48/144 [00:01<00:02, 36.03it/s, v_num=73760, train_loss_step=0.115, val_loss=0.0909, val_acc=0.972, train_loss_epoch=0.271]Epoch 1:  33%|███▎      | 48/144 [00:01<00:02, 36.02it/s, v_num=73760, train_loss_step=0.138, val_loss=0.0909, val_acc=0.972, train_loss_epoch=0.271]Epoch 1:  34%|███▍      | 49/144 [00:01<00:02, 36.09it/s, v_num=73760, train_loss_step=0.138, val_loss=0.0909, val_acc=0.972, train_loss_epoch=0.271]Epoch 1:  34%|███▍      | 49/144 [00:01<00:02, 36.08it/s, v_num=73760, train_loss_step=0.0909, val_loss=0.0909, val_acc=0.972, train_loss_epoch=0.271]Epoch 1:  35%|███▍      | 50/144 [00:01<00:02, 36.12it/s, v_num=73760, train_loss_step=0.0909, val_loss=0.0909, val_acc=0.972, train_loss_epoch=0.271]Epoch 1:  35%|███▍      | 50/144 [00:01<00:02, 36.12it/s, v_num=73760, train_loss_step=0.119, val_loss=0.0909, val_acc=0.972, train_loss_epoch=0.271] Epoch 1:  35%|███▌      | 51/144 [00:01<00:02, 36.17it/s, v_num=73760, train_loss_step=0.119, val_loss=0.0909, val_acc=0.972, train_loss_epoch=0.271]Epoch 1:  35%|███▌      | 51/144 [00:01<00:02, 36.17it/s, v_num=73760, train_loss_step=0.117, val_loss=0.0909, val_acc=0.972, train_loss_epoch=0.271]Epoch 1:  36%|███▌      | 52/144 [00:01<00:02, 36.15it/s, v_num=73760, train_loss_step=0.117, val_loss=0.0909, val_acc=0.972, train_loss_epoch=0.271]Epoch 1:  36%|███▌      | 52/144 [00:01<00:02, 36.14it/s, v_num=73760, train_loss_step=0.0672, val_loss=0.0909, val_acc=0.972, train_loss_epoch=0.271]Epoch 1:  37%|███▋      | 53/144 [00:01<00:02, 36.20it/s, v_num=73760, train_loss_step=0.0672, val_loss=0.0909, val_acc=0.972, train_loss_epoch=0.271]Epoch 1:  37%|███▋      | 53/144 [00:01<00:02, 36.20it/s, v_num=73760, train_loss_step=0.0817, val_loss=0.0909, val_acc=0.972, train_loss_epoch=0.271]Epoch 1:  38%|███▊      | 54/144 [00:01<00:02, 36.26it/s, v_num=73760, train_loss_step=0.0817, val_loss=0.0909, val_acc=0.972, train_loss_epoch=0.271]Epoch 1:  38%|███▊      | 54/144 [00:01<00:02, 36.26it/s, v_num=73760, train_loss_step=0.145, val_loss=0.0909, val_acc=0.972, train_loss_epoch=0.271] Epoch 1:  38%|███▊      | 55/144 [00:01<00:02, 36.30it/s, v_num=73760, train_loss_step=0.145, val_loss=0.0909, val_acc=0.972, train_loss_epoch=0.271]Epoch 1:  38%|███▊      | 55/144 [00:01<00:02, 36.29it/s, v_num=73760, train_loss_step=0.0676, val_loss=0.0909, val_acc=0.972, train_loss_epoch=0.271]Epoch 1:  39%|███▉      | 56/144 [00:01<00:02, 36.27it/s, v_num=73760, train_loss_step=0.0676, val_loss=0.0909, val_acc=0.972, train_loss_epoch=0.271]Epoch 1:  39%|███▉      | 56/144 [00:01<00:02, 36.27it/s, v_num=73760, train_loss_step=0.0681, val_loss=0.0909, val_acc=0.972, train_loss_epoch=0.271]Epoch 1:  40%|███▉      | 57/144 [00:01<00:02, 36.32it/s, v_num=73760, train_loss_step=0.0681, val_loss=0.0909, val_acc=0.972, train_loss_epoch=0.271]Epoch 1:  40%|███▉      | 57/144 [00:01<00:02, 36.32it/s, v_num=73760, train_loss_step=0.057, val_loss=0.0909, val_acc=0.972, train_loss_epoch=0.271] Epoch 1:  40%|████      | 58/144 [00:01<00:02, 36.35it/s, v_num=73760, train_loss_step=0.057, val_loss=0.0909, val_acc=0.972, train_loss_epoch=0.271]Epoch 1:  40%|████      | 58/144 [00:01<00:02, 36.35it/s, v_num=73760, train_loss_step=0.0805, val_loss=0.0909, val_acc=0.972, train_loss_epoch=0.271]Epoch 1:  41%|████      | 59/144 [00:01<00:02, 36.39it/s, v_num=73760, train_loss_step=0.0805, val_loss=0.0909, val_acc=0.972, train_loss_epoch=0.271]Epoch 1:  41%|████      | 59/144 [00:01<00:02, 36.38it/s, v_num=73760, train_loss_step=0.110, val_loss=0.0909, val_acc=0.972, train_loss_epoch=0.271] Epoch 1:  42%|████▏     | 60/144 [00:01<00:02, 36.39it/s, v_num=73760, train_loss_step=0.110, val_loss=0.0909, val_acc=0.972, train_loss_epoch=0.271]Epoch 1:  42%|████▏     | 60/144 [00:01<00:02, 36.39it/s, v_num=73760, train_loss_step=0.074, val_loss=0.0909, val_acc=0.972, train_loss_epoch=0.271]Epoch 1:  42%|████▏     | 61/144 [00:01<00:02, 36.42it/s, v_num=73760, train_loss_step=0.074, val_loss=0.0909, val_acc=0.972, train_loss_epoch=0.271]Epoch 1:  42%|████▏     | 61/144 [00:01<00:02, 36.41it/s, v_num=73760, train_loss_step=0.0702, val_loss=0.0909, val_acc=0.972, train_loss_epoch=0.271]Epoch 1:  43%|████▎     | 62/144 [00:01<00:02, 36.46it/s, v_num=73760, train_loss_step=0.0702, val_loss=0.0909, val_acc=0.972, train_loss_epoch=0.271]Epoch 1:  43%|████▎     | 62/144 [00:01<00:02, 36.46it/s, v_num=73760, train_loss_step=0.0874, val_loss=0.0909, val_acc=0.972, train_loss_epoch=0.271]Epoch 1:  44%|████▍     | 63/144 [00:01<00:02, 36.52it/s, v_num=73760, train_loss_step=0.0874, val_loss=0.0909, val_acc=0.972, train_loss_epoch=0.271]Epoch 1:  44%|████▍     | 63/144 [00:01<00:02, 36.52it/s, v_num=73760, train_loss_step=0.096, val_loss=0.0909, val_acc=0.972, train_loss_epoch=0.271] Epoch 1:  44%|████▍     | 64/144 [00:01<00:02, 36.46it/s, v_num=73760, train_loss_step=0.096, val_loss=0.0909, val_acc=0.972, train_loss_epoch=0.271]Epoch 1:  44%|████▍     | 64/144 [00:01<00:02, 36.45it/s, v_num=73760, train_loss_step=0.0627, val_loss=0.0909, val_acc=0.972, train_loss_epoch=0.271]Epoch 1:  45%|████▌     | 65/144 [00:01<00:02, 36.47it/s, v_num=73760, train_loss_step=0.0627, val_loss=0.0909, val_acc=0.972, train_loss_epoch=0.271]Epoch 1:  45%|████▌     | 65/144 [00:01<00:02, 36.47it/s, v_num=73760, train_loss_step=0.0874, val_loss=0.0909, val_acc=0.972, train_loss_epoch=0.271]Epoch 1:  46%|████▌     | 66/144 [00:01<00:02, 36.51it/s, v_num=73760, train_loss_step=0.0874, val_loss=0.0909, val_acc=0.972, train_loss_epoch=0.271]Epoch 1:  46%|████▌     | 66/144 [00:01<00:02, 36.51it/s, v_num=73760, train_loss_step=0.0841, val_loss=0.0909, val_acc=0.972, train_loss_epoch=0.271]Epoch 1:  47%|████▋     | 67/144 [00:01<00:02, 36.54it/s, v_num=73760, train_loss_step=0.0841, val_loss=0.0909, val_acc=0.972, train_loss_epoch=0.271]Epoch 1:  47%|████▋     | 67/144 [00:01<00:02, 36.54it/s, v_num=73760, train_loss_step=0.103, val_loss=0.0909, val_acc=0.972, train_loss_epoch=0.271] Epoch 1:  47%|████▋     | 68/144 [00:01<00:02, 36.51it/s, v_num=73760, train_loss_step=0.103, val_loss=0.0909, val_acc=0.972, train_loss_epoch=0.271]Epoch 1:  47%|████▋     | 68/144 [00:01<00:02, 36.50it/s, v_num=73760, train_loss_step=0.0965, val_loss=0.0909, val_acc=0.972, train_loss_epoch=0.271]Epoch 1:  48%|████▊     | 69/144 [00:01<00:02, 36.54it/s, v_num=73760, train_loss_step=0.0965, val_loss=0.0909, val_acc=0.972, train_loss_epoch=0.271]Epoch 1:  48%|████▊     | 69/144 [00:01<00:02, 36.54it/s, v_num=73760, train_loss_step=0.114, val_loss=0.0909, val_acc=0.972, train_loss_epoch=0.271] Epoch 1:  49%|████▊     | 70/144 [00:01<00:02, 36.55it/s, v_num=73760, train_loss_step=0.114, val_loss=0.0909, val_acc=0.972, train_loss_epoch=0.271]Epoch 1:  49%|████▊     | 70/144 [00:01<00:02, 36.55it/s, v_num=73760, train_loss_step=0.0623, val_loss=0.0909, val_acc=0.972, train_loss_epoch=0.271]Epoch 1:  49%|████▉     | 71/144 [00:01<00:01, 36.59it/s, v_num=73760, train_loss_step=0.0623, val_loss=0.0909, val_acc=0.972, train_loss_epoch=0.271]Epoch 1:  49%|████▉     | 71/144 [00:01<00:01, 36.59it/s, v_num=73760, train_loss_step=0.0729, val_loss=0.0909, val_acc=0.972, train_loss_epoch=0.271]Epoch 1:  50%|█████     | 72/144 [00:01<00:01, 36.56it/s, v_num=73760, train_loss_step=0.0729, val_loss=0.0909, val_acc=0.972, train_loss_epoch=0.271]Epoch 1:  50%|█████     | 72/144 [00:01<00:01, 36.56it/s, v_num=73760, train_loss_step=0.100, val_loss=0.0909, val_acc=0.972, train_loss_epoch=0.271] Epoch 1:  51%|█████     | 73/144 [00:01<00:01, 36.62it/s, v_num=73760, train_loss_step=0.100, val_loss=0.0909, val_acc=0.972, train_loss_epoch=0.271]Epoch 1:  51%|█████     | 73/144 [00:01<00:01, 36.61it/s, v_num=73760, train_loss_step=0.080, val_loss=0.0909, val_acc=0.972, train_loss_epoch=0.271]Epoch 1:  51%|█████▏    | 74/144 [00:02<00:01, 36.66it/s, v_num=73760, train_loss_step=0.080, val_loss=0.0909, val_acc=0.972, train_loss_epoch=0.271]Epoch 1:  51%|█████▏    | 74/144 [00:02<00:01, 36.66it/s, v_num=73760, train_loss_step=0.049, val_loss=0.0909, val_acc=0.972, train_loss_epoch=0.271]Epoch 1:  52%|█████▏    | 75/144 [00:02<00:01, 36.71it/s, v_num=73760, train_loss_step=0.049, val_loss=0.0909, val_acc=0.972, train_loss_epoch=0.271]Epoch 1:  52%|█████▏    | 75/144 [00:02<00:01, 36.71it/s, v_num=73760, train_loss_step=0.0985, val_loss=0.0909, val_acc=0.972, train_loss_epoch=0.271]Epoch 1:  53%|█████▎    | 76/144 [00:02<00:01, 36.66it/s, v_num=73760, train_loss_step=0.0985, val_loss=0.0909, val_acc=0.972, train_loss_epoch=0.271]Epoch 1:  53%|█████▎    | 76/144 [00:02<00:01, 36.66it/s, v_num=73760, train_loss_step=0.0795, val_loss=0.0909, val_acc=0.972, train_loss_epoch=0.271]Epoch 1:  53%|█████▎    | 77/144 [00:02<00:01, 36.70it/s, v_num=73760, train_loss_step=0.0795, val_loss=0.0909, val_acc=0.972, train_loss_epoch=0.271]Epoch 1:  53%|█████▎    | 77/144 [00:02<00:01, 36.69it/s, v_num=73760, train_loss_step=0.0819, val_loss=0.0909, val_acc=0.972, train_loss_epoch=0.271]Epoch 1:  54%|█████▍    | 78/144 [00:02<00:01, 36.74it/s, v_num=73760, train_loss_step=0.0819, val_loss=0.0909, val_acc=0.972, train_loss_epoch=0.271]Epoch 1:  54%|█████▍    | 78/144 [00:02<00:01, 36.74it/s, v_num=73760, train_loss_step=0.112, val_loss=0.0909, val_acc=0.972, train_loss_epoch=0.271] Epoch 1:  55%|█████▍    | 79/144 [00:02<00:01, 36.70it/s, v_num=73760, train_loss_step=0.112, val_loss=0.0909, val_acc=0.972, train_loss_epoch=0.271]Epoch 1:  55%|█████▍    | 79/144 [00:02<00:01, 36.69it/s, v_num=73760, train_loss_step=0.0899, val_loss=0.0909, val_acc=0.972, train_loss_epoch=0.271]Epoch 1:  56%|█████▌    | 80/144 [00:02<00:01, 36.64it/s, v_num=73760, train_loss_step=0.0899, val_loss=0.0909, val_acc=0.972, train_loss_epoch=0.271]Epoch 1:  56%|█████▌    | 80/144 [00:02<00:01, 36.64it/s, v_num=73760, train_loss_step=0.0576, val_loss=0.0909, val_acc=0.972, train_loss_epoch=0.271]Epoch 1:  56%|█████▋    | 81/144 [00:02<00:01, 36.67it/s, v_num=73760, train_loss_step=0.0576, val_loss=0.0909, val_acc=0.972, train_loss_epoch=0.271]Epoch 1:  56%|█████▋    | 81/144 [00:02<00:01, 36.67it/s, v_num=73760, train_loss_step=0.0656, val_loss=0.0909, val_acc=0.972, train_loss_epoch=0.271]Epoch 1:  57%|█████▋    | 82/144 [00:02<00:01, 36.72it/s, v_num=73760, train_loss_step=0.0656, val_loss=0.0909, val_acc=0.972, train_loss_epoch=0.271]Epoch 1:  57%|█████▋    | 82/144 [00:02<00:01, 36.72it/s, v_num=73760, train_loss_step=0.0948, val_loss=0.0909, val_acc=0.972, train_loss_epoch=0.271]Epoch 1:  58%|█████▊    | 83/144 [00:02<00:01, 36.75it/s, v_num=73760, train_loss_step=0.0948, val_loss=0.0909, val_acc=0.972, train_loss_epoch=0.271]Epoch 1:  58%|█████▊    | 83/144 [00:02<00:01, 36.75it/s, v_num=73760, train_loss_step=0.0722, val_loss=0.0909, val_acc=0.972, train_loss_epoch=0.271]Epoch 1:  58%|█████▊    | 84/144 [00:02<00:01, 36.72it/s, v_num=73760, train_loss_step=0.0722, val_loss=0.0909, val_acc=0.972, train_loss_epoch=0.271]Epoch 1:  58%|█████▊    | 84/144 [00:02<00:01, 36.71it/s, v_num=73760, train_loss_step=0.0466, val_loss=0.0909, val_acc=0.972, train_loss_epoch=0.271]Epoch 1:  59%|█████▉    | 85/144 [00:02<00:01, 36.73it/s, v_num=73760, train_loss_step=0.0466, val_loss=0.0909, val_acc=0.972, train_loss_epoch=0.271]Epoch 1:  59%|█████▉    | 85/144 [00:02<00:01, 36.73it/s, v_num=73760, train_loss_step=0.0672, val_loss=0.0909, val_acc=0.972, train_loss_epoch=0.271]Epoch 1:  60%|█████▉    | 86/144 [00:02<00:01, 36.75it/s, v_num=73760, train_loss_step=0.0672, val_loss=0.0909, val_acc=0.972, train_loss_epoch=0.271]Epoch 1:  60%|█████▉    | 86/144 [00:02<00:01, 36.74it/s, v_num=73760, train_loss_step=0.0852, val_loss=0.0909, val_acc=0.972, train_loss_epoch=0.271]Epoch 1:  60%|██████    | 87/144 [00:02<00:01, 36.77it/s, v_num=73760, train_loss_step=0.0852, val_loss=0.0909, val_acc=0.972, train_loss_epoch=0.271]Epoch 1:  60%|██████    | 87/144 [00:02<00:01, 36.77it/s, v_num=73760, train_loss_step=0.125, val_loss=0.0909, val_acc=0.972, train_loss_epoch=0.271] Epoch 1:  61%|██████    | 88/144 [00:02<00:01, 36.74it/s, v_num=73760, train_loss_step=0.125, val_loss=0.0909, val_acc=0.972, train_loss_epoch=0.271]Epoch 1:  61%|██████    | 88/144 [00:02<00:01, 36.73it/s, v_num=73760, train_loss_step=0.0483, val_loss=0.0909, val_acc=0.972, train_loss_epoch=0.271]Epoch 1:  62%|██████▏   | 89/144 [00:02<00:01, 36.75it/s, v_num=73760, train_loss_step=0.0483, val_loss=0.0909, val_acc=0.972, train_loss_epoch=0.271]Epoch 1:  62%|██████▏   | 89/144 [00:02<00:01, 36.75it/s, v_num=73760, train_loss_step=0.0528, val_loss=0.0909, val_acc=0.972, train_loss_epoch=0.271]Epoch 1:  62%|██████▎   | 90/144 [00:02<00:01, 36.76it/s, v_num=73760, train_loss_step=0.0528, val_loss=0.0909, val_acc=0.972, train_loss_epoch=0.271]Epoch 1:  62%|██████▎   | 90/144 [00:02<00:01, 36.76it/s, v_num=73760, train_loss_step=0.138, val_loss=0.0909, val_acc=0.972, train_loss_epoch=0.271] Epoch 1:  63%|██████▎   | 91/144 [00:02<00:01, 36.77it/s, v_num=73760, train_loss_step=0.138, val_loss=0.0909, val_acc=0.972, train_loss_epoch=0.271]Epoch 1:  63%|██████▎   | 91/144 [00:02<00:01, 36.77it/s, v_num=73760, train_loss_step=0.0694, val_loss=0.0909, val_acc=0.972, train_loss_epoch=0.271]Epoch 1:  64%|██████▍   | 92/144 [00:02<00:01, 36.74it/s, v_num=73760, train_loss_step=0.0694, val_loss=0.0909, val_acc=0.972, train_loss_epoch=0.271]Epoch 1:  64%|██████▍   | 92/144 [00:02<00:01, 36.73it/s, v_num=73760, train_loss_step=0.0589, val_loss=0.0909, val_acc=0.972, train_loss_epoch=0.271]Epoch 1:  65%|██████▍   | 93/144 [00:02<00:01, 36.78it/s, v_num=73760, train_loss_step=0.0589, val_loss=0.0909, val_acc=0.972, train_loss_epoch=0.271]Epoch 1:  65%|██████▍   | 93/144 [00:02<00:01, 36.78it/s, v_num=73760, train_loss_step=0.157, val_loss=0.0909, val_acc=0.972, train_loss_epoch=0.271] Epoch 1:  65%|██████▌   | 94/144 [00:02<00:01, 36.81it/s, v_num=73760, train_loss_step=0.157, val_loss=0.0909, val_acc=0.972, train_loss_epoch=0.271]Epoch 1:  65%|██████▌   | 94/144 [00:02<00:01, 36.81it/s, v_num=73760, train_loss_step=0.080, val_loss=0.0909, val_acc=0.972, train_loss_epoch=0.271]Epoch 1:  66%|██████▌   | 95/144 [00:02<00:01, 36.83it/s, v_num=73760, train_loss_step=0.080, val_loss=0.0909, val_acc=0.972, train_loss_epoch=0.271]Epoch 1:  66%|██████▌   | 95/144 [00:02<00:01, 36.83it/s, v_num=73760, train_loss_step=0.0564, val_loss=0.0909, val_acc=0.972, train_loss_epoch=0.271]Epoch 1:  67%|██████▋   | 96/144 [00:02<00:01, 36.81it/s, v_num=73760, train_loss_step=0.0564, val_loss=0.0909, val_acc=0.972, train_loss_epoch=0.271]Epoch 1:  67%|██████▋   | 96/144 [00:02<00:01, 36.81it/s, v_num=73760, train_loss_step=0.0614, val_loss=0.0909, val_acc=0.972, train_loss_epoch=0.271]Epoch 1:  67%|██████▋   | 97/144 [00:02<00:01, 36.83it/s, v_num=73760, train_loss_step=0.0614, val_loss=0.0909, val_acc=0.972, train_loss_epoch=0.271]Epoch 1:  67%|██████▋   | 97/144 [00:02<00:01, 36.83it/s, v_num=73760, train_loss_step=0.0692, val_loss=0.0909, val_acc=0.972, train_loss_epoch=0.271]Epoch 1:  68%|██████▊   | 98/144 [00:02<00:01, 36.87it/s, v_num=73760, train_loss_step=0.0692, val_loss=0.0909, val_acc=0.972, train_loss_epoch=0.271]Epoch 1:  68%|██████▊   | 98/144 [00:02<00:01, 36.86it/s, v_num=73760, train_loss_step=0.0971, val_loss=0.0909, val_acc=0.972, train_loss_epoch=0.271]Epoch 1:  69%|██████▉   | 99/144 [00:02<00:01, 36.89it/s, v_num=73760, train_loss_step=0.0971, val_loss=0.0909, val_acc=0.972, train_loss_epoch=0.271]Epoch 1:  69%|██████▉   | 99/144 [00:02<00:01, 36.89it/s, v_num=73760, train_loss_step=0.111, val_loss=0.0909, val_acc=0.972, train_loss_epoch=0.271] Epoch 1:  69%|██████▉   | 100/144 [00:02<00:01, 36.86it/s, v_num=73760, train_loss_step=0.111, val_loss=0.0909, val_acc=0.972, train_loss_epoch=0.271]Epoch 1:  69%|██████▉   | 100/144 [00:02<00:01, 36.86it/s, v_num=73760, train_loss_step=0.0629, val_loss=0.0909, val_acc=0.972, train_loss_epoch=0.271]Epoch 1:  70%|███████   | 101/144 [00:02<00:01, 36.89it/s, v_num=73760, train_loss_step=0.0629, val_loss=0.0909, val_acc=0.972, train_loss_epoch=0.271]Epoch 1:  70%|███████   | 101/144 [00:02<00:01, 36.89it/s, v_num=73760, train_loss_step=0.0589, val_loss=0.0909, val_acc=0.972, train_loss_epoch=0.271]Epoch 1:  71%|███████   | 102/144 [00:02<00:01, 36.94it/s, v_num=73760, train_loss_step=0.0589, val_loss=0.0909, val_acc=0.972, train_loss_epoch=0.271]Epoch 1:  71%|███████   | 102/144 [00:02<00:01, 36.93it/s, v_num=73760, train_loss_step=0.0552, val_loss=0.0909, val_acc=0.972, train_loss_epoch=0.271]Epoch 1:  72%|███████▏  | 103/144 [00:02<00:01, 36.97it/s, v_num=73760, train_loss_step=0.0552, val_loss=0.0909, val_acc=0.972, train_loss_epoch=0.271]Epoch 1:  72%|███████▏  | 103/144 [00:02<00:01, 36.97it/s, v_num=73760, train_loss_step=0.0452, val_loss=0.0909, val_acc=0.972, train_loss_epoch=0.271]Epoch 1:  72%|███████▏  | 104/144 [00:02<00:01, 36.97it/s, v_num=73760, train_loss_step=0.0452, val_loss=0.0909, val_acc=0.972, train_loss_epoch=0.271]Epoch 1:  72%|███████▏  | 104/144 [00:02<00:01, 36.97it/s, v_num=73760, train_loss_step=0.0892, val_loss=0.0909, val_acc=0.972, train_loss_epoch=0.271]Epoch 1:  73%|███████▎  | 105/144 [00:02<00:01, 36.96it/s, v_num=73760, train_loss_step=0.0892, val_loss=0.0909, val_acc=0.972, train_loss_epoch=0.271]Epoch 1:  73%|███████▎  | 105/144 [00:02<00:01, 36.95it/s, v_num=73760, train_loss_step=0.0897, val_loss=0.0909, val_acc=0.972, train_loss_epoch=0.271]Epoch 1:  74%|███████▎  | 106/144 [00:02<00:01, 37.00it/s, v_num=73760, train_loss_step=0.0897, val_loss=0.0909, val_acc=0.972, train_loss_epoch=0.271]Epoch 1:  74%|███████▎  | 106/144 [00:02<00:01, 37.00it/s, v_num=73760, train_loss_step=0.059, val_loss=0.0909, val_acc=0.972, train_loss_epoch=0.271] Epoch 1:  74%|███████▍  | 107/144 [00:02<00:00, 37.05it/s, v_num=73760, train_loss_step=0.059, val_loss=0.0909, val_acc=0.972, train_loss_epoch=0.271]Epoch 1:  74%|███████▍  | 107/144 [00:02<00:00, 37.04it/s, v_num=73760, train_loss_step=0.102, val_loss=0.0909, val_acc=0.972, train_loss_epoch=0.271]Epoch 1:  75%|███████▌  | 108/144 [00:02<00:00, 37.07it/s, v_num=73760, train_loss_step=0.102, val_loss=0.0909, val_acc=0.972, train_loss_epoch=0.271]Epoch 1:  75%|███████▌  | 108/144 [00:02<00:00, 37.07it/s, v_num=73760, train_loss_step=0.0608, val_loss=0.0909, val_acc=0.972, train_loss_epoch=0.271]Epoch 1:  76%|███████▌  | 109/144 [00:02<00:00, 37.05it/s, v_num=73760, train_loss_step=0.0608, val_loss=0.0909, val_acc=0.972, train_loss_epoch=0.271]Epoch 1:  76%|███████▌  | 109/144 [00:02<00:00, 37.05it/s, v_num=73760, train_loss_step=0.128, val_loss=0.0909, val_acc=0.972, train_loss_epoch=0.271] Epoch 1:  76%|███████▋  | 110/144 [00:02<00:00, 37.09it/s, v_num=73760, train_loss_step=0.128, val_loss=0.0909, val_acc=0.972, train_loss_epoch=0.271]Epoch 1:  76%|███████▋  | 110/144 [00:02<00:00, 37.09it/s, v_num=73760, train_loss_step=0.0991, val_loss=0.0909, val_acc=0.972, train_loss_epoch=0.271]Epoch 1:  77%|███████▋  | 111/144 [00:02<00:00, 37.12it/s, v_num=73760, train_loss_step=0.0991, val_loss=0.0909, val_acc=0.972, train_loss_epoch=0.271]Epoch 1:  77%|███████▋  | 111/144 [00:02<00:00, 37.12it/s, v_num=73760, train_loss_step=0.0594, val_loss=0.0909, val_acc=0.972, train_loss_epoch=0.271]Epoch 1:  78%|███████▊  | 112/144 [00:03<00:00, 37.16it/s, v_num=73760, train_loss_step=0.0594, val_loss=0.0909, val_acc=0.972, train_loss_epoch=0.271]Epoch 1:  78%|███████▊  | 112/144 [00:03<00:00, 37.16it/s, v_num=73760, train_loss_step=0.0757, val_loss=0.0909, val_acc=0.972, train_loss_epoch=0.271]Epoch 1:  78%|███████▊  | 113/144 [00:03<00:00, 37.16it/s, v_num=73760, train_loss_step=0.0757, val_loss=0.0909, val_acc=0.972, train_loss_epoch=0.271]Epoch 1:  78%|███████▊  | 113/144 [00:03<00:00, 37.16it/s, v_num=73760, train_loss_step=0.062, val_loss=0.0909, val_acc=0.972, train_loss_epoch=0.271] Epoch 1:  79%|███████▉  | 114/144 [00:03<00:00, 37.13it/s, v_num=73760, train_loss_step=0.062, val_loss=0.0909, val_acc=0.972, train_loss_epoch=0.271]Epoch 1:  79%|███████▉  | 114/144 [00:03<00:00, 37.13it/s, v_num=73760, train_loss_step=0.0644, val_loss=0.0909, val_acc=0.972, train_loss_epoch=0.271]Epoch 1:  80%|███████▉  | 115/144 [00:03<00:00, 37.15it/s, v_num=73760, train_loss_step=0.0644, val_loss=0.0909, val_acc=0.972, train_loss_epoch=0.271]Epoch 1:  80%|███████▉  | 115/144 [00:03<00:00, 37.14it/s, v_num=73760, train_loss_step=0.0813, val_loss=0.0909, val_acc=0.972, train_loss_epoch=0.271]Epoch 1:  81%|████████  | 116/144 [00:03<00:00, 37.17it/s, v_num=73760, train_loss_step=0.0813, val_loss=0.0909, val_acc=0.972, train_loss_epoch=0.271]Epoch 1:  81%|████████  | 116/144 [00:03<00:00, 37.17it/s, v_num=73760, train_loss_step=0.0407, val_loss=0.0909, val_acc=0.972, train_loss_epoch=0.271]Epoch 1:  81%|████████▏ | 117/144 [00:03<00:00, 37.20it/s, v_num=73760, train_loss_step=0.0407, val_loss=0.0909, val_acc=0.972, train_loss_epoch=0.271]Epoch 1:  81%|████████▏ | 117/144 [00:03<00:00, 37.20it/s, v_num=73760, train_loss_step=0.0862, val_loss=0.0909, val_acc=0.972, train_loss_epoch=0.271]Epoch 1:  82%|████████▏ | 118/144 [00:03<00:00, 37.15it/s, v_num=73760, train_loss_step=0.0862, val_loss=0.0909, val_acc=0.972, train_loss_epoch=0.271]Epoch 1:  82%|████████▏ | 118/144 [00:03<00:00, 37.15it/s, v_num=73760, train_loss_step=0.101, val_loss=0.0909, val_acc=0.972, train_loss_epoch=0.271] Epoch 1:  83%|████████▎ | 119/144 [00:03<00:00, 37.18it/s, v_num=73760, train_loss_step=0.101, val_loss=0.0909, val_acc=0.972, train_loss_epoch=0.271]Epoch 1:  83%|████████▎ | 119/144 [00:03<00:00, 37.18it/s, v_num=73760, train_loss_step=0.0861, val_loss=0.0909, val_acc=0.972, train_loss_epoch=0.271]Epoch 1:  83%|████████▎ | 120/144 [00:03<00:00, 37.22it/s, v_num=73760, train_loss_step=0.0861, val_loss=0.0909, val_acc=0.972, train_loss_epoch=0.271]Epoch 1:  83%|████████▎ | 120/144 [00:03<00:00, 37.22it/s, v_num=73760, train_loss_step=0.151, val_loss=0.0909, val_acc=0.972, train_loss_epoch=0.271] Epoch 1:  84%|████████▍ | 121/144 [00:03<00:00, 37.25it/s, v_num=73760, train_loss_step=0.151, val_loss=0.0909, val_acc=0.972, train_loss_epoch=0.271]Epoch 1:  84%|████████▍ | 121/144 [00:03<00:00, 37.25it/s, v_num=73760, train_loss_step=0.0768, val_loss=0.0909, val_acc=0.972, train_loss_epoch=0.271]Epoch 1:  85%|████████▍ | 122/144 [00:03<00:00, 37.26it/s, v_num=73760, train_loss_step=0.0768, val_loss=0.0909, val_acc=0.972, train_loss_epoch=0.271]Epoch 1:  85%|████████▍ | 122/144 [00:03<00:00, 37.26it/s, v_num=73760, train_loss_step=0.116, val_loss=0.0909, val_acc=0.972, train_loss_epoch=0.271] Epoch 1:  85%|████████▌ | 123/144 [00:03<00:00, 37.23it/s, v_num=73760, train_loss_step=0.116, val_loss=0.0909, val_acc=0.972, train_loss_epoch=0.271]Epoch 1:  85%|████████▌ | 123/144 [00:03<00:00, 37.23it/s, v_num=73760, train_loss_step=0.0539, val_loss=0.0909, val_acc=0.972, train_loss_epoch=0.271]Epoch 1:  86%|████████▌ | 124/144 [00:03<00:00, 37.24it/s, v_num=73760, train_loss_step=0.0539, val_loss=0.0909, val_acc=0.972, train_loss_epoch=0.271]Epoch 1:  86%|████████▌ | 124/144 [00:03<00:00, 37.24it/s, v_num=73760, train_loss_step=0.106, val_loss=0.0909, val_acc=0.972, train_loss_epoch=0.271] Epoch 1:  87%|████████▋ | 125/144 [00:03<00:00, 37.27it/s, v_num=73760, train_loss_step=0.106, val_loss=0.0909, val_acc=0.972, train_loss_epoch=0.271]Epoch 1:  87%|████████▋ | 125/144 [00:03<00:00, 37.27it/s, v_num=73760, train_loss_step=0.104, val_loss=0.0909, val_acc=0.972, train_loss_epoch=0.271]Epoch 1:  88%|████████▊ | 126/144 [00:03<00:00, 37.29it/s, v_num=73760, train_loss_step=0.104, val_loss=0.0909, val_acc=0.972, train_loss_epoch=0.271]Epoch 1:  88%|████████▊ | 126/144 [00:03<00:00, 37.29it/s, v_num=73760, train_loss_step=0.107, val_loss=0.0909, val_acc=0.972, train_loss_epoch=0.271]Epoch 1:  88%|████████▊ | 127/144 [00:03<00:00, 37.25it/s, v_num=73760, train_loss_step=0.107, val_loss=0.0909, val_acc=0.972, train_loss_epoch=0.271]Epoch 1:  88%|████████▊ | 127/144 [00:03<00:00, 37.25it/s, v_num=73760, train_loss_step=0.0573, val_loss=0.0909, val_acc=0.972, train_loss_epoch=0.271]Epoch 1:  89%|████████▉ | 128/144 [00:03<00:00, 37.29it/s, v_num=73760, train_loss_step=0.0573, val_loss=0.0909, val_acc=0.972, train_loss_epoch=0.271]Epoch 1:  89%|████████▉ | 128/144 [00:03<00:00, 37.29it/s, v_num=73760, train_loss_step=0.126, val_loss=0.0909, val_acc=0.972, train_loss_epoch=0.271] Epoch 1:  90%|████████▉ | 129/144 [00:03<00:00, 37.32it/s, v_num=73760, train_loss_step=0.126, val_loss=0.0909, val_acc=0.972, train_loss_epoch=0.271]Epoch 1:  90%|████████▉ | 129/144 [00:03<00:00, 37.32it/s, v_num=73760, train_loss_step=0.0638, val_loss=0.0909, val_acc=0.972, train_loss_epoch=0.271]Epoch 1:  90%|█████████ | 130/144 [00:03<00:00, 37.36it/s, v_num=73760, train_loss_step=0.0638, val_loss=0.0909, val_acc=0.972, train_loss_epoch=0.271]Epoch 1:  90%|█████████ | 130/144 [00:03<00:00, 37.35it/s, v_num=73760, train_loss_step=0.085, val_loss=0.0909, val_acc=0.972, train_loss_epoch=0.271] Epoch 1:  91%|█████████ | 131/144 [00:03<00:00, 37.37it/s, v_num=73760, train_loss_step=0.085, val_loss=0.0909, val_acc=0.972, train_loss_epoch=0.271]Epoch 1:  91%|█████████ | 131/144 [00:03<00:00, 37.37it/s, v_num=73760, train_loss_step=0.0657, val_loss=0.0909, val_acc=0.972, train_loss_epoch=0.271]Epoch 1:  92%|█████████▏| 132/144 [00:03<00:00, 37.36it/s, v_num=73760, train_loss_step=0.0657, val_loss=0.0909, val_acc=0.972, train_loss_epoch=0.271]Epoch 1:  92%|█████████▏| 132/144 [00:03<00:00, 37.36it/s, v_num=73760, train_loss_step=0.0445, val_loss=0.0909, val_acc=0.972, train_loss_epoch=0.271]Epoch 1:  92%|█████████▏| 133/144 [00:03<00:00, 37.39it/s, v_num=73760, train_loss_step=0.0445, val_loss=0.0909, val_acc=0.972, train_loss_epoch=0.271]Epoch 1:  92%|█████████▏| 133/144 [00:03<00:00, 37.39it/s, v_num=73760, train_loss_step=0.0841, val_loss=0.0909, val_acc=0.972, train_loss_epoch=0.271]Epoch 1:  93%|█████████▎| 134/144 [00:03<00:00, 37.42it/s, v_num=73760, train_loss_step=0.0841, val_loss=0.0909, val_acc=0.972, train_loss_epoch=0.271]Epoch 1:  93%|█████████▎| 134/144 [00:03<00:00, 37.42it/s, v_num=73760, train_loss_step=0.107, val_loss=0.0909, val_acc=0.972, train_loss_epoch=0.271] Epoch 1:  94%|█████████▍| 135/144 [00:03<00:00, 37.44it/s, v_num=73760, train_loss_step=0.107, val_loss=0.0909, val_acc=0.972, train_loss_epoch=0.271]Epoch 1:  94%|█████████▍| 135/144 [00:03<00:00, 37.44it/s, v_num=73760, train_loss_step=0.0882, val_loss=0.0909, val_acc=0.972, train_loss_epoch=0.271]Epoch 1:  94%|█████████▍| 136/144 [00:03<00:00, 37.44it/s, v_num=73760, train_loss_step=0.0882, val_loss=0.0909, val_acc=0.972, train_loss_epoch=0.271]Epoch 1:  94%|█████████▍| 136/144 [00:03<00:00, 37.43it/s, v_num=73760, train_loss_step=0.0632, val_loss=0.0909, val_acc=0.972, train_loss_epoch=0.271]Epoch 1:  95%|█████████▌| 137/144 [00:03<00:00, 37.46it/s, v_num=73760, train_loss_step=0.0632, val_loss=0.0909, val_acc=0.972, train_loss_epoch=0.271]Epoch 1:  95%|█████████▌| 137/144 [00:03<00:00, 37.46it/s, v_num=73760, train_loss_step=0.0798, val_loss=0.0909, val_acc=0.972, train_loss_epoch=0.271]Epoch 1:  96%|█████████▌| 138/144 [00:03<00:00, 37.48it/s, v_num=73760, train_loss_step=0.0798, val_loss=0.0909, val_acc=0.972, train_loss_epoch=0.271]Epoch 1:  96%|█████████▌| 138/144 [00:03<00:00, 37.48it/s, v_num=73760, train_loss_step=0.0299, val_loss=0.0909, val_acc=0.972, train_loss_epoch=0.271]Epoch 1:  97%|█████████▋| 139/144 [00:03<00:00, 37.51it/s, v_num=73760, train_loss_step=0.0299, val_loss=0.0909, val_acc=0.972, train_loss_epoch=0.271]Epoch 1:  97%|█████████▋| 139/144 [00:03<00:00, 37.50it/s, v_num=73760, train_loss_step=0.0823, val_loss=0.0909, val_acc=0.972, train_loss_epoch=0.271]Epoch 1:  97%|█████████▋| 140/144 [00:03<00:00, 37.51it/s, v_num=73760, train_loss_step=0.0823, val_loss=0.0909, val_acc=0.972, train_loss_epoch=0.271]Epoch 1:  97%|█████████▋| 140/144 [00:03<00:00, 37.51it/s, v_num=73760, train_loss_step=0.0784, val_loss=0.0909, val_acc=0.972, train_loss_epoch=0.271]Epoch 1:  98%|█████████▊| 141/144 [00:03<00:00, 37.52it/s, v_num=73760, train_loss_step=0.0784, val_loss=0.0909, val_acc=0.972, train_loss_epoch=0.271]Epoch 1:  98%|█████████▊| 141/144 [00:03<00:00, 37.52it/s, v_num=73760, train_loss_step=0.0795, val_loss=0.0909, val_acc=0.972, train_loss_epoch=0.271]Epoch 1:  99%|█████████▊| 142/144 [00:03<00:00, 37.54it/s, v_num=73760, train_loss_step=0.0795, val_loss=0.0909, val_acc=0.972, train_loss_epoch=0.271]Epoch 1:  99%|█████████▊| 142/144 [00:03<00:00, 37.53it/s, v_num=73760, train_loss_step=0.103, val_loss=0.0909, val_acc=0.972, train_loss_epoch=0.271] Epoch 1:  99%|█████████▉| 143/144 [00:03<00:00, 37.55it/s, v_num=73760, train_loss_step=0.103, val_loss=0.0909, val_acc=0.972, train_loss_epoch=0.271]Epoch 1:  99%|█████████▉| 143/144 [00:03<00:00, 37.54it/s, v_num=73760, train_loss_step=0.087, val_loss=0.0909, val_acc=0.972, train_loss_epoch=0.271]Epoch 1: 100%|██████████| 144/144 [00:03<00:00, 37.53it/s, v_num=73760, train_loss_step=0.087, val_loss=0.0909, val_acc=0.972, train_loss_epoch=0.271]Epoch 1: 100%|██████████| 144/144 [00:03<00:00, 37.53it/s, v_num=73760, train_loss_step=0.125, val_loss=0.0909, val_acc=0.972, train_loss_epoch=0.271]
Validation: |          | 0/? [00:00<?, ?it/s][A
Validation:   0%|          | 0/14 [00:00<?, ?it/s][A
Validation DataLoader 0:   0%|          | 0/14 [00:00<?, ?it/s][A
Validation DataLoader 0:   7%|▋         | 1/14 [00:00<00:00, 153.98it/s][A
Validation DataLoader 0:  14%|█▍        | 2/14 [00:00<00:00, 82.00it/s] [A
Validation DataLoader 0:  21%|██▏       | 3/14 [00:00<00:00, 87.06it/s][A
Validation DataLoader 0:  29%|██▊       | 4/14 [00:00<00:00, 89.77it/s][A
Validation DataLoader 0:  36%|███▌      | 5/14 [00:00<00:00, 90.72it/s][A
Validation DataLoader 0:  43%|████▎     | 6/14 [00:00<00:00, 90.95it/s][A
Validation DataLoader 0:  50%|█████     | 7/14 [00:00<00:00, 92.08it/s][A
Validation DataLoader 0:  57%|█████▋    | 8/14 [00:00<00:00, 91.07it/s][A
Validation DataLoader 0:  64%|██████▍   | 9/14 [00:00<00:00, 86.96it/s][A
Validation DataLoader 0:  71%|███████▏  | 10/14 [00:00<00:00, 88.11it/s][A
Validation DataLoader 0:  79%|███████▊  | 11/14 [00:00<00:00, 88.89it/s][A
Validation DataLoader 0:  86%|████████▌ | 12/14 [00:00<00:00, 90.02it/s][A
Validation DataLoader 0:  93%|█████████▎| 13/14 [00:00<00:00, 90.88it/s][A
Validation DataLoader 0: 100%|██████████| 14/14 [00:00<00:00, 91.65it/s][A
                                                                        [AEpoch 1: 100%|██████████| 144/144 [00:04<00:00, 35.86it/s, v_num=73760, train_loss_step=0.125, val_loss=0.0774, val_acc=0.975, train_loss_epoch=0.271]Epoch 1: 100%|██████████| 144/144 [00:04<00:00, 35.86it/s, v_num=73760, train_loss_step=0.125, val_loss=0.0774, val_acc=0.975, train_loss_epoch=0.0904]Epoch 1:   0%|          | 0/144 [00:00<?, ?it/s, v_num=73760, train_loss_step=0.125, val_loss=0.0774, val_acc=0.975, train_loss_epoch=0.0904]          Epoch 2:   0%|          | 0/144 [00:00<?, ?it/s, v_num=73760, train_loss_step=0.125, val_loss=0.0774, val_acc=0.975, train_loss_epoch=0.0904]Epoch 2:   1%|          | 1/144 [00:00<00:12, 11.23it/s, v_num=73760, train_loss_step=0.125, val_loss=0.0774, val_acc=0.975, train_loss_epoch=0.0904]Epoch 2:   1%|          | 1/144 [00:00<00:12, 11.21it/s, v_num=73760, train_loss_step=0.0501, val_loss=0.0774, val_acc=0.975, train_loss_epoch=0.0904]Epoch 2:   1%|▏         | 2/144 [00:00<00:08, 16.79it/s, v_num=73760, train_loss_step=0.0501, val_loss=0.0774, val_acc=0.975, train_loss_epoch=0.0904]Epoch 2:   1%|▏         | 2/144 [00:00<00:08, 16.76it/s, v_num=73760, train_loss_step=0.0839, val_loss=0.0774, val_acc=0.975, train_loss_epoch=0.0904]Epoch 2:   2%|▏         | 3/144 [00:00<00:06, 20.70it/s, v_num=73760, train_loss_step=0.0839, val_loss=0.0774, val_acc=0.975, train_loss_epoch=0.0904]Epoch 2:   2%|▏         | 3/144 [00:00<00:06, 20.68it/s, v_num=73760, train_loss_step=0.067, val_loss=0.0774, val_acc=0.975, train_loss_epoch=0.0904] Epoch 2:   3%|▎         | 4/144 [00:00<00:06, 23.04it/s, v_num=73760, train_loss_step=0.067, val_loss=0.0774, val_acc=0.975, train_loss_epoch=0.0904]Epoch 2:   3%|▎         | 4/144 [00:00<00:06, 23.02it/s, v_num=73760, train_loss_step=0.0665, val_loss=0.0774, val_acc=0.975, train_loss_epoch=0.0904]Epoch 2:   3%|▎         | 5/144 [00:00<00:05, 25.07it/s, v_num=73760, train_loss_step=0.0665, val_loss=0.0774, val_acc=0.975, train_loss_epoch=0.0904]Epoch 2:   3%|▎         | 5/144 [00:00<00:05, 25.05it/s, v_num=73760, train_loss_step=0.060, val_loss=0.0774, val_acc=0.975, train_loss_epoch=0.0904] Epoch 2:   4%|▍         | 6/144 [00:00<00:05, 26.80it/s, v_num=73760, train_loss_step=0.060, val_loss=0.0774, val_acc=0.975, train_loss_epoch=0.0904]Epoch 2:   4%|▍         | 6/144 [00:00<00:05, 26.78it/s, v_num=73760, train_loss_step=0.103, val_loss=0.0774, val_acc=0.975, train_loss_epoch=0.0904]Epoch 2:   5%|▍         | 7/144 [00:00<00:04, 28.06it/s, v_num=73760, train_loss_step=0.103, val_loss=0.0774, val_acc=0.975, train_loss_epoch=0.0904]Epoch 2:   5%|▍         | 7/144 [00:00<00:04, 28.04it/s, v_num=73760, train_loss_step=0.0898, val_loss=0.0774, val_acc=0.975, train_loss_epoch=0.0904]Epoch 2:   6%|▌         | 8/144 [00:00<00:04, 28.75it/s, v_num=73760, train_loss_step=0.0898, val_loss=0.0774, val_acc=0.975, train_loss_epoch=0.0904]Epoch 2:   6%|▌         | 8/144 [00:00<00:04, 28.73it/s, v_num=73760, train_loss_step=0.0846, val_loss=0.0774, val_acc=0.975, train_loss_epoch=0.0904]Epoch 2:   6%|▋         | 9/144 [00:00<00:04, 29.49it/s, v_num=73760, train_loss_step=0.0846, val_loss=0.0774, val_acc=0.975, train_loss_epoch=0.0904]Epoch 2:   6%|▋         | 9/144 [00:00<00:04, 29.48it/s, v_num=73760, train_loss_step=0.0982, val_loss=0.0774, val_acc=0.975, train_loss_epoch=0.0904]Epoch 2:   7%|▋         | 10/144 [00:00<00:04, 30.24it/s, v_num=73760, train_loss_step=0.0982, val_loss=0.0774, val_acc=0.975, train_loss_epoch=0.0904]Epoch 2:   7%|▋         | 10/144 [00:00<00:04, 30.22it/s, v_num=73760, train_loss_step=0.0928, val_loss=0.0774, val_acc=0.975, train_loss_epoch=0.0904]Epoch 2:   8%|▊         | 11/144 [00:00<00:04, 30.91it/s, v_num=73760, train_loss_step=0.0928, val_loss=0.0774, val_acc=0.975, train_loss_epoch=0.0904]Epoch 2:   8%|▊         | 11/144 [00:00<00:04, 30.90it/s, v_num=73760, train_loss_step=0.104, val_loss=0.0774, val_acc=0.975, train_loss_epoch=0.0904] Epoch 2:   8%|▊         | 12/144 [00:00<00:04, 31.18it/s, v_num=73760, train_loss_step=0.104, val_loss=0.0774, val_acc=0.975, train_loss_epoch=0.0904]Epoch 2:   8%|▊         | 12/144 [00:00<00:04, 31.16it/s, v_num=73760, train_loss_step=0.122, val_loss=0.0774, val_acc=0.975, train_loss_epoch=0.0904]Epoch 2:   9%|▉         | 13/144 [00:00<00:04, 31.59it/s, v_num=73760, train_loss_step=0.122, val_loss=0.0774, val_acc=0.975, train_loss_epoch=0.0904]Epoch 2:   9%|▉         | 13/144 [00:00<00:04, 31.58it/s, v_num=73760, train_loss_step=0.0481, val_loss=0.0774, val_acc=0.975, train_loss_epoch=0.0904]Epoch 2:  10%|▉         | 14/144 [00:00<00:04, 32.05it/s, v_num=73760, train_loss_step=0.0481, val_loss=0.0774, val_acc=0.975, train_loss_epoch=0.0904]Epoch 2:  10%|▉         | 14/144 [00:00<00:04, 32.04it/s, v_num=73760, train_loss_step=0.0909, val_loss=0.0774, val_acc=0.975, train_loss_epoch=0.0904]Epoch 2:  10%|█         | 15/144 [00:00<00:03, 32.46it/s, v_num=73760, train_loss_step=0.0909, val_loss=0.0774, val_acc=0.975, train_loss_epoch=0.0904]Epoch 2:  10%|█         | 15/144 [00:00<00:03, 32.45it/s, v_num=73760, train_loss_step=0.0459, val_loss=0.0774, val_acc=0.975, train_loss_epoch=0.0904]Epoch 2:  11%|█         | 16/144 [00:00<00:03, 32.53it/s, v_num=73760, train_loss_step=0.0459, val_loss=0.0774, val_acc=0.975, train_loss_epoch=0.0904]Epoch 2:  11%|█         | 16/144 [00:00<00:03, 32.52it/s, v_num=73760, train_loss_step=0.119, val_loss=0.0774, val_acc=0.975, train_loss_epoch=0.0904] Epoch 2:  12%|█▏        | 17/144 [00:00<00:03, 32.82it/s, v_num=73760, train_loss_step=0.119, val_loss=0.0774, val_acc=0.975, train_loss_epoch=0.0904]Epoch 2:  12%|█▏        | 17/144 [00:00<00:03, 32.81it/s, v_num=73760, train_loss_step=0.0831, val_loss=0.0774, val_acc=0.975, train_loss_epoch=0.0904]Epoch 2:  12%|█▎        | 18/144 [00:00<00:03, 33.11it/s, v_num=73760, train_loss_step=0.0831, val_loss=0.0774, val_acc=0.975, train_loss_epoch=0.0904]Epoch 2:  12%|█▎        | 18/144 [00:00<00:03, 33.10it/s, v_num=73760, train_loss_step=0.0533, val_loss=0.0774, val_acc=0.975, train_loss_epoch=0.0904]Epoch 2:  13%|█▎        | 19/144 [00:00<00:03, 33.36it/s, v_num=73760, train_loss_step=0.0533, val_loss=0.0774, val_acc=0.975, train_loss_epoch=0.0904]Epoch 2:  13%|█▎        | 19/144 [00:00<00:03, 33.35it/s, v_num=73760, train_loss_step=0.0852, val_loss=0.0774, val_acc=0.975, train_loss_epoch=0.0904]Epoch 2:  14%|█▍        | 20/144 [00:00<00:03, 33.39it/s, v_num=73760, train_loss_step=0.0852, val_loss=0.0774, val_acc=0.975, train_loss_epoch=0.0904]Epoch 2:  14%|█▍        | 20/144 [00:00<00:03, 33.38it/s, v_num=73760, train_loss_step=0.081, val_loss=0.0774, val_acc=0.975, train_loss_epoch=0.0904] Epoch 2:  15%|█▍        | 21/144 [00:00<00:03, 33.59it/s, v_num=73760, train_loss_step=0.081, val_loss=0.0774, val_acc=0.975, train_loss_epoch=0.0904]Epoch 2:  15%|█▍        | 21/144 [00:00<00:03, 33.58it/s, v_num=73760, train_loss_step=0.0547, val_loss=0.0774, val_acc=0.975, train_loss_epoch=0.0904]Epoch 2:  15%|█▌        | 22/144 [00:00<00:03, 33.83it/s, v_num=73760, train_loss_step=0.0547, val_loss=0.0774, val_acc=0.975, train_loss_epoch=0.0904]Epoch 2:  15%|█▌        | 22/144 [00:00<00:03, 33.82it/s, v_num=73760, train_loss_step=0.0845, val_loss=0.0774, val_acc=0.975, train_loss_epoch=0.0904]Epoch 2:  16%|█▌        | 23/144 [00:00<00:03, 34.03it/s, v_num=73760, train_loss_step=0.0845, val_loss=0.0774, val_acc=0.975, train_loss_epoch=0.0904]Epoch 2:  16%|█▌        | 23/144 [00:00<00:03, 34.02it/s, v_num=73760, train_loss_step=0.0497, val_loss=0.0774, val_acc=0.975, train_loss_epoch=0.0904]Epoch 2:  17%|█▋        | 24/144 [00:00<00:03, 34.08it/s, v_num=73760, train_loss_step=0.0497, val_loss=0.0774, val_acc=0.975, train_loss_epoch=0.0904]Epoch 2:  17%|█▋        | 24/144 [00:00<00:03, 34.07it/s, v_num=73760, train_loss_step=0.0773, val_loss=0.0774, val_acc=0.975, train_loss_epoch=0.0904]Epoch 2:  17%|█▋        | 25/144 [00:00<00:03, 34.26it/s, v_num=73760, train_loss_step=0.0773, val_loss=0.0774, val_acc=0.975, train_loss_epoch=0.0904]Epoch 2:  17%|█▋        | 25/144 [00:00<00:03, 34.26it/s, v_num=73760, train_loss_step=0.112, val_loss=0.0774, val_acc=0.975, train_loss_epoch=0.0904] Epoch 2:  18%|█▊        | 26/144 [00:00<00:03, 34.42it/s, v_num=73760, train_loss_step=0.112, val_loss=0.0774, val_acc=0.975, train_loss_epoch=0.0904]Epoch 2:  18%|█▊        | 26/144 [00:00<00:03, 34.41it/s, v_num=73760, train_loss_step=0.073, val_loss=0.0774, val_acc=0.975, train_loss_epoch=0.0904]Epoch 2:  19%|█▉        | 27/144 [00:00<00:03, 34.61it/s, v_num=73760, train_loss_step=0.073, val_loss=0.0774, val_acc=0.975, train_loss_epoch=0.0904]Epoch 2:  19%|█▉        | 27/144 [00:00<00:03, 34.60it/s, v_num=73760, train_loss_step=0.0346, val_loss=0.0774, val_acc=0.975, train_loss_epoch=0.0904]Epoch 2:  19%|█▉        | 28/144 [00:00<00:03, 34.57it/s, v_num=73760, train_loss_step=0.0346, val_loss=0.0774, val_acc=0.975, train_loss_epoch=0.0904]Epoch 2:  19%|█▉        | 28/144 [00:00<00:03, 34.56it/s, v_num=73760, train_loss_step=0.0665, val_loss=0.0774, val_acc=0.975, train_loss_epoch=0.0904]Epoch 2:  20%|██        | 29/144 [00:00<00:03, 34.73it/s, v_num=73760, train_loss_step=0.0665, val_loss=0.0774, val_acc=0.975, train_loss_epoch=0.0904]Epoch 2:  20%|██        | 29/144 [00:00<00:03, 34.72it/s, v_num=73760, train_loss_step=0.109, val_loss=0.0774, val_acc=0.975, train_loss_epoch=0.0904] Epoch 2:  21%|██        | 30/144 [00:00<00:03, 34.86it/s, v_num=73760, train_loss_step=0.109, val_loss=0.0774, val_acc=0.975, train_loss_epoch=0.0904]Epoch 2:  21%|██        | 30/144 [00:00<00:03, 34.86it/s, v_num=73760, train_loss_step=0.0828, val_loss=0.0774, val_acc=0.975, train_loss_epoch=0.0904]Epoch 2:  22%|██▏       | 31/144 [00:00<00:03, 34.71it/s, v_num=73760, train_loss_step=0.0828, val_loss=0.0774, val_acc=0.975, train_loss_epoch=0.0904]Epoch 2:  22%|██▏       | 31/144 [00:00<00:03, 34.71it/s, v_num=73760, train_loss_step=0.0603, val_loss=0.0774, val_acc=0.975, train_loss_epoch=0.0904]Epoch 2:  22%|██▏       | 32/144 [00:00<00:03, 34.45it/s, v_num=73760, train_loss_step=0.0603, val_loss=0.0774, val_acc=0.975, train_loss_epoch=0.0904]Epoch 2:  22%|██▏       | 32/144 [00:00<00:03, 34.44it/s, v_num=73760, train_loss_step=0.108, val_loss=0.0774, val_acc=0.975, train_loss_epoch=0.0904] Epoch 2:  23%|██▎       | 33/144 [00:00<00:03, 34.55it/s, v_num=73760, train_loss_step=0.108, val_loss=0.0774, val_acc=0.975, train_loss_epoch=0.0904]Epoch 2:  23%|██▎       | 33/144 [00:00<00:03, 34.54it/s, v_num=73760, train_loss_step=0.0881, val_loss=0.0774, val_acc=0.975, train_loss_epoch=0.0904]Epoch 2:  24%|██▎       | 34/144 [00:00<00:03, 34.69it/s, v_num=73760, train_loss_step=0.0881, val_loss=0.0774, val_acc=0.975, train_loss_epoch=0.0904]Epoch 2:  24%|██▎       | 34/144 [00:00<00:03, 34.69it/s, v_num=73760, train_loss_step=0.0718, val_loss=0.0774, val_acc=0.975, train_loss_epoch=0.0904]Epoch 2:  24%|██▍       | 35/144 [00:01<00:03, 34.80it/s, v_num=73760, train_loss_step=0.0718, val_loss=0.0774, val_acc=0.975, train_loss_epoch=0.0904]Epoch 2:  24%|██▍       | 35/144 [00:01<00:03, 34.80it/s, v_num=73760, train_loss_step=0.0722, val_loss=0.0774, val_acc=0.975, train_loss_epoch=0.0904]Epoch 2:  25%|██▌       | 36/144 [00:01<00:03, 34.81it/s, v_num=73760, train_loss_step=0.0722, val_loss=0.0774, val_acc=0.975, train_loss_epoch=0.0904]Epoch 2:  25%|██▌       | 36/144 [00:01<00:03, 34.80it/s, v_num=73760, train_loss_step=0.0887, val_loss=0.0774, val_acc=0.975, train_loss_epoch=0.0904]Epoch 2:  26%|██▌       | 37/144 [00:01<00:03, 34.93it/s, v_num=73760, train_loss_step=0.0887, val_loss=0.0774, val_acc=0.975, train_loss_epoch=0.0904]Epoch 2:  26%|██▌       | 37/144 [00:01<00:03, 34.93it/s, v_num=73760, train_loss_step=0.0805, val_loss=0.0774, val_acc=0.975, train_loss_epoch=0.0904]Epoch 2:  26%|██▋       | 38/144 [00:01<00:03, 35.01it/s, v_num=73760, train_loss_step=0.0805, val_loss=0.0774, val_acc=0.975, train_loss_epoch=0.0904]Epoch 2:  26%|██▋       | 38/144 [00:01<00:03, 35.00it/s, v_num=73760, train_loss_step=0.0668, val_loss=0.0774, val_acc=0.975, train_loss_epoch=0.0904]Epoch 2:  27%|██▋       | 39/144 [00:01<00:02, 35.05it/s, v_num=73760, train_loss_step=0.0668, val_loss=0.0774, val_acc=0.975, train_loss_epoch=0.0904]Epoch 2:  27%|██▋       | 39/144 [00:01<00:02, 35.05it/s, v_num=73760, train_loss_step=0.0783, val_loss=0.0774, val_acc=0.975, train_loss_epoch=0.0904]Epoch 2:  28%|██▊       | 40/144 [00:01<00:03, 34.66it/s, v_num=73760, train_loss_step=0.0783, val_loss=0.0774, val_acc=0.975, train_loss_epoch=0.0904]Epoch 2:  28%|██▊       | 40/144 [00:01<00:03, 34.65it/s, v_num=73760, train_loss_step=0.0296, val_loss=0.0774, val_acc=0.975, train_loss_epoch=0.0904]Epoch 2:  28%|██▊       | 41/144 [00:01<00:02, 34.68it/s, v_num=73760, train_loss_step=0.0296, val_loss=0.0774, val_acc=0.975, train_loss_epoch=0.0904]Epoch 2:  28%|██▊       | 41/144 [00:01<00:02, 34.67it/s, v_num=73760, train_loss_step=0.0727, val_loss=0.0774, val_acc=0.975, train_loss_epoch=0.0904]Epoch 2:  29%|██▉       | 42/144 [00:01<00:02, 34.75it/s, v_num=73760, train_loss_step=0.0727, val_loss=0.0774, val_acc=0.975, train_loss_epoch=0.0904]Epoch 2:  29%|██▉       | 42/144 [00:01<00:02, 34.75it/s, v_num=73760, train_loss_step=0.0542, val_loss=0.0774, val_acc=0.975, train_loss_epoch=0.0904]Epoch 2:  30%|██▉       | 43/144 [00:01<00:02, 34.71it/s, v_num=73760, train_loss_step=0.0542, val_loss=0.0774, val_acc=0.975, train_loss_epoch=0.0904]Epoch 2:  30%|██▉       | 43/144 [00:01<00:02, 34.71it/s, v_num=73760, train_loss_step=0.0496, val_loss=0.0774, val_acc=0.975, train_loss_epoch=0.0904]Epoch 2:  31%|███       | 44/144 [00:01<00:02, 34.74it/s, v_num=73760, train_loss_step=0.0496, val_loss=0.0774, val_acc=0.975, train_loss_epoch=0.0904]Epoch 2:  31%|███       | 44/144 [00:01<00:02, 34.73it/s, v_num=73760, train_loss_step=0.0676, val_loss=0.0774, val_acc=0.975, train_loss_epoch=0.0904]Epoch 2:  31%|███▏      | 45/144 [00:01<00:02, 34.76it/s, v_num=73760, train_loss_step=0.0676, val_loss=0.0774, val_acc=0.975, train_loss_epoch=0.0904]Epoch 2:  31%|███▏      | 45/144 [00:01<00:02, 34.76it/s, v_num=73760, train_loss_step=0.103, val_loss=0.0774, val_acc=0.975, train_loss_epoch=0.0904] Epoch 2:  32%|███▏      | 46/144 [00:01<00:02, 34.80it/s, v_num=73760, train_loss_step=0.103, val_loss=0.0774, val_acc=0.975, train_loss_epoch=0.0904]Epoch 2:  32%|███▏      | 46/144 [00:01<00:02, 34.80it/s, v_num=73760, train_loss_step=0.0519, val_loss=0.0774, val_acc=0.975, train_loss_epoch=0.0904]Epoch 2:  33%|███▎      | 47/144 [00:01<00:02, 34.69it/s, v_num=73760, train_loss_step=0.0519, val_loss=0.0774, val_acc=0.975, train_loss_epoch=0.0904]Epoch 2:  33%|███▎      | 47/144 [00:01<00:02, 34.69it/s, v_num=73760, train_loss_step=0.0511, val_loss=0.0774, val_acc=0.975, train_loss_epoch=0.0904]Epoch 2:  33%|███▎      | 48/144 [00:01<00:02, 34.75it/s, v_num=73760, train_loss_step=0.0511, val_loss=0.0774, val_acc=0.975, train_loss_epoch=0.0904]Epoch 2:  33%|███▎      | 48/144 [00:01<00:02, 34.75it/s, v_num=73760, train_loss_step=0.103, val_loss=0.0774, val_acc=0.975, train_loss_epoch=0.0904] Epoch 2:  34%|███▍      | 49/144 [00:01<00:02, 34.80it/s, v_num=73760, train_loss_step=0.103, val_loss=0.0774, val_acc=0.975, train_loss_epoch=0.0904]Epoch 2:  34%|███▍      | 49/144 [00:01<00:02, 34.79it/s, v_num=73760, train_loss_step=0.0324, val_loss=0.0774, val_acc=0.975, train_loss_epoch=0.0904]Epoch 2:  35%|███▍      | 50/144 [00:01<00:02, 34.85it/s, v_num=73760, train_loss_step=0.0324, val_loss=0.0774, val_acc=0.975, train_loss_epoch=0.0904]Epoch 2:  35%|███▍      | 50/144 [00:01<00:02, 34.84it/s, v_num=73760, train_loss_step=0.0425, val_loss=0.0774, val_acc=0.975, train_loss_epoch=0.0904]Epoch 2:  35%|███▌      | 51/144 [00:01<00:02, 34.81it/s, v_num=73760, train_loss_step=0.0425, val_loss=0.0774, val_acc=0.975, train_loss_epoch=0.0904]Epoch 2:  35%|███▌      | 51/144 [00:01<00:02, 34.81it/s, v_num=73760, train_loss_step=0.0215, val_loss=0.0774, val_acc=0.975, train_loss_epoch=0.0904]Epoch 2:  36%|███▌      | 52/144 [00:01<00:02, 34.78it/s, v_num=73760, train_loss_step=0.0215, val_loss=0.0774, val_acc=0.975, train_loss_epoch=0.0904]Epoch 2:  36%|███▌      | 52/144 [00:01<00:02, 34.78it/s, v_num=73760, train_loss_step=0.0673, val_loss=0.0774, val_acc=0.975, train_loss_epoch=0.0904]Epoch 2:  37%|███▋      | 53/144 [00:01<00:02, 34.80it/s, v_num=73760, train_loss_step=0.0673, val_loss=0.0774, val_acc=0.975, train_loss_epoch=0.0904]Epoch 2:  37%|███▋      | 53/144 [00:01<00:02, 34.80it/s, v_num=73760, train_loss_step=0.0624, val_loss=0.0774, val_acc=0.975, train_loss_epoch=0.0904]Epoch 2:  38%|███▊      | 54/144 [00:01<00:02, 34.88it/s, v_num=73760, train_loss_step=0.0624, val_loss=0.0774, val_acc=0.975, train_loss_epoch=0.0904]Epoch 2:  38%|███▊      | 54/144 [00:01<00:02, 34.88it/s, v_num=73760, train_loss_step=0.0753, val_loss=0.0774, val_acc=0.975, train_loss_epoch=0.0904]Epoch 2:  38%|███▊      | 55/144 [00:01<00:02, 34.86it/s, v_num=73760, train_loss_step=0.0753, val_loss=0.0774, val_acc=0.975, train_loss_epoch=0.0904]Epoch 2:  38%|███▊      | 55/144 [00:01<00:02, 34.86it/s, v_num=73760, train_loss_step=0.0546, val_loss=0.0774, val_acc=0.975, train_loss_epoch=0.0904]Epoch 2:  39%|███▉      | 56/144 [00:01<00:02, 34.93it/s, v_num=73760, train_loss_step=0.0546, val_loss=0.0774, val_acc=0.975, train_loss_epoch=0.0904]Epoch 2:  39%|███▉      | 56/144 [00:01<00:02, 34.93it/s, v_num=73760, train_loss_step=0.0641, val_loss=0.0774, val_acc=0.975, train_loss_epoch=0.0904]Epoch 2:  40%|███▉      | 57/144 [00:01<00:02, 34.98it/s, v_num=73760, train_loss_step=0.0641, val_loss=0.0774, val_acc=0.975, train_loss_epoch=0.0904]Epoch 2:  40%|███▉      | 57/144 [00:01<00:02, 34.97it/s, v_num=73760, train_loss_step=0.0484, val_loss=0.0774, val_acc=0.975, train_loss_epoch=0.0904]Epoch 2:  40%|████      | 58/144 [00:01<00:02, 35.03it/s, v_num=73760, train_loss_step=0.0484, val_loss=0.0774, val_acc=0.975, train_loss_epoch=0.0904]Epoch 2:  40%|████      | 58/144 [00:01<00:02, 35.03it/s, v_num=73760, train_loss_step=0.0615, val_loss=0.0774, val_acc=0.975, train_loss_epoch=0.0904]Epoch 2:  41%|████      | 59/144 [00:01<00:02, 34.96it/s, v_num=73760, train_loss_step=0.0615, val_loss=0.0774, val_acc=0.975, train_loss_epoch=0.0904]Epoch 2:  41%|████      | 59/144 [00:01<00:02, 34.95it/s, v_num=73760, train_loss_step=0.121, val_loss=0.0774, val_acc=0.975, train_loss_epoch=0.0904] Epoch 2:  42%|████▏     | 60/144 [00:01<00:02, 35.01it/s, v_num=73760, train_loss_step=0.121, val_loss=0.0774, val_acc=0.975, train_loss_epoch=0.0904]Epoch 2:  42%|████▏     | 60/144 [00:01<00:02, 35.01it/s, v_num=73760, train_loss_step=0.0737, val_loss=0.0774, val_acc=0.975, train_loss_epoch=0.0904]Epoch 2:  42%|████▏     | 61/144 [00:01<00:02, 35.06it/s, v_num=73760, train_loss_step=0.0737, val_loss=0.0774, val_acc=0.975, train_loss_epoch=0.0904]Epoch 2:  42%|████▏     | 61/144 [00:01<00:02, 35.06it/s, v_num=73760, train_loss_step=0.065, val_loss=0.0774, val_acc=0.975, train_loss_epoch=0.0904] Epoch 2:  43%|████▎     | 62/144 [00:01<00:02, 35.08it/s, v_num=73760, train_loss_step=0.065, val_loss=0.0774, val_acc=0.975, train_loss_epoch=0.0904]Epoch 2:  43%|████▎     | 62/144 [00:01<00:02, 35.08it/s, v_num=73760, train_loss_step=0.037, val_loss=0.0774, val_acc=0.975, train_loss_epoch=0.0904]Epoch 2:  44%|████▍     | 63/144 [00:01<00:02, 35.07it/s, v_num=73760, train_loss_step=0.037, val_loss=0.0774, val_acc=0.975, train_loss_epoch=0.0904]Epoch 2:  44%|████▍     | 63/144 [00:01<00:02, 35.06it/s, v_num=73760, train_loss_step=0.0489, val_loss=0.0774, val_acc=0.975, train_loss_epoch=0.0904]Epoch 2:  44%|████▍     | 64/144 [00:01<00:02, 35.11it/s, v_num=73760, train_loss_step=0.0489, val_loss=0.0774, val_acc=0.975, train_loss_epoch=0.0904]Epoch 2:  44%|████▍     | 64/144 [00:01<00:02, 35.11it/s, v_num=73760, train_loss_step=0.0934, val_loss=0.0774, val_acc=0.975, train_loss_epoch=0.0904]Epoch 2:  45%|████▌     | 65/144 [00:01<00:02, 35.15it/s, v_num=73760, train_loss_step=0.0934, val_loss=0.0774, val_acc=0.975, train_loss_epoch=0.0904]Epoch 2:  45%|████▌     | 65/144 [00:01<00:02, 35.15it/s, v_num=73760, train_loss_step=0.0422, val_loss=0.0774, val_acc=0.975, train_loss_epoch=0.0904]Epoch 2:  46%|████▌     | 66/144 [00:01<00:02, 35.18it/s, v_num=73760, train_loss_step=0.0422, val_loss=0.0774, val_acc=0.975, train_loss_epoch=0.0904]Epoch 2:  46%|████▌     | 66/144 [00:01<00:02, 35.18it/s, v_num=73760, train_loss_step=0.0392, val_loss=0.0774, val_acc=0.975, train_loss_epoch=0.0904]Epoch 2:  47%|████▋     | 67/144 [00:01<00:02, 35.15it/s, v_num=73760, train_loss_step=0.0392, val_loss=0.0774, val_acc=0.975, train_loss_epoch=0.0904]Epoch 2:  47%|████▋     | 67/144 [00:01<00:02, 35.15it/s, v_num=73760, train_loss_step=0.0727, val_loss=0.0774, val_acc=0.975, train_loss_epoch=0.0904]Epoch 2:  47%|████▋     | 68/144 [00:01<00:02, 35.20it/s, v_num=73760, train_loss_step=0.0727, val_loss=0.0774, val_acc=0.975, train_loss_epoch=0.0904]Epoch 2:  47%|████▋     | 68/144 [00:01<00:02, 35.20it/s, v_num=73760, train_loss_step=0.0261, val_loss=0.0774, val_acc=0.975, train_loss_epoch=0.0904]Epoch 2:  48%|████▊     | 69/144 [00:01<00:02, 35.25it/s, v_num=73760, train_loss_step=0.0261, val_loss=0.0774, val_acc=0.975, train_loss_epoch=0.0904]Epoch 2:  48%|████▊     | 69/144 [00:01<00:02, 35.25it/s, v_num=73760, train_loss_step=0.0788, val_loss=0.0774, val_acc=0.975, train_loss_epoch=0.0904]Epoch 2:  49%|████▊     | 70/144 [00:01<00:02, 35.31it/s, v_num=73760, train_loss_step=0.0788, val_loss=0.0774, val_acc=0.975, train_loss_epoch=0.0904]Epoch 2:  49%|████▊     | 70/144 [00:01<00:02, 35.31it/s, v_num=73760, train_loss_step=0.0622, val_loss=0.0774, val_acc=0.975, train_loss_epoch=0.0904]Epoch 2:  49%|████▉     | 71/144 [00:02<00:02, 35.23it/s, v_num=73760, train_loss_step=0.0622, val_loss=0.0774, val_acc=0.975, train_loss_epoch=0.0904]Epoch 2:  49%|████▉     | 71/144 [00:02<00:02, 35.23it/s, v_num=73760, train_loss_step=0.0814, val_loss=0.0774, val_acc=0.975, train_loss_epoch=0.0904]Epoch 2:  50%|█████     | 72/144 [00:02<00:02, 35.29it/s, v_num=73760, train_loss_step=0.0814, val_loss=0.0774, val_acc=0.975, train_loss_epoch=0.0904]Epoch 2:  50%|█████     | 72/144 [00:02<00:02, 35.29it/s, v_num=73760, train_loss_step=0.0559, val_loss=0.0774, val_acc=0.975, train_loss_epoch=0.0904]Epoch 2:  51%|█████     | 73/144 [00:02<00:02, 35.35it/s, v_num=73760, train_loss_step=0.0559, val_loss=0.0774, val_acc=0.975, train_loss_epoch=0.0904]Epoch 2:  51%|█████     | 73/144 [00:02<00:02, 35.35it/s, v_num=73760, train_loss_step=0.0499, val_loss=0.0774, val_acc=0.975, train_loss_epoch=0.0904]Epoch 2:  51%|█████▏    | 74/144 [00:02<00:01, 35.41it/s, v_num=73760, train_loss_step=0.0499, val_loss=0.0774, val_acc=0.975, train_loss_epoch=0.0904]Epoch 2:  51%|█████▏    | 74/144 [00:02<00:01, 35.41it/s, v_num=73760, train_loss_step=0.0634, val_loss=0.0774, val_acc=0.975, train_loss_epoch=0.0904]Epoch 2:  52%|█████▏    | 75/144 [00:02<00:01, 35.38it/s, v_num=73760, train_loss_step=0.0634, val_loss=0.0774, val_acc=0.975, train_loss_epoch=0.0904]Epoch 2:  52%|█████▏    | 75/144 [00:02<00:01, 35.38it/s, v_num=73760, train_loss_step=0.0899, val_loss=0.0774, val_acc=0.975, train_loss_epoch=0.0904]Epoch 2:  53%|█████▎    | 76/144 [00:02<00:01, 35.41it/s, v_num=73760, train_loss_step=0.0899, val_loss=0.0774, val_acc=0.975, train_loss_epoch=0.0904]Epoch 2:  53%|█████▎    | 76/144 [00:02<00:01, 35.40it/s, v_num=73760, train_loss_step=0.0556, val_loss=0.0774, val_acc=0.975, train_loss_epoch=0.0904]Epoch 2:  53%|█████▎    | 77/144 [00:02<00:01, 35.37it/s, v_num=73760, train_loss_step=0.0556, val_loss=0.0774, val_acc=0.975, train_loss_epoch=0.0904]Epoch 2:  53%|█████▎    | 77/144 [00:02<00:01, 35.37it/s, v_num=73760, train_loss_step=0.0998, val_loss=0.0774, val_acc=0.975, train_loss_epoch=0.0904]Epoch 2:  54%|█████▍    | 78/144 [00:02<00:01, 35.38it/s, v_num=73760, train_loss_step=0.0998, val_loss=0.0774, val_acc=0.975, train_loss_epoch=0.0904]Epoch 2:  54%|█████▍    | 78/144 [00:02<00:01, 35.38it/s, v_num=73760, train_loss_step=0.0362, val_loss=0.0774, val_acc=0.975, train_loss_epoch=0.0904]Epoch 2:  55%|█████▍    | 79/144 [00:02<00:01, 35.34it/s, v_num=73760, train_loss_step=0.0362, val_loss=0.0774, val_acc=0.975, train_loss_epoch=0.0904]Epoch 2:  55%|█████▍    | 79/144 [00:02<00:01, 35.34it/s, v_num=73760, train_loss_step=0.0637, val_loss=0.0774, val_acc=0.975, train_loss_epoch=0.0904]Epoch 2:  56%|█████▌    | 80/144 [00:02<00:01, 35.39it/s, v_num=73760, train_loss_step=0.0637, val_loss=0.0774, val_acc=0.975, train_loss_epoch=0.0904]Epoch 2:  56%|█████▌    | 80/144 [00:02<00:01, 35.39it/s, v_num=73760, train_loss_step=0.081, val_loss=0.0774, val_acc=0.975, train_loss_epoch=0.0904] Epoch 2:  56%|█████▋    | 81/144 [00:02<00:01, 35.44it/s, v_num=73760, train_loss_step=0.081, val_loss=0.0774, val_acc=0.975, train_loss_epoch=0.0904]Epoch 2:  56%|█████▋    | 81/144 [00:02<00:01, 35.43it/s, v_num=73760, train_loss_step=0.0603, val_loss=0.0774, val_acc=0.975, train_loss_epoch=0.0904]Epoch 2:  57%|█████▋    | 82/144 [00:02<00:01, 35.48it/s, v_num=73760, train_loss_step=0.0603, val_loss=0.0774, val_acc=0.975, train_loss_epoch=0.0904]Epoch 2:  57%|█████▋    | 82/144 [00:02<00:01, 35.48it/s, v_num=73760, train_loss_step=0.0374, val_loss=0.0774, val_acc=0.975, train_loss_epoch=0.0904]Epoch 2:  58%|█████▊    | 83/144 [00:02<00:01, 35.43it/s, v_num=73760, train_loss_step=0.0374, val_loss=0.0774, val_acc=0.975, train_loss_epoch=0.0904]Epoch 2:  58%|█████▊    | 83/144 [00:02<00:01, 35.42it/s, v_num=73760, train_loss_step=0.0435, val_loss=0.0774, val_acc=0.975, train_loss_epoch=0.0904]Epoch 2:  58%|█████▊    | 84/144 [00:02<00:01, 35.38it/s, v_num=73760, train_loss_step=0.0435, val_loss=0.0774, val_acc=0.975, train_loss_epoch=0.0904]Epoch 2:  58%|█████▊    | 84/144 [00:02<00:01, 35.38it/s, v_num=73760, train_loss_step=0.0482, val_loss=0.0774, val_acc=0.975, train_loss_epoch=0.0904]Epoch 2:  59%|█████▉    | 85/144 [00:02<00:01, 35.40it/s, v_num=73760, train_loss_step=0.0482, val_loss=0.0774, val_acc=0.975, train_loss_epoch=0.0904]Epoch 2:  59%|█████▉    | 85/144 [00:02<00:01, 35.40it/s, v_num=73760, train_loss_step=0.0286, val_loss=0.0774, val_acc=0.975, train_loss_epoch=0.0904]Epoch 2:  60%|█████▉    | 86/144 [00:02<00:01, 35.44it/s, v_num=73760, train_loss_step=0.0286, val_loss=0.0774, val_acc=0.975, train_loss_epoch=0.0904]Epoch 2:  60%|█████▉    | 86/144 [00:02<00:01, 35.44it/s, v_num=73760, train_loss_step=0.0461, val_loss=0.0774, val_acc=0.975, train_loss_epoch=0.0904]Epoch 2:  60%|██████    | 87/144 [00:02<00:01, 35.39it/s, v_num=73760, train_loss_step=0.0461, val_loss=0.0774, val_acc=0.975, train_loss_epoch=0.0904]Epoch 2:  60%|██████    | 87/144 [00:02<00:01, 35.39it/s, v_num=73760, train_loss_step=0.0347, val_loss=0.0774, val_acc=0.975, train_loss_epoch=0.0904]Epoch 2:  61%|██████    | 88/144 [00:02<00:01, 35.42it/s, v_num=73760, train_loss_step=0.0347, val_loss=0.0774, val_acc=0.975, train_loss_epoch=0.0904]Epoch 2:  61%|██████    | 88/144 [00:02<00:01, 35.42it/s, v_num=73760, train_loss_step=0.037, val_loss=0.0774, val_acc=0.975, train_loss_epoch=0.0904] Epoch 2:  62%|██████▏   | 89/144 [00:02<00:01, 35.45it/s, v_num=73760, train_loss_step=0.037, val_loss=0.0774, val_acc=0.975, train_loss_epoch=0.0904]Epoch 2:  62%|██████▏   | 89/144 [00:02<00:01, 35.45it/s, v_num=73760, train_loss_step=0.0531, val_loss=0.0774, val_acc=0.975, train_loss_epoch=0.0904]Epoch 2:  62%|██████▎   | 90/144 [00:02<00:01, 35.48it/s, v_num=73760, train_loss_step=0.0531, val_loss=0.0774, val_acc=0.975, train_loss_epoch=0.0904]Epoch 2:  62%|██████▎   | 90/144 [00:02<00:01, 35.48it/s, v_num=73760, train_loss_step=0.0485, val_loss=0.0774, val_acc=0.975, train_loss_epoch=0.0904]Epoch 2:  63%|██████▎   | 91/144 [00:02<00:01, 35.46it/s, v_num=73760, train_loss_step=0.0485, val_loss=0.0774, val_acc=0.975, train_loss_epoch=0.0904]Epoch 2:  63%|██████▎   | 91/144 [00:02<00:01, 35.45it/s, v_num=73760, train_loss_step=0.0371, val_loss=0.0774, val_acc=0.975, train_loss_epoch=0.0904]Epoch 2:  64%|██████▍   | 92/144 [00:02<00:01, 35.49it/s, v_num=73760, train_loss_step=0.0371, val_loss=0.0774, val_acc=0.975, train_loss_epoch=0.0904]Epoch 2:  64%|██████▍   | 92/144 [00:02<00:01, 35.48it/s, v_num=73760, train_loss_step=0.0315, val_loss=0.0774, val_acc=0.975, train_loss_epoch=0.0904]Epoch 2:  65%|██████▍   | 93/144 [00:02<00:01, 35.50it/s, v_num=73760, train_loss_step=0.0315, val_loss=0.0774, val_acc=0.975, train_loss_epoch=0.0904]Epoch 2:  65%|██████▍   | 93/144 [00:02<00:01, 35.50it/s, v_num=73760, train_loss_step=0.0617, val_loss=0.0774, val_acc=0.975, train_loss_epoch=0.0904]Epoch 2:  65%|██████▌   | 94/144 [00:02<00:01, 35.53it/s, v_num=73760, train_loss_step=0.0617, val_loss=0.0774, val_acc=0.975, train_loss_epoch=0.0904]Epoch 2:  65%|██████▌   | 94/144 [00:02<00:01, 35.53it/s, v_num=73760, train_loss_step=0.0921, val_loss=0.0774, val_acc=0.975, train_loss_epoch=0.0904]Epoch 2:  66%|██████▌   | 95/144 [00:02<00:01, 35.50it/s, v_num=73760, train_loss_step=0.0921, val_loss=0.0774, val_acc=0.975, train_loss_epoch=0.0904]Epoch 2:  66%|██████▌   | 95/144 [00:02<00:01, 35.49it/s, v_num=73760, train_loss_step=0.0177, val_loss=0.0774, val_acc=0.975, train_loss_epoch=0.0904]Epoch 2:  67%|██████▋   | 96/144 [00:02<00:01, 35.53it/s, v_num=73760, train_loss_step=0.0177, val_loss=0.0774, val_acc=0.975, train_loss_epoch=0.0904]Epoch 2:  67%|██████▋   | 96/144 [00:02<00:01, 35.53it/s, v_num=73760, train_loss_step=0.0829, val_loss=0.0774, val_acc=0.975, train_loss_epoch=0.0904]Epoch 2:  67%|██████▋   | 97/144 [00:02<00:01, 35.59it/s, v_num=73760, train_loss_step=0.0829, val_loss=0.0774, val_acc=0.975, train_loss_epoch=0.0904]Epoch 2:  67%|██████▋   | 97/144 [00:02<00:01, 35.59it/s, v_num=73760, train_loss_step=0.0491, val_loss=0.0774, val_acc=0.975, train_loss_epoch=0.0904]Epoch 2:  68%|██████▊   | 98/144 [00:02<00:01, 35.65it/s, v_num=73760, train_loss_step=0.0491, val_loss=0.0774, val_acc=0.975, train_loss_epoch=0.0904]Epoch 2:  68%|██████▊   | 98/144 [00:02<00:01, 35.64it/s, v_num=73760, train_loss_step=0.058, val_loss=0.0774, val_acc=0.975, train_loss_epoch=0.0904] Epoch 2:  69%|██████▉   | 99/144 [00:02<00:01, 35.63it/s, v_num=73760, train_loss_step=0.058, val_loss=0.0774, val_acc=0.975, train_loss_epoch=0.0904]Epoch 2:  69%|██████▉   | 99/144 [00:02<00:01, 35.62it/s, v_num=73760, train_loss_step=0.0411, val_loss=0.0774, val_acc=0.975, train_loss_epoch=0.0904]Epoch 2:  69%|██████▉   | 100/144 [00:02<00:01, 35.66it/s, v_num=73760, train_loss_step=0.0411, val_loss=0.0774, val_acc=0.975, train_loss_epoch=0.0904]Epoch 2:  69%|██████▉   | 100/144 [00:02<00:01, 35.66it/s, v_num=73760, train_loss_step=0.0569, val_loss=0.0774, val_acc=0.975, train_loss_epoch=0.0904]Epoch 2:  70%|███████   | 101/144 [00:02<00:01, 35.71it/s, v_num=73760, train_loss_step=0.0569, val_loss=0.0774, val_acc=0.975, train_loss_epoch=0.0904]Epoch 2:  70%|███████   | 101/144 [00:02<00:01, 35.70it/s, v_num=73760, train_loss_step=0.0482, val_loss=0.0774, val_acc=0.975, train_loss_epoch=0.0904]Epoch 2:  71%|███████   | 102/144 [00:02<00:01, 35.76it/s, v_num=73760, train_loss_step=0.0482, val_loss=0.0774, val_acc=0.975, train_loss_epoch=0.0904]Epoch 2:  71%|███████   | 102/144 [00:02<00:01, 35.75it/s, v_num=73760, train_loss_step=0.044, val_loss=0.0774, val_acc=0.975, train_loss_epoch=0.0904] Epoch 2:  72%|███████▏  | 103/144 [00:02<00:01, 35.80it/s, v_num=73760, train_loss_step=0.044, val_loss=0.0774, val_acc=0.975, train_loss_epoch=0.0904]Epoch 2:  72%|███████▏  | 103/144 [00:02<00:01, 35.80it/s, v_num=73760, train_loss_step=0.0535, val_loss=0.0774, val_acc=0.975, train_loss_epoch=0.0904]Epoch 2:  72%|███████▏  | 104/144 [00:02<00:01, 35.79it/s, v_num=73760, train_loss_step=0.0535, val_loss=0.0774, val_acc=0.975, train_loss_epoch=0.0904]Epoch 2:  72%|███████▏  | 104/144 [00:02<00:01, 35.78it/s, v_num=73760, train_loss_step=0.0384, val_loss=0.0774, val_acc=0.975, train_loss_epoch=0.0904]Epoch 2:  73%|███████▎  | 105/144 [00:02<00:01, 35.82it/s, v_num=73760, train_loss_step=0.0384, val_loss=0.0774, val_acc=0.975, train_loss_epoch=0.0904]Epoch 2:  73%|███████▎  | 105/144 [00:02<00:01, 35.82it/s, v_num=73760, train_loss_step=0.0429, val_loss=0.0774, val_acc=0.975, train_loss_epoch=0.0904]Epoch 2:  74%|███████▎  | 106/144 [00:02<00:01, 35.87it/s, v_num=73760, train_loss_step=0.0429, val_loss=0.0774, val_acc=0.975, train_loss_epoch=0.0904]Epoch 2:  74%|███████▎  | 106/144 [00:02<00:01, 35.87it/s, v_num=73760, train_loss_step=0.0901, val_loss=0.0774, val_acc=0.975, train_loss_epoch=0.0904]Epoch 2:  74%|███████▍  | 107/144 [00:02<00:01, 35.92it/s, v_num=73760, train_loss_step=0.0901, val_loss=0.0774, val_acc=0.975, train_loss_epoch=0.0904]Epoch 2:  74%|███████▍  | 107/144 [00:02<00:01, 35.92it/s, v_num=73760, train_loss_step=0.056, val_loss=0.0774, val_acc=0.975, train_loss_epoch=0.0904] Epoch 2:  75%|███████▌  | 108/144 [00:03<00:01, 35.93it/s, v_num=73760, train_loss_step=0.056, val_loss=0.0774, val_acc=0.975, train_loss_epoch=0.0904]Epoch 2:  75%|███████▌  | 108/144 [00:03<00:01, 35.93it/s, v_num=73760, train_loss_step=0.00875, val_loss=0.0774, val_acc=0.975, train_loss_epoch=0.0904]Epoch 2:  76%|███████▌  | 109/144 [00:03<00:00, 35.97it/s, v_num=73760, train_loss_step=0.00875, val_loss=0.0774, val_acc=0.975, train_loss_epoch=0.0904]Epoch 2:  76%|███████▌  | 109/144 [00:03<00:00, 35.96it/s, v_num=73760, train_loss_step=0.0752, val_loss=0.0774, val_acc=0.975, train_loss_epoch=0.0904] Epoch 2:  76%|███████▋  | 110/144 [00:03<00:00, 36.01it/s, v_num=73760, train_loss_step=0.0752, val_loss=0.0774, val_acc=0.975, train_loss_epoch=0.0904]Epoch 2:  76%|███████▋  | 110/144 [00:03<00:00, 36.01it/s, v_num=73760, train_loss_step=0.0492, val_loss=0.0774, val_acc=0.975, train_loss_epoch=0.0904]Epoch 2:  77%|███████▋  | 111/144 [00:03<00:00, 36.03it/s, v_num=73760, train_loss_step=0.0492, val_loss=0.0774, val_acc=0.975, train_loss_epoch=0.0904]Epoch 2:  77%|███████▋  | 111/144 [00:03<00:00, 36.02it/s, v_num=73760, train_loss_step=0.0356, val_loss=0.0774, val_acc=0.975, train_loss_epoch=0.0904]Epoch 2:  78%|███████▊  | 112/144 [00:03<00:00, 36.03it/s, v_num=73760, train_loss_step=0.0356, val_loss=0.0774, val_acc=0.975, train_loss_epoch=0.0904]Epoch 2:  78%|███████▊  | 112/144 [00:03<00:00, 36.02it/s, v_num=73760, train_loss_step=0.0628, val_loss=0.0774, val_acc=0.975, train_loss_epoch=0.0904]Epoch 2:  78%|███████▊  | 113/144 [00:03<00:00, 36.06it/s, v_num=73760, train_loss_step=0.0628, val_loss=0.0774, val_acc=0.975, train_loss_epoch=0.0904]Epoch 2:  78%|███████▊  | 113/144 [00:03<00:00, 36.06it/s, v_num=73760, train_loss_step=0.058, val_loss=0.0774, val_acc=0.975, train_loss_epoch=0.0904] Epoch 2:  79%|███████▉  | 114/144 [00:03<00:00, 36.10it/s, v_num=73760, train_loss_step=0.058, val_loss=0.0774, val_acc=0.975, train_loss_epoch=0.0904]Epoch 2:  79%|███████▉  | 114/144 [00:03<00:00, 36.10it/s, v_num=73760, train_loss_step=0.0322, val_loss=0.0774, val_acc=0.975, train_loss_epoch=0.0904]Epoch 2:  80%|███████▉  | 115/144 [00:03<00:00, 36.14it/s, v_num=73760, train_loss_step=0.0322, val_loss=0.0774, val_acc=0.975, train_loss_epoch=0.0904]Epoch 2:  80%|███████▉  | 115/144 [00:03<00:00, 36.13it/s, v_num=73760, train_loss_step=0.0591, val_loss=0.0774, val_acc=0.975, train_loss_epoch=0.0904]Epoch 2:  81%|████████  | 116/144 [00:03<00:00, 36.15it/s, v_num=73760, train_loss_step=0.0591, val_loss=0.0774, val_acc=0.975, train_loss_epoch=0.0904]Epoch 2:  81%|████████  | 116/144 [00:03<00:00, 36.15it/s, v_num=73760, train_loss_step=0.0589, val_loss=0.0774, val_acc=0.975, train_loss_epoch=0.0904]Epoch 2:  81%|████████▏ | 117/144 [00:03<00:00, 36.14it/s, v_num=73760, train_loss_step=0.0589, val_loss=0.0774, val_acc=0.975, train_loss_epoch=0.0904]Epoch 2:  81%|████████▏ | 117/144 [00:03<00:00, 36.14it/s, v_num=73760, train_loss_step=0.0512, val_loss=0.0774, val_acc=0.975, train_loss_epoch=0.0904]Epoch 2:  82%|████████▏ | 118/144 [00:03<00:00, 36.17it/s, v_num=73760, train_loss_step=0.0512, val_loss=0.0774, val_acc=0.975, train_loss_epoch=0.0904]Epoch 2:  82%|████████▏ | 118/144 [00:03<00:00, 36.17it/s, v_num=73760, train_loss_step=0.081, val_loss=0.0774, val_acc=0.975, train_loss_epoch=0.0904] Epoch 2:  83%|████████▎ | 119/144 [00:03<00:00, 36.21it/s, v_num=73760, train_loss_step=0.081, val_loss=0.0774, val_acc=0.975, train_loss_epoch=0.0904]Epoch 2:  83%|████████▎ | 119/144 [00:03<00:00, 36.20it/s, v_num=73760, train_loss_step=0.0781, val_loss=0.0774, val_acc=0.975, train_loss_epoch=0.0904]Epoch 2:  83%|████████▎ | 120/144 [00:03<00:00, 36.23it/s, v_num=73760, train_loss_step=0.0781, val_loss=0.0774, val_acc=0.975, train_loss_epoch=0.0904]Epoch 2:  83%|████████▎ | 120/144 [00:03<00:00, 36.23it/s, v_num=73760, train_loss_step=0.0708, val_loss=0.0774, val_acc=0.975, train_loss_epoch=0.0904]Epoch 2:  84%|████████▍ | 121/144 [00:03<00:00, 36.22it/s, v_num=73760, train_loss_step=0.0708, val_loss=0.0774, val_acc=0.975, train_loss_epoch=0.0904]Epoch 2:  84%|████████▍ | 121/144 [00:03<00:00, 36.22it/s, v_num=73760, train_loss_step=0.0443, val_loss=0.0774, val_acc=0.975, train_loss_epoch=0.0904]Epoch 2:  85%|████████▍ | 122/144 [00:03<00:00, 36.25it/s, v_num=73760, train_loss_step=0.0443, val_loss=0.0774, val_acc=0.975, train_loss_epoch=0.0904]Epoch 2:  85%|████████▍ | 122/144 [00:03<00:00, 36.25it/s, v_num=73760, train_loss_step=0.0691, val_loss=0.0774, val_acc=0.975, train_loss_epoch=0.0904]Epoch 2:  85%|████████▌ | 123/144 [00:03<00:00, 36.28it/s, v_num=73760, train_loss_step=0.0691, val_loss=0.0774, val_acc=0.975, train_loss_epoch=0.0904]Epoch 2:  85%|████████▌ | 123/144 [00:03<00:00, 36.27it/s, v_num=73760, train_loss_step=0.0484, val_loss=0.0774, val_acc=0.975, train_loss_epoch=0.0904]Epoch 2:  86%|████████▌ | 124/144 [00:03<00:00, 36.30it/s, v_num=73760, train_loss_step=0.0484, val_loss=0.0774, val_acc=0.975, train_loss_epoch=0.0904]Epoch 2:  86%|████████▌ | 124/144 [00:03<00:00, 36.30it/s, v_num=73760, train_loss_step=0.0351, val_loss=0.0774, val_acc=0.975, train_loss_epoch=0.0904]Epoch 2:  87%|████████▋ | 125/144 [00:03<00:00, 36.28it/s, v_num=73760, train_loss_step=0.0351, val_loss=0.0774, val_acc=0.975, train_loss_epoch=0.0904]Epoch 2:  87%|████████▋ | 125/144 [00:03<00:00, 36.28it/s, v_num=73760, train_loss_step=0.0595, val_loss=0.0774, val_acc=0.975, train_loss_epoch=0.0904]Epoch 2:  88%|████████▊ | 126/144 [00:03<00:00, 36.30it/s, v_num=73760, train_loss_step=0.0595, val_loss=0.0774, val_acc=0.975, train_loss_epoch=0.0904]Epoch 2:  88%|████████▊ | 126/144 [00:03<00:00, 36.30it/s, v_num=73760, train_loss_step=0.0459, val_loss=0.0774, val_acc=0.975, train_loss_epoch=0.0904]Epoch 2:  88%|████████▊ | 127/144 [00:03<00:00, 36.34it/s, v_num=73760, train_loss_step=0.0459, val_loss=0.0774, val_acc=0.975, train_loss_epoch=0.0904]Epoch 2:  88%|████████▊ | 127/144 [00:03<00:00, 36.33it/s, v_num=73760, train_loss_step=0.0793, val_loss=0.0774, val_acc=0.975, train_loss_epoch=0.0904]Epoch 2:  89%|████████▉ | 128/144 [00:03<00:00, 36.36it/s, v_num=73760, train_loss_step=0.0793, val_loss=0.0774, val_acc=0.975, train_loss_epoch=0.0904]Epoch 2:  89%|████████▉ | 128/144 [00:03<00:00, 36.36it/s, v_num=73760, train_loss_step=0.0404, val_loss=0.0774, val_acc=0.975, train_loss_epoch=0.0904]Epoch 2:  90%|████████▉ | 129/144 [00:03<00:00, 36.32it/s, v_num=73760, train_loss_step=0.0404, val_loss=0.0774, val_acc=0.975, train_loss_epoch=0.0904]Epoch 2:  90%|████████▉ | 129/144 [00:03<00:00, 36.32it/s, v_num=73760, train_loss_step=0.0496, val_loss=0.0774, val_acc=0.975, train_loss_epoch=0.0904]Epoch 2:  90%|█████████ | 130/144 [00:03<00:00, 36.31it/s, v_num=73760, train_loss_step=0.0496, val_loss=0.0774, val_acc=0.975, train_loss_epoch=0.0904]Epoch 2:  90%|█████████ | 130/144 [00:03<00:00, 36.30it/s, v_num=73760, train_loss_step=0.152, val_loss=0.0774, val_acc=0.975, train_loss_epoch=0.0904] Epoch 2:  91%|█████████ | 131/144 [00:03<00:00, 36.32it/s, v_num=73760, train_loss_step=0.152, val_loss=0.0774, val_acc=0.975, train_loss_epoch=0.0904]Epoch 2:  91%|█████████ | 131/144 [00:03<00:00, 36.32it/s, v_num=73760, train_loss_step=0.0606, val_loss=0.0774, val_acc=0.975, train_loss_epoch=0.0904]Epoch 2:  92%|█████████▏| 132/144 [00:03<00:00, 36.34it/s, v_num=73760, train_loss_step=0.0606, val_loss=0.0774, val_acc=0.975, train_loss_epoch=0.0904]Epoch 2:  92%|█████████▏| 132/144 [00:03<00:00, 36.33it/s, v_num=73760, train_loss_step=0.064, val_loss=0.0774, val_acc=0.975, train_loss_epoch=0.0904] Epoch 2:  92%|█████████▏| 133/144 [00:03<00:00, 36.36it/s, v_num=73760, train_loss_step=0.064, val_loss=0.0774, val_acc=0.975, train_loss_epoch=0.0904]Epoch 2:  92%|█████████▏| 133/144 [00:03<00:00, 36.36it/s, v_num=73760, train_loss_step=0.0498, val_loss=0.0774, val_acc=0.975, train_loss_epoch=0.0904]Epoch 2:  93%|█████████▎| 134/144 [00:03<00:00, 36.34it/s, v_num=73760, train_loss_step=0.0498, val_loss=0.0774, val_acc=0.975, train_loss_epoch=0.0904]Epoch 2:  93%|█████████▎| 134/144 [00:03<00:00, 36.33it/s, v_num=73760, train_loss_step=0.0476, val_loss=0.0774, val_acc=0.975, train_loss_epoch=0.0904]Epoch 2:  94%|█████████▍| 135/144 [00:03<00:00, 36.36it/s, v_num=73760, train_loss_step=0.0476, val_loss=0.0774, val_acc=0.975, train_loss_epoch=0.0904]Epoch 2:  94%|█████████▍| 135/144 [00:03<00:00, 36.36it/s, v_num=73760, train_loss_step=0.0913, val_loss=0.0774, val_acc=0.975, train_loss_epoch=0.0904]Epoch 2:  94%|█████████▍| 136/144 [00:03<00:00, 36.38it/s, v_num=73760, train_loss_step=0.0913, val_loss=0.0774, val_acc=0.975, train_loss_epoch=0.0904]Epoch 2:  94%|█████████▍| 136/144 [00:03<00:00, 36.38it/s, v_num=73760, train_loss_step=0.0393, val_loss=0.0774, val_acc=0.975, train_loss_epoch=0.0904]Epoch 2:  95%|█████████▌| 137/144 [00:03<00:00, 36.40it/s, v_num=73760, train_loss_step=0.0393, val_loss=0.0774, val_acc=0.975, train_loss_epoch=0.0904]Epoch 2:  95%|█████████▌| 137/144 [00:03<00:00, 36.40it/s, v_num=73760, train_loss_step=0.0696, val_loss=0.0774, val_acc=0.975, train_loss_epoch=0.0904]Epoch 2:  96%|█████████▌| 138/144 [00:03<00:00, 36.38it/s, v_num=73760, train_loss_step=0.0696, val_loss=0.0774, val_acc=0.975, train_loss_epoch=0.0904]Epoch 2:  96%|█████████▌| 138/144 [00:03<00:00, 36.38it/s, v_num=73760, train_loss_step=0.068, val_loss=0.0774, val_acc=0.975, train_loss_epoch=0.0904] Epoch 2:  97%|█████████▋| 139/144 [00:03<00:00, 36.40it/s, v_num=73760, train_loss_step=0.068, val_loss=0.0774, val_acc=0.975, train_loss_epoch=0.0904]Epoch 2:  97%|█████████▋| 139/144 [00:03<00:00, 36.40it/s, v_num=73760, train_loss_step=0.0527, val_loss=0.0774, val_acc=0.975, train_loss_epoch=0.0904]Epoch 2:  97%|█████████▋| 140/144 [00:03<00:00, 36.42it/s, v_num=73760, train_loss_step=0.0527, val_loss=0.0774, val_acc=0.975, train_loss_epoch=0.0904]Epoch 2:  97%|█████████▋| 140/144 [00:03<00:00, 36.42it/s, v_num=73760, train_loss_step=0.0701, val_loss=0.0774, val_acc=0.975, train_loss_epoch=0.0904]Epoch 2:  98%|█████████▊| 141/144 [00:03<00:00, 36.45it/s, v_num=73760, train_loss_step=0.0701, val_loss=0.0774, val_acc=0.975, train_loss_epoch=0.0904]Epoch 2:  98%|█████████▊| 141/144 [00:03<00:00, 36.44it/s, v_num=73760, train_loss_step=0.0345, val_loss=0.0774, val_acc=0.975, train_loss_epoch=0.0904]Epoch 2:  99%|█████████▊| 142/144 [00:03<00:00, 36.42it/s, v_num=73760, train_loss_step=0.0345, val_loss=0.0774, val_acc=0.975, train_loss_epoch=0.0904]Epoch 2:  99%|█████████▊| 142/144 [00:03<00:00, 36.42it/s, v_num=73760, train_loss_step=0.0352, val_loss=0.0774, val_acc=0.975, train_loss_epoch=0.0904]Epoch 2:  99%|█████████▉| 143/144 [00:03<00:00, 36.44it/s, v_num=73760, train_loss_step=0.0352, val_loss=0.0774, val_acc=0.975, train_loss_epoch=0.0904]Epoch 2:  99%|█████████▉| 143/144 [00:03<00:00, 36.44it/s, v_num=73760, train_loss_step=0.0332, val_loss=0.0774, val_acc=0.975, train_loss_epoch=0.0904]Epoch 2: 100%|██████████| 144/144 [00:03<00:00, 36.46it/s, v_num=73760, train_loss_step=0.0332, val_loss=0.0774, val_acc=0.975, train_loss_epoch=0.0904]Epoch 2: 100%|██████████| 144/144 [00:03<00:00, 36.46it/s, v_num=73760, train_loss_step=0.0713, val_loss=0.0774, val_acc=0.975, train_loss_epoch=0.0904]
Validation: |          | 0/? [00:00<?, ?it/s][A
Validation:   0%|          | 0/14 [00:00<?, ?it/s][A
Validation DataLoader 0:   0%|          | 0/14 [00:00<?, ?it/s][A
Validation DataLoader 0:   7%|▋         | 1/14 [00:00<00:00, 109.29it/s][A
Validation DataLoader 0:  14%|█▍        | 2/14 [00:00<00:00, 63.37it/s] [A
Validation DataLoader 0:  21%|██▏       | 3/14 [00:00<00:00, 72.16it/s][A
Validation DataLoader 0:  29%|██▊       | 4/14 [00:00<00:00, 77.49it/s][A
Validation DataLoader 0:  36%|███▌      | 5/14 [00:00<00:00, 79.62it/s][A
Validation DataLoader 0:  43%|████▎     | 6/14 [00:00<00:00, 82.48it/s][A
Validation DataLoader 0:  50%|█████     | 7/14 [00:00<00:00, 84.26it/s][A
Validation DataLoader 0:  57%|█████▋    | 8/14 [00:00<00:00, 85.50it/s][A
Validation DataLoader 0:  64%|██████▍   | 9/14 [00:00<00:00, 86.97it/s][A
Validation DataLoader 0:  71%|███████▏  | 10/14 [00:00<00:00, 88.10it/s][A
Validation DataLoader 0:  79%|███████▊  | 11/14 [00:00<00:00, 88.79it/s][A
Validation DataLoader 0:  86%|████████▌ | 12/14 [00:00<00:00, 87.18it/s][A
Validation DataLoader 0:  93%|█████████▎| 13/14 [00:00<00:00, 88.03it/s][A
Validation DataLoader 0: 100%|██████████| 14/14 [00:00<00:00, 88.88it/s][A
                                                                        [AEpoch 2: 100%|██████████| 144/144 [00:04<00:00, 34.87it/s, v_num=73760, train_loss_step=0.0713, val_loss=0.0763, val_acc=0.977, train_loss_epoch=0.0904]Epoch 2: 100%|██████████| 144/144 [00:04<00:00, 34.86it/s, v_num=73760, train_loss_step=0.0713, val_loss=0.0763, val_acc=0.977, train_loss_epoch=0.0632]Epoch 2:   0%|          | 0/144 [00:00<?, ?it/s, v_num=73760, train_loss_step=0.0713, val_loss=0.0763, val_acc=0.977, train_loss_epoch=0.0632]          Epoch 3:   0%|          | 0/144 [00:00<?, ?it/s, v_num=73760, train_loss_step=0.0713, val_loss=0.0763, val_acc=0.977, train_loss_epoch=0.0632]Epoch 3:   1%|          | 1/144 [00:00<00:11, 12.40it/s, v_num=73760, train_loss_step=0.0713, val_loss=0.0763, val_acc=0.977, train_loss_epoch=0.0632]Epoch 3:   1%|          | 1/144 [00:00<00:11, 12.36it/s, v_num=73760, train_loss_step=0.0432, val_loss=0.0763, val_acc=0.977, train_loss_epoch=0.0632]Epoch 3:   1%|▏         | 2/144 [00:00<00:08, 17.69it/s, v_num=73760, train_loss_step=0.0432, val_loss=0.0763, val_acc=0.977, train_loss_epoch=0.0632]Epoch 3:   1%|▏         | 2/144 [00:00<00:08, 17.67it/s, v_num=73760, train_loss_step=0.0565, val_loss=0.0763, val_acc=0.977, train_loss_epoch=0.0632]Epoch 3:   2%|▏         | 3/144 [00:00<00:06, 21.13it/s, v_num=73760, train_loss_step=0.0565, val_loss=0.0763, val_acc=0.977, train_loss_epoch=0.0632]Epoch 3:   2%|▏         | 3/144 [00:00<00:06, 21.10it/s, v_num=73760, train_loss_step=0.0895, val_loss=0.0763, val_acc=0.977, train_loss_epoch=0.0632]Epoch 3:   3%|▎         | 4/144 [00:00<00:06, 23.03it/s, v_num=73760, train_loss_step=0.0895, val_loss=0.0763, val_acc=0.977, train_loss_epoch=0.0632]Epoch 3:   3%|▎         | 4/144 [00:00<00:06, 23.01it/s, v_num=73760, train_loss_step=0.0298, val_loss=0.0763, val_acc=0.977, train_loss_epoch=0.0632]Epoch 3:   3%|▎         | 5/144 [00:00<00:05, 24.87it/s, v_num=73760, train_loss_step=0.0298, val_loss=0.0763, val_acc=0.977, train_loss_epoch=0.0632]Epoch 3:   3%|▎         | 5/144 [00:00<00:05, 24.84it/s, v_num=73760, train_loss_step=0.077, val_loss=0.0763, val_acc=0.977, train_loss_epoch=0.0632] Epoch 3:   4%|▍         | 6/144 [00:00<00:05, 26.27it/s, v_num=73760, train_loss_step=0.077, val_loss=0.0763, val_acc=0.977, train_loss_epoch=0.0632]Epoch 3:   4%|▍         | 6/144 [00:00<00:05, 26.25it/s, v_num=73760, train_loss_step=0.101, val_loss=0.0763, val_acc=0.977, train_loss_epoch=0.0632]Epoch 3:   5%|▍         | 7/144 [00:00<00:04, 27.52it/s, v_num=73760, train_loss_step=0.101, val_loss=0.0763, val_acc=0.977, train_loss_epoch=0.0632]Epoch 3:   5%|▍         | 7/144 [00:00<00:04, 27.50it/s, v_num=73760, train_loss_step=0.0473, val_loss=0.0763, val_acc=0.977, train_loss_epoch=0.0632]Epoch 3:   6%|▌         | 8/144 [00:00<00:04, 27.98it/s, v_num=73760, train_loss_step=0.0473, val_loss=0.0763, val_acc=0.977, train_loss_epoch=0.0632]Epoch 3:   6%|▌         | 8/144 [00:00<00:04, 27.96it/s, v_num=73760, train_loss_step=0.0585, val_loss=0.0763, val_acc=0.977, train_loss_epoch=0.0632]Epoch 3:   6%|▋         | 9/144 [00:00<00:04, 28.69it/s, v_num=73760, train_loss_step=0.0585, val_loss=0.0763, val_acc=0.977, train_loss_epoch=0.0632]Epoch 3:   6%|▋         | 9/144 [00:00<00:04, 28.67it/s, v_num=73760, train_loss_step=0.0769, val_loss=0.0763, val_acc=0.977, train_loss_epoch=0.0632]Epoch 3:   7%|▋         | 10/144 [00:00<00:04, 29.32it/s, v_num=73760, train_loss_step=0.0769, val_loss=0.0763, val_acc=0.977, train_loss_epoch=0.0632]Epoch 3:   7%|▋         | 10/144 [00:00<00:04, 29.31it/s, v_num=73760, train_loss_step=0.0865, val_loss=0.0763, val_acc=0.977, train_loss_epoch=0.0632]Epoch 3:   8%|▊         | 11/144 [00:00<00:04, 29.83it/s, v_num=73760, train_loss_step=0.0865, val_loss=0.0763, val_acc=0.977, train_loss_epoch=0.0632]Epoch 3:   8%|▊         | 11/144 [00:00<00:04, 29.82it/s, v_num=73760, train_loss_step=0.110, val_loss=0.0763, val_acc=0.977, train_loss_epoch=0.0632] Epoch 3:   8%|▊         | 12/144 [00:00<00:04, 30.21it/s, v_num=73760, train_loss_step=0.110, val_loss=0.0763, val_acc=0.977, train_loss_epoch=0.0632]Epoch 3:   8%|▊         | 12/144 [00:00<00:04, 30.20it/s, v_num=73760, train_loss_step=0.0791, val_loss=0.0763, val_acc=0.977, train_loss_epoch=0.0632]Epoch 3:   9%|▉         | 13/144 [00:00<00:04, 30.77it/s, v_num=73760, train_loss_step=0.0791, val_loss=0.0763, val_acc=0.977, train_loss_epoch=0.0632]Epoch 3:   9%|▉         | 13/144 [00:00<00:04, 30.76it/s, v_num=73760, train_loss_step=0.088, val_loss=0.0763, val_acc=0.977, train_loss_epoch=0.0632] Epoch 3:  10%|▉         | 14/144 [00:00<00:04, 31.15it/s, v_num=73760, train_loss_step=0.088, val_loss=0.0763, val_acc=0.977, train_loss_epoch=0.0632]Epoch 3:  10%|▉         | 14/144 [00:00<00:04, 31.14it/s, v_num=73760, train_loss_step=0.111, val_loss=0.0763, val_acc=0.977, train_loss_epoch=0.0632]Epoch 3:  10%|█         | 15/144 [00:00<00:04, 31.54it/s, v_num=73760, train_loss_step=0.111, val_loss=0.0763, val_acc=0.977, train_loss_epoch=0.0632]Epoch 3:  10%|█         | 15/144 [00:00<00:04, 31.53it/s, v_num=73760, train_loss_step=0.0546, val_loss=0.0763, val_acc=0.977, train_loss_epoch=0.0632]Epoch 3:  11%|█         | 16/144 [00:00<00:04, 31.72it/s, v_num=73760, train_loss_step=0.0546, val_loss=0.0763, val_acc=0.977, train_loss_epoch=0.0632]Epoch 3:  11%|█         | 16/144 [00:00<00:04, 31.71it/s, v_num=73760, train_loss_step=0.0283, val_loss=0.0763, val_acc=0.977, train_loss_epoch=0.0632]Epoch 3:  12%|█▏        | 17/144 [00:00<00:03, 32.03it/s, v_num=73760, train_loss_step=0.0283, val_loss=0.0763, val_acc=0.977, train_loss_epoch=0.0632]Epoch 3:  12%|█▏        | 17/144 [00:00<00:03, 32.02it/s, v_num=73760, train_loss_step=0.0784, val_loss=0.0763, val_acc=0.977, train_loss_epoch=0.0632]Epoch 3:  12%|█▎        | 18/144 [00:00<00:03, 32.31it/s, v_num=73760, train_loss_step=0.0784, val_loss=0.0763, val_acc=0.977, train_loss_epoch=0.0632]Epoch 3:  12%|█▎        | 18/144 [00:00<00:03, 32.30it/s, v_num=73760, train_loss_step=0.0472, val_loss=0.0763, val_acc=0.977, train_loss_epoch=0.0632]Epoch 3:  13%|█▎        | 19/144 [00:00<00:03, 32.53it/s, v_num=73760, train_loss_step=0.0472, val_loss=0.0763, val_acc=0.977, train_loss_epoch=0.0632]Epoch 3:  13%|█▎        | 19/144 [00:00<00:03, 32.52it/s, v_num=73760, train_loss_step=0.0647, val_loss=0.0763, val_acc=0.977, train_loss_epoch=0.0632]Epoch 3:  14%|█▍        | 20/144 [00:00<00:03, 32.60it/s, v_num=73760, train_loss_step=0.0647, val_loss=0.0763, val_acc=0.977, train_loss_epoch=0.0632]Epoch 3:  14%|█▍        | 20/144 [00:00<00:03, 32.59it/s, v_num=73760, train_loss_step=0.040, val_loss=0.0763, val_acc=0.977, train_loss_epoch=0.0632] Epoch 3:  15%|█▍        | 21/144 [00:00<00:03, 32.78it/s, v_num=73760, train_loss_step=0.040, val_loss=0.0763, val_acc=0.977, train_loss_epoch=0.0632]Epoch 3:  15%|█▍        | 21/144 [00:00<00:03, 32.77it/s, v_num=73760, train_loss_step=0.0415, val_loss=0.0763, val_acc=0.977, train_loss_epoch=0.0632]Epoch 3:  15%|█▌        | 22/144 [00:00<00:03, 32.98it/s, v_num=73760, train_loss_step=0.0415, val_loss=0.0763, val_acc=0.977, train_loss_epoch=0.0632]Epoch 3:  15%|█▌        | 22/144 [00:00<00:03, 32.97it/s, v_num=73760, train_loss_step=0.0329, val_loss=0.0763, val_acc=0.977, train_loss_epoch=0.0632]Epoch 3:  16%|█▌        | 23/144 [00:00<00:03, 33.14it/s, v_num=73760, train_loss_step=0.0329, val_loss=0.0763, val_acc=0.977, train_loss_epoch=0.0632]Epoch 3:  16%|█▌        | 23/144 [00:00<00:03, 33.13it/s, v_num=73760, train_loss_step=0.0353, val_loss=0.0763, val_acc=0.977, train_loss_epoch=0.0632]Epoch 3:  17%|█▋        | 24/144 [00:00<00:03, 33.19it/s, v_num=73760, train_loss_step=0.0353, val_loss=0.0763, val_acc=0.977, train_loss_epoch=0.0632]Epoch 3:  17%|█▋        | 24/144 [00:00<00:03, 33.19it/s, v_num=73760, train_loss_step=0.0519, val_loss=0.0763, val_acc=0.977, train_loss_epoch=0.0632]Epoch 3:  17%|█▋        | 25/144 [00:00<00:03, 33.38it/s, v_num=73760, train_loss_step=0.0519, val_loss=0.0763, val_acc=0.977, train_loss_epoch=0.0632]Epoch 3:  17%|█▋        | 25/144 [00:00<00:03, 33.38it/s, v_num=73760, train_loss_step=0.0241, val_loss=0.0763, val_acc=0.977, train_loss_epoch=0.0632]Epoch 3:  18%|█▊        | 26/144 [00:00<00:03, 33.58it/s, v_num=73760, train_loss_step=0.0241, val_loss=0.0763, val_acc=0.977, train_loss_epoch=0.0632]Epoch 3:  18%|█▊        | 26/144 [00:00<00:03, 33.57it/s, v_num=73760, train_loss_step=0.0794, val_loss=0.0763, val_acc=0.977, train_loss_epoch=0.0632]Epoch 3:  19%|█▉        | 27/144 [00:00<00:03, 33.69it/s, v_num=73760, train_loss_step=0.0794, val_loss=0.0763, val_acc=0.977, train_loss_epoch=0.0632]Epoch 3:  19%|█▉        | 27/144 [00:00<00:03, 33.69it/s, v_num=73760, train_loss_step=0.0603, val_loss=0.0763, val_acc=0.977, train_loss_epoch=0.0632]Epoch 3:  19%|█▉        | 28/144 [00:00<00:03, 33.67it/s, v_num=73760, train_loss_step=0.0603, val_loss=0.0763, val_acc=0.977, train_loss_epoch=0.0632]Epoch 3:  19%|█▉        | 28/144 [00:00<00:03, 33.66it/s, v_num=73760, train_loss_step=0.0422, val_loss=0.0763, val_acc=0.977, train_loss_epoch=0.0632]Epoch 3:  20%|██        | 29/144 [00:00<00:03, 33.82it/s, v_num=73760, train_loss_step=0.0422, val_loss=0.0763, val_acc=0.977, train_loss_epoch=0.0632]Epoch 3:  20%|██        | 29/144 [00:00<00:03, 33.82it/s, v_num=73760, train_loss_step=0.075, val_loss=0.0763, val_acc=0.977, train_loss_epoch=0.0632] Epoch 3:  21%|██        | 30/144 [00:00<00:03, 33.88it/s, v_num=73760, train_loss_step=0.075, val_loss=0.0763, val_acc=0.977, train_loss_epoch=0.0632]Epoch 3:  21%|██        | 30/144 [00:00<00:03, 33.88it/s, v_num=73760, train_loss_step=0.0518, val_loss=0.0763, val_acc=0.977, train_loss_epoch=0.0632]Epoch 3:  22%|██▏       | 31/144 [00:00<00:03, 33.96it/s, v_num=73760, train_loss_step=0.0518, val_loss=0.0763, val_acc=0.977, train_loss_epoch=0.0632]Epoch 3:  22%|██▏       | 31/144 [00:00<00:03, 33.95it/s, v_num=73760, train_loss_step=0.0258, val_loss=0.0763, val_acc=0.977, train_loss_epoch=0.0632]Epoch 3:  22%|██▏       | 32/144 [00:00<00:03, 33.81it/s, v_num=73760, train_loss_step=0.0258, val_loss=0.0763, val_acc=0.977, train_loss_epoch=0.0632]Epoch 3:  22%|██▏       | 32/144 [00:00<00:03, 33.80it/s, v_num=73760, train_loss_step=0.0278, val_loss=0.0763, val_acc=0.977, train_loss_epoch=0.0632]Epoch 3:  23%|██▎       | 33/144 [00:00<00:03, 33.92it/s, v_num=73760, train_loss_step=0.0278, val_loss=0.0763, val_acc=0.977, train_loss_epoch=0.0632]Epoch 3:  23%|██▎       | 33/144 [00:00<00:03, 33.91it/s, v_num=73760, train_loss_step=0.0278, val_loss=0.0763, val_acc=0.977, train_loss_epoch=0.0632]Epoch 3:  24%|██▎       | 34/144 [00:00<00:03, 34.02it/s, v_num=73760, train_loss_step=0.0278, val_loss=0.0763, val_acc=0.977, train_loss_epoch=0.0632]Epoch 3:  24%|██▎       | 34/144 [00:00<00:03, 34.02it/s, v_num=73760, train_loss_step=0.0788, val_loss=0.0763, val_acc=0.977, train_loss_epoch=0.0632]Epoch 3:  24%|██▍       | 35/144 [00:01<00:03, 34.10it/s, v_num=73760, train_loss_step=0.0788, val_loss=0.0763, val_acc=0.977, train_loss_epoch=0.0632]Epoch 3:  24%|██▍       | 35/144 [00:01<00:03, 34.09it/s, v_num=73760, train_loss_step=0.0433, val_loss=0.0763, val_acc=0.977, train_loss_epoch=0.0632]Epoch 3:  25%|██▌       | 36/144 [00:01<00:03, 34.09it/s, v_num=73760, train_loss_step=0.0433, val_loss=0.0763, val_acc=0.977, train_loss_epoch=0.0632]Epoch 3:  25%|██▌       | 36/144 [00:01<00:03, 34.09it/s, v_num=73760, train_loss_step=0.0334, val_loss=0.0763, val_acc=0.977, train_loss_epoch=0.0632]Epoch 3:  26%|██▌       | 37/144 [00:01<00:03, 34.14it/s, v_num=73760, train_loss_step=0.0334, val_loss=0.0763, val_acc=0.977, train_loss_epoch=0.0632]Epoch 3:  26%|██▌       | 37/144 [00:01<00:03, 34.14it/s, v_num=73760, train_loss_step=0.0406, val_loss=0.0763, val_acc=0.977, train_loss_epoch=0.0632]Epoch 3:  26%|██▋       | 38/144 [00:01<00:03, 34.11it/s, v_num=73760, train_loss_step=0.0406, val_loss=0.0763, val_acc=0.977, train_loss_epoch=0.0632]Epoch 3:  26%|██▋       | 38/144 [00:01<00:03, 34.10it/s, v_num=73760, train_loss_step=0.0618, val_loss=0.0763, val_acc=0.977, train_loss_epoch=0.0632]Epoch 3:  27%|██▋       | 39/144 [00:01<00:03, 34.01it/s, v_num=73760, train_loss_step=0.0618, val_loss=0.0763, val_acc=0.977, train_loss_epoch=0.0632]Epoch 3:  27%|██▋       | 39/144 [00:01<00:03, 34.00it/s, v_num=73760, train_loss_step=0.0448, val_loss=0.0763, val_acc=0.977, train_loss_epoch=0.0632]Epoch 3:  28%|██▊       | 40/144 [00:01<00:03, 34.08it/s, v_num=73760, train_loss_step=0.0448, val_loss=0.0763, val_acc=0.977, train_loss_epoch=0.0632]Epoch 3:  28%|██▊       | 40/144 [00:01<00:03, 34.08it/s, v_num=73760, train_loss_step=0.0477, val_loss=0.0763, val_acc=0.977, train_loss_epoch=0.0632]Epoch 3:  28%|██▊       | 41/144 [00:01<00:03, 34.14it/s, v_num=73760, train_loss_step=0.0477, val_loss=0.0763, val_acc=0.977, train_loss_epoch=0.0632]Epoch 3:  28%|██▊       | 41/144 [00:01<00:03, 34.14it/s, v_num=73760, train_loss_step=0.0478, val_loss=0.0763, val_acc=0.977, train_loss_epoch=0.0632]Epoch 3:  29%|██▉       | 42/144 [00:01<00:02, 34.22it/s, v_num=73760, train_loss_step=0.0478, val_loss=0.0763, val_acc=0.977, train_loss_epoch=0.0632]Epoch 3:  29%|██▉       | 42/144 [00:01<00:02, 34.22it/s, v_num=73760, train_loss_step=0.0474, val_loss=0.0763, val_acc=0.977, train_loss_epoch=0.0632]Epoch 3:  30%|██▉       | 43/144 [00:01<00:02, 34.15it/s, v_num=73760, train_loss_step=0.0474, val_loss=0.0763, val_acc=0.977, train_loss_epoch=0.0632]Epoch 3:  30%|██▉       | 43/144 [00:01<00:02, 34.15it/s, v_num=73760, train_loss_step=0.0679, val_loss=0.0763, val_acc=0.977, train_loss_epoch=0.0632]Epoch 3:  31%|███       | 44/144 [00:01<00:02, 34.24it/s, v_num=73760, train_loss_step=0.0679, val_loss=0.0763, val_acc=0.977, train_loss_epoch=0.0632]Epoch 3:  31%|███       | 44/144 [00:01<00:02, 34.23it/s, v_num=73760, train_loss_step=0.0375, val_loss=0.0763, val_acc=0.977, train_loss_epoch=0.0632]Epoch 3:  31%|███▏      | 45/144 [00:01<00:02, 34.25it/s, v_num=73760, train_loss_step=0.0375, val_loss=0.0763, val_acc=0.977, train_loss_epoch=0.0632]Epoch 3:  31%|███▏      | 45/144 [00:01<00:02, 34.25it/s, v_num=73760, train_loss_step=0.0748, val_loss=0.0763, val_acc=0.977, train_loss_epoch=0.0632]Epoch 3:  32%|███▏      | 46/144 [00:01<00:02, 34.33it/s, v_num=73760, train_loss_step=0.0748, val_loss=0.0763, val_acc=0.977, train_loss_epoch=0.0632]Epoch 3:  32%|███▏      | 46/144 [00:01<00:02, 34.32it/s, v_num=73760, train_loss_step=0.0464, val_loss=0.0763, val_acc=0.977, train_loss_epoch=0.0632]Epoch 3:  33%|███▎      | 47/144 [00:01<00:02, 34.30it/s, v_num=73760, train_loss_step=0.0464, val_loss=0.0763, val_acc=0.977, train_loss_epoch=0.0632]Epoch 3:  33%|███▎      | 47/144 [00:01<00:02, 34.30it/s, v_num=73760, train_loss_step=0.0354, val_loss=0.0763, val_acc=0.977, train_loss_epoch=0.0632]Epoch 3:  33%|███▎      | 48/144 [00:01<00:02, 34.32it/s, v_num=73760, train_loss_step=0.0354, val_loss=0.0763, val_acc=0.977, train_loss_epoch=0.0632]Epoch 3:  33%|███▎      | 48/144 [00:01<00:02, 34.31it/s, v_num=73760, train_loss_step=0.0339, val_loss=0.0763, val_acc=0.977, train_loss_epoch=0.0632]Epoch 3:  34%|███▍      | 49/144 [00:01<00:02, 34.40it/s, v_num=73760, train_loss_step=0.0339, val_loss=0.0763, val_acc=0.977, train_loss_epoch=0.0632]Epoch 3:  34%|███▍      | 49/144 [00:01<00:02, 34.40it/s, v_num=73760, train_loss_step=0.0828, val_loss=0.0763, val_acc=0.977, train_loss_epoch=0.0632]Epoch 3:  35%|███▍      | 50/144 [00:01<00:02, 34.45it/s, v_num=73760, train_loss_step=0.0828, val_loss=0.0763, val_acc=0.977, train_loss_epoch=0.0632]Epoch 3:  35%|███▍      | 50/144 [00:01<00:02, 34.45it/s, v_num=73760, train_loss_step=0.0243, val_loss=0.0763, val_acc=0.977, train_loss_epoch=0.0632]Epoch 3:  35%|███▌      | 51/144 [00:01<00:02, 34.45it/s, v_num=73760, train_loss_step=0.0243, val_loss=0.0763, val_acc=0.977, train_loss_epoch=0.0632]Epoch 3:  35%|███▌      | 51/144 [00:01<00:02, 34.44it/s, v_num=73760, train_loss_step=0.0329, val_loss=0.0763, val_acc=0.977, train_loss_epoch=0.0632]Epoch 3:  36%|███▌      | 52/144 [00:01<00:02, 34.50it/s, v_num=73760, train_loss_step=0.0329, val_loss=0.0763, val_acc=0.977, train_loss_epoch=0.0632]Epoch 3:  36%|███▌      | 52/144 [00:01<00:02, 34.49it/s, v_num=73760, train_loss_step=0.0689, val_loss=0.0763, val_acc=0.977, train_loss_epoch=0.0632]Epoch 3:  37%|███▋      | 53/144 [00:01<00:02, 34.57it/s, v_num=73760, train_loss_step=0.0689, val_loss=0.0763, val_acc=0.977, train_loss_epoch=0.0632]Epoch 3:  37%|███▋      | 53/144 [00:01<00:02, 34.57it/s, v_num=73760, train_loss_step=0.0426, val_loss=0.0763, val_acc=0.977, train_loss_epoch=0.0632]Epoch 3:  38%|███▊      | 54/144 [00:01<00:02, 34.61it/s, v_num=73760, train_loss_step=0.0426, val_loss=0.0763, val_acc=0.977, train_loss_epoch=0.0632]Epoch 3:  38%|███▊      | 54/144 [00:01<00:02, 34.60it/s, v_num=73760, train_loss_step=0.0408, val_loss=0.0763, val_acc=0.977, train_loss_epoch=0.0632]Epoch 3:  38%|███▊      | 55/144 [00:01<00:02, 34.57it/s, v_num=73760, train_loss_step=0.0408, val_loss=0.0763, val_acc=0.977, train_loss_epoch=0.0632]Epoch 3:  38%|███▊      | 55/144 [00:01<00:02, 34.57it/s, v_num=73760, train_loss_step=0.081, val_loss=0.0763, val_acc=0.977, train_loss_epoch=0.0632] Epoch 3:  39%|███▉      | 56/144 [00:01<00:02, 34.61it/s, v_num=73760, train_loss_step=0.081, val_loss=0.0763, val_acc=0.977, train_loss_epoch=0.0632]Epoch 3:  39%|███▉      | 56/144 [00:01<00:02, 34.61it/s, v_num=73760, train_loss_step=0.0292, val_loss=0.0763, val_acc=0.977, train_loss_epoch=0.0632]Epoch 3:  40%|███▉      | 57/144 [00:01<00:02, 34.66it/s, v_num=73760, train_loss_step=0.0292, val_loss=0.0763, val_acc=0.977, train_loss_epoch=0.0632]Epoch 3:  40%|███▉      | 57/144 [00:01<00:02, 34.66it/s, v_num=73760, train_loss_step=0.0302, val_loss=0.0763, val_acc=0.977, train_loss_epoch=0.0632]Epoch 3:  40%|████      | 58/144 [00:01<00:02, 34.70it/s, v_num=73760, train_loss_step=0.0302, val_loss=0.0763, val_acc=0.977, train_loss_epoch=0.0632]Epoch 3:  40%|████      | 58/144 [00:01<00:02, 34.70it/s, v_num=73760, train_loss_step=0.109, val_loss=0.0763, val_acc=0.977, train_loss_epoch=0.0632] Epoch 3:  41%|████      | 59/144 [00:01<00:02, 34.67it/s, v_num=73760, train_loss_step=0.109, val_loss=0.0763, val_acc=0.977, train_loss_epoch=0.0632]Epoch 3:  41%|████      | 59/144 [00:01<00:02, 34.67it/s, v_num=73760, train_loss_step=0.0272, val_loss=0.0763, val_acc=0.977, train_loss_epoch=0.0632]Epoch 3:  42%|████▏     | 60/144 [00:01<00:02, 34.71it/s, v_num=73760, train_loss_step=0.0272, val_loss=0.0763, val_acc=0.977, train_loss_epoch=0.0632]Epoch 3:  42%|████▏     | 60/144 [00:01<00:02, 34.70it/s, v_num=73760, train_loss_step=0.0522, val_loss=0.0763, val_acc=0.977, train_loss_epoch=0.0632]Epoch 3:  42%|████▏     | 61/144 [00:01<00:02, 34.78it/s, v_num=73760, train_loss_step=0.0522, val_loss=0.0763, val_acc=0.977, train_loss_epoch=0.0632]Epoch 3:  42%|████▏     | 61/144 [00:01<00:02, 34.78it/s, v_num=73760, train_loss_step=0.030, val_loss=0.0763, val_acc=0.977, train_loss_epoch=0.0632] Epoch 3:  43%|████▎     | 62/144 [00:01<00:02, 34.79it/s, v_num=73760, train_loss_step=0.030, val_loss=0.0763, val_acc=0.977, train_loss_epoch=0.0632]Epoch 3:  43%|████▎     | 62/144 [00:01<00:02, 34.79it/s, v_num=73760, train_loss_step=0.0616, val_loss=0.0763, val_acc=0.977, train_loss_epoch=0.0632]Epoch 3:  44%|████▍     | 63/144 [00:01<00:02, 34.77it/s, v_num=73760, train_loss_step=0.0616, val_loss=0.0763, val_acc=0.977, train_loss_epoch=0.0632]Epoch 3:  44%|████▍     | 63/144 [00:01<00:02, 34.76it/s, v_num=73760, train_loss_step=0.0383, val_loss=0.0763, val_acc=0.977, train_loss_epoch=0.0632]Epoch 3:  44%|████▍     | 64/144 [00:01<00:02, 34.83it/s, v_num=73760, train_loss_step=0.0383, val_loss=0.0763, val_acc=0.977, train_loss_epoch=0.0632]Epoch 3:  44%|████▍     | 64/144 [00:01<00:02, 34.82it/s, v_num=73760, train_loss_step=0.0595, val_loss=0.0763, val_acc=0.977, train_loss_epoch=0.0632]Epoch 3:  45%|████▌     | 65/144 [00:01<00:02, 34.87it/s, v_num=73760, train_loss_step=0.0595, val_loss=0.0763, val_acc=0.977, train_loss_epoch=0.0632]Epoch 3:  45%|████▌     | 65/144 [00:01<00:02, 34.87it/s, v_num=73760, train_loss_step=0.089, val_loss=0.0763, val_acc=0.977, train_loss_epoch=0.0632] Epoch 3:  46%|████▌     | 66/144 [00:01<00:02, 34.90it/s, v_num=73760, train_loss_step=0.089, val_loss=0.0763, val_acc=0.977, train_loss_epoch=0.0632]Epoch 3:  46%|████▌     | 66/144 [00:01<00:02, 34.90it/s, v_num=73760, train_loss_step=0.0277, val_loss=0.0763, val_acc=0.977, train_loss_epoch=0.0632]Epoch 3:  47%|████▋     | 67/144 [00:01<00:02, 34.82it/s, v_num=73760, train_loss_step=0.0277, val_loss=0.0763, val_acc=0.977, train_loss_epoch=0.0632]Epoch 3:  47%|████▋     | 67/144 [00:01<00:02, 34.82it/s, v_num=73760, train_loss_step=0.0534, val_loss=0.0763, val_acc=0.977, train_loss_epoch=0.0632]Epoch 3:  47%|████▋     | 68/144 [00:01<00:02, 34.87it/s, v_num=73760, train_loss_step=0.0534, val_loss=0.0763, val_acc=0.977, train_loss_epoch=0.0632]Epoch 3:  47%|████▋     | 68/144 [00:01<00:02, 34.86it/s, v_num=73760, train_loss_step=0.0484, val_loss=0.0763, val_acc=0.977, train_loss_epoch=0.0632]Epoch 3:  48%|████▊     | 69/144 [00:01<00:02, 34.88it/s, v_num=73760, train_loss_step=0.0484, val_loss=0.0763, val_acc=0.977, train_loss_epoch=0.0632]Epoch 3:  48%|████▊     | 69/144 [00:01<00:02, 34.88it/s, v_num=73760, train_loss_step=0.0343, val_loss=0.0763, val_acc=0.977, train_loss_epoch=0.0632]Epoch 3:  49%|████▊     | 70/144 [00:02<00:02, 34.84it/s, v_num=73760, train_loss_step=0.0343, val_loss=0.0763, val_acc=0.977, train_loss_epoch=0.0632]Epoch 3:  49%|████▊     | 70/144 [00:02<00:02, 34.84it/s, v_num=73760, train_loss_step=0.0379, val_loss=0.0763, val_acc=0.977, train_loss_epoch=0.0632]Epoch 3:  49%|████▉     | 71/144 [00:02<00:02, 34.79it/s, v_num=73760, train_loss_step=0.0379, val_loss=0.0763, val_acc=0.977, train_loss_epoch=0.0632]Epoch 3:  49%|████▉     | 71/144 [00:02<00:02, 34.79it/s, v_num=73760, train_loss_step=0.0161, val_loss=0.0763, val_acc=0.977, train_loss_epoch=0.0632]Epoch 3:  50%|█████     | 72/144 [00:02<00:02, 34.84it/s, v_num=73760, train_loss_step=0.0161, val_loss=0.0763, val_acc=0.977, train_loss_epoch=0.0632]Epoch 3:  50%|█████     | 72/144 [00:02<00:02, 34.84it/s, v_num=73760, train_loss_step=0.0414, val_loss=0.0763, val_acc=0.977, train_loss_epoch=0.0632]Epoch 3:  51%|█████     | 73/144 [00:02<00:02, 34.88it/s, v_num=73760, train_loss_step=0.0414, val_loss=0.0763, val_acc=0.977, train_loss_epoch=0.0632]Epoch 3:  51%|█████     | 73/144 [00:02<00:02, 34.88it/s, v_num=73760, train_loss_step=0.0349, val_loss=0.0763, val_acc=0.977, train_loss_epoch=0.0632]Epoch 3:  51%|█████▏    | 74/144 [00:02<00:02, 34.93it/s, v_num=73760, train_loss_step=0.0349, val_loss=0.0763, val_acc=0.977, train_loss_epoch=0.0632]Epoch 3:  51%|█████▏    | 74/144 [00:02<00:02, 34.93it/s, v_num=73760, train_loss_step=0.0549, val_loss=0.0763, val_acc=0.977, train_loss_epoch=0.0632]Epoch 3:  52%|█████▏    | 75/144 [00:02<00:01, 34.91it/s, v_num=73760, train_loss_step=0.0549, val_loss=0.0763, val_acc=0.977, train_loss_epoch=0.0632]Epoch 3:  52%|█████▏    | 75/144 [00:02<00:01, 34.91it/s, v_num=73760, train_loss_step=0.0315, val_loss=0.0763, val_acc=0.977, train_loss_epoch=0.0632]Epoch 3:  53%|█████▎    | 76/144 [00:02<00:01, 34.95it/s, v_num=73760, train_loss_step=0.0315, val_loss=0.0763, val_acc=0.977, train_loss_epoch=0.0632]Epoch 3:  53%|█████▎    | 76/144 [00:02<00:01, 34.95it/s, v_num=73760, train_loss_step=0.0421, val_loss=0.0763, val_acc=0.977, train_loss_epoch=0.0632]Epoch 3:  53%|█████▎    | 77/144 [00:02<00:01, 34.98it/s, v_num=73760, train_loss_step=0.0421, val_loss=0.0763, val_acc=0.977, train_loss_epoch=0.0632]Epoch 3:  53%|█████▎    | 77/144 [00:02<00:01, 34.98it/s, v_num=73760, train_loss_step=0.0383, val_loss=0.0763, val_acc=0.977, train_loss_epoch=0.0632]Epoch 3:  54%|█████▍    | 78/144 [00:02<00:01, 35.03it/s, v_num=73760, train_loss_step=0.0383, val_loss=0.0763, val_acc=0.977, train_loss_epoch=0.0632]Epoch 3:  54%|█████▍    | 78/144 [00:02<00:01, 35.02it/s, v_num=73760, train_loss_step=0.045, val_loss=0.0763, val_acc=0.977, train_loss_epoch=0.0632] Epoch 3:  55%|█████▍    | 79/144 [00:02<00:01, 34.96it/s, v_num=73760, train_loss_step=0.045, val_loss=0.0763, val_acc=0.977, train_loss_epoch=0.0632]Epoch 3:  55%|█████▍    | 79/144 [00:02<00:01, 34.95it/s, v_num=73760, train_loss_step=0.0457, val_loss=0.0763, val_acc=0.977, train_loss_epoch=0.0632]Epoch 3:  56%|█████▌    | 80/144 [00:02<00:01, 34.96it/s, v_num=73760, train_loss_step=0.0457, val_loss=0.0763, val_acc=0.977, train_loss_epoch=0.0632]Epoch 3:  56%|█████▌    | 80/144 [00:02<00:01, 34.96it/s, v_num=73760, train_loss_step=0.0299, val_loss=0.0763, val_acc=0.977, train_loss_epoch=0.0632]Epoch 3:  56%|█████▋    | 81/144 [00:02<00:01, 35.00it/s, v_num=73760, train_loss_step=0.0299, val_loss=0.0763, val_acc=0.977, train_loss_epoch=0.0632]Epoch 3:  56%|█████▋    | 81/144 [00:02<00:01, 35.00it/s, v_num=73760, train_loss_step=0.0544, val_loss=0.0763, val_acc=0.977, train_loss_epoch=0.0632]Epoch 3:  57%|█████▋    | 82/144 [00:02<00:01, 35.05it/s, v_num=73760, train_loss_step=0.0544, val_loss=0.0763, val_acc=0.977, train_loss_epoch=0.0632]Epoch 3:  57%|█████▋    | 82/144 [00:02<00:01, 35.04it/s, v_num=73760, train_loss_step=0.0275, val_loss=0.0763, val_acc=0.977, train_loss_epoch=0.0632]Epoch 3:  58%|█████▊    | 83/144 [00:02<00:01, 35.00it/s, v_num=73760, train_loss_step=0.0275, val_loss=0.0763, val_acc=0.977, train_loss_epoch=0.0632]Epoch 3:  58%|█████▊    | 83/144 [00:02<00:01, 34.99it/s, v_num=73760, train_loss_step=0.0468, val_loss=0.0763, val_acc=0.977, train_loss_epoch=0.0632]Epoch 3:  58%|█████▊    | 84/144 [00:02<00:01, 34.99it/s, v_num=73760, train_loss_step=0.0468, val_loss=0.0763, val_acc=0.977, train_loss_epoch=0.0632]Epoch 3:  58%|█████▊    | 84/144 [00:02<00:01, 34.99it/s, v_num=73760, train_loss_step=0.0508, val_loss=0.0763, val_acc=0.977, train_loss_epoch=0.0632]Epoch 3:  59%|█████▉    | 85/144 [00:02<00:01, 35.03it/s, v_num=73760, train_loss_step=0.0508, val_loss=0.0763, val_acc=0.977, train_loss_epoch=0.0632]Epoch 3:  59%|█████▉    | 85/144 [00:02<00:01, 35.02it/s, v_num=73760, train_loss_step=0.0642, val_loss=0.0763, val_acc=0.977, train_loss_epoch=0.0632]Epoch 3:  60%|█████▉    | 86/144 [00:02<00:01, 35.06it/s, v_num=73760, train_loss_step=0.0642, val_loss=0.0763, val_acc=0.977, train_loss_epoch=0.0632]Epoch 3:  60%|█████▉    | 86/144 [00:02<00:01, 35.06it/s, v_num=73760, train_loss_step=0.0749, val_loss=0.0763, val_acc=0.977, train_loss_epoch=0.0632]Epoch 3:  60%|██████    | 87/144 [00:02<00:01, 35.03it/s, v_num=73760, train_loss_step=0.0749, val_loss=0.0763, val_acc=0.977, train_loss_epoch=0.0632]Epoch 3:  60%|██████    | 87/144 [00:02<00:01, 35.03it/s, v_num=73760, train_loss_step=0.0257, val_loss=0.0763, val_acc=0.977, train_loss_epoch=0.0632]Epoch 3:  61%|██████    | 88/144 [00:02<00:01, 35.06it/s, v_num=73760, train_loss_step=0.0257, val_loss=0.0763, val_acc=0.977, train_loss_epoch=0.0632]Epoch 3:  61%|██████    | 88/144 [00:02<00:01, 35.06it/s, v_num=73760, train_loss_step=0.0611, val_loss=0.0763, val_acc=0.977, train_loss_epoch=0.0632]Epoch 3:  62%|██████▏   | 89/144 [00:02<00:01, 35.07it/s, v_num=73760, train_loss_step=0.0611, val_loss=0.0763, val_acc=0.977, train_loss_epoch=0.0632]Epoch 3:  62%|██████▏   | 89/144 [00:02<00:01, 35.06it/s, v_num=73760, train_loss_step=0.0746, val_loss=0.0763, val_acc=0.977, train_loss_epoch=0.0632]Epoch 3:  62%|██████▎   | 90/144 [00:02<00:01, 35.09it/s, v_num=73760, train_loss_step=0.0746, val_loss=0.0763, val_acc=0.977, train_loss_epoch=0.0632]Epoch 3:  62%|██████▎   | 90/144 [00:02<00:01, 35.09it/s, v_num=73760, train_loss_step=0.0365, val_loss=0.0763, val_acc=0.977, train_loss_epoch=0.0632]Epoch 3:  63%|██████▎   | 91/144 [00:02<00:01, 35.10it/s, v_num=73760, train_loss_step=0.0365, val_loss=0.0763, val_acc=0.977, train_loss_epoch=0.0632]Epoch 3:  63%|██████▎   | 91/144 [00:02<00:01, 35.10it/s, v_num=73760, train_loss_step=0.0869, val_loss=0.0763, val_acc=0.977, train_loss_epoch=0.0632]Epoch 3:  64%|██████▍   | 92/144 [00:02<00:01, 35.14it/s, v_num=73760, train_loss_step=0.0869, val_loss=0.0763, val_acc=0.977, train_loss_epoch=0.0632]Epoch 3:  64%|██████▍   | 92/144 [00:02<00:01, 35.14it/s, v_num=73760, train_loss_step=0.0286, val_loss=0.0763, val_acc=0.977, train_loss_epoch=0.0632]Epoch 3:  65%|██████▍   | 93/144 [00:02<00:01, 35.12it/s, v_num=73760, train_loss_step=0.0286, val_loss=0.0763, val_acc=0.977, train_loss_epoch=0.0632]Epoch 3:  65%|██████▍   | 93/144 [00:02<00:01, 35.12it/s, v_num=73760, train_loss_step=0.0645, val_loss=0.0763, val_acc=0.977, train_loss_epoch=0.0632]Epoch 3:  65%|██████▌   | 94/144 [00:02<00:01, 35.14it/s, v_num=73760, train_loss_step=0.0645, val_loss=0.0763, val_acc=0.977, train_loss_epoch=0.0632]Epoch 3:  65%|██████▌   | 94/144 [00:02<00:01, 35.13it/s, v_num=73760, train_loss_step=0.0832, val_loss=0.0763, val_acc=0.977, train_loss_epoch=0.0632]Epoch 3:  66%|██████▌   | 95/144 [00:02<00:01, 35.11it/s, v_num=73760, train_loss_step=0.0832, val_loss=0.0763, val_acc=0.977, train_loss_epoch=0.0632]Epoch 3:  66%|██████▌   | 95/144 [00:02<00:01, 35.11it/s, v_num=73760, train_loss_step=0.0312, val_loss=0.0763, val_acc=0.977, train_loss_epoch=0.0632]Epoch 3:  67%|██████▋   | 96/144 [00:02<00:01, 35.13it/s, v_num=73760, train_loss_step=0.0312, val_loss=0.0763, val_acc=0.977, train_loss_epoch=0.0632]Epoch 3:  67%|██████▋   | 96/144 [00:02<00:01, 35.13it/s, v_num=73760, train_loss_step=0.0322, val_loss=0.0763, val_acc=0.977, train_loss_epoch=0.0632]Epoch 3:  67%|██████▋   | 97/144 [00:02<00:01, 35.18it/s, v_num=73760, train_loss_step=0.0322, val_loss=0.0763, val_acc=0.977, train_loss_epoch=0.0632]Epoch 3:  67%|██████▋   | 97/144 [00:02<00:01, 35.18it/s, v_num=73760, train_loss_step=0.0387, val_loss=0.0763, val_acc=0.977, train_loss_epoch=0.0632]Epoch 3:  68%|██████▊   | 98/144 [00:02<00:01, 35.23it/s, v_num=73760, train_loss_step=0.0387, val_loss=0.0763, val_acc=0.977, train_loss_epoch=0.0632]Epoch 3:  68%|██████▊   | 98/144 [00:02<00:01, 35.23it/s, v_num=73760, train_loss_step=0.0625, val_loss=0.0763, val_acc=0.977, train_loss_epoch=0.0632]Epoch 3:  69%|██████▉   | 99/144 [00:02<00:01, 35.20it/s, v_num=73760, train_loss_step=0.0625, val_loss=0.0763, val_acc=0.977, train_loss_epoch=0.0632]Epoch 3:  69%|██████▉   | 99/144 [00:02<00:01, 35.20it/s, v_num=73760, train_loss_step=0.0983, val_loss=0.0763, val_acc=0.977, train_loss_epoch=0.0632]Epoch 3:  69%|██████▉   | 100/144 [00:02<00:01, 35.25it/s, v_num=73760, train_loss_step=0.0983, val_loss=0.0763, val_acc=0.977, train_loss_epoch=0.0632]Epoch 3:  69%|██████▉   | 100/144 [00:02<00:01, 35.25it/s, v_num=73760, train_loss_step=0.0444, val_loss=0.0763, val_acc=0.977, train_loss_epoch=0.0632]Epoch 3:  70%|███████   | 101/144 [00:02<00:01, 35.30it/s, v_num=73760, train_loss_step=0.0444, val_loss=0.0763, val_acc=0.977, train_loss_epoch=0.0632]Epoch 3:  70%|███████   | 101/144 [00:02<00:01, 35.29it/s, v_num=73760, train_loss_step=0.0805, val_loss=0.0763, val_acc=0.977, train_loss_epoch=0.0632]Epoch 3:  71%|███████   | 102/144 [00:02<00:01, 35.28it/s, v_num=73760, train_loss_step=0.0805, val_loss=0.0763, val_acc=0.977, train_loss_epoch=0.0632]Epoch 3:  71%|███████   | 102/144 [00:02<00:01, 35.28it/s, v_num=73760, train_loss_step=0.0536, val_loss=0.0763, val_acc=0.977, train_loss_epoch=0.0632]Epoch 3:  72%|███████▏  | 103/144 [00:02<00:01, 35.26it/s, v_num=73760, train_loss_step=0.0536, val_loss=0.0763, val_acc=0.977, train_loss_epoch=0.0632]Epoch 3:  72%|███████▏  | 103/144 [00:02<00:01, 35.26it/s, v_num=73760, train_loss_step=0.0151, val_loss=0.0763, val_acc=0.977, train_loss_epoch=0.0632]Epoch 3:  72%|███████▏  | 104/144 [00:02<00:01, 35.31it/s, v_num=73760, train_loss_step=0.0151, val_loss=0.0763, val_acc=0.977, train_loss_epoch=0.0632]Epoch 3:  72%|███████▏  | 104/144 [00:02<00:01, 35.31it/s, v_num=73760, train_loss_step=0.0815, val_loss=0.0763, val_acc=0.977, train_loss_epoch=0.0632]Epoch 3:  73%|███████▎  | 105/144 [00:02<00:01, 35.36it/s, v_num=73760, train_loss_step=0.0815, val_loss=0.0763, val_acc=0.977, train_loss_epoch=0.0632]Epoch 3:  73%|███████▎  | 105/144 [00:02<00:01, 35.35it/s, v_num=73760, train_loss_step=0.0298, val_loss=0.0763, val_acc=0.977, train_loss_epoch=0.0632]Epoch 3:  74%|███████▎  | 106/144 [00:02<00:01, 35.39it/s, v_num=73760, train_loss_step=0.0298, val_loss=0.0763, val_acc=0.977, train_loss_epoch=0.0632]Epoch 3:  74%|███████▎  | 106/144 [00:02<00:01, 35.39it/s, v_num=73760, train_loss_step=0.0483, val_loss=0.0763, val_acc=0.977, train_loss_epoch=0.0632]Epoch 3:  74%|███████▍  | 107/144 [00:03<00:01, 35.37it/s, v_num=73760, train_loss_step=0.0483, val_loss=0.0763, val_acc=0.977, train_loss_epoch=0.0632]Epoch 3:  74%|███████▍  | 107/144 [00:03<00:01, 35.37it/s, v_num=73760, train_loss_step=0.030, val_loss=0.0763, val_acc=0.977, train_loss_epoch=0.0632] Epoch 3:  75%|███████▌  | 108/144 [00:03<00:01, 35.40it/s, v_num=73760, train_loss_step=0.030, val_loss=0.0763, val_acc=0.977, train_loss_epoch=0.0632]Epoch 3:  75%|███████▌  | 108/144 [00:03<00:01, 35.40it/s, v_num=73760, train_loss_step=0.0588, val_loss=0.0763, val_acc=0.977, train_loss_epoch=0.0632]Epoch 3:  76%|███████▌  | 109/144 [00:03<00:00, 35.44it/s, v_num=73760, train_loss_step=0.0588, val_loss=0.0763, val_acc=0.977, train_loss_epoch=0.0632]Epoch 3:  76%|███████▌  | 109/144 [00:03<00:00, 35.44it/s, v_num=73760, train_loss_step=0.0531, val_loss=0.0763, val_acc=0.977, train_loss_epoch=0.0632]Epoch 3:  76%|███████▋  | 110/144 [00:03<00:00, 35.46it/s, v_num=73760, train_loss_step=0.0531, val_loss=0.0763, val_acc=0.977, train_loss_epoch=0.0632]Epoch 3:  76%|███████▋  | 110/144 [00:03<00:00, 35.46it/s, v_num=73760, train_loss_step=0.0578, val_loss=0.0763, val_acc=0.977, train_loss_epoch=0.0632]Epoch 3:  77%|███████▋  | 111/144 [00:03<00:00, 35.37it/s, v_num=73760, train_loss_step=0.0578, val_loss=0.0763, val_acc=0.977, train_loss_epoch=0.0632]Epoch 3:  77%|███████▋  | 111/144 [00:03<00:00, 35.37it/s, v_num=73760, train_loss_step=0.0513, val_loss=0.0763, val_acc=0.977, train_loss_epoch=0.0632]Epoch 3:  78%|███████▊  | 112/144 [00:03<00:00, 35.39it/s, v_num=73760, train_loss_step=0.0513, val_loss=0.0763, val_acc=0.977, train_loss_epoch=0.0632]Epoch 3:  78%|███████▊  | 112/144 [00:03<00:00, 35.39it/s, v_num=73760, train_loss_step=0.0504, val_loss=0.0763, val_acc=0.977, train_loss_epoch=0.0632]Epoch 3:  78%|███████▊  | 113/144 [00:03<00:00, 35.41it/s, v_num=73760, train_loss_step=0.0504, val_loss=0.0763, val_acc=0.977, train_loss_epoch=0.0632]Epoch 3:  78%|███████▊  | 113/144 [00:03<00:00, 35.41it/s, v_num=73760, train_loss_step=0.0746, val_loss=0.0763, val_acc=0.977, train_loss_epoch=0.0632]Epoch 3:  79%|███████▉  | 114/144 [00:03<00:00, 35.44it/s, v_num=73760, train_loss_step=0.0746, val_loss=0.0763, val_acc=0.977, train_loss_epoch=0.0632]Epoch 3:  79%|███████▉  | 114/144 [00:03<00:00, 35.44it/s, v_num=73760, train_loss_step=0.0236, val_loss=0.0763, val_acc=0.977, train_loss_epoch=0.0632]Epoch 3:  80%|███████▉  | 115/144 [00:03<00:00, 35.43it/s, v_num=73760, train_loss_step=0.0236, val_loss=0.0763, val_acc=0.977, train_loss_epoch=0.0632]Epoch 3:  80%|███████▉  | 115/144 [00:03<00:00, 35.43it/s, v_num=73760, train_loss_step=0.0269, val_loss=0.0763, val_acc=0.977, train_loss_epoch=0.0632]Epoch 3:  81%|████████  | 116/144 [00:03<00:00, 35.45it/s, v_num=73760, train_loss_step=0.0269, val_loss=0.0763, val_acc=0.977, train_loss_epoch=0.0632]Epoch 3:  81%|████████  | 116/144 [00:03<00:00, 35.45it/s, v_num=73760, train_loss_step=0.0176, val_loss=0.0763, val_acc=0.977, train_loss_epoch=0.0632]Epoch 3:  81%|████████▏ | 117/144 [00:03<00:00, 35.45it/s, v_num=73760, train_loss_step=0.0176, val_loss=0.0763, val_acc=0.977, train_loss_epoch=0.0632]Epoch 3:  81%|████████▏ | 117/144 [00:03<00:00, 35.45it/s, v_num=73760, train_loss_step=0.0679, val_loss=0.0763, val_acc=0.977, train_loss_epoch=0.0632]Epoch 3:  82%|████████▏ | 118/144 [00:03<00:00, 35.47it/s, v_num=73760, train_loss_step=0.0679, val_loss=0.0763, val_acc=0.977, train_loss_epoch=0.0632]Epoch 3:  82%|████████▏ | 118/144 [00:03<00:00, 35.47it/s, v_num=73760, train_loss_step=0.0222, val_loss=0.0763, val_acc=0.977, train_loss_epoch=0.0632]Epoch 3:  83%|████████▎ | 119/144 [00:03<00:00, 35.46it/s, v_num=73760, train_loss_step=0.0222, val_loss=0.0763, val_acc=0.977, train_loss_epoch=0.0632]Epoch 3:  83%|████████▎ | 119/144 [00:03<00:00, 35.46it/s, v_num=73760, train_loss_step=0.0435, val_loss=0.0763, val_acc=0.977, train_loss_epoch=0.0632]Epoch 3:  83%|████████▎ | 120/144 [00:03<00:00, 35.42it/s, v_num=73760, train_loss_step=0.0435, val_loss=0.0763, val_acc=0.977, train_loss_epoch=0.0632]Epoch 3:  83%|████████▎ | 120/144 [00:03<00:00, 35.42it/s, v_num=73760, train_loss_step=0.0555, val_loss=0.0763, val_acc=0.977, train_loss_epoch=0.0632]Epoch 3:  84%|████████▍ | 121/144 [00:03<00:00, 35.46it/s, v_num=73760, train_loss_step=0.0555, val_loss=0.0763, val_acc=0.977, train_loss_epoch=0.0632]Epoch 3:  84%|████████▍ | 121/144 [00:03<00:00, 35.46it/s, v_num=73760, train_loss_step=0.0227, val_loss=0.0763, val_acc=0.977, train_loss_epoch=0.0632]Epoch 3:  85%|████████▍ | 122/144 [00:03<00:00, 35.49it/s, v_num=73760, train_loss_step=0.0227, val_loss=0.0763, val_acc=0.977, train_loss_epoch=0.0632]Epoch 3:  85%|████████▍ | 122/144 [00:03<00:00, 35.49it/s, v_num=73760, train_loss_step=0.0106, val_loss=0.0763, val_acc=0.977, train_loss_epoch=0.0632]Epoch 3:  85%|████████▌ | 123/144 [00:03<00:00, 35.50it/s, v_num=73760, train_loss_step=0.0106, val_loss=0.0763, val_acc=0.977, train_loss_epoch=0.0632]Epoch 3:  85%|████████▌ | 123/144 [00:03<00:00, 35.50it/s, v_num=73760, train_loss_step=0.0301, val_loss=0.0763, val_acc=0.977, train_loss_epoch=0.0632]Epoch 3:  86%|████████▌ | 124/144 [00:03<00:00, 35.53it/s, v_num=73760, train_loss_step=0.0301, val_loss=0.0763, val_acc=0.977, train_loss_epoch=0.0632]Epoch 3:  86%|████████▌ | 124/144 [00:03<00:00, 35.52it/s, v_num=73760, train_loss_step=0.0268, val_loss=0.0763, val_acc=0.977, train_loss_epoch=0.0632]Epoch 3:  87%|████████▋ | 125/144 [00:03<00:00, 35.56it/s, v_num=73760, train_loss_step=0.0268, val_loss=0.0763, val_acc=0.977, train_loss_epoch=0.0632]Epoch 3:  87%|████████▋ | 125/144 [00:03<00:00, 35.56it/s, v_num=73760, train_loss_step=0.0373, val_loss=0.0763, val_acc=0.977, train_loss_epoch=0.0632]Epoch 3:  88%|████████▊ | 126/144 [00:03<00:00, 35.60it/s, v_num=73760, train_loss_step=0.0373, val_loss=0.0763, val_acc=0.977, train_loss_epoch=0.0632]Epoch 3:  88%|████████▊ | 126/144 [00:03<00:00, 35.60it/s, v_num=73760, train_loss_step=0.0439, val_loss=0.0763, val_acc=0.977, train_loss_epoch=0.0632]Epoch 3:  88%|████████▊ | 127/144 [00:03<00:00, 35.60it/s, v_num=73760, train_loss_step=0.0439, val_loss=0.0763, val_acc=0.977, train_loss_epoch=0.0632]Epoch 3:  88%|████████▊ | 127/144 [00:03<00:00, 35.60it/s, v_num=73760, train_loss_step=0.0443, val_loss=0.0763, val_acc=0.977, train_loss_epoch=0.0632]Epoch 3:  89%|████████▉ | 128/144 [00:03<00:00, 35.63it/s, v_num=73760, train_loss_step=0.0443, val_loss=0.0763, val_acc=0.977, train_loss_epoch=0.0632]Epoch 3:  89%|████████▉ | 128/144 [00:03<00:00, 35.63it/s, v_num=73760, train_loss_step=0.0257, val_loss=0.0763, val_acc=0.977, train_loss_epoch=0.0632]Epoch 3:  90%|████████▉ | 129/144 [00:03<00:00, 35.59it/s, v_num=73760, train_loss_step=0.0257, val_loss=0.0763, val_acc=0.977, train_loss_epoch=0.0632]Epoch 3:  90%|████████▉ | 129/144 [00:03<00:00, 35.58it/s, v_num=73760, train_loss_step=0.0246, val_loss=0.0763, val_acc=0.977, train_loss_epoch=0.0632]Epoch 3:  90%|█████████ | 130/144 [00:03<00:00, 35.62it/s, v_num=73760, train_loss_step=0.0246, val_loss=0.0763, val_acc=0.977, train_loss_epoch=0.0632]Epoch 3:  90%|█████████ | 130/144 [00:03<00:00, 35.61it/s, v_num=73760, train_loss_step=0.0731, val_loss=0.0763, val_acc=0.977, train_loss_epoch=0.0632]Epoch 3:  91%|█████████ | 131/144 [00:03<00:00, 35.59it/s, v_num=73760, train_loss_step=0.0731, val_loss=0.0763, val_acc=0.977, train_loss_epoch=0.0632]Epoch 3:  91%|█████████ | 131/144 [00:03<00:00, 35.59it/s, v_num=73760, train_loss_step=0.0518, val_loss=0.0763, val_acc=0.977, train_loss_epoch=0.0632]Epoch 3:  92%|█████████▏| 132/144 [00:03<00:00, 35.62it/s, v_num=73760, train_loss_step=0.0518, val_loss=0.0763, val_acc=0.977, train_loss_epoch=0.0632]Epoch 3:  92%|█████████▏| 132/144 [00:03<00:00, 35.61it/s, v_num=73760, train_loss_step=0.0299, val_loss=0.0763, val_acc=0.977, train_loss_epoch=0.0632]Epoch 3:  92%|█████████▏| 133/144 [00:03<00:00, 35.63it/s, v_num=73760, train_loss_step=0.0299, val_loss=0.0763, val_acc=0.977, train_loss_epoch=0.0632]Epoch 3:  92%|█████████▏| 133/144 [00:03<00:00, 35.63it/s, v_num=73760, train_loss_step=0.0929, val_loss=0.0763, val_acc=0.977, train_loss_epoch=0.0632]Epoch 3:  93%|█████████▎| 134/144 [00:03<00:00, 35.66it/s, v_num=73760, train_loss_step=0.0929, val_loss=0.0763, val_acc=0.977, train_loss_epoch=0.0632]Epoch 3:  93%|█████████▎| 134/144 [00:03<00:00, 35.66it/s, v_num=73760, train_loss_step=0.0722, val_loss=0.0763, val_acc=0.977, train_loss_epoch=0.0632]Epoch 3:  94%|█████████▍| 135/144 [00:03<00:00, 35.64it/s, v_num=73760, train_loss_step=0.0722, val_loss=0.0763, val_acc=0.977, train_loss_epoch=0.0632]Epoch 3:  94%|█████████▍| 135/144 [00:03<00:00, 35.63it/s, v_num=73760, train_loss_step=0.0123, val_loss=0.0763, val_acc=0.977, train_loss_epoch=0.0632]Epoch 3:  94%|█████████▍| 136/144 [00:03<00:00, 35.62it/s, v_num=73760, train_loss_step=0.0123, val_loss=0.0763, val_acc=0.977, train_loss_epoch=0.0632]Epoch 3:  94%|█████████▍| 136/144 [00:03<00:00, 35.62it/s, v_num=73760, train_loss_step=0.0515, val_loss=0.0763, val_acc=0.977, train_loss_epoch=0.0632]Epoch 3:  95%|█████████▌| 137/144 [00:03<00:00, 35.65it/s, v_num=73760, train_loss_step=0.0515, val_loss=0.0763, val_acc=0.977, train_loss_epoch=0.0632]Epoch 3:  95%|█████████▌| 137/144 [00:03<00:00, 35.65it/s, v_num=73760, train_loss_step=0.0218, val_loss=0.0763, val_acc=0.977, train_loss_epoch=0.0632]Epoch 3:  96%|█████████▌| 138/144 [00:03<00:00, 35.66it/s, v_num=73760, train_loss_step=0.0218, val_loss=0.0763, val_acc=0.977, train_loss_epoch=0.0632]Epoch 3:  96%|█████████▌| 138/144 [00:03<00:00, 35.65it/s, v_num=73760, train_loss_step=0.0203, val_loss=0.0763, val_acc=0.977, train_loss_epoch=0.0632]Epoch 3:  97%|█████████▋| 139/144 [00:03<00:00, 35.63it/s, v_num=73760, train_loss_step=0.0203, val_loss=0.0763, val_acc=0.977, train_loss_epoch=0.0632]Epoch 3:  97%|█████████▋| 139/144 [00:03<00:00, 35.63it/s, v_num=73760, train_loss_step=0.0491, val_loss=0.0763, val_acc=0.977, train_loss_epoch=0.0632]Epoch 3:  97%|█████████▋| 140/144 [00:03<00:00, 35.65it/s, v_num=73760, train_loss_step=0.0491, val_loss=0.0763, val_acc=0.977, train_loss_epoch=0.0632]Epoch 3:  97%|█████████▋| 140/144 [00:03<00:00, 35.65it/s, v_num=73760, train_loss_step=0.0348, val_loss=0.0763, val_acc=0.977, train_loss_epoch=0.0632]Epoch 3:  98%|█████████▊| 141/144 [00:03<00:00, 35.66it/s, v_num=73760, train_loss_step=0.0348, val_loss=0.0763, val_acc=0.977, train_loss_epoch=0.0632]Epoch 3:  98%|█████████▊| 141/144 [00:03<00:00, 35.66it/s, v_num=73760, train_loss_step=0.0546, val_loss=0.0763, val_acc=0.977, train_loss_epoch=0.0632]Epoch 3:  99%|█████████▊| 142/144 [00:03<00:00, 35.67it/s, v_num=73760, train_loss_step=0.0546, val_loss=0.0763, val_acc=0.977, train_loss_epoch=0.0632]Epoch 3:  99%|█████████▊| 142/144 [00:03<00:00, 35.67it/s, v_num=73760, train_loss_step=0.0613, val_loss=0.0763, val_acc=0.977, train_loss_epoch=0.0632]Epoch 3:  99%|█████████▉| 143/144 [00:04<00:00, 35.66it/s, v_num=73760, train_loss_step=0.0613, val_loss=0.0763, val_acc=0.977, train_loss_epoch=0.0632]Epoch 3:  99%|█████████▉| 143/144 [00:04<00:00, 35.66it/s, v_num=73760, train_loss_step=0.0636, val_loss=0.0763, val_acc=0.977, train_loss_epoch=0.0632]Epoch 3: 100%|██████████| 144/144 [00:04<00:00, 35.68it/s, v_num=73760, train_loss_step=0.0636, val_loss=0.0763, val_acc=0.977, train_loss_epoch=0.0632]Epoch 3: 100%|██████████| 144/144 [00:04<00:00, 35.67it/s, v_num=73760, train_loss_step=0.0525, val_loss=0.0763, val_acc=0.977, train_loss_epoch=0.0632]
Validation: |          | 0/? [00:00<?, ?it/s][A
Validation:   0%|          | 0/14 [00:00<?, ?it/s][A
Validation DataLoader 0:   0%|          | 0/14 [00:00<?, ?it/s][A
Validation DataLoader 0:   7%|▋         | 1/14 [00:00<00:00, 104.88it/s][A
Validation DataLoader 0:  14%|█▍        | 2/14 [00:00<00:00, 86.65it/s] [A
Validation DataLoader 0:  21%|██▏       | 3/14 [00:00<00:00, 89.86it/s][A
Validation DataLoader 0:  29%|██▊       | 4/14 [00:00<00:00, 92.86it/s][A
Validation DataLoader 0:  36%|███▌      | 5/14 [00:00<00:00, 85.42it/s][A
Validation DataLoader 0:  43%|████▎     | 6/14 [00:00<00:00, 87.51it/s][A
Validation DataLoader 0:  50%|█████     | 7/14 [00:00<00:00, 88.96it/s][A
Validation DataLoader 0:  57%|█████▋    | 8/14 [00:00<00:00, 90.45it/s][A
Validation DataLoader 0:  64%|██████▍   | 9/14 [00:00<00:00, 90.62it/s][A
Validation DataLoader 0:  71%|███████▏  | 10/14 [00:00<00:00, 91.70it/s][A
Validation DataLoader 0:  79%|███████▊  | 11/14 [00:00<00:00, 92.56it/s][A
Validation DataLoader 0:  86%|████████▌ | 12/14 [00:00<00:00, 93.35it/s][A
Validation DataLoader 0:  93%|█████████▎| 13/14 [00:00<00:00, 93.91it/s][A
Validation DataLoader 0: 100%|██████████| 14/14 [00:00<00:00, 94.45it/s][A
                                                                        [AEpoch 3: 100%|██████████| 144/144 [00:04<00:00, 34.23it/s, v_num=73760, train_loss_step=0.0525, val_loss=0.0925, val_acc=0.969, train_loss_epoch=0.0632]Epoch 3: 100%|██████████| 144/144 [00:04<00:00, 34.22it/s, v_num=73760, train_loss_step=0.0525, val_loss=0.0925, val_acc=0.969, train_loss_epoch=0.050] Epoch 3:   0%|          | 0/144 [00:00<?, ?it/s, v_num=73760, train_loss_step=0.0525, val_loss=0.0925, val_acc=0.969, train_loss_epoch=0.050]          Epoch 4:   0%|          | 0/144 [00:00<?, ?it/s, v_num=73760, train_loss_step=0.0525, val_loss=0.0925, val_acc=0.969, train_loss_epoch=0.050]Epoch 4:   1%|          | 1/144 [00:00<00:12, 11.17it/s, v_num=73760, train_loss_step=0.0525, val_loss=0.0925, val_acc=0.969, train_loss_epoch=0.050]Epoch 4:   1%|          | 1/144 [00:00<00:12, 11.14it/s, v_num=73760, train_loss_step=0.0627, val_loss=0.0925, val_acc=0.969, train_loss_epoch=0.050]Epoch 4:   1%|▏         | 2/144 [00:00<00:08, 17.51it/s, v_num=73760, train_loss_step=0.0627, val_loss=0.0925, val_acc=0.969, train_loss_epoch=0.050]Epoch 4:   1%|▏         | 2/144 [00:00<00:08, 17.49it/s, v_num=73760, train_loss_step=0.155, val_loss=0.0925, val_acc=0.969, train_loss_epoch=0.050] Epoch 4:   2%|▏         | 3/144 [00:00<00:06, 21.12it/s, v_num=73760, train_loss_step=0.155, val_loss=0.0925, val_acc=0.969, train_loss_epoch=0.050]Epoch 4:   2%|▏         | 3/144 [00:00<00:06, 21.10it/s, v_num=73760, train_loss_step=0.0531, val_loss=0.0925, val_acc=0.969, train_loss_epoch=0.050]Epoch 4:   3%|▎         | 4/144 [00:00<00:05, 23.54it/s, v_num=73760, train_loss_step=0.0531, val_loss=0.0925, val_acc=0.969, train_loss_epoch=0.050]Epoch 4:   3%|▎         | 4/144 [00:00<00:05, 23.52it/s, v_num=73760, train_loss_step=0.113, val_loss=0.0925, val_acc=0.969, train_loss_epoch=0.050] Epoch 4:   3%|▎         | 5/144 [00:00<00:05, 25.14it/s, v_num=73760, train_loss_step=0.113, val_loss=0.0925, val_acc=0.969, train_loss_epoch=0.050]Epoch 4:   3%|▎         | 5/144 [00:00<00:05, 25.12it/s, v_num=73760, train_loss_step=0.0848, val_loss=0.0925, val_acc=0.969, train_loss_epoch=0.050]Epoch 4:   4%|▍         | 6/144 [00:00<00:05, 26.69it/s, v_num=73760, train_loss_step=0.0848, val_loss=0.0925, val_acc=0.969, train_loss_epoch=0.050]Epoch 4:   4%|▍         | 6/144 [00:00<00:05, 26.67it/s, v_num=73760, train_loss_step=0.0727, val_loss=0.0925, val_acc=0.969, train_loss_epoch=0.050]Epoch 4:   5%|▍         | 7/144 [00:00<00:05, 27.29it/s, v_num=73760, train_loss_step=0.0727, val_loss=0.0925, val_acc=0.969, train_loss_epoch=0.050]Epoch 4:   5%|▍         | 7/144 [00:00<00:05, 27.27it/s, v_num=73760, train_loss_step=0.0685, val_loss=0.0925, val_acc=0.969, train_loss_epoch=0.050]Epoch 4:   6%|▌         | 8/144 [00:00<00:04, 28.08it/s, v_num=73760, train_loss_step=0.0685, val_loss=0.0925, val_acc=0.969, train_loss_epoch=0.050]Epoch 4:   6%|▌         | 8/144 [00:00<00:04, 28.07it/s, v_num=73760, train_loss_step=0.0677, val_loss=0.0925, val_acc=0.969, train_loss_epoch=0.050]Epoch 4:   6%|▋         | 9/144 [00:00<00:04, 28.95it/s, v_num=73760, train_loss_step=0.0677, val_loss=0.0925, val_acc=0.969, train_loss_epoch=0.050]Epoch 4:   6%|▋         | 9/144 [00:00<00:04, 28.93it/s, v_num=73760, train_loss_step=0.0726, val_loss=0.0925, val_acc=0.969, train_loss_epoch=0.050]Epoch 4:   7%|▋         | 10/144 [00:00<00:04, 29.68it/s, v_num=73760, train_loss_step=0.0726, val_loss=0.0925, val_acc=0.969, train_loss_epoch=0.050]Epoch 4:   7%|▋         | 10/144 [00:00<00:04, 29.67it/s, v_num=73760, train_loss_step=0.085, val_loss=0.0925, val_acc=0.969, train_loss_epoch=0.050] Epoch 4:   8%|▊         | 11/144 [00:00<00:04, 30.23it/s, v_num=73760, train_loss_step=0.085, val_loss=0.0925, val_acc=0.969, train_loss_epoch=0.050]Epoch 4:   8%|▊         | 11/144 [00:00<00:04, 30.22it/s, v_num=73760, train_loss_step=0.0769, val_loss=0.0925, val_acc=0.969, train_loss_epoch=0.050]Epoch 4:   8%|▊         | 12/144 [00:00<00:04, 30.63it/s, v_num=73760, train_loss_step=0.0769, val_loss=0.0925, val_acc=0.969, train_loss_epoch=0.050]Epoch 4:   8%|▊         | 12/144 [00:00<00:04, 30.62it/s, v_num=73760, train_loss_step=0.0517, val_loss=0.0925, val_acc=0.969, train_loss_epoch=0.050]Epoch 4:   9%|▉         | 13/144 [00:00<00:04, 31.18it/s, v_num=73760, train_loss_step=0.0517, val_loss=0.0925, val_acc=0.969, train_loss_epoch=0.050]Epoch 4:   9%|▉         | 13/144 [00:00<00:04, 31.17it/s, v_num=73760, train_loss_step=0.0591, val_loss=0.0925, val_acc=0.969, train_loss_epoch=0.050]Epoch 4:  10%|▉         | 14/144 [00:00<00:04, 31.61it/s, v_num=73760, train_loss_step=0.0591, val_loss=0.0925, val_acc=0.969, train_loss_epoch=0.050]Epoch 4:  10%|▉         | 14/144 [00:00<00:04, 31.60it/s, v_num=73760, train_loss_step=0.0631, val_loss=0.0925, val_acc=0.969, train_loss_epoch=0.050]Epoch 4:  10%|█         | 15/144 [00:00<00:04, 31.97it/s, v_num=73760, train_loss_step=0.0631, val_loss=0.0925, val_acc=0.969, train_loss_epoch=0.050]Epoch 4:  10%|█         | 15/144 [00:00<00:04, 31.96it/s, v_num=73760, train_loss_step=0.0607, val_loss=0.0925, val_acc=0.969, train_loss_epoch=0.050]Epoch 4:  11%|█         | 16/144 [00:00<00:03, 32.06it/s, v_num=73760, train_loss_step=0.0607, val_loss=0.0925, val_acc=0.969, train_loss_epoch=0.050]Epoch 4:  11%|█         | 16/144 [00:00<00:03, 32.05it/s, v_num=73760, train_loss_step=0.0602, val_loss=0.0925, val_acc=0.969, train_loss_epoch=0.050]Epoch 4:  12%|█▏        | 17/144 [00:00<00:03, 32.29it/s, v_num=73760, train_loss_step=0.0602, val_loss=0.0925, val_acc=0.969, train_loss_epoch=0.050]Epoch 4:  12%|█▏        | 17/144 [00:00<00:03, 32.28it/s, v_num=73760, train_loss_step=0.072, val_loss=0.0925, val_acc=0.969, train_loss_epoch=0.050] Epoch 4:  12%|█▎        | 18/144 [00:00<00:03, 32.50it/s, v_num=73760, train_loss_step=0.072, val_loss=0.0925, val_acc=0.969, train_loss_epoch=0.050]Epoch 4:  12%|█▎        | 18/144 [00:00<00:03, 32.50it/s, v_num=73760, train_loss_step=0.0409, val_loss=0.0925, val_acc=0.969, train_loss_epoch=0.050]Epoch 4:  13%|█▎        | 19/144 [00:00<00:03, 32.71it/s, v_num=73760, train_loss_step=0.0409, val_loss=0.0925, val_acc=0.969, train_loss_epoch=0.050]Epoch 4:  13%|█▎        | 19/144 [00:00<00:03, 32.70it/s, v_num=73760, train_loss_step=0.0866, val_loss=0.0925, val_acc=0.969, train_loss_epoch=0.050]Epoch 4:  14%|█▍        | 20/144 [00:00<00:03, 32.72it/s, v_num=73760, train_loss_step=0.0866, val_loss=0.0925, val_acc=0.969, train_loss_epoch=0.050]Epoch 4:  14%|█▍        | 20/144 [00:00<00:03, 32.71it/s, v_num=73760, train_loss_step=0.0716, val_loss=0.0925, val_acc=0.969, train_loss_epoch=0.050]Epoch 4:  15%|█▍        | 21/144 [00:00<00:03, 32.90it/s, v_num=73760, train_loss_step=0.0716, val_loss=0.0925, val_acc=0.969, train_loss_epoch=0.050]Epoch 4:  15%|█▍        | 21/144 [00:00<00:03, 32.90it/s, v_num=73760, train_loss_step=0.0373, val_loss=0.0925, val_acc=0.969, train_loss_epoch=0.050]Epoch 4:  15%|█▌        | 22/144 [00:00<00:03, 33.07it/s, v_num=73760, train_loss_step=0.0373, val_loss=0.0925, val_acc=0.969, train_loss_epoch=0.050]Epoch 4:  15%|█▌        | 22/144 [00:00<00:03, 33.07it/s, v_num=73760, train_loss_step=0.0638, val_loss=0.0925, val_acc=0.969, train_loss_epoch=0.050]Epoch 4:  16%|█▌        | 23/144 [00:00<00:03, 33.25it/s, v_num=73760, train_loss_step=0.0638, val_loss=0.0925, val_acc=0.969, train_loss_epoch=0.050]Epoch 4:  16%|█▌        | 23/144 [00:00<00:03, 33.24it/s, v_num=73760, train_loss_step=0.029, val_loss=0.0925, val_acc=0.969, train_loss_epoch=0.050] Epoch 4:  17%|█▋        | 24/144 [00:00<00:03, 33.21it/s, v_num=73760, train_loss_step=0.029, val_loss=0.0925, val_acc=0.969, train_loss_epoch=0.050]Epoch 4:  17%|█▋        | 24/144 [00:00<00:03, 33.21it/s, v_num=73760, train_loss_step=0.0309, val_loss=0.0925, val_acc=0.969, train_loss_epoch=0.050]Epoch 4:  17%|█▋        | 25/144 [00:00<00:03, 33.35it/s, v_num=73760, train_loss_step=0.0309, val_loss=0.0925, val_acc=0.969, train_loss_epoch=0.050]Epoch 4:  17%|█▋        | 25/144 [00:00<00:03, 33.34it/s, v_num=73760, train_loss_step=0.0535, val_loss=0.0925, val_acc=0.969, train_loss_epoch=0.050]Epoch 4:  18%|█▊        | 26/144 [00:00<00:03, 33.48it/s, v_num=73760, train_loss_step=0.0535, val_loss=0.0925, val_acc=0.969, train_loss_epoch=0.050]Epoch 4:  18%|█▊        | 26/144 [00:00<00:03, 33.47it/s, v_num=73760, train_loss_step=0.0712, val_loss=0.0925, val_acc=0.969, train_loss_epoch=0.050]Epoch 4:  19%|█▉        | 27/144 [00:00<00:03, 33.63it/s, v_num=73760, train_loss_step=0.0712, val_loss=0.0925, val_acc=0.969, train_loss_epoch=0.050]Epoch 4:  19%|█▉        | 27/144 [00:00<00:03, 33.63it/s, v_num=73760, train_loss_step=0.0381, val_loss=0.0925, val_acc=0.969, train_loss_epoch=0.050]Epoch 4:  19%|█▉        | 28/144 [00:00<00:03, 33.62it/s, v_num=73760, train_loss_step=0.0381, val_loss=0.0925, val_acc=0.969, train_loss_epoch=0.050]Epoch 4:  19%|█▉        | 28/144 [00:00<00:03, 33.61it/s, v_num=73760, train_loss_step=0.0374, val_loss=0.0925, val_acc=0.969, train_loss_epoch=0.050]Epoch 4:  20%|██        | 29/144 [00:00<00:03, 33.75it/s, v_num=73760, train_loss_step=0.0374, val_loss=0.0925, val_acc=0.969, train_loss_epoch=0.050]Epoch 4:  20%|██        | 29/144 [00:00<00:03, 33.75it/s, v_num=73760, train_loss_step=0.0516, val_loss=0.0925, val_acc=0.969, train_loss_epoch=0.050]Epoch 4:  21%|██        | 30/144 [00:00<00:03, 33.84it/s, v_num=73760, train_loss_step=0.0516, val_loss=0.0925, val_acc=0.969, train_loss_epoch=0.050]Epoch 4:  21%|██        | 30/144 [00:00<00:03, 33.83it/s, v_num=73760, train_loss_step=0.0422, val_loss=0.0925, val_acc=0.969, train_loss_epoch=0.050]Epoch 4:  22%|██▏       | 31/144 [00:00<00:03, 33.93it/s, v_num=73760, train_loss_step=0.0422, val_loss=0.0925, val_acc=0.969, train_loss_epoch=0.050]Epoch 4:  22%|██▏       | 31/144 [00:00<00:03, 33.93it/s, v_num=73760, train_loss_step=0.0363, val_loss=0.0925, val_acc=0.969, train_loss_epoch=0.050]Epoch 4:  22%|██▏       | 32/144 [00:00<00:03, 33.92it/s, v_num=73760, train_loss_step=0.0363, val_loss=0.0925, val_acc=0.969, train_loss_epoch=0.050]Epoch 4:  22%|██▏       | 32/144 [00:00<00:03, 33.91it/s, v_num=73760, train_loss_step=0.057, val_loss=0.0925, val_acc=0.969, train_loss_epoch=0.050] Epoch 4:  23%|██▎       | 33/144 [00:00<00:03, 34.02it/s, v_num=73760, train_loss_step=0.057, val_loss=0.0925, val_acc=0.969, train_loss_epoch=0.050]Epoch 4:  23%|██▎       | 33/144 [00:00<00:03, 34.01it/s, v_num=73760, train_loss_step=0.0542, val_loss=0.0925, val_acc=0.969, train_loss_epoch=0.050]Epoch 4:  24%|██▎       | 34/144 [00:00<00:03, 34.11it/s, v_num=73760, train_loss_step=0.0542, val_loss=0.0925, val_acc=0.969, train_loss_epoch=0.050]Epoch 4:  24%|██▎       | 34/144 [00:00<00:03, 34.11it/s, v_num=73760, train_loss_step=0.0781, val_loss=0.0925, val_acc=0.969, train_loss_epoch=0.050]Epoch 4:  24%|██▍       | 35/144 [00:01<00:03, 34.17it/s, v_num=73760, train_loss_step=0.0781, val_loss=0.0925, val_acc=0.969, train_loss_epoch=0.050]Epoch 4:  24%|██▍       | 35/144 [00:01<00:03, 34.16it/s, v_num=73760, train_loss_step=0.048, val_loss=0.0925, val_acc=0.969, train_loss_epoch=0.050] Epoch 4:  25%|██▌       | 36/144 [00:01<00:03, 34.14it/s, v_num=73760, train_loss_step=0.048, val_loss=0.0925, val_acc=0.969, train_loss_epoch=0.050]Epoch 4:  25%|██▌       | 36/144 [00:01<00:03, 34.13it/s, v_num=73760, train_loss_step=0.0436, val_loss=0.0925, val_acc=0.969, train_loss_epoch=0.050]Epoch 4:  26%|██▌       | 37/144 [00:01<00:03, 34.26it/s, v_num=73760, train_loss_step=0.0436, val_loss=0.0925, val_acc=0.969, train_loss_epoch=0.050]Epoch 4:  26%|██▌       | 37/144 [00:01<00:03, 34.25it/s, v_num=73760, train_loss_step=0.0441, val_loss=0.0925, val_acc=0.969, train_loss_epoch=0.050]Epoch 4:  26%|██▋       | 38/144 [00:01<00:03, 34.36it/s, v_num=73760, train_loss_step=0.0441, val_loss=0.0925, val_acc=0.969, train_loss_epoch=0.050]Epoch 4:  26%|██▋       | 38/144 [00:01<00:03, 34.35it/s, v_num=73760, train_loss_step=0.0411, val_loss=0.0925, val_acc=0.969, train_loss_epoch=0.050]Epoch 4:  27%|██▋       | 39/144 [00:01<00:03, 34.40it/s, v_num=73760, train_loss_step=0.0411, val_loss=0.0925, val_acc=0.969, train_loss_epoch=0.050]Epoch 4:  27%|██▋       | 39/144 [00:01<00:03, 34.40it/s, v_num=73760, train_loss_step=0.0236, val_loss=0.0925, val_acc=0.969, train_loss_epoch=0.050]Epoch 4:  28%|██▊       | 40/144 [00:01<00:03, 34.35it/s, v_num=73760, train_loss_step=0.0236, val_loss=0.0925, val_acc=0.969, train_loss_epoch=0.050]Epoch 4:  28%|██▊       | 40/144 [00:01<00:03, 34.34it/s, v_num=73760, train_loss_step=0.0292, val_loss=0.0925, val_acc=0.969, train_loss_epoch=0.050]Epoch 4:  28%|██▊       | 41/144 [00:01<00:02, 34.44it/s, v_num=73760, train_loss_step=0.0292, val_loss=0.0925, val_acc=0.969, train_loss_epoch=0.050]Epoch 4:  28%|██▊       | 41/144 [00:01<00:02, 34.44it/s, v_num=73760, train_loss_step=0.0351, val_loss=0.0925, val_acc=0.969, train_loss_epoch=0.050]Epoch 4:  29%|██▉       | 42/144 [00:01<00:02, 34.55it/s, v_num=73760, train_loss_step=0.0351, val_loss=0.0925, val_acc=0.969, train_loss_epoch=0.050]Epoch 4:  29%|██▉       | 42/144 [00:01<00:02, 34.54it/s, v_num=73760, train_loss_step=0.0262, val_loss=0.0925, val_acc=0.969, train_loss_epoch=0.050]Epoch 4:  30%|██▉       | 43/144 [00:01<00:02, 34.62it/s, v_num=73760, train_loss_step=0.0262, val_loss=0.0925, val_acc=0.969, train_loss_epoch=0.050]Epoch 4:  30%|██▉       | 43/144 [00:01<00:02, 34.62it/s, v_num=73760, train_loss_step=0.0387, val_loss=0.0925, val_acc=0.969, train_loss_epoch=0.050]Epoch 4:  31%|███       | 44/144 [00:01<00:02, 34.62it/s, v_num=73760, train_loss_step=0.0387, val_loss=0.0925, val_acc=0.969, train_loss_epoch=0.050]Epoch 4:  31%|███       | 44/144 [00:01<00:02, 34.61it/s, v_num=73760, train_loss_step=0.0463, val_loss=0.0925, val_acc=0.969, train_loss_epoch=0.050]Epoch 4:  31%|███▏      | 45/144 [00:01<00:02, 34.69it/s, v_num=73760, train_loss_step=0.0463, val_loss=0.0925, val_acc=0.969, train_loss_epoch=0.050]Epoch 4:  31%|███▏      | 45/144 [00:01<00:02, 34.69it/s, v_num=73760, train_loss_step=0.0485, val_loss=0.0925, val_acc=0.969, train_loss_epoch=0.050]Epoch 4:  32%|███▏      | 46/144 [00:01<00:02, 34.50it/s, v_num=73760, train_loss_step=0.0485, val_loss=0.0925, val_acc=0.969, train_loss_epoch=0.050]Epoch 4:  32%|███▏      | 46/144 [00:01<00:02, 34.49it/s, v_num=73760, train_loss_step=0.0482, val_loss=0.0925, val_acc=0.969, train_loss_epoch=0.050]Epoch 4:  33%|███▎      | 47/144 [00:01<00:02, 34.39it/s, v_num=73760, train_loss_step=0.0482, val_loss=0.0925, val_acc=0.969, train_loss_epoch=0.050]Epoch 4:  33%|███▎      | 47/144 [00:01<00:02, 34.39it/s, v_num=73760, train_loss_step=0.0815, val_loss=0.0925, val_acc=0.969, train_loss_epoch=0.050]Epoch 4:  33%|███▎      | 48/144 [00:01<00:02, 34.46it/s, v_num=73760, train_loss_step=0.0815, val_loss=0.0925, val_acc=0.969, train_loss_epoch=0.050]Epoch 4:  33%|███▎      | 48/144 [00:01<00:02, 34.45it/s, v_num=73760, train_loss_step=0.0466, val_loss=0.0925, val_acc=0.969, train_loss_epoch=0.050]Epoch 4:  34%|███▍      | 49/144 [00:01<00:02, 34.52it/s, v_num=73760, train_loss_step=0.0466, val_loss=0.0925, val_acc=0.969, train_loss_epoch=0.050]Epoch 4:  34%|███▍      | 49/144 [00:01<00:02, 34.51it/s, v_num=73760, train_loss_step=0.0386, val_loss=0.0925, val_acc=0.969, train_loss_epoch=0.050]Epoch 4:  35%|███▍      | 50/144 [00:01<00:02, 34.61it/s, v_num=73760, train_loss_step=0.0386, val_loss=0.0925, val_acc=0.969, train_loss_epoch=0.050]Epoch 4:  35%|███▍      | 50/144 [00:01<00:02, 34.61it/s, v_num=73760, train_loss_step=0.043, val_loss=0.0925, val_acc=0.969, train_loss_epoch=0.050] Epoch 4:  35%|███▌      | 51/144 [00:01<00:02, 34.48it/s, v_num=73760, train_loss_step=0.043, val_loss=0.0925, val_acc=0.969, train_loss_epoch=0.050]Epoch 4:  35%|███▌      | 51/144 [00:01<00:02, 34.48it/s, v_num=73760, train_loss_step=0.0711, val_loss=0.0925, val_acc=0.969, train_loss_epoch=0.050]Epoch 4:  36%|███▌      | 52/144 [00:01<00:02, 34.39it/s, v_num=73760, train_loss_step=0.0711, val_loss=0.0925, val_acc=0.969, train_loss_epoch=0.050]Epoch 4:  36%|███▌      | 52/144 [00:01<00:02, 34.38it/s, v_num=73760, train_loss_step=0.0443, val_loss=0.0925, val_acc=0.969, train_loss_epoch=0.050]Epoch 4:  37%|███▋      | 53/144 [00:01<00:02, 34.47it/s, v_num=73760, train_loss_step=0.0443, val_loss=0.0925, val_acc=0.969, train_loss_epoch=0.050]Epoch 4:  37%|███▋      | 53/144 [00:01<00:02, 34.47it/s, v_num=73760, train_loss_step=0.0489, val_loss=0.0925, val_acc=0.969, train_loss_epoch=0.050]Epoch 4:  38%|███▊      | 54/144 [00:01<00:02, 34.53it/s, v_num=73760, train_loss_step=0.0489, val_loss=0.0925, val_acc=0.969, train_loss_epoch=0.050]Epoch 4:  38%|███▊      | 54/144 [00:01<00:02, 34.52it/s, v_num=73760, train_loss_step=0.030, val_loss=0.0925, val_acc=0.969, train_loss_epoch=0.050] Epoch 4:  38%|███▊      | 55/144 [00:01<00:02, 34.46it/s, v_num=73760, train_loss_step=0.030, val_loss=0.0925, val_acc=0.969, train_loss_epoch=0.050]Epoch 4:  38%|███▊      | 55/144 [00:01<00:02, 34.46it/s, v_num=73760, train_loss_step=0.0612, val_loss=0.0925, val_acc=0.969, train_loss_epoch=0.050]Epoch 4:  39%|███▉      | 56/144 [00:01<00:02, 34.52it/s, v_num=73760, train_loss_step=0.0612, val_loss=0.0925, val_acc=0.969, train_loss_epoch=0.050]Epoch 4:  39%|███▉      | 56/144 [00:01<00:02, 34.52it/s, v_num=73760, train_loss_step=0.0296, val_loss=0.0925, val_acc=0.969, train_loss_epoch=0.050]Epoch 4:  40%|███▉      | 57/144 [00:01<00:02, 34.59it/s, v_num=73760, train_loss_step=0.0296, val_loss=0.0925, val_acc=0.969, train_loss_epoch=0.050]Epoch 4:  40%|███▉      | 57/144 [00:01<00:02, 34.59it/s, v_num=73760, train_loss_step=0.0854, val_loss=0.0925, val_acc=0.969, train_loss_epoch=0.050]Epoch 4:  40%|████      | 58/144 [00:01<00:02, 34.59it/s, v_num=73760, train_loss_step=0.0854, val_loss=0.0925, val_acc=0.969, train_loss_epoch=0.050]Epoch 4:  40%|████      | 58/144 [00:01<00:02, 34.58it/s, v_num=73760, train_loss_step=0.0409, val_loss=0.0925, val_acc=0.969, train_loss_epoch=0.050]Epoch 4:  41%|████      | 59/144 [00:01<00:02, 34.58it/s, v_num=73760, train_loss_step=0.0409, val_loss=0.0925, val_acc=0.969, train_loss_epoch=0.050]Epoch 4:  41%|████      | 59/144 [00:01<00:02, 34.57it/s, v_num=73760, train_loss_step=0.0453, val_loss=0.0925, val_acc=0.969, train_loss_epoch=0.050]Epoch 4:  42%|████▏     | 60/144 [00:01<00:02, 34.63it/s, v_num=73760, train_loss_step=0.0453, val_loss=0.0925, val_acc=0.969, train_loss_epoch=0.050]Epoch 4:  42%|████▏     | 60/144 [00:01<00:02, 34.63it/s, v_num=73760, train_loss_step=0.0269, val_loss=0.0925, val_acc=0.969, train_loss_epoch=0.050]Epoch 4:  42%|████▏     | 61/144 [00:01<00:02, 34.69it/s, v_num=73760, train_loss_step=0.0269, val_loss=0.0925, val_acc=0.969, train_loss_epoch=0.050]Epoch 4:  42%|████▏     | 61/144 [00:01<00:02, 34.69it/s, v_num=73760, train_loss_step=0.0212, val_loss=0.0925, val_acc=0.969, train_loss_epoch=0.050]Epoch 4:  43%|████▎     | 62/144 [00:01<00:02, 34.72it/s, v_num=73760, train_loss_step=0.0212, val_loss=0.0925, val_acc=0.969, train_loss_epoch=0.050]Epoch 4:  43%|████▎     | 62/144 [00:01<00:02, 34.72it/s, v_num=73760, train_loss_step=0.054, val_loss=0.0925, val_acc=0.969, train_loss_epoch=0.050] Epoch 4:  44%|████▍     | 63/144 [00:01<00:02, 34.69it/s, v_num=73760, train_loss_step=0.054, val_loss=0.0925, val_acc=0.969, train_loss_epoch=0.050]Epoch 4:  44%|████▍     | 63/144 [00:01<00:02, 34.69it/s, v_num=73760, train_loss_step=0.0175, val_loss=0.0925, val_acc=0.969, train_loss_epoch=0.050]Epoch 4:  44%|████▍     | 64/144 [00:01<00:02, 34.73it/s, v_num=73760, train_loss_step=0.0175, val_loss=0.0925, val_acc=0.969, train_loss_epoch=0.050]Epoch 4:  44%|████▍     | 64/144 [00:01<00:02, 34.72it/s, v_num=73760, train_loss_step=0.0307, val_loss=0.0925, val_acc=0.969, train_loss_epoch=0.050]Epoch 4:  45%|████▌     | 65/144 [00:01<00:02, 34.77it/s, v_num=73760, train_loss_step=0.0307, val_loss=0.0925, val_acc=0.969, train_loss_epoch=0.050]Epoch 4:  45%|████▌     | 65/144 [00:01<00:02, 34.76it/s, v_num=73760, train_loss_step=0.0432, val_loss=0.0925, val_acc=0.969, train_loss_epoch=0.050]Epoch 4:  46%|████▌     | 66/144 [00:01<00:02, 34.80it/s, v_num=73760, train_loss_step=0.0432, val_loss=0.0925, val_acc=0.969, train_loss_epoch=0.050]Epoch 4:  46%|████▌     | 66/144 [00:01<00:02, 34.80it/s, v_num=73760, train_loss_step=0.0378, val_loss=0.0925, val_acc=0.969, train_loss_epoch=0.050]Epoch 4:  47%|████▋     | 67/144 [00:01<00:02, 34.78it/s, v_num=73760, train_loss_step=0.0378, val_loss=0.0925, val_acc=0.969, train_loss_epoch=0.050]Epoch 4:  47%|████▋     | 67/144 [00:01<00:02, 34.78it/s, v_num=73760, train_loss_step=0.0468, val_loss=0.0925, val_acc=0.969, train_loss_epoch=0.050]Epoch 4:  47%|████▋     | 68/144 [00:01<00:02, 34.85it/s, v_num=73760, train_loss_step=0.0468, val_loss=0.0925, val_acc=0.969, train_loss_epoch=0.050]Epoch 4:  47%|████▋     | 68/144 [00:01<00:02, 34.85it/s, v_num=73760, train_loss_step=0.0542, val_loss=0.0925, val_acc=0.969, train_loss_epoch=0.050]Epoch 4:  48%|████▊     | 69/144 [00:01<00:02, 34.88it/s, v_num=73760, train_loss_step=0.0542, val_loss=0.0925, val_acc=0.969, train_loss_epoch=0.050]Epoch 4:  48%|████▊     | 69/144 [00:01<00:02, 34.88it/s, v_num=73760, train_loss_step=0.0135, val_loss=0.0925, val_acc=0.969, train_loss_epoch=0.050]Epoch 4:  49%|████▊     | 70/144 [00:02<00:02, 34.92it/s, v_num=73760, train_loss_step=0.0135, val_loss=0.0925, val_acc=0.969, train_loss_epoch=0.050]Epoch 4:  49%|████▊     | 70/144 [00:02<00:02, 34.92it/s, v_num=73760, train_loss_step=0.0454, val_loss=0.0925, val_acc=0.969, train_loss_epoch=0.050]Epoch 4:  49%|████▉     | 71/144 [00:02<00:02, 34.91it/s, v_num=73760, train_loss_step=0.0454, val_loss=0.0925, val_acc=0.969, train_loss_epoch=0.050]Epoch 4:  49%|████▉     | 71/144 [00:02<00:02, 34.90it/s, v_num=73760, train_loss_step=0.0166, val_loss=0.0925, val_acc=0.969, train_loss_epoch=0.050]Epoch 4:  50%|█████     | 72/144 [00:02<00:02, 34.96it/s, v_num=73760, train_loss_step=0.0166, val_loss=0.0925, val_acc=0.969, train_loss_epoch=0.050]Epoch 4:  50%|█████     | 72/144 [00:02<00:02, 34.95it/s, v_num=73760, train_loss_step=0.0406, val_loss=0.0925, val_acc=0.969, train_loss_epoch=0.050]Epoch 4:  51%|█████     | 73/144 [00:02<00:02, 35.00it/s, v_num=73760, train_loss_step=0.0406, val_loss=0.0925, val_acc=0.969, train_loss_epoch=0.050]Epoch 4:  51%|█████     | 73/144 [00:02<00:02, 35.00it/s, v_num=73760, train_loss_step=0.0416, val_loss=0.0925, val_acc=0.969, train_loss_epoch=0.050]Epoch 4:  51%|█████▏    | 74/144 [00:02<00:01, 35.05it/s, v_num=73760, train_loss_step=0.0416, val_loss=0.0925, val_acc=0.969, train_loss_epoch=0.050]Epoch 4:  51%|█████▏    | 74/144 [00:02<00:01, 35.05it/s, v_num=73760, train_loss_step=0.0521, val_loss=0.0925, val_acc=0.969, train_loss_epoch=0.050]Epoch 4:  52%|█████▏    | 75/144 [00:02<00:01, 35.05it/s, v_num=73760, train_loss_step=0.0521, val_loss=0.0925, val_acc=0.969, train_loss_epoch=0.050]Epoch 4:  52%|█████▏    | 75/144 [00:02<00:01, 35.04it/s, v_num=73760, train_loss_step=0.0622, val_loss=0.0925, val_acc=0.969, train_loss_epoch=0.050]Epoch 4:  53%|█████▎    | 76/144 [00:02<00:01, 35.11it/s, v_num=73760, train_loss_step=0.0622, val_loss=0.0925, val_acc=0.969, train_loss_epoch=0.050]Epoch 4:  53%|█████▎    | 76/144 [00:02<00:01, 35.11it/s, v_num=73760, train_loss_step=0.0437, val_loss=0.0925, val_acc=0.969, train_loss_epoch=0.050]Epoch 4:  53%|█████▎    | 77/144 [00:02<00:01, 35.17it/s, v_num=73760, train_loss_step=0.0437, val_loss=0.0925, val_acc=0.969, train_loss_epoch=0.050]Epoch 4:  53%|█████▎    | 77/144 [00:02<00:01, 35.17it/s, v_num=73760, train_loss_step=0.0446, val_loss=0.0925, val_acc=0.969, train_loss_epoch=0.050]Epoch 4:  54%|█████▍    | 78/144 [00:02<00:01, 35.22it/s, v_num=73760, train_loss_step=0.0446, val_loss=0.0925, val_acc=0.969, train_loss_epoch=0.050]Epoch 4:  54%|█████▍    | 78/144 [00:02<00:01, 35.22it/s, v_num=73760, train_loss_step=0.0258, val_loss=0.0925, val_acc=0.969, train_loss_epoch=0.050]Epoch 4:  55%|█████▍    | 79/144 [00:02<00:01, 35.18it/s, v_num=73760, train_loss_step=0.0258, val_loss=0.0925, val_acc=0.969, train_loss_epoch=0.050]Epoch 4:  55%|█████▍    | 79/144 [00:02<00:01, 35.18it/s, v_num=73760, train_loss_step=0.0442, val_loss=0.0925, val_acc=0.969, train_loss_epoch=0.050]Epoch 4:  56%|█████▌    | 80/144 [00:02<00:01, 35.24it/s, v_num=73760, train_loss_step=0.0442, val_loss=0.0925, val_acc=0.969, train_loss_epoch=0.050]Epoch 4:  56%|█████▌    | 80/144 [00:02<00:01, 35.24it/s, v_num=73760, train_loss_step=0.0184, val_loss=0.0925, val_acc=0.969, train_loss_epoch=0.050]Epoch 4:  56%|█████▋    | 81/144 [00:02<00:01, 35.30it/s, v_num=73760, train_loss_step=0.0184, val_loss=0.0925, val_acc=0.969, train_loss_epoch=0.050]Epoch 4:  56%|█████▋    | 81/144 [00:02<00:01, 35.30it/s, v_num=73760, train_loss_step=0.0674, val_loss=0.0925, val_acc=0.969, train_loss_epoch=0.050]Epoch 4:  57%|█████▋    | 82/144 [00:02<00:01, 35.32it/s, v_num=73760, train_loss_step=0.0674, val_loss=0.0925, val_acc=0.969, train_loss_epoch=0.050]Epoch 4:  57%|█████▋    | 82/144 [00:02<00:01, 35.32it/s, v_num=73760, train_loss_step=0.0479, val_loss=0.0925, val_acc=0.969, train_loss_epoch=0.050]Epoch 4:  58%|█████▊    | 83/144 [00:02<00:01, 35.27it/s, v_num=73760, train_loss_step=0.0479, val_loss=0.0925, val_acc=0.969, train_loss_epoch=0.050]Epoch 4:  58%|█████▊    | 83/144 [00:02<00:01, 35.27it/s, v_num=73760, train_loss_step=0.0552, val_loss=0.0925, val_acc=0.969, train_loss_epoch=0.050]Epoch 4:  58%|█████▊    | 84/144 [00:02<00:01, 35.31it/s, v_num=73760, train_loss_step=0.0552, val_loss=0.0925, val_acc=0.969, train_loss_epoch=0.050]Epoch 4:  58%|█████▊    | 84/144 [00:02<00:01, 35.31it/s, v_num=73760, train_loss_step=0.0166, val_loss=0.0925, val_acc=0.969, train_loss_epoch=0.050]Epoch 4:  59%|█████▉    | 85/144 [00:02<00:01, 35.35it/s, v_num=73760, train_loss_step=0.0166, val_loss=0.0925, val_acc=0.969, train_loss_epoch=0.050]Epoch 4:  59%|█████▉    | 85/144 [00:02<00:01, 35.35it/s, v_num=73760, train_loss_step=0.0267, val_loss=0.0925, val_acc=0.969, train_loss_epoch=0.050]Epoch 4:  60%|█████▉    | 86/144 [00:02<00:01, 35.39it/s, v_num=73760, train_loss_step=0.0267, val_loss=0.0925, val_acc=0.969, train_loss_epoch=0.050]Epoch 4:  60%|█████▉    | 86/144 [00:02<00:01, 35.38it/s, v_num=73760, train_loss_step=0.041, val_loss=0.0925, val_acc=0.969, train_loss_epoch=0.050] Epoch 4:  60%|██████    | 87/144 [00:02<00:01, 35.36it/s, v_num=73760, train_loss_step=0.041, val_loss=0.0925, val_acc=0.969, train_loss_epoch=0.050]Epoch 4:  60%|██████    | 87/144 [00:02<00:01, 35.36it/s, v_num=73760, train_loss_step=0.0627, val_loss=0.0925, val_acc=0.969, train_loss_epoch=0.050]Epoch 4:  61%|██████    | 88/144 [00:02<00:01, 35.40it/s, v_num=73760, train_loss_step=0.0627, val_loss=0.0925, val_acc=0.969, train_loss_epoch=0.050]Epoch 4:  61%|██████    | 88/144 [00:02<00:01, 35.39it/s, v_num=73760, train_loss_step=0.0548, val_loss=0.0925, val_acc=0.969, train_loss_epoch=0.050]Epoch 4:  62%|██████▏   | 89/144 [00:02<00:01, 35.43it/s, v_num=73760, train_loss_step=0.0548, val_loss=0.0925, val_acc=0.969, train_loss_epoch=0.050]Epoch 4:  62%|██████▏   | 89/144 [00:02<00:01, 35.43it/s, v_num=73760, train_loss_step=0.0695, val_loss=0.0925, val_acc=0.969, train_loss_epoch=0.050]Epoch 4:  62%|██████▎   | 90/144 [00:02<00:01, 35.48it/s, v_num=73760, train_loss_step=0.0695, val_loss=0.0925, val_acc=0.969, train_loss_epoch=0.050]Epoch 4:  62%|██████▎   | 90/144 [00:02<00:01, 35.48it/s, v_num=73760, train_loss_step=0.0314, val_loss=0.0925, val_acc=0.969, train_loss_epoch=0.050]Epoch 4:  63%|██████▎   | 91/144 [00:02<00:01, 35.46it/s, v_num=73760, train_loss_step=0.0314, val_loss=0.0925, val_acc=0.969, train_loss_epoch=0.050]Epoch 4:  63%|██████▎   | 91/144 [00:02<00:01, 35.46it/s, v_num=73760, train_loss_step=0.0356, val_loss=0.0925, val_acc=0.969, train_loss_epoch=0.050]Epoch 4:  64%|██████▍   | 92/144 [00:02<00:01, 35.48it/s, v_num=73760, train_loss_step=0.0356, val_loss=0.0925, val_acc=0.969, train_loss_epoch=0.050]Epoch 4:  64%|██████▍   | 92/144 [00:02<00:01, 35.48it/s, v_num=73760, train_loss_step=0.044, val_loss=0.0925, val_acc=0.969, train_loss_epoch=0.050] Epoch 4:  65%|██████▍   | 93/144 [00:02<00:01, 35.52it/s, v_num=73760, train_loss_step=0.044, val_loss=0.0925, val_acc=0.969, train_loss_epoch=0.050]Epoch 4:  65%|██████▍   | 93/144 [00:02<00:01, 35.52it/s, v_num=73760, train_loss_step=0.046, val_loss=0.0925, val_acc=0.969, train_loss_epoch=0.050]Epoch 4:  65%|██████▌   | 94/144 [00:02<00:01, 35.55it/s, v_num=73760, train_loss_step=0.046, val_loss=0.0925, val_acc=0.969, train_loss_epoch=0.050]Epoch 4:  65%|██████▌   | 94/144 [00:02<00:01, 35.55it/s, v_num=73760, train_loss_step=0.0796, val_loss=0.0925, val_acc=0.969, train_loss_epoch=0.050]Epoch 4:  66%|██████▌   | 95/144 [00:02<00:01, 35.54it/s, v_num=73760, train_loss_step=0.0796, val_loss=0.0925, val_acc=0.969, train_loss_epoch=0.050]Epoch 4:  66%|██████▌   | 95/144 [00:02<00:01, 35.54it/s, v_num=73760, train_loss_step=0.0551, val_loss=0.0925, val_acc=0.969, train_loss_epoch=0.050]Epoch 4:  67%|██████▋   | 96/144 [00:02<00:01, 35.56it/s, v_num=73760, train_loss_step=0.0551, val_loss=0.0925, val_acc=0.969, train_loss_epoch=0.050]Epoch 4:  67%|██████▋   | 96/144 [00:02<00:01, 35.56it/s, v_num=73760, train_loss_step=0.070, val_loss=0.0925, val_acc=0.969, train_loss_epoch=0.050] Epoch 4:  67%|██████▋   | 97/144 [00:02<00:01, 35.58it/s, v_num=73760, train_loss_step=0.070, val_loss=0.0925, val_acc=0.969, train_loss_epoch=0.050]Epoch 4:  67%|██████▋   | 97/144 [00:02<00:01, 35.58it/s, v_num=73760, train_loss_step=0.0313, val_loss=0.0925, val_acc=0.969, train_loss_epoch=0.050]Epoch 4:  68%|██████▊   | 98/144 [00:02<00:01, 35.62it/s, v_num=73760, train_loss_step=0.0313, val_loss=0.0925, val_acc=0.969, train_loss_epoch=0.050]Epoch 4:  68%|██████▊   | 98/144 [00:02<00:01, 35.62it/s, v_num=73760, train_loss_step=0.0257, val_loss=0.0925, val_acc=0.969, train_loss_epoch=0.050]Epoch 4:  69%|██████▉   | 99/144 [00:02<00:01, 35.58it/s, v_num=73760, train_loss_step=0.0257, val_loss=0.0925, val_acc=0.969, train_loss_epoch=0.050]Epoch 4:  69%|██████▉   | 99/144 [00:02<00:01, 35.58it/s, v_num=73760, train_loss_step=0.0339, val_loss=0.0925, val_acc=0.969, train_loss_epoch=0.050]Epoch 4:  69%|██████▉   | 100/144 [00:02<00:01, 35.63it/s, v_num=73760, train_loss_step=0.0339, val_loss=0.0925, val_acc=0.969, train_loss_epoch=0.050]Epoch 4:  69%|██████▉   | 100/144 [00:02<00:01, 35.63it/s, v_num=73760, train_loss_step=0.0582, val_loss=0.0925, val_acc=0.969, train_loss_epoch=0.050]Epoch 4:  70%|███████   | 101/144 [00:02<00:01, 35.67it/s, v_num=73760, train_loss_step=0.0582, val_loss=0.0925, val_acc=0.969, train_loss_epoch=0.050]Epoch 4:  70%|███████   | 101/144 [00:02<00:01, 35.67it/s, v_num=73760, train_loss_step=0.0534, val_loss=0.0925, val_acc=0.969, train_loss_epoch=0.050]Epoch 4:  71%|███████   | 102/144 [00:02<00:01, 35.67it/s, v_num=73760, train_loss_step=0.0534, val_loss=0.0925, val_acc=0.969, train_loss_epoch=0.050]Epoch 4:  71%|███████   | 102/144 [00:02<00:01, 35.67it/s, v_num=73760, train_loss_step=0.0768, val_loss=0.0925, val_acc=0.969, train_loss_epoch=0.050]Epoch 4:  72%|███████▏  | 103/144 [00:02<00:01, 35.68it/s, v_num=73760, train_loss_step=0.0768, val_loss=0.0925, val_acc=0.969, train_loss_epoch=0.050]Epoch 4:  72%|███████▏  | 103/144 [00:02<00:01, 35.68it/s, v_num=73760, train_loss_step=0.0533, val_loss=0.0925, val_acc=0.969, train_loss_epoch=0.050]Epoch 4:  72%|███████▏  | 104/144 [00:02<00:01, 35.74it/s, v_num=73760, train_loss_step=0.0533, val_loss=0.0925, val_acc=0.969, train_loss_epoch=0.050]Epoch 4:  72%|███████▏  | 104/144 [00:02<00:01, 35.74it/s, v_num=73760, train_loss_step=0.0871, val_loss=0.0925, val_acc=0.969, train_loss_epoch=0.050]Epoch 4:  73%|███████▎  | 105/144 [00:02<00:01, 35.78it/s, v_num=73760, train_loss_step=0.0871, val_loss=0.0925, val_acc=0.969, train_loss_epoch=0.050]Epoch 4:  73%|███████▎  | 105/144 [00:02<00:01, 35.78it/s, v_num=73760, train_loss_step=0.0273, val_loss=0.0925, val_acc=0.969, train_loss_epoch=0.050]Epoch 4:  74%|███████▎  | 106/144 [00:02<00:01, 35.84it/s, v_num=73760, train_loss_step=0.0273, val_loss=0.0925, val_acc=0.969, train_loss_epoch=0.050]Epoch 4:  74%|███████▎  | 106/144 [00:02<00:01, 35.84it/s, v_num=73760, train_loss_step=0.0554, val_loss=0.0925, val_acc=0.969, train_loss_epoch=0.050]Epoch 4:  74%|███████▍  | 107/144 [00:02<00:01, 35.88it/s, v_num=73760, train_loss_step=0.0554, val_loss=0.0925, val_acc=0.969, train_loss_epoch=0.050]Epoch 4:  74%|███████▍  | 107/144 [00:02<00:01, 35.88it/s, v_num=73760, train_loss_step=0.0374, val_loss=0.0925, val_acc=0.969, train_loss_epoch=0.050]Epoch 4:  75%|███████▌  | 108/144 [00:03<00:01, 35.87it/s, v_num=73760, train_loss_step=0.0374, val_loss=0.0925, val_acc=0.969, train_loss_epoch=0.050]Epoch 4:  75%|███████▌  | 108/144 [00:03<00:01, 35.87it/s, v_num=73760, train_loss_step=0.0616, val_loss=0.0925, val_acc=0.969, train_loss_epoch=0.050]Epoch 4:  76%|███████▌  | 109/144 [00:03<00:00, 35.90it/s, v_num=73760, train_loss_step=0.0616, val_loss=0.0925, val_acc=0.969, train_loss_epoch=0.050]Epoch 4:  76%|███████▌  | 109/144 [00:03<00:00, 35.90it/s, v_num=73760, train_loss_step=0.026, val_loss=0.0925, val_acc=0.969, train_loss_epoch=0.050] Epoch 4:  76%|███████▋  | 110/144 [00:03<00:00, 35.93it/s, v_num=73760, train_loss_step=0.026, val_loss=0.0925, val_acc=0.969, train_loss_epoch=0.050]Epoch 4:  76%|███████▋  | 110/144 [00:03<00:00, 35.92it/s, v_num=73760, train_loss_step=0.037, val_loss=0.0925, val_acc=0.969, train_loss_epoch=0.050]Epoch 4:  77%|███████▋  | 111/144 [00:03<00:00, 35.95it/s, v_num=73760, train_loss_step=0.037, val_loss=0.0925, val_acc=0.969, train_loss_epoch=0.050]Epoch 4:  77%|███████▋  | 111/144 [00:03<00:00, 35.94it/s, v_num=73760, train_loss_step=0.0547, val_loss=0.0925, val_acc=0.969, train_loss_epoch=0.050]Epoch 4:  78%|███████▊  | 112/144 [00:03<00:00, 35.91it/s, v_num=73760, train_loss_step=0.0547, val_loss=0.0925, val_acc=0.969, train_loss_epoch=0.050]Epoch 4:  78%|███████▊  | 112/144 [00:03<00:00, 35.90it/s, v_num=73760, train_loss_step=0.0333, val_loss=0.0925, val_acc=0.969, train_loss_epoch=0.050]Epoch 4:  78%|███████▊  | 113/144 [00:03<00:00, 35.93it/s, v_num=73760, train_loss_step=0.0333, val_loss=0.0925, val_acc=0.969, train_loss_epoch=0.050]Epoch 4:  78%|███████▊  | 113/144 [00:03<00:00, 35.93it/s, v_num=73760, train_loss_step=0.0335, val_loss=0.0925, val_acc=0.969, train_loss_epoch=0.050]Epoch 4:  79%|███████▉  | 114/144 [00:03<00:00, 35.95it/s, v_num=73760, train_loss_step=0.0335, val_loss=0.0925, val_acc=0.969, train_loss_epoch=0.050]Epoch 4:  79%|███████▉  | 114/144 [00:03<00:00, 35.95it/s, v_num=73760, train_loss_step=0.0243, val_loss=0.0925, val_acc=0.969, train_loss_epoch=0.050]Epoch 4:  80%|███████▉  | 115/144 [00:03<00:00, 35.97it/s, v_num=73760, train_loss_step=0.0243, val_loss=0.0925, val_acc=0.969, train_loss_epoch=0.050]Epoch 4:  80%|███████▉  | 115/144 [00:03<00:00, 35.97it/s, v_num=73760, train_loss_step=0.0691, val_loss=0.0925, val_acc=0.969, train_loss_epoch=0.050]Epoch 4:  81%|████████  | 116/144 [00:03<00:00, 35.88it/s, v_num=73760, train_loss_step=0.0691, val_loss=0.0925, val_acc=0.969, train_loss_epoch=0.050]Epoch 4:  81%|████████  | 116/144 [00:03<00:00, 35.88it/s, v_num=73760, train_loss_step=0.0589, val_loss=0.0925, val_acc=0.969, train_loss_epoch=0.050]Epoch 4:  81%|████████▏ | 117/144 [00:03<00:00, 35.91it/s, v_num=73760, train_loss_step=0.0589, val_loss=0.0925, val_acc=0.969, train_loss_epoch=0.050]Epoch 4:  81%|████████▏ | 117/144 [00:03<00:00, 35.91it/s, v_num=73760, train_loss_step=0.0519, val_loss=0.0925, val_acc=0.969, train_loss_epoch=0.050]Epoch 4:  82%|████████▏ | 118/144 [00:03<00:00, 35.94it/s, v_num=73760, train_loss_step=0.0519, val_loss=0.0925, val_acc=0.969, train_loss_epoch=0.050]Epoch 4:  82%|████████▏ | 118/144 [00:03<00:00, 35.94it/s, v_num=73760, train_loss_step=0.0564, val_loss=0.0925, val_acc=0.969, train_loss_epoch=0.050]Epoch 4:  83%|████████▎ | 119/144 [00:03<00:00, 35.97it/s, v_num=73760, train_loss_step=0.0564, val_loss=0.0925, val_acc=0.969, train_loss_epoch=0.050]Epoch 4:  83%|████████▎ | 119/144 [00:03<00:00, 35.97it/s, v_num=73760, train_loss_step=0.0789, val_loss=0.0925, val_acc=0.969, train_loss_epoch=0.050]Epoch 4:  83%|████████▎ | 120/144 [00:03<00:00, 35.96it/s, v_num=73760, train_loss_step=0.0789, val_loss=0.0925, val_acc=0.969, train_loss_epoch=0.050]Epoch 4:  83%|████████▎ | 120/144 [00:03<00:00, 35.96it/s, v_num=73760, train_loss_step=0.0531, val_loss=0.0925, val_acc=0.969, train_loss_epoch=0.050]Epoch 4:  84%|████████▍ | 121/144 [00:03<00:00, 35.99it/s, v_num=73760, train_loss_step=0.0531, val_loss=0.0925, val_acc=0.969, train_loss_epoch=0.050]Epoch 4:  84%|████████▍ | 121/144 [00:03<00:00, 35.99it/s, v_num=73760, train_loss_step=0.0358, val_loss=0.0925, val_acc=0.969, train_loss_epoch=0.050]Epoch 4:  85%|████████▍ | 122/144 [00:03<00:00, 35.99it/s, v_num=73760, train_loss_step=0.0358, val_loss=0.0925, val_acc=0.969, train_loss_epoch=0.050]Epoch 4:  85%|████████▍ | 122/144 [00:03<00:00, 35.99it/s, v_num=73760, train_loss_step=0.0654, val_loss=0.0925, val_acc=0.969, train_loss_epoch=0.050]Epoch 4:  85%|████████▌ | 123/144 [00:03<00:00, 36.01it/s, v_num=73760, train_loss_step=0.0654, val_loss=0.0925, val_acc=0.969, train_loss_epoch=0.050]Epoch 4:  85%|████████▌ | 123/144 [00:03<00:00, 36.01it/s, v_num=73760, train_loss_step=0.0391, val_loss=0.0925, val_acc=0.969, train_loss_epoch=0.050]Epoch 4:  86%|████████▌ | 124/144 [00:03<00:00, 36.00it/s, v_num=73760, train_loss_step=0.0391, val_loss=0.0925, val_acc=0.969, train_loss_epoch=0.050]Epoch 4:  86%|████████▌ | 124/144 [00:03<00:00, 36.00it/s, v_num=73760, train_loss_step=0.0176, val_loss=0.0925, val_acc=0.969, train_loss_epoch=0.050]Epoch 4:  87%|████████▋ | 125/144 [00:03<00:00, 36.00it/s, v_num=73760, train_loss_step=0.0176, val_loss=0.0925, val_acc=0.969, train_loss_epoch=0.050]Epoch 4:  87%|████████▋ | 125/144 [00:03<00:00, 36.00it/s, v_num=73760, train_loss_step=0.0452, val_loss=0.0925, val_acc=0.969, train_loss_epoch=0.050]Epoch 4:  88%|████████▊ | 126/144 [00:03<00:00, 36.03it/s, v_num=73760, train_loss_step=0.0452, val_loss=0.0925, val_acc=0.969, train_loss_epoch=0.050]Epoch 4:  88%|████████▊ | 126/144 [00:03<00:00, 36.03it/s, v_num=73760, train_loss_step=0.0137, val_loss=0.0925, val_acc=0.969, train_loss_epoch=0.050]Epoch 4:  88%|████████▊ | 127/144 [00:03<00:00, 36.06it/s, v_num=73760, train_loss_step=0.0137, val_loss=0.0925, val_acc=0.969, train_loss_epoch=0.050]Epoch 4:  88%|████████▊ | 127/144 [00:03<00:00, 36.05it/s, v_num=73760, train_loss_step=0.0261, val_loss=0.0925, val_acc=0.969, train_loss_epoch=0.050]Epoch 4:  89%|████████▉ | 128/144 [00:03<00:00, 36.05it/s, v_num=73760, train_loss_step=0.0261, val_loss=0.0925, val_acc=0.969, train_loss_epoch=0.050]Epoch 4:  89%|████████▉ | 128/144 [00:03<00:00, 36.05it/s, v_num=73760, train_loss_step=0.0435, val_loss=0.0925, val_acc=0.969, train_loss_epoch=0.050]Epoch 4:  90%|████████▉ | 129/144 [00:03<00:00, 36.09it/s, v_num=73760, train_loss_step=0.0435, val_loss=0.0925, val_acc=0.969, train_loss_epoch=0.050]Epoch 4:  90%|████████▉ | 129/144 [00:03<00:00, 36.09it/s, v_num=73760, train_loss_step=0.0607, val_loss=0.0925, val_acc=0.969, train_loss_epoch=0.050]Epoch 4:  90%|█████████ | 130/144 [00:03<00:00, 36.13it/s, v_num=73760, train_loss_step=0.0607, val_loss=0.0925, val_acc=0.969, train_loss_epoch=0.050]Epoch 4:  90%|█████████ | 130/144 [00:03<00:00, 36.12it/s, v_num=73760, train_loss_step=0.0297, val_loss=0.0925, val_acc=0.969, train_loss_epoch=0.050]Epoch 4:  91%|█████████ | 131/144 [00:03<00:00, 36.16it/s, v_num=73760, train_loss_step=0.0297, val_loss=0.0925, val_acc=0.969, train_loss_epoch=0.050]Epoch 4:  91%|█████████ | 131/144 [00:03<00:00, 36.16it/s, v_num=73760, train_loss_step=0.0331, val_loss=0.0925, val_acc=0.969, train_loss_epoch=0.050]Epoch 4:  92%|█████████▏| 132/144 [00:03<00:00, 36.19it/s, v_num=73760, train_loss_step=0.0331, val_loss=0.0925, val_acc=0.969, train_loss_epoch=0.050]Epoch 4:  92%|█████████▏| 132/144 [00:03<00:00, 36.19it/s, v_num=73760, train_loss_step=0.0508, val_loss=0.0925, val_acc=0.969, train_loss_epoch=0.050]Epoch 4:  92%|█████████▏| 133/144 [00:03<00:00, 36.12it/s, v_num=73760, train_loss_step=0.0508, val_loss=0.0925, val_acc=0.969, train_loss_epoch=0.050]Epoch 4:  92%|█████████▏| 133/144 [00:03<00:00, 36.11it/s, v_num=73760, train_loss_step=0.0653, val_loss=0.0925, val_acc=0.969, train_loss_epoch=0.050]Epoch 4:  93%|█████████▎| 134/144 [00:03<00:00, 36.14it/s, v_num=73760, train_loss_step=0.0653, val_loss=0.0925, val_acc=0.969, train_loss_epoch=0.050]Epoch 4:  93%|█████████▎| 134/144 [00:03<00:00, 36.14it/s, v_num=73760, train_loss_step=0.0472, val_loss=0.0925, val_acc=0.969, train_loss_epoch=0.050]Epoch 4:  94%|█████████▍| 135/144 [00:03<00:00, 36.16it/s, v_num=73760, train_loss_step=0.0472, val_loss=0.0925, val_acc=0.969, train_loss_epoch=0.050]Epoch 4:  94%|█████████▍| 135/144 [00:03<00:00, 36.16it/s, v_num=73760, train_loss_step=0.0799, val_loss=0.0925, val_acc=0.969, train_loss_epoch=0.050]Epoch 4:  94%|█████████▍| 136/144 [00:03<00:00, 36.18it/s, v_num=73760, train_loss_step=0.0799, val_loss=0.0925, val_acc=0.969, train_loss_epoch=0.050]Epoch 4:  94%|█████████▍| 136/144 [00:03<00:00, 36.18it/s, v_num=73760, train_loss_step=0.0884, val_loss=0.0925, val_acc=0.969, train_loss_epoch=0.050]Epoch 4:  95%|█████████▌| 137/144 [00:03<00:00, 36.17it/s, v_num=73760, train_loss_step=0.0884, val_loss=0.0925, val_acc=0.969, train_loss_epoch=0.050]Epoch 4:  95%|█████████▌| 137/144 [00:03<00:00, 36.17it/s, v_num=73760, train_loss_step=0.0572, val_loss=0.0925, val_acc=0.969, train_loss_epoch=0.050]Epoch 4:  96%|█████████▌| 138/144 [00:03<00:00, 36.20it/s, v_num=73760, train_loss_step=0.0572, val_loss=0.0925, val_acc=0.969, train_loss_epoch=0.050]Epoch 4:  96%|█████████▌| 138/144 [00:03<00:00, 36.19it/s, v_num=73760, train_loss_step=0.0479, val_loss=0.0925, val_acc=0.969, train_loss_epoch=0.050]Epoch 4:  97%|█████████▋| 139/144 [00:03<00:00, 36.23it/s, v_num=73760, train_loss_step=0.0479, val_loss=0.0925, val_acc=0.969, train_loss_epoch=0.050]Epoch 4:  97%|█████████▋| 139/144 [00:03<00:00, 36.22it/s, v_num=73760, train_loss_step=0.0579, val_loss=0.0925, val_acc=0.969, train_loss_epoch=0.050]Epoch 4:  97%|█████████▋| 140/144 [00:03<00:00, 36.25it/s, v_num=73760, train_loss_step=0.0579, val_loss=0.0925, val_acc=0.969, train_loss_epoch=0.050]Epoch 4:  97%|█████████▋| 140/144 [00:03<00:00, 36.24it/s, v_num=73760, train_loss_step=0.0327, val_loss=0.0925, val_acc=0.969, train_loss_epoch=0.050]Epoch 4:  98%|█████████▊| 141/144 [00:03<00:00, 36.25it/s, v_num=73760, train_loss_step=0.0327, val_loss=0.0925, val_acc=0.969, train_loss_epoch=0.050]Epoch 4:  98%|█████████▊| 141/144 [00:03<00:00, 36.24it/s, v_num=73760, train_loss_step=0.0508, val_loss=0.0925, val_acc=0.969, train_loss_epoch=0.050]Epoch 4:  99%|█████████▊| 142/144 [00:03<00:00, 36.21it/s, v_num=73760, train_loss_step=0.0508, val_loss=0.0925, val_acc=0.969, train_loss_epoch=0.050]Epoch 4:  99%|█████████▊| 142/144 [00:03<00:00, 36.21it/s, v_num=73760, train_loss_step=0.0281, val_loss=0.0925, val_acc=0.969, train_loss_epoch=0.050]Epoch 4:  99%|█████████▉| 143/144 [00:03<00:00, 36.24it/s, v_num=73760, train_loss_step=0.0281, val_loss=0.0925, val_acc=0.969, train_loss_epoch=0.050]Epoch 4:  99%|█████████▉| 143/144 [00:03<00:00, 36.24it/s, v_num=73760, train_loss_step=0.0202, val_loss=0.0925, val_acc=0.969, train_loss_epoch=0.050]Epoch 4: 100%|██████████| 144/144 [00:03<00:00, 36.26it/s, v_num=73760, train_loss_step=0.0202, val_loss=0.0925, val_acc=0.969, train_loss_epoch=0.050]Epoch 4: 100%|██████████| 144/144 [00:03<00:00, 36.26it/s, v_num=73760, train_loss_step=0.00558, val_loss=0.0925, val_acc=0.969, train_loss_epoch=0.050]
Validation: |          | 0/? [00:00<?, ?it/s][A
Validation:   0%|          | 0/14 [00:00<?, ?it/s][A
Validation DataLoader 0:   0%|          | 0/14 [00:00<?, ?it/s][A
Validation DataLoader 0:   7%|▋         | 1/14 [00:00<00:00, 135.50it/s][A
Validation DataLoader 0:  14%|█▍        | 2/14 [00:00<00:00, 71.55it/s] [A
Validation DataLoader 0:  21%|██▏       | 3/14 [00:00<00:00, 79.06it/s][A
Validation DataLoader 0:  29%|██▊       | 4/14 [00:00<00:00, 82.91it/s][A
Validation DataLoader 0:  36%|███▌      | 5/14 [00:00<00:00, 86.11it/s][A
Validation DataLoader 0:  43%|████▎     | 6/14 [00:00<00:00, 88.41it/s][A
Validation DataLoader 0:  50%|█████     | 7/14 [00:00<00:00, 90.23it/s][A
Validation DataLoader 0:  57%|█████▋    | 8/14 [00:00<00:00, 91.66it/s][A
Validation DataLoader 0:  64%|██████▍   | 9/14 [00:00<00:00, 92.26it/s][A
Validation DataLoader 0:  71%|███████▏  | 10/14 [00:00<00:00, 93.24it/s][A
Validation DataLoader 0:  79%|███████▊  | 11/14 [00:00<00:00, 93.69it/s][A
Validation DataLoader 0:  86%|████████▌ | 12/14 [00:00<00:00, 91.16it/s][A
Validation DataLoader 0:  93%|█████████▎| 13/14 [00:00<00:00, 89.06it/s][A
Validation DataLoader 0: 100%|██████████| 14/14 [00:00<00:00, 87.27it/s][A
                                                                        [AEpoch 4: 100%|██████████| 144/144 [00:04<00:00, 34.65it/s, v_num=73760, train_loss_step=0.00558, val_loss=0.0368, val_acc=0.988, train_loss_epoch=0.050]Epoch 4: 100%|██████████| 144/144 [00:04<00:00, 34.64it/s, v_num=73760, train_loss_step=0.00558, val_loss=0.0368, val_acc=0.988, train_loss_epoch=0.0496][2025-09-09 04:08:38,033] [INFO] [logging.py:107:log_dist] [Rank 0] [Torch] Checkpoint checkpoint is begin to save!
[2025-09-09 04:08:38,037] [INFO] [logging.py:107:log_dist] [Rank 0] Saving model checkpoint: deepspeed_logs/lightning_logs/version_73760/checkpoints/deepspeed-epoch=04-val_acc=0.99.ckpt/checkpoint/zero_pp_rank_0_mp_rank_00_model_states.pt
Epoch 4:   0%|          | 0/144 [00:00<?, ?it/s, v_num=73760, train_loss_step=0.00558, val_loss=0.0368, val_acc=0.988, train_loss_epoch=0.0496]          Epoch 5:   0%|          | 0/144 [00:00<?, ?it/s, v_num=73760, train_loss_step=0.00558, val_loss=0.0368, val_acc=0.988, train_loss_epoch=0.0496]Epoch 5:   1%|          | 1/144 [00:00<00:12, 11.66it/s, v_num=73760, train_loss_step=0.00558, val_loss=0.0368, val_acc=0.988, train_loss_epoch=0.0496]Epoch 5:   1%|          | 1/144 [00:00<00:12, 11.64it/s, v_num=73760, train_loss_step=0.0219, val_loss=0.0368, val_acc=0.988, train_loss_epoch=0.0496] Epoch 5:   1%|▏         | 2/144 [00:00<00:08, 17.57it/s, v_num=73760, train_loss_step=0.0219, val_loss=0.0368, val_acc=0.988, train_loss_epoch=0.0496]Epoch 5:   1%|▏         | 2/144 [00:00<00:08, 17.55it/s, v_num=73760, train_loss_step=0.0216, val_loss=0.0368, val_acc=0.988, train_loss_epoch=0.0496]Epoch 5:   2%|▏         | 3/144 [00:00<00:06, 20.50it/s, v_num=73760, train_loss_step=0.0216, val_loss=0.0368, val_acc=0.988, train_loss_epoch=0.0496]Epoch 5:   2%|▏         | 3/144 [00:00<00:06, 20.47it/s, v_num=73760, train_loss_step=0.0268, val_loss=0.0368, val_acc=0.988, train_loss_epoch=0.0496]Epoch 5:   3%|▎         | 4/144 [00:00<00:06, 22.99it/s, v_num=73760, train_loss_step=0.0268, val_loss=0.0368, val_acc=0.988, train_loss_epoch=0.0496]Epoch 5:   3%|▎         | 4/144 [00:00<00:06, 22.96it/s, v_num=73760, train_loss_step=0.0491, val_loss=0.0368, val_acc=0.988, train_loss_epoch=0.0496]Epoch 5:   3%|▎         | 5/144 [00:00<00:05, 24.77it/s, v_num=73760, train_loss_step=0.0491, val_loss=0.0368, val_acc=0.988, train_loss_epoch=0.0496]Epoch 5:   3%|▎         | 5/144 [00:00<00:05, 24.75it/s, v_num=73760, train_loss_step=0.0353, val_loss=0.0368, val_acc=0.988, train_loss_epoch=0.0496]Epoch 5:   4%|▍         | 6/144 [00:00<00:05, 26.11it/s, v_num=73760, train_loss_step=0.0353, val_loss=0.0368, val_acc=0.988, train_loss_epoch=0.0496]Epoch 5:   4%|▍         | 6/144 [00:00<00:05, 26.09it/s, v_num=73760, train_loss_step=0.0407, val_loss=0.0368, val_acc=0.988, train_loss_epoch=0.0496]Epoch 5:   5%|▍         | 7/144 [00:00<00:05, 26.74it/s, v_num=73760, train_loss_step=0.0407, val_loss=0.0368, val_acc=0.988, train_loss_epoch=0.0496]Epoch 5:   5%|▍         | 7/144 [00:00<00:05, 26.72it/s, v_num=73760, train_loss_step=0.0153, val_loss=0.0368, val_acc=0.988, train_loss_epoch=0.0496]Epoch 5:   6%|▌         | 8/144 [00:00<00:04, 27.32it/s, v_num=73760, train_loss_step=0.0153, val_loss=0.0368, val_acc=0.988, train_loss_epoch=0.0496]Epoch 5:   6%|▌         | 8/144 [00:00<00:04, 27.31it/s, v_num=73760, train_loss_step=0.0317, val_loss=0.0368, val_acc=0.988, train_loss_epoch=0.0496]Epoch 5:   6%|▋         | 9/144 [00:00<00:04, 28.23it/s, v_num=73760, train_loss_step=0.0317, val_loss=0.0368, val_acc=0.988, train_loss_epoch=0.0496]Epoch 5:   6%|▋         | 9/144 [00:00<00:04, 28.22it/s, v_num=73760, train_loss_step=0.0242, val_loss=0.0368, val_acc=0.988, train_loss_epoch=0.0496]Epoch 5:   7%|▋         | 10/144 [00:00<00:04, 29.01it/s, v_num=73760, train_loss_step=0.0242, val_loss=0.0368, val_acc=0.988, train_loss_epoch=0.0496]Epoch 5:   7%|▋         | 10/144 [00:00<00:04, 29.00it/s, v_num=73760, train_loss_step=0.015, val_loss=0.0368, val_acc=0.988, train_loss_epoch=0.0496] Epoch 5:   8%|▊         | 11/144 [00:00<00:04, 29.42it/s, v_num=73760, train_loss_step=0.015, val_loss=0.0368, val_acc=0.988, train_loss_epoch=0.0496]Epoch 5:   8%|▊         | 11/144 [00:00<00:04, 29.41it/s, v_num=73760, train_loss_step=0.0491, val_loss=0.0368, val_acc=0.988, train_loss_epoch=0.0496]Epoch 5:   8%|▊         | 12/144 [00:00<00:04, 30.08it/s, v_num=73760, train_loss_step=0.0491, val_loss=0.0368, val_acc=0.988, train_loss_epoch=0.0496]Epoch 5:   8%|▊         | 12/144 [00:00<00:04, 30.07it/s, v_num=73760, train_loss_step=0.0291, val_loss=0.0368, val_acc=0.988, train_loss_epoch=0.0496]Epoch 5:   9%|▉         | 13/144 [00:00<00:04, 30.56it/s, v_num=73760, train_loss_step=0.0291, val_loss=0.0368, val_acc=0.988, train_loss_epoch=0.0496]Epoch 5:   9%|▉         | 13/144 [00:00<00:04, 30.55it/s, v_num=73760, train_loss_step=0.0177, val_loss=0.0368, val_acc=0.988, train_loss_epoch=0.0496]Epoch 5:  10%|▉         | 14/144 [00:00<00:04, 31.01it/s, v_num=73760, train_loss_step=0.0177, val_loss=0.0368, val_acc=0.988, train_loss_epoch=0.0496]Epoch 5:  10%|▉         | 14/144 [00:00<00:04, 30.99it/s, v_num=73760, train_loss_step=0.029, val_loss=0.0368, val_acc=0.988, train_loss_epoch=0.0496] Epoch 5:  10%|█         | 15/144 [00:00<00:04, 31.23it/s, v_num=73760, train_loss_step=0.029, val_loss=0.0368, val_acc=0.988, train_loss_epoch=0.0496]Epoch 5:  10%|█         | 15/144 [00:00<00:04, 31.22it/s, v_num=73760, train_loss_step=0.0212, val_loss=0.0368, val_acc=0.988, train_loss_epoch=0.0496]Epoch 5:  11%|█         | 16/144 [00:00<00:04, 31.53it/s, v_num=73760, train_loss_step=0.0212, val_loss=0.0368, val_acc=0.988, train_loss_epoch=0.0496]Epoch 5:  11%|█         | 16/144 [00:00<00:04, 31.52it/s, v_num=73760, train_loss_step=0.0221, val_loss=0.0368, val_acc=0.988, train_loss_epoch=0.0496]Epoch 5:  12%|█▏        | 17/144 [00:00<00:03, 31.91it/s, v_num=73760, train_loss_step=0.0221, val_loss=0.0368, val_acc=0.988, train_loss_epoch=0.0496]Epoch 5:  12%|█▏        | 17/144 [00:00<00:03, 31.90it/s, v_num=73760, train_loss_step=0.0373, val_loss=0.0368, val_acc=0.988, train_loss_epoch=0.0496]Epoch 5:  12%|█▎        | 18/144 [00:00<00:03, 32.12it/s, v_num=73760, train_loss_step=0.0373, val_loss=0.0368, val_acc=0.988, train_loss_epoch=0.0496]Epoch 5:  12%|█▎        | 18/144 [00:00<00:03, 32.11it/s, v_num=73760, train_loss_step=0.027, val_loss=0.0368, val_acc=0.988, train_loss_epoch=0.0496] Epoch 5:  13%|█▎        | 19/144 [00:00<00:03, 32.27it/s, v_num=73760, train_loss_step=0.027, val_loss=0.0368, val_acc=0.988, train_loss_epoch=0.0496]Epoch 5:  13%|█▎        | 19/144 [00:00<00:03, 32.26it/s, v_num=73760, train_loss_step=0.0263, val_loss=0.0368, val_acc=0.988, train_loss_epoch=0.0496]Epoch 5:  14%|█▍        | 20/144 [00:00<00:03, 32.33it/s, v_num=73760, train_loss_step=0.0263, val_loss=0.0368, val_acc=0.988, train_loss_epoch=0.0496]Epoch 5:  14%|█▍        | 20/144 [00:00<00:03, 32.32it/s, v_num=73760, train_loss_step=0.0372, val_loss=0.0368, val_acc=0.988, train_loss_epoch=0.0496]Epoch 5:  15%|█▍        | 21/144 [00:00<00:03, 32.56it/s, v_num=73760, train_loss_step=0.0372, val_loss=0.0368, val_acc=0.988, train_loss_epoch=0.0496]Epoch 5:  15%|█▍        | 21/144 [00:00<00:03, 32.55it/s, v_num=73760, train_loss_step=0.0448, val_loss=0.0368, val_acc=0.988, train_loss_epoch=0.0496]Epoch 5:  15%|█▌        | 22/144 [00:00<00:03, 32.81it/s, v_num=73760, train_loss_step=0.0448, val_loss=0.0368, val_acc=0.988, train_loss_epoch=0.0496]Epoch 5:  15%|█▌        | 22/144 [00:00<00:03, 32.80it/s, v_num=73760, train_loss_step=0.0176, val_loss=0.0368, val_acc=0.988, train_loss_epoch=0.0496]Epoch 5:  16%|█▌        | 23/144 [00:00<00:03, 32.85it/s, v_num=73760, train_loss_step=0.0176, val_loss=0.0368, val_acc=0.988, train_loss_epoch=0.0496]Epoch 5:  16%|█▌        | 23/144 [00:00<00:03, 32.84it/s, v_num=73760, train_loss_step=0.0146, val_loss=0.0368, val_acc=0.988, train_loss_epoch=0.0496]Epoch 5:  17%|█▋        | 24/144 [00:00<00:03, 33.07it/s, v_num=73760, train_loss_step=0.0146, val_loss=0.0368, val_acc=0.988, train_loss_epoch=0.0496]Epoch 5:  17%|█▋        | 24/144 [00:00<00:03, 33.06it/s, v_num=73760, train_loss_step=0.0195, val_loss=0.0368, val_acc=0.988, train_loss_epoch=0.0496]Epoch 5:  17%|█▋        | 25/144 [00:00<00:03, 33.28it/s, v_num=73760, train_loss_step=0.0195, val_loss=0.0368, val_acc=0.988, train_loss_epoch=0.0496]Epoch 5:  17%|█▋        | 25/144 [00:00<00:03, 33.28it/s, v_num=73760, train_loss_step=0.0319, val_loss=0.0368, val_acc=0.988, train_loss_epoch=0.0496]Epoch 5:  18%|█▊        | 26/144 [00:00<00:03, 33.36it/s, v_num=73760, train_loss_step=0.0319, val_loss=0.0368, val_acc=0.988, train_loss_epoch=0.0496]Epoch 5:  18%|█▊        | 26/144 [00:00<00:03, 33.35it/s, v_num=73760, train_loss_step=0.0209, val_loss=0.0368, val_acc=0.988, train_loss_epoch=0.0496]Epoch 5:  19%|█▉        | 27/144 [00:00<00:03, 33.38it/s, v_num=73760, train_loss_step=0.0209, val_loss=0.0368, val_acc=0.988, train_loss_epoch=0.0496]Epoch 5:  19%|█▉        | 27/144 [00:00<00:03, 33.37it/s, v_num=73760, train_loss_step=0.0221, val_loss=0.0368, val_acc=0.988, train_loss_epoch=0.0496]Epoch 5:  19%|█▉        | 28/144 [00:00<00:03, 33.53it/s, v_num=73760, train_loss_step=0.0221, val_loss=0.0368, val_acc=0.988, train_loss_epoch=0.0496]Epoch 5:  19%|█▉        | 28/144 [00:00<00:03, 33.53it/s, v_num=73760, train_loss_step=0.024, val_loss=0.0368, val_acc=0.988, train_loss_epoch=0.0496] Epoch 5:  20%|██        | 29/144 [00:00<00:03, 33.65it/s, v_num=73760, train_loss_step=0.024, val_loss=0.0368, val_acc=0.988, train_loss_epoch=0.0496]Epoch 5:  20%|██        | 29/144 [00:00<00:03, 33.64it/s, v_num=73760, train_loss_step=0.060, val_loss=0.0368, val_acc=0.988, train_loss_epoch=0.0496]Epoch 5:  21%|██        | 30/144 [00:00<00:03, 33.80it/s, v_num=73760, train_loss_step=0.060, val_loss=0.0368, val_acc=0.988, train_loss_epoch=0.0496]Epoch 5:  21%|██        | 30/144 [00:00<00:03, 33.80it/s, v_num=73760, train_loss_step=0.0465, val_loss=0.0368, val_acc=0.988, train_loss_epoch=0.0496]Epoch 5:  22%|██▏       | 31/144 [00:00<00:03, 33.73it/s, v_num=73760, train_loss_step=0.0465, val_loss=0.0368, val_acc=0.988, train_loss_epoch=0.0496]Epoch 5:  22%|██▏       | 31/144 [00:00<00:03, 33.73it/s, v_num=73760, train_loss_step=0.0402, val_loss=0.0368, val_acc=0.988, train_loss_epoch=0.0496]Epoch 5:  22%|██▏       | 32/144 [00:00<00:03, 33.87it/s, v_num=73760, train_loss_step=0.0402, val_loss=0.0368, val_acc=0.988, train_loss_epoch=0.0496]Epoch 5:  22%|██▏       | 32/144 [00:00<00:03, 33.87it/s, v_num=73760, train_loss_step=0.0458, val_loss=0.0368, val_acc=0.988, train_loss_epoch=0.0496]Epoch 5:  23%|██▎       | 33/144 [00:00<00:03, 33.99it/s, v_num=73760, train_loss_step=0.0458, val_loss=0.0368, val_acc=0.988, train_loss_epoch=0.0496]Epoch 5:  23%|██▎       | 33/144 [00:00<00:03, 33.99it/s, v_num=73760, train_loss_step=0.0254, val_loss=0.0368, val_acc=0.988, train_loss_epoch=0.0496]Epoch 5:  24%|██▎       | 34/144 [00:00<00:03, 34.09it/s, v_num=73760, train_loss_step=0.0254, val_loss=0.0368, val_acc=0.988, train_loss_epoch=0.0496]Epoch 5:  24%|██▎       | 34/144 [00:00<00:03, 34.09it/s, v_num=73760, train_loss_step=0.0269, val_loss=0.0368, val_acc=0.988, train_loss_epoch=0.0496]Epoch 5:  24%|██▍       | 35/144 [00:01<00:03, 34.03it/s, v_num=73760, train_loss_step=0.0269, val_loss=0.0368, val_acc=0.988, train_loss_epoch=0.0496]Epoch 5:  24%|██▍       | 35/144 [00:01<00:03, 34.02it/s, v_num=73760, train_loss_step=0.0262, val_loss=0.0368, val_acc=0.988, train_loss_epoch=0.0496]Epoch 5:  25%|██▌       | 36/144 [00:01<00:03, 34.13it/s, v_num=73760, train_loss_step=0.0262, val_loss=0.0368, val_acc=0.988, train_loss_epoch=0.0496]Epoch 5:  25%|██▌       | 36/144 [00:01<00:03, 34.12it/s, v_num=73760, train_loss_step=0.0527, val_loss=0.0368, val_acc=0.988, train_loss_epoch=0.0496]Epoch 5:  26%|██▌       | 37/144 [00:01<00:03, 34.17it/s, v_num=73760, train_loss_step=0.0527, val_loss=0.0368, val_acc=0.988, train_loss_epoch=0.0496]Epoch 5:  26%|██▌       | 37/144 [00:01<00:03, 34.16it/s, v_num=73760, train_loss_step=0.0161, val_loss=0.0368, val_acc=0.988, train_loss_epoch=0.0496]Epoch 5:  26%|██▋       | 38/144 [00:01<00:03, 34.20it/s, v_num=73760, train_loss_step=0.0161, val_loss=0.0368, val_acc=0.988, train_loss_epoch=0.0496]Epoch 5:  26%|██▋       | 38/144 [00:01<00:03, 34.19it/s, v_num=73760, train_loss_step=0.0352, val_loss=0.0368, val_acc=0.988, train_loss_epoch=0.0496]Epoch 5:  27%|██▋       | 39/144 [00:01<00:03, 34.22it/s, v_num=73760, train_loss_step=0.0352, val_loss=0.0368, val_acc=0.988, train_loss_epoch=0.0496]Epoch 5:  27%|██▋       | 39/144 [00:01<00:03, 34.21it/s, v_num=73760, train_loss_step=0.0276, val_loss=0.0368, val_acc=0.988, train_loss_epoch=0.0496]Epoch 5:  28%|██▊       | 40/144 [00:01<00:03, 34.29it/s, v_num=73760, train_loss_step=0.0276, val_loss=0.0368, val_acc=0.988, train_loss_epoch=0.0496]Epoch 5:  28%|██▊       | 40/144 [00:01<00:03, 34.29it/s, v_num=73760, train_loss_step=0.0282, val_loss=0.0368, val_acc=0.988, train_loss_epoch=0.0496]Epoch 5:  28%|██▊       | 41/144 [00:01<00:02, 34.36it/s, v_num=73760, train_loss_step=0.0282, val_loss=0.0368, val_acc=0.988, train_loss_epoch=0.0496]Epoch 5:  28%|██▊       | 41/144 [00:01<00:02, 34.36it/s, v_num=73760, train_loss_step=0.0322, val_loss=0.0368, val_acc=0.988, train_loss_epoch=0.0496]Epoch 5:  29%|██▉       | 42/144 [00:01<00:02, 34.44it/s, v_num=73760, train_loss_step=0.0322, val_loss=0.0368, val_acc=0.988, train_loss_epoch=0.0496]Epoch 5:  29%|██▉       | 42/144 [00:01<00:02, 34.43it/s, v_num=73760, train_loss_step=0.0142, val_loss=0.0368, val_acc=0.988, train_loss_epoch=0.0496]Epoch 5:  30%|██▉       | 43/144 [00:01<00:02, 34.42it/s, v_num=73760, train_loss_step=0.0142, val_loss=0.0368, val_acc=0.988, train_loss_epoch=0.0496]Epoch 5:  30%|██▉       | 43/144 [00:01<00:02, 34.41it/s, v_num=73760, train_loss_step=0.056, val_loss=0.0368, val_acc=0.988, train_loss_epoch=0.0496] Epoch 5:  31%|███       | 44/144 [00:01<00:02, 34.54it/s, v_num=73760, train_loss_step=0.056, val_loss=0.0368, val_acc=0.988, train_loss_epoch=0.0496]Epoch 5:  31%|███       | 44/144 [00:01<00:02, 34.53it/s, v_num=73760, train_loss_step=0.0451, val_loss=0.0368, val_acc=0.988, train_loss_epoch=0.0496]Epoch 5:  31%|███▏      | 45/144 [00:01<00:02, 34.62it/s, v_num=73760, train_loss_step=0.0451, val_loss=0.0368, val_acc=0.988, train_loss_epoch=0.0496]Epoch 5:  31%|███▏      | 45/144 [00:01<00:02, 34.61it/s, v_num=73760, train_loss_step=0.0322, val_loss=0.0368, val_acc=0.988, train_loss_epoch=0.0496]Epoch 5:  32%|███▏      | 46/144 [00:01<00:02, 34.69it/s, v_num=73760, train_loss_step=0.0322, val_loss=0.0368, val_acc=0.988, train_loss_epoch=0.0496]Epoch 5:  32%|███▏      | 46/144 [00:01<00:02, 34.69it/s, v_num=73760, train_loss_step=0.0308, val_loss=0.0368, val_acc=0.988, train_loss_epoch=0.0496]Epoch 5:  33%|███▎      | 47/144 [00:01<00:02, 34.67it/s, v_num=73760, train_loss_step=0.0308, val_loss=0.0368, val_acc=0.988, train_loss_epoch=0.0496]Epoch 5:  33%|███▎      | 47/144 [00:01<00:02, 34.66it/s, v_num=73760, train_loss_step=0.0198, val_loss=0.0368, val_acc=0.988, train_loss_epoch=0.0496]Epoch 5:  33%|███▎      | 48/144 [00:01<00:02, 34.76it/s, v_num=73760, train_loss_step=0.0198, val_loss=0.0368, val_acc=0.988, train_loss_epoch=0.0496]Epoch 5:  33%|███▎      | 48/144 [00:01<00:02, 34.76it/s, v_num=73760, train_loss_step=0.0382, val_loss=0.0368, val_acc=0.988, train_loss_epoch=0.0496]Epoch 5:  34%|███▍      | 49/144 [00:01<00:02, 34.85it/s, v_num=73760, train_loss_step=0.0382, val_loss=0.0368, val_acc=0.988, train_loss_epoch=0.0496]Epoch 5:  34%|███▍      | 49/144 [00:01<00:02, 34.85it/s, v_num=73760, train_loss_step=0.0189, val_loss=0.0368, val_acc=0.988, train_loss_epoch=0.0496]Epoch 5:  35%|███▍      | 50/144 [00:01<00:02, 34.88it/s, v_num=73760, train_loss_step=0.0189, val_loss=0.0368, val_acc=0.988, train_loss_epoch=0.0496]Epoch 5:  35%|███▍      | 50/144 [00:01<00:02, 34.88it/s, v_num=73760, train_loss_step=0.0483, val_loss=0.0368, val_acc=0.988, train_loss_epoch=0.0496]Epoch 5:  35%|███▌      | 51/144 [00:01<00:02, 34.91it/s, v_num=73760, train_loss_step=0.0483, val_loss=0.0368, val_acc=0.988, train_loss_epoch=0.0496]Epoch 5:  35%|███▌      | 51/144 [00:01<00:02, 34.90it/s, v_num=73760, train_loss_step=0.025, val_loss=0.0368, val_acc=0.988, train_loss_epoch=0.0496] Epoch 5:  36%|███▌      | 52/144 [00:01<00:02, 34.93it/s, v_num=73760, train_loss_step=0.025, val_loss=0.0368, val_acc=0.988, train_loss_epoch=0.0496]Epoch 5:  36%|███▌      | 52/144 [00:01<00:02, 34.93it/s, v_num=73760, train_loss_step=0.0244, val_loss=0.0368, val_acc=0.988, train_loss_epoch=0.0496]Epoch 5:  37%|███▋      | 53/144 [00:01<00:02, 34.98it/s, v_num=73760, train_loss_step=0.0244, val_loss=0.0368, val_acc=0.988, train_loss_epoch=0.0496]Epoch 5:  37%|███▋      | 53/144 [00:01<00:02, 34.98it/s, v_num=73760, train_loss_step=0.0439, val_loss=0.0368, val_acc=0.988, train_loss_epoch=0.0496]Epoch 5:  38%|███▊      | 54/144 [00:01<00:02, 34.98it/s, v_num=73760, train_loss_step=0.0439, val_loss=0.0368, val_acc=0.988, train_loss_epoch=0.0496]Epoch 5:  38%|███▊      | 54/144 [00:01<00:02, 34.97it/s, v_num=73760, train_loss_step=0.035, val_loss=0.0368, val_acc=0.988, train_loss_epoch=0.0496] Epoch 5:  38%|███▊      | 55/144 [00:01<00:02, 34.99it/s, v_num=73760, train_loss_step=0.035, val_loss=0.0368, val_acc=0.988, train_loss_epoch=0.0496]Epoch 5:  38%|███▊      | 55/144 [00:01<00:02, 34.98it/s, v_num=73760, train_loss_step=0.034, val_loss=0.0368, val_acc=0.988, train_loss_epoch=0.0496]Epoch 5:  39%|███▉      | 56/144 [00:01<00:02, 35.07it/s, v_num=73760, train_loss_step=0.034, val_loss=0.0368, val_acc=0.988, train_loss_epoch=0.0496]Epoch 5:  39%|███▉      | 56/144 [00:01<00:02, 35.07it/s, v_num=73760, train_loss_step=0.017, val_loss=0.0368, val_acc=0.988, train_loss_epoch=0.0496]Epoch 5:  40%|███▉      | 57/144 [00:01<00:02, 35.09it/s, v_num=73760, train_loss_step=0.017, val_loss=0.0368, val_acc=0.988, train_loss_epoch=0.0496]Epoch 5:  40%|███▉      | 57/144 [00:01<00:02, 35.09it/s, v_num=73760, train_loss_step=0.0582, val_loss=0.0368, val_acc=0.988, train_loss_epoch=0.0496]Epoch 5:  40%|████      | 58/144 [00:01<00:02, 35.10it/s, v_num=73760, train_loss_step=0.0582, val_loss=0.0368, val_acc=0.988, train_loss_epoch=0.0496]Epoch 5:  40%|████      | 58/144 [00:01<00:02, 35.10it/s, v_num=73760, train_loss_step=0.0415, val_loss=0.0368, val_acc=0.988, train_loss_epoch=0.0496]Epoch 5:  41%|████      | 59/144 [00:01<00:02, 35.02it/s, v_num=73760, train_loss_step=0.0415, val_loss=0.0368, val_acc=0.988, train_loss_epoch=0.0496]Epoch 5:  41%|████      | 59/144 [00:01<00:02, 35.02it/s, v_num=73760, train_loss_step=0.0263, val_loss=0.0368, val_acc=0.988, train_loss_epoch=0.0496]Epoch 5:  42%|████▏     | 60/144 [00:01<00:02, 35.06it/s, v_num=73760, train_loss_step=0.0263, val_loss=0.0368, val_acc=0.988, train_loss_epoch=0.0496]Epoch 5:  42%|████▏     | 60/144 [00:01<00:02, 35.06it/s, v_num=73760, train_loss_step=0.0325, val_loss=0.0368, val_acc=0.988, train_loss_epoch=0.0496]Epoch 5:  42%|████▏     | 61/144 [00:01<00:02, 35.12it/s, v_num=73760, train_loss_step=0.0325, val_loss=0.0368, val_acc=0.988, train_loss_epoch=0.0496]Epoch 5:  42%|████▏     | 61/144 [00:01<00:02, 35.12it/s, v_num=73760, train_loss_step=0.00928, val_loss=0.0368, val_acc=0.988, train_loss_epoch=0.0496]Epoch 5:  43%|████▎     | 62/144 [00:01<00:02, 35.14it/s, v_num=73760, train_loss_step=0.00928, val_loss=0.0368, val_acc=0.988, train_loss_epoch=0.0496]Epoch 5:  43%|████▎     | 62/144 [00:01<00:02, 35.14it/s, v_num=73760, train_loss_step=0.0719, val_loss=0.0368, val_acc=0.988, train_loss_epoch=0.0496] Epoch 5:  44%|████▍     | 63/144 [00:01<00:02, 35.11it/s, v_num=73760, train_loss_step=0.0719, val_loss=0.0368, val_acc=0.988, train_loss_epoch=0.0496]Epoch 5:  44%|████▍     | 63/144 [00:01<00:02, 35.10it/s, v_num=73760, train_loss_step=0.0172, val_loss=0.0368, val_acc=0.988, train_loss_epoch=0.0496]Epoch 5:  44%|████▍     | 64/144 [00:01<00:02, 35.14it/s, v_num=73760, train_loss_step=0.0172, val_loss=0.0368, val_acc=0.988, train_loss_epoch=0.0496]Epoch 5:  44%|████▍     | 64/144 [00:01<00:02, 35.14it/s, v_num=73760, train_loss_step=0.0472, val_loss=0.0368, val_acc=0.988, train_loss_epoch=0.0496]Epoch 5:  45%|████▌     | 65/144 [00:01<00:02, 35.18it/s, v_num=73760, train_loss_step=0.0472, val_loss=0.0368, val_acc=0.988, train_loss_epoch=0.0496]Epoch 5:  45%|████▌     | 65/144 [00:01<00:02, 35.17it/s, v_num=73760, train_loss_step=0.0259, val_loss=0.0368, val_acc=0.988, train_loss_epoch=0.0496]Epoch 5:  46%|████▌     | 66/144 [00:01<00:02, 35.22it/s, v_num=73760, train_loss_step=0.0259, val_loss=0.0368, val_acc=0.988, train_loss_epoch=0.0496]Epoch 5:  46%|████▌     | 66/144 [00:01<00:02, 35.22it/s, v_num=73760, train_loss_step=0.0699, val_loss=0.0368, val_acc=0.988, train_loss_epoch=0.0496]Epoch 5:  47%|████▋     | 67/144 [00:01<00:02, 35.19it/s, v_num=73760, train_loss_step=0.0699, val_loss=0.0368, val_acc=0.988, train_loss_epoch=0.0496]Epoch 5:  47%|████▋     | 67/144 [00:01<00:02, 35.19it/s, v_num=73760, train_loss_step=0.0539, val_loss=0.0368, val_acc=0.988, train_loss_epoch=0.0496]Epoch 5:  47%|████▋     | 68/144 [00:01<00:02, 35.19it/s, v_num=73760, train_loss_step=0.0539, val_loss=0.0368, val_acc=0.988, train_loss_epoch=0.0496]Epoch 5:  47%|████▋     | 68/144 [00:01<00:02, 35.19it/s, v_num=73760, train_loss_step=0.0331, val_loss=0.0368, val_acc=0.988, train_loss_epoch=0.0496]Epoch 5:  48%|████▊     | 69/144 [00:01<00:02, 35.24it/s, v_num=73760, train_loss_step=0.0331, val_loss=0.0368, val_acc=0.988, train_loss_epoch=0.0496]Epoch 5:  48%|████▊     | 69/144 [00:01<00:02, 35.24it/s, v_num=73760, train_loss_step=0.0311, val_loss=0.0368, val_acc=0.988, train_loss_epoch=0.0496]Epoch 5:  49%|████▊     | 70/144 [00:01<00:02, 35.28it/s, v_num=73760, train_loss_step=0.0311, val_loss=0.0368, val_acc=0.988, train_loss_epoch=0.0496]Epoch 5:  49%|████▊     | 70/144 [00:01<00:02, 35.28it/s, v_num=73760, train_loss_step=0.0318, val_loss=0.0368, val_acc=0.988, train_loss_epoch=0.0496]Epoch 5:  49%|████▉     | 71/144 [00:02<00:02, 35.25it/s, v_num=73760, train_loss_step=0.0318, val_loss=0.0368, val_acc=0.988, train_loss_epoch=0.0496]Epoch 5:  49%|████▉     | 71/144 [00:02<00:02, 35.24it/s, v_num=73760, train_loss_step=0.0488, val_loss=0.0368, val_acc=0.988, train_loss_epoch=0.0496]Epoch 5:  50%|█████     | 72/144 [00:02<00:02, 35.29it/s, v_num=73760, train_loss_step=0.0488, val_loss=0.0368, val_acc=0.988, train_loss_epoch=0.0496]Epoch 5:  50%|█████     | 72/144 [00:02<00:02, 35.29it/s, v_num=73760, train_loss_step=0.0336, val_loss=0.0368, val_acc=0.988, train_loss_epoch=0.0496]Epoch 5:  51%|█████     | 73/144 [00:02<00:02, 35.35it/s, v_num=73760, train_loss_step=0.0336, val_loss=0.0368, val_acc=0.988, train_loss_epoch=0.0496]Epoch 5:  51%|█████     | 73/144 [00:02<00:02, 35.34it/s, v_num=73760, train_loss_step=0.0342, val_loss=0.0368, val_acc=0.988, train_loss_epoch=0.0496]Epoch 5:  51%|█████▏    | 74/144 [00:02<00:01, 35.39it/s, v_num=73760, train_loss_step=0.0342, val_loss=0.0368, val_acc=0.988, train_loss_epoch=0.0496]Epoch 5:  51%|█████▏    | 74/144 [00:02<00:01, 35.38it/s, v_num=73760, train_loss_step=0.0259, val_loss=0.0368, val_acc=0.988, train_loss_epoch=0.0496]Epoch 5:  52%|█████▏    | 75/144 [00:02<00:01, 35.32it/s, v_num=73760, train_loss_step=0.0259, val_loss=0.0368, val_acc=0.988, train_loss_epoch=0.0496]Epoch 5:  52%|█████▏    | 75/144 [00:02<00:01, 35.31it/s, v_num=73760, train_loss_step=0.045, val_loss=0.0368, val_acc=0.988, train_loss_epoch=0.0496] Epoch 5:  53%|█████▎    | 76/144 [00:02<00:01, 35.36it/s, v_num=73760, train_loss_step=0.045, val_loss=0.0368, val_acc=0.988, train_loss_epoch=0.0496]Epoch 5:  53%|█████▎    | 76/144 [00:02<00:01, 35.36it/s, v_num=73760, train_loss_step=0.0229, val_loss=0.0368, val_acc=0.988, train_loss_epoch=0.0496]Epoch 5:  53%|█████▎    | 77/144 [00:02<00:01, 35.39it/s, v_num=73760, train_loss_step=0.0229, val_loss=0.0368, val_acc=0.988, train_loss_epoch=0.0496]Epoch 5:  53%|█████▎    | 77/144 [00:02<00:01, 35.39it/s, v_num=73760, train_loss_step=0.0156, val_loss=0.0368, val_acc=0.988, train_loss_epoch=0.0496]Epoch 5:  54%|█████▍    | 78/144 [00:02<00:01, 35.43it/s, v_num=73760, train_loss_step=0.0156, val_loss=0.0368, val_acc=0.988, train_loss_epoch=0.0496]Epoch 5:  54%|█████▍    | 78/144 [00:02<00:01, 35.43it/s, v_num=73760, train_loss_step=0.0354, val_loss=0.0368, val_acc=0.988, train_loss_epoch=0.0496]Epoch 5:  55%|█████▍    | 79/144 [00:02<00:01, 35.41it/s, v_num=73760, train_loss_step=0.0354, val_loss=0.0368, val_acc=0.988, train_loss_epoch=0.0496]Epoch 5:  55%|█████▍    | 79/144 [00:02<00:01, 35.41it/s, v_num=73760, train_loss_step=0.0748, val_loss=0.0368, val_acc=0.988, train_loss_epoch=0.0496]Epoch 5:  56%|█████▌    | 80/144 [00:02<00:01, 35.43it/s, v_num=73760, train_loss_step=0.0748, val_loss=0.0368, val_acc=0.988, train_loss_epoch=0.0496]Epoch 5:  56%|█████▌    | 80/144 [00:02<00:01, 35.43it/s, v_num=73760, train_loss_step=0.029, val_loss=0.0368, val_acc=0.988, train_loss_epoch=0.0496] Epoch 5:  56%|█████▋    | 81/144 [00:02<00:01, 35.47it/s, v_num=73760, train_loss_step=0.029, val_loss=0.0368, val_acc=0.988, train_loss_epoch=0.0496]Epoch 5:  56%|█████▋    | 81/144 [00:02<00:01, 35.47it/s, v_num=73760, train_loss_step=0.0328, val_loss=0.0368, val_acc=0.988, train_loss_epoch=0.0496]Epoch 5:  57%|█████▋    | 82/144 [00:02<00:01, 35.52it/s, v_num=73760, train_loss_step=0.0328, val_loss=0.0368, val_acc=0.988, train_loss_epoch=0.0496]Epoch 5:  57%|█████▋    | 82/144 [00:02<00:01, 35.52it/s, v_num=73760, train_loss_step=0.028, val_loss=0.0368, val_acc=0.988, train_loss_epoch=0.0496] Epoch 5:  58%|█████▊    | 83/144 [00:02<00:01, 35.51it/s, v_num=73760, train_loss_step=0.028, val_loss=0.0368, val_acc=0.988, train_loss_epoch=0.0496]Epoch 5:  58%|█████▊    | 83/144 [00:02<00:01, 35.51it/s, v_num=73760, train_loss_step=0.0227, val_loss=0.0368, val_acc=0.988, train_loss_epoch=0.0496]Epoch 5:  58%|█████▊    | 84/144 [00:02<00:01, 35.56it/s, v_num=73760, train_loss_step=0.0227, val_loss=0.0368, val_acc=0.988, train_loss_epoch=0.0496]Epoch 5:  58%|█████▊    | 84/144 [00:02<00:01, 35.55it/s, v_num=73760, train_loss_step=0.0499, val_loss=0.0368, val_acc=0.988, train_loss_epoch=0.0496]Epoch 5:  59%|█████▉    | 85/144 [00:02<00:01, 35.60it/s, v_num=73760, train_loss_step=0.0499, val_loss=0.0368, val_acc=0.988, train_loss_epoch=0.0496]Epoch 5:  59%|█████▉    | 85/144 [00:02<00:01, 35.59it/s, v_num=73760, train_loss_step=0.0216, val_loss=0.0368, val_acc=0.988, train_loss_epoch=0.0496]Epoch 5:  60%|█████▉    | 86/144 [00:02<00:01, 35.63it/s, v_num=73760, train_loss_step=0.0216, val_loss=0.0368, val_acc=0.988, train_loss_epoch=0.0496]Epoch 5:  60%|█████▉    | 86/144 [00:02<00:01, 35.63it/s, v_num=73760, train_loss_step=0.043, val_loss=0.0368, val_acc=0.988, train_loss_epoch=0.0496] Epoch 5:  60%|██████    | 87/144 [00:02<00:01, 35.57it/s, v_num=73760, train_loss_step=0.043, val_loss=0.0368, val_acc=0.988, train_loss_epoch=0.0496]Epoch 5:  60%|██████    | 87/144 [00:02<00:01, 35.56it/s, v_num=73760, train_loss_step=0.023, val_loss=0.0368, val_acc=0.988, train_loss_epoch=0.0496]Epoch 5:  61%|██████    | 88/144 [00:02<00:01, 35.58it/s, v_num=73760, train_loss_step=0.023, val_loss=0.0368, val_acc=0.988, train_loss_epoch=0.0496]Epoch 5:  61%|██████    | 88/144 [00:02<00:01, 35.57it/s, v_num=73760, train_loss_step=0.0442, val_loss=0.0368, val_acc=0.988, train_loss_epoch=0.0496]Epoch 5:  62%|██████▏   | 89/144 [00:02<00:01, 35.60it/s, v_num=73760, train_loss_step=0.0442, val_loss=0.0368, val_acc=0.988, train_loss_epoch=0.0496]Epoch 5:  62%|██████▏   | 89/144 [00:02<00:01, 35.59it/s, v_num=73760, train_loss_step=0.0347, val_loss=0.0368, val_acc=0.988, train_loss_epoch=0.0496]Epoch 5:  62%|██████▎   | 90/144 [00:02<00:01, 35.61it/s, v_num=73760, train_loss_step=0.0347, val_loss=0.0368, val_acc=0.988, train_loss_epoch=0.0496]Epoch 5:  62%|██████▎   | 90/144 [00:02<00:01, 35.61it/s, v_num=73760, train_loss_step=0.0147, val_loss=0.0368, val_acc=0.988, train_loss_epoch=0.0496]Epoch 5:  63%|██████▎   | 91/144 [00:02<00:01, 35.58it/s, v_num=73760, train_loss_step=0.0147, val_loss=0.0368, val_acc=0.988, train_loss_epoch=0.0496]Epoch 5:  63%|██████▎   | 91/144 [00:02<00:01, 35.58it/s, v_num=73760, train_loss_step=0.0229, val_loss=0.0368, val_acc=0.988, train_loss_epoch=0.0496]Epoch 5:  64%|██████▍   | 92/144 [00:02<00:01, 35.61it/s, v_num=73760, train_loss_step=0.0229, val_loss=0.0368, val_acc=0.988, train_loss_epoch=0.0496]Epoch 5:  64%|██████▍   | 92/144 [00:02<00:01, 35.61it/s, v_num=73760, train_loss_step=0.027, val_loss=0.0368, val_acc=0.988, train_loss_epoch=0.0496] Epoch 5:  65%|██████▍   | 93/144 [00:02<00:01, 35.64it/s, v_num=73760, train_loss_step=0.027, val_loss=0.0368, val_acc=0.988, train_loss_epoch=0.0496]Epoch 5:  65%|██████▍   | 93/144 [00:02<00:01, 35.63it/s, v_num=73760, train_loss_step=0.0434, val_loss=0.0368, val_acc=0.988, train_loss_epoch=0.0496]Epoch 5:  65%|██████▌   | 94/144 [00:02<00:01, 35.65it/s, v_num=73760, train_loss_step=0.0434, val_loss=0.0368, val_acc=0.988, train_loss_epoch=0.0496]Epoch 5:  65%|██████▌   | 94/144 [00:02<00:01, 35.65it/s, v_num=73760, train_loss_step=0.0111, val_loss=0.0368, val_acc=0.988, train_loss_epoch=0.0496]Epoch 5:  66%|██████▌   | 95/144 [00:02<00:01, 35.64it/s, v_num=73760, train_loss_step=0.0111, val_loss=0.0368, val_acc=0.988, train_loss_epoch=0.0496]Epoch 5:  66%|██████▌   | 95/144 [00:02<00:01, 35.64it/s, v_num=73760, train_loss_step=0.043, val_loss=0.0368, val_acc=0.988, train_loss_epoch=0.0496] Epoch 5:  67%|██████▋   | 96/144 [00:02<00:01, 35.68it/s, v_num=73760, train_loss_step=0.043, val_loss=0.0368, val_acc=0.988, train_loss_epoch=0.0496]Epoch 5:  67%|██████▋   | 96/144 [00:02<00:01, 35.68it/s, v_num=73760, train_loss_step=0.0236, val_loss=0.0368, val_acc=0.988, train_loss_epoch=0.0496]Epoch 5:  67%|██████▋   | 97/144 [00:02<00:01, 35.72it/s, v_num=73760, train_loss_step=0.0236, val_loss=0.0368, val_acc=0.988, train_loss_epoch=0.0496]Epoch 5:  67%|██████▋   | 97/144 [00:02<00:01, 35.71it/s, v_num=73760, train_loss_step=0.0303, val_loss=0.0368, val_acc=0.988, train_loss_epoch=0.0496]Epoch 5:  68%|██████▊   | 98/144 [00:02<00:01, 35.76it/s, v_num=73760, train_loss_step=0.0303, val_loss=0.0368, val_acc=0.988, train_loss_epoch=0.0496]Epoch 5:  68%|██████▊   | 98/144 [00:02<00:01, 35.76it/s, v_num=73760, train_loss_step=0.0269, val_loss=0.0368, val_acc=0.988, train_loss_epoch=0.0496]Epoch 5:  69%|██████▉   | 99/144 [00:02<00:01, 35.76it/s, v_num=73760, train_loss_step=0.0269, val_loss=0.0368, val_acc=0.988, train_loss_epoch=0.0496]Epoch 5:  69%|██████▉   | 99/144 [00:02<00:01, 35.75it/s, v_num=73760, train_loss_step=0.0394, val_loss=0.0368, val_acc=0.988, train_loss_epoch=0.0496]Epoch 5:  69%|██████▉   | 100/144 [00:02<00:01, 35.80it/s, v_num=73760, train_loss_step=0.0394, val_loss=0.0368, val_acc=0.988, train_loss_epoch=0.0496]Epoch 5:  69%|██████▉   | 100/144 [00:02<00:01, 35.79it/s, v_num=73760, train_loss_step=0.037, val_loss=0.0368, val_acc=0.988, train_loss_epoch=0.0496] Epoch 5:  70%|███████   | 101/144 [00:02<00:01, 35.81it/s, v_num=73760, train_loss_step=0.037, val_loss=0.0368, val_acc=0.988, train_loss_epoch=0.0496]Epoch 5:  70%|███████   | 101/144 [00:02<00:01, 35.81it/s, v_num=73760, train_loss_step=0.0199, val_loss=0.0368, val_acc=0.988, train_loss_epoch=0.0496]Epoch 5:  71%|███████   | 102/144 [00:02<00:01, 35.84it/s, v_num=73760, train_loss_step=0.0199, val_loss=0.0368, val_acc=0.988, train_loss_epoch=0.0496]Epoch 5:  71%|███████   | 102/144 [00:02<00:01, 35.84it/s, v_num=73760, train_loss_step=0.0173, val_loss=0.0368, val_acc=0.988, train_loss_epoch=0.0496]Epoch 5:  72%|███████▏  | 103/144 [00:02<00:01, 35.83it/s, v_num=73760, train_loss_step=0.0173, val_loss=0.0368, val_acc=0.988, train_loss_epoch=0.0496]Epoch 5:  72%|███████▏  | 103/144 [00:02<00:01, 35.82it/s, v_num=73760, train_loss_step=0.0427, val_loss=0.0368, val_acc=0.988, train_loss_epoch=0.0496]Epoch 5:  72%|███████▏  | 104/144 [00:02<00:01, 35.87it/s, v_num=73760, train_loss_step=0.0427, val_loss=0.0368, val_acc=0.988, train_loss_epoch=0.0496]Epoch 5:  72%|███████▏  | 104/144 [00:02<00:01, 35.86it/s, v_num=73760, train_loss_step=0.0255, val_loss=0.0368, val_acc=0.988, train_loss_epoch=0.0496]Epoch 5:  73%|███████▎  | 105/144 [00:02<00:01, 35.91it/s, v_num=73760, train_loss_step=0.0255, val_loss=0.0368, val_acc=0.988, train_loss_epoch=0.0496]Epoch 5:  73%|███████▎  | 105/144 [00:02<00:01, 35.91it/s, v_num=73760, train_loss_step=0.0254, val_loss=0.0368, val_acc=0.988, train_loss_epoch=0.0496]Epoch 5:  74%|███████▎  | 106/144 [00:02<00:01, 35.95it/s, v_num=73760, train_loss_step=0.0254, val_loss=0.0368, val_acc=0.988, train_loss_epoch=0.0496]Epoch 5:  74%|███████▎  | 106/144 [00:02<00:01, 35.95it/s, v_num=73760, train_loss_step=0.038, val_loss=0.0368, val_acc=0.988, train_loss_epoch=0.0496] Epoch 5:  74%|███████▍  | 107/144 [00:02<00:01, 35.96it/s, v_num=73760, train_loss_step=0.038, val_loss=0.0368, val_acc=0.988, train_loss_epoch=0.0496]Epoch 5:  74%|███████▍  | 107/144 [00:02<00:01, 35.96it/s, v_num=73760, train_loss_step=0.0315, val_loss=0.0368, val_acc=0.988, train_loss_epoch=0.0496]Epoch 5:  75%|███████▌  | 108/144 [00:03<00:01, 36.00it/s, v_num=73760, train_loss_step=0.0315, val_loss=0.0368, val_acc=0.988, train_loss_epoch=0.0496]Epoch 5:  75%|███████▌  | 108/144 [00:03<00:01, 36.00it/s, v_num=73760, train_loss_step=0.0625, val_loss=0.0368, val_acc=0.988, train_loss_epoch=0.0496]Epoch 5:  76%|███████▌  | 109/144 [00:03<00:00, 36.02it/s, v_num=73760, train_loss_step=0.0625, val_loss=0.0368, val_acc=0.988, train_loss_epoch=0.0496]Epoch 5:  76%|███████▌  | 109/144 [00:03<00:00, 36.01it/s, v_num=73760, train_loss_step=0.0599, val_loss=0.0368, val_acc=0.988, train_loss_epoch=0.0496]Epoch 5:  76%|███████▋  | 110/144 [00:03<00:00, 36.03it/s, v_num=73760, train_loss_step=0.0599, val_loss=0.0368, val_acc=0.988, train_loss_epoch=0.0496]Epoch 5:  76%|███████▋  | 110/144 [00:03<00:00, 36.03it/s, v_num=73760, train_loss_step=0.0321, val_loss=0.0368, val_acc=0.988, train_loss_epoch=0.0496]Epoch 5:  77%|███████▋  | 111/144 [00:03<00:00, 35.99it/s, v_num=73760, train_loss_step=0.0321, val_loss=0.0368, val_acc=0.988, train_loss_epoch=0.0496]Epoch 5:  77%|███████▋  | 111/144 [00:03<00:00, 35.99it/s, v_num=73760, train_loss_step=0.0461, val_loss=0.0368, val_acc=0.988, train_loss_epoch=0.0496]Epoch 5:  78%|███████▊  | 112/144 [00:03<00:00, 36.02it/s, v_num=73760, train_loss_step=0.0461, val_loss=0.0368, val_acc=0.988, train_loss_epoch=0.0496]Epoch 5:  78%|███████▊  | 112/144 [00:03<00:00, 36.02it/s, v_num=73760, train_loss_step=0.0273, val_loss=0.0368, val_acc=0.988, train_loss_epoch=0.0496]Epoch 5:  78%|███████▊  | 113/144 [00:03<00:00, 36.05it/s, v_num=73760, train_loss_step=0.0273, val_loss=0.0368, val_acc=0.988, train_loss_epoch=0.0496]Epoch 5:  78%|███████▊  | 113/144 [00:03<00:00, 36.05it/s, v_num=73760, train_loss_step=0.0239, val_loss=0.0368, val_acc=0.988, train_loss_epoch=0.0496]Epoch 5:  79%|███████▉  | 114/144 [00:03<00:00, 36.07it/s, v_num=73760, train_loss_step=0.0239, val_loss=0.0368, val_acc=0.988, train_loss_epoch=0.0496]Epoch 5:  79%|███████▉  | 114/144 [00:03<00:00, 36.07it/s, v_num=73760, train_loss_step=0.0177, val_loss=0.0368, val_acc=0.988, train_loss_epoch=0.0496]Epoch 5:  80%|███████▉  | 115/144 [00:03<00:00, 36.06it/s, v_num=73760, train_loss_step=0.0177, val_loss=0.0368, val_acc=0.988, train_loss_epoch=0.0496]Epoch 5:  80%|███████▉  | 115/144 [00:03<00:00, 36.06it/s, v_num=73760, train_loss_step=0.0422, val_loss=0.0368, val_acc=0.988, train_loss_epoch=0.0496]Epoch 5:  81%|████████  | 116/144 [00:03<00:00, 36.06it/s, v_num=73760, train_loss_step=0.0422, val_loss=0.0368, val_acc=0.988, train_loss_epoch=0.0496]Epoch 5:  81%|████████  | 116/144 [00:03<00:00, 36.06it/s, v_num=73760, train_loss_step=0.0272, val_loss=0.0368, val_acc=0.988, train_loss_epoch=0.0496]Epoch 5:  81%|████████▏ | 117/144 [00:03<00:00, 36.10it/s, v_num=73760, train_loss_step=0.0272, val_loss=0.0368, val_acc=0.988, train_loss_epoch=0.0496]Epoch 5:  81%|████████▏ | 117/144 [00:03<00:00, 36.10it/s, v_num=73760, train_loss_step=0.0243, val_loss=0.0368, val_acc=0.988, train_loss_epoch=0.0496]Epoch 5:  82%|████████▏ | 118/144 [00:03<00:00, 36.12it/s, v_num=73760, train_loss_step=0.0243, val_loss=0.0368, val_acc=0.988, train_loss_epoch=0.0496]Epoch 5:  82%|████████▏ | 118/144 [00:03<00:00, 36.12it/s, v_num=73760, train_loss_step=0.0344, val_loss=0.0368, val_acc=0.988, train_loss_epoch=0.0496]Epoch 5:  83%|████████▎ | 119/144 [00:03<00:00, 36.16it/s, v_num=73760, train_loss_step=0.0344, val_loss=0.0368, val_acc=0.988, train_loss_epoch=0.0496]Epoch 5:  83%|████████▎ | 119/144 [00:03<00:00, 36.15it/s, v_num=73760, train_loss_step=0.0198, val_loss=0.0368, val_acc=0.988, train_loss_epoch=0.0496]Epoch 5:  83%|████████▎ | 120/144 [00:03<00:00, 36.13it/s, v_num=73760, train_loss_step=0.0198, val_loss=0.0368, val_acc=0.988, train_loss_epoch=0.0496]Epoch 5:  83%|████████▎ | 120/144 [00:03<00:00, 36.13it/s, v_num=73760, train_loss_step=0.0752, val_loss=0.0368, val_acc=0.988, train_loss_epoch=0.0496]Epoch 5:  84%|████████▍ | 121/144 [00:03<00:00, 36.12it/s, v_num=73760, train_loss_step=0.0752, val_loss=0.0368, val_acc=0.988, train_loss_epoch=0.0496]Epoch 5:  84%|████████▍ | 121/144 [00:03<00:00, 36.12it/s, v_num=73760, train_loss_step=0.0431, val_loss=0.0368, val_acc=0.988, train_loss_epoch=0.0496]Epoch 5:  85%|████████▍ | 122/144 [00:03<00:00, 36.16it/s, v_num=73760, train_loss_step=0.0431, val_loss=0.0368, val_acc=0.988, train_loss_epoch=0.0496]Epoch 5:  85%|████████▍ | 122/144 [00:03<00:00, 36.15it/s, v_num=73760, train_loss_step=0.0242, val_loss=0.0368, val_acc=0.988, train_loss_epoch=0.0496]Epoch 5:  85%|████████▌ | 123/144 [00:03<00:00, 36.19it/s, v_num=73760, train_loss_step=0.0242, val_loss=0.0368, val_acc=0.988, train_loss_epoch=0.0496]Epoch 5:  85%|████████▌ | 123/144 [00:03<00:00, 36.18it/s, v_num=73760, train_loss_step=0.0515, val_loss=0.0368, val_acc=0.988, train_loss_epoch=0.0496]Epoch 5:  86%|████████▌ | 124/144 [00:03<00:00, 36.08it/s, v_num=73760, train_loss_step=0.0515, val_loss=0.0368, val_acc=0.988, train_loss_epoch=0.0496]Epoch 5:  86%|████████▌ | 124/144 [00:03<00:00, 36.08it/s, v_num=73760, train_loss_step=0.0296, val_loss=0.0368, val_acc=0.988, train_loss_epoch=0.0496]Epoch 5:  87%|████████▋ | 125/144 [00:03<00:00, 36.08it/s, v_num=73760, train_loss_step=0.0296, val_loss=0.0368, val_acc=0.988, train_loss_epoch=0.0496]Epoch 5:  87%|████████▋ | 125/144 [00:03<00:00, 36.08it/s, v_num=73760, train_loss_step=0.0461, val_loss=0.0368, val_acc=0.988, train_loss_epoch=0.0496]Epoch 5:  88%|████████▊ | 126/144 [00:03<00:00, 36.10it/s, v_num=73760, train_loss_step=0.0461, val_loss=0.0368, val_acc=0.988, train_loss_epoch=0.0496]Epoch 5:  88%|████████▊ | 126/144 [00:03<00:00, 36.09it/s, v_num=73760, train_loss_step=0.0253, val_loss=0.0368, val_acc=0.988, train_loss_epoch=0.0496]Epoch 5:  88%|████████▊ | 127/144 [00:03<00:00, 36.12it/s, v_num=73760, train_loss_step=0.0253, val_loss=0.0368, val_acc=0.988, train_loss_epoch=0.0496]Epoch 5:  88%|████████▊ | 127/144 [00:03<00:00, 36.12it/s, v_num=73760, train_loss_step=0.0602, val_loss=0.0368, val_acc=0.988, train_loss_epoch=0.0496]Epoch 5:  89%|████████▉ | 128/144 [00:03<00:00, 36.10it/s, v_num=73760, train_loss_step=0.0602, val_loss=0.0368, val_acc=0.988, train_loss_epoch=0.0496]Epoch 5:  89%|████████▉ | 128/144 [00:03<00:00, 36.10it/s, v_num=73760, train_loss_step=0.0577, val_loss=0.0368, val_acc=0.988, train_loss_epoch=0.0496]Epoch 5:  90%|████████▉ | 129/144 [00:03<00:00, 36.13it/s, v_num=73760, train_loss_step=0.0577, val_loss=0.0368, val_acc=0.988, train_loss_epoch=0.0496]Epoch 5:  90%|████████▉ | 129/144 [00:03<00:00, 36.13it/s, v_num=73760, train_loss_step=0.0279, val_loss=0.0368, val_acc=0.988, train_loss_epoch=0.0496]Epoch 5:  90%|█████████ | 130/144 [00:03<00:00, 36.16it/s, v_num=73760, train_loss_step=0.0279, val_loss=0.0368, val_acc=0.988, train_loss_epoch=0.0496]Epoch 5:  90%|█████████ | 130/144 [00:03<00:00, 36.16it/s, v_num=73760, train_loss_step=0.0336, val_loss=0.0368, val_acc=0.988, train_loss_epoch=0.0496]Epoch 5:  91%|█████████ | 131/144 [00:03<00:00, 36.19it/s, v_num=73760, train_loss_step=0.0336, val_loss=0.0368, val_acc=0.988, train_loss_epoch=0.0496]Epoch 5:  91%|█████████ | 131/144 [00:03<00:00, 36.19it/s, v_num=73760, train_loss_step=0.0575, val_loss=0.0368, val_acc=0.988, train_loss_epoch=0.0496]Epoch 5:  92%|█████████▏| 132/144 [00:03<00:00, 36.19it/s, v_num=73760, train_loss_step=0.0575, val_loss=0.0368, val_acc=0.988, train_loss_epoch=0.0496]Epoch 5:  92%|█████████▏| 132/144 [00:03<00:00, 36.19it/s, v_num=73760, train_loss_step=0.0417, val_loss=0.0368, val_acc=0.988, train_loss_epoch=0.0496]Epoch 5:  92%|█████████▏| 133/144 [00:03<00:00, 36.23it/s, v_num=73760, train_loss_step=0.0417, val_loss=0.0368, val_acc=0.988, train_loss_epoch=0.0496]Epoch 5:  92%|█████████▏| 133/144 [00:03<00:00, 36.23it/s, v_num=73760, train_loss_step=0.0476, val_loss=0.0368, val_acc=0.988, train_loss_epoch=0.0496]Epoch 5:  93%|█████████▎| 134/144 [00:03<00:00, 36.26it/s, v_num=73760, train_loss_step=0.0476, val_loss=0.0368, val_acc=0.988, train_loss_epoch=0.0496]Epoch 5:  93%|█████████▎| 134/144 [00:03<00:00, 36.26it/s, v_num=73760, train_loss_step=0.0355, val_loss=0.0368, val_acc=0.988, train_loss_epoch=0.0496]Epoch 5:  94%|█████████▍| 135/144 [00:03<00:00, 36.29it/s, v_num=73760, train_loss_step=0.0355, val_loss=0.0368, val_acc=0.988, train_loss_epoch=0.0496]Epoch 5:  94%|█████████▍| 135/144 [00:03<00:00, 36.29it/s, v_num=73760, train_loss_step=0.0346, val_loss=0.0368, val_acc=0.988, train_loss_epoch=0.0496]Epoch 5:  94%|█████████▍| 136/144 [00:03<00:00, 36.32it/s, v_num=73760, train_loss_step=0.0346, val_loss=0.0368, val_acc=0.988, train_loss_epoch=0.0496]Epoch 5:  94%|█████████▍| 136/144 [00:03<00:00, 36.32it/s, v_num=73760, train_loss_step=0.0492, val_loss=0.0368, val_acc=0.988, train_loss_epoch=0.0496]Epoch 5:  95%|█████████▌| 137/144 [00:03<00:00, 36.29it/s, v_num=73760, train_loss_step=0.0492, val_loss=0.0368, val_acc=0.988, train_loss_epoch=0.0496]Epoch 5:  95%|█████████▌| 137/144 [00:03<00:00, 36.28it/s, v_num=73760, train_loss_step=0.0138, val_loss=0.0368, val_acc=0.988, train_loss_epoch=0.0496]Epoch 5:  96%|█████████▌| 138/144 [00:03<00:00, 36.31it/s, v_num=73760, train_loss_step=0.0138, val_loss=0.0368, val_acc=0.988, train_loss_epoch=0.0496]Epoch 5:  96%|█████████▌| 138/144 [00:03<00:00, 36.31it/s, v_num=73760, train_loss_step=0.0333, val_loss=0.0368, val_acc=0.988, train_loss_epoch=0.0496]Epoch 5:  97%|█████████▋| 139/144 [00:03<00:00, 36.32it/s, v_num=73760, train_loss_step=0.0333, val_loss=0.0368, val_acc=0.988, train_loss_epoch=0.0496]Epoch 5:  97%|█████████▋| 139/144 [00:03<00:00, 36.32it/s, v_num=73760, train_loss_step=0.0328, val_loss=0.0368, val_acc=0.988, train_loss_epoch=0.0496]Epoch 5:  97%|█████████▋| 140/144 [00:03<00:00, 36.35it/s, v_num=73760, train_loss_step=0.0328, val_loss=0.0368, val_acc=0.988, train_loss_epoch=0.0496]Epoch 5:  97%|█████████▋| 140/144 [00:03<00:00, 36.34it/s, v_num=73760, train_loss_step=0.0528, val_loss=0.0368, val_acc=0.988, train_loss_epoch=0.0496]Epoch 5:  98%|█████████▊| 141/144 [00:03<00:00, 36.28it/s, v_num=73760, train_loss_step=0.0528, val_loss=0.0368, val_acc=0.988, train_loss_epoch=0.0496]Epoch 5:  98%|█████████▊| 141/144 [00:03<00:00, 36.28it/s, v_num=73760, train_loss_step=0.037, val_loss=0.0368, val_acc=0.988, train_loss_epoch=0.0496] Epoch 5:  99%|█████████▊| 142/144 [00:03<00:00, 36.26it/s, v_num=73760, train_loss_step=0.037, val_loss=0.0368, val_acc=0.988, train_loss_epoch=0.0496]Epoch 5:  99%|█████████▊| 142/144 [00:03<00:00, 36.26it/s, v_num=73760, train_loss_step=0.0287, val_loss=0.0368, val_acc=0.988, train_loss_epoch=0.0496]Epoch 5:  99%|█████████▉| 143/144 [00:03<00:00, 36.30it/s, v_num=73760, train_loss_step=0.0287, val_loss=0.0368, val_acc=0.988, train_loss_epoch=0.0496]Epoch 5:  99%|█████████▉| 143/144 [00:03<00:00, 36.29it/s, v_num=73760, train_loss_step=0.0479, val_loss=0.0368, val_acc=0.988, train_loss_epoch=0.0496]Epoch 5: 100%|██████████| 144/144 [00:03<00:00, 36.31it/s, v_num=73760, train_loss_step=0.0479, val_loss=0.0368, val_acc=0.988, train_loss_epoch=0.0496]Epoch 5: 100%|██████████| 144/144 [00:03<00:00, 36.31it/s, v_num=73760, train_loss_step=0.011, val_loss=0.0368, val_acc=0.988, train_loss_epoch=0.0496] 
Validation: |          | 0/? [00:00<?, ?it/s][A
Validation:   0%|          | 0/14 [00:00<?, ?it/s][A
Validation DataLoader 0:   0%|          | 0/14 [00:00<?, ?it/s][A
Validation DataLoader 0:   7%|▋         | 1/14 [00:00<00:00, 123.05it/s][A
Validation DataLoader 0:  14%|█▍        | 2/14 [00:00<00:00, 79.23it/s] [A
Validation DataLoader 0:  21%|██▏       | 3/14 [00:00<00:00, 83.51it/s][A
Validation DataLoader 0:  29%|██▊       | 4/14 [00:00<00:00, 87.87it/s][A
Validation DataLoader 0:  36%|███▌      | 5/14 [00:00<00:00, 89.84it/s][A
Validation DataLoader 0:  43%|████▎     | 6/14 [00:00<00:00, 90.93it/s][A
Validation DataLoader 0:  50%|█████     | 7/14 [00:00<00:00, 91.48it/s][A
Validation DataLoader 0:  57%|█████▋    | 8/14 [00:00<00:00, 92.54it/s][A
Validation DataLoader 0:  64%|██████▍   | 9/14 [00:00<00:00, 93.51it/s][A
Validation DataLoader 0:  71%|███████▏  | 10/14 [00:00<00:00, 89.96it/s][A
Validation DataLoader 0:  79%|███████▊  | 11/14 [00:00<00:00, 87.65it/s][A
Validation DataLoader 0:  86%|████████▌ | 12/14 [00:00<00:00, 85.81it/s][A
Validation DataLoader 0:  93%|█████████▎| 13/14 [00:00<00:00, 84.34it/s][A
Validation DataLoader 0: 100%|██████████| 14/14 [00:00<00:00, 82.89it/s][A
                                                                        [AEpoch 5: 100%|██████████| 144/144 [00:04<00:00, 34.65it/s, v_num=73760, train_loss_step=0.011, val_loss=0.0358, val_acc=0.986, train_loss_epoch=0.0496]Epoch 5: 100%|██████████| 144/144 [00:04<00:00, 34.65it/s, v_num=73760, train_loss_step=0.011, val_loss=0.0358, val_acc=0.986, train_loss_epoch=0.0339]Epoch 5:   0%|          | 0/144 [00:00<?, ?it/s, v_num=73760, train_loss_step=0.011, val_loss=0.0358, val_acc=0.986, train_loss_epoch=0.0339]          Epoch 6:   0%|          | 0/144 [00:00<?, ?it/s, v_num=73760, train_loss_step=0.011, val_loss=0.0358, val_acc=0.986, train_loss_epoch=0.0339]Epoch 6:   1%|          | 1/144 [00:00<00:13, 10.99it/s, v_num=73760, train_loss_step=0.011, val_loss=0.0358, val_acc=0.986, train_loss_epoch=0.0339]Epoch 6:   1%|          | 1/144 [00:00<00:13, 10.97it/s, v_num=73760, train_loss_step=0.0779, val_loss=0.0358, val_acc=0.986, train_loss_epoch=0.0339]Epoch 6:   1%|▏         | 2/144 [00:00<00:08, 16.76it/s, v_num=73760, train_loss_step=0.0779, val_loss=0.0358, val_acc=0.986, train_loss_epoch=0.0339]Epoch 6:   1%|▏         | 2/144 [00:00<00:08, 16.73it/s, v_num=73760, train_loss_step=0.0548, val_loss=0.0358, val_acc=0.986, train_loss_epoch=0.0339]Epoch 6:   2%|▏         | 3/144 [00:00<00:07, 19.79it/s, v_num=73760, train_loss_step=0.0548, val_loss=0.0358, val_acc=0.986, train_loss_epoch=0.0339]Epoch 6:   2%|▏         | 3/144 [00:00<00:07, 19.77it/s, v_num=73760, train_loss_step=0.0372, val_loss=0.0358, val_acc=0.986, train_loss_epoch=0.0339]Epoch 6:   3%|▎         | 4/144 [00:00<00:06, 22.38it/s, v_num=73760, train_loss_step=0.0372, val_loss=0.0358, val_acc=0.986, train_loss_epoch=0.0339]Epoch 6:   3%|▎         | 4/144 [00:00<00:06, 22.36it/s, v_num=73760, train_loss_step=0.0375, val_loss=0.0358, val_acc=0.986, train_loss_epoch=0.0339]Epoch 6:   3%|▎         | 5/144 [00:00<00:05, 24.38it/s, v_num=73760, train_loss_step=0.0375, val_loss=0.0358, val_acc=0.986, train_loss_epoch=0.0339]Epoch 6:   3%|▎         | 5/144 [00:00<00:05, 24.37it/s, v_num=73760, train_loss_step=0.0371, val_loss=0.0358, val_acc=0.986, train_loss_epoch=0.0339]Epoch 6:   4%|▍         | 6/144 [00:00<00:05, 25.87it/s, v_num=73760, train_loss_step=0.0371, val_loss=0.0358, val_acc=0.986, train_loss_epoch=0.0339]Epoch 6:   4%|▍         | 6/144 [00:00<00:05, 25.85it/s, v_num=73760, train_loss_step=0.0225, val_loss=0.0358, val_acc=0.986, train_loss_epoch=0.0339]Epoch 6:   5%|▍         | 7/144 [00:00<00:05, 26.73it/s, v_num=73760, train_loss_step=0.0225, val_loss=0.0358, val_acc=0.986, train_loss_epoch=0.0339]Epoch 6:   5%|▍         | 7/144 [00:00<00:05, 26.71it/s, v_num=73760, train_loss_step=0.0541, val_loss=0.0358, val_acc=0.986, train_loss_epoch=0.0339]Epoch 6:   6%|▌         | 8/144 [00:00<00:04, 27.78it/s, v_num=73760, train_loss_step=0.0541, val_loss=0.0358, val_acc=0.986, train_loss_epoch=0.0339]Epoch 6:   6%|▌         | 8/144 [00:00<00:04, 27.76it/s, v_num=73760, train_loss_step=0.0262, val_loss=0.0358, val_acc=0.986, train_loss_epoch=0.0339]Epoch 6:   6%|▋         | 9/144 [00:00<00:04, 28.65it/s, v_num=73760, train_loss_step=0.0262, val_loss=0.0358, val_acc=0.986, train_loss_epoch=0.0339]Epoch 6:   6%|▋         | 9/144 [00:00<00:04, 28.63it/s, v_num=73760, train_loss_step=0.00965, val_loss=0.0358, val_acc=0.986, train_loss_epoch=0.0339]Epoch 6:   7%|▋         | 10/144 [00:00<00:04, 29.39it/s, v_num=73760, train_loss_step=0.00965, val_loss=0.0358, val_acc=0.986, train_loss_epoch=0.0339]Epoch 6:   7%|▋         | 10/144 [00:00<00:04, 29.38it/s, v_num=73760, train_loss_step=0.0556, val_loss=0.0358, val_acc=0.986, train_loss_epoch=0.0339] Epoch 6:   8%|▊         | 11/144 [00:00<00:04, 29.63it/s, v_num=73760, train_loss_step=0.0556, val_loss=0.0358, val_acc=0.986, train_loss_epoch=0.0339]Epoch 6:   8%|▊         | 11/144 [00:00<00:04, 29.62it/s, v_num=73760, train_loss_step=0.0518, val_loss=0.0358, val_acc=0.986, train_loss_epoch=0.0339]Epoch 6:   8%|▊         | 12/144 [00:00<00:04, 30.16it/s, v_num=73760, train_loss_step=0.0518, val_loss=0.0358, val_acc=0.986, train_loss_epoch=0.0339]Epoch 6:   8%|▊         | 12/144 [00:00<00:04, 30.15it/s, v_num=73760, train_loss_step=0.0291, val_loss=0.0358, val_acc=0.986, train_loss_epoch=0.0339]Epoch 6:   9%|▉         | 13/144 [00:00<00:04, 30.65it/s, v_num=73760, train_loss_step=0.0291, val_loss=0.0358, val_acc=0.986, train_loss_epoch=0.0339]Epoch 6:   9%|▉         | 13/144 [00:00<00:04, 30.64it/s, v_num=73760, train_loss_step=0.039, val_loss=0.0358, val_acc=0.986, train_loss_epoch=0.0339] Epoch 6:  10%|▉         | 14/144 [00:00<00:04, 31.09it/s, v_num=73760, train_loss_step=0.039, val_loss=0.0358, val_acc=0.986, train_loss_epoch=0.0339]Epoch 6:  10%|▉         | 14/144 [00:00<00:04, 31.08it/s, v_num=73760, train_loss_step=0.0275, val_loss=0.0358, val_acc=0.986, train_loss_epoch=0.0339]Epoch 6:  10%|█         | 15/144 [00:00<00:04, 31.17it/s, v_num=73760, train_loss_step=0.0275, val_loss=0.0358, val_acc=0.986, train_loss_epoch=0.0339]Epoch 6:  10%|█         | 15/144 [00:00<00:04, 31.16it/s, v_num=73760, train_loss_step=0.0449, val_loss=0.0358, val_acc=0.986, train_loss_epoch=0.0339]Epoch 6:  11%|█         | 16/144 [00:00<00:04, 31.55it/s, v_num=73760, train_loss_step=0.0449, val_loss=0.0358, val_acc=0.986, train_loss_epoch=0.0339]Epoch 6:  11%|█         | 16/144 [00:00<00:04, 31.54it/s, v_num=73760, train_loss_step=0.0593, val_loss=0.0358, val_acc=0.986, train_loss_epoch=0.0339]Epoch 6:  12%|█▏        | 17/144 [00:00<00:03, 31.85it/s, v_num=73760, train_loss_step=0.0593, val_loss=0.0358, val_acc=0.986, train_loss_epoch=0.0339]Epoch 6:  12%|█▏        | 17/144 [00:00<00:03, 31.84it/s, v_num=73760, train_loss_step=0.0212, val_loss=0.0358, val_acc=0.986, train_loss_epoch=0.0339]Epoch 6:  12%|█▎        | 18/144 [00:00<00:03, 32.13it/s, v_num=73760, train_loss_step=0.0212, val_loss=0.0358, val_acc=0.986, train_loss_epoch=0.0339]Epoch 6:  12%|█▎        | 18/144 [00:00<00:03, 32.12it/s, v_num=73760, train_loss_step=0.0419, val_loss=0.0358, val_acc=0.986, train_loss_epoch=0.0339]Epoch 6:  13%|█▎        | 19/144 [00:00<00:03, 32.21it/s, v_num=73760, train_loss_step=0.0419, val_loss=0.0358, val_acc=0.986, train_loss_epoch=0.0339]Epoch 6:  13%|█▎        | 19/144 [00:00<00:03, 32.20it/s, v_num=73760, train_loss_step=0.0424, val_loss=0.0358, val_acc=0.986, train_loss_epoch=0.0339]Epoch 6:  14%|█▍        | 20/144 [00:00<00:03, 32.44it/s, v_num=73760, train_loss_step=0.0424, val_loss=0.0358, val_acc=0.986, train_loss_epoch=0.0339]Epoch 6:  14%|█▍        | 20/144 [00:00<00:03, 32.43it/s, v_num=73760, train_loss_step=0.0579, val_loss=0.0358, val_acc=0.986, train_loss_epoch=0.0339]Epoch 6:  15%|█▍        | 21/144 [00:00<00:03, 32.75it/s, v_num=73760, train_loss_step=0.0579, val_loss=0.0358, val_acc=0.986, train_loss_epoch=0.0339]Epoch 6:  15%|█▍        | 21/144 [00:00<00:03, 32.74it/s, v_num=73760, train_loss_step=0.0379, val_loss=0.0358, val_acc=0.986, train_loss_epoch=0.0339]Epoch 6:  15%|█▌        | 22/144 [00:00<00:03, 32.98it/s, v_num=73760, train_loss_step=0.0379, val_loss=0.0358, val_acc=0.986, train_loss_epoch=0.0339]Epoch 6:  15%|█▌        | 22/144 [00:00<00:03, 32.98it/s, v_num=73760, train_loss_step=0.0443, val_loss=0.0358, val_acc=0.986, train_loss_epoch=0.0339]Epoch 6:  16%|█▌        | 23/144 [00:00<00:03, 33.08it/s, v_num=73760, train_loss_step=0.0443, val_loss=0.0358, val_acc=0.986, train_loss_epoch=0.0339]Epoch 6:  16%|█▌        | 23/144 [00:00<00:03, 33.07it/s, v_num=73760, train_loss_step=0.0468, val_loss=0.0358, val_acc=0.986, train_loss_epoch=0.0339]Epoch 6:  17%|█▋        | 24/144 [00:00<00:03, 33.29it/s, v_num=73760, train_loss_step=0.0468, val_loss=0.0358, val_acc=0.986, train_loss_epoch=0.0339]Epoch 6:  17%|█▋        | 24/144 [00:00<00:03, 33.28it/s, v_num=73760, train_loss_step=0.0409, val_loss=0.0358, val_acc=0.986, train_loss_epoch=0.0339]Epoch 6:  17%|█▋        | 25/144 [00:00<00:03, 33.45it/s, v_num=73760, train_loss_step=0.0409, val_loss=0.0358, val_acc=0.986, train_loss_epoch=0.0339]Epoch 6:  17%|█▋        | 25/144 [00:00<00:03, 33.44it/s, v_num=73760, train_loss_step=0.0222, val_loss=0.0358, val_acc=0.986, train_loss_epoch=0.0339]Epoch 6:  18%|█▊        | 26/144 [00:00<00:03, 33.63it/s, v_num=73760, train_loss_step=0.0222, val_loss=0.0358, val_acc=0.986, train_loss_epoch=0.0339]Epoch 6:  18%|█▊        | 26/144 [00:00<00:03, 33.63it/s, v_num=73760, train_loss_step=0.0116, val_loss=0.0358, val_acc=0.986, train_loss_epoch=0.0339]Epoch 6:  19%|█▉        | 27/144 [00:00<00:03, 33.65it/s, v_num=73760, train_loss_step=0.0116, val_loss=0.0358, val_acc=0.986, train_loss_epoch=0.0339]Epoch 6:  19%|█▉        | 27/144 [00:00<00:03, 33.64it/s, v_num=73760, train_loss_step=0.0108, val_loss=0.0358, val_acc=0.986, train_loss_epoch=0.0339]Epoch 6:  19%|█▉        | 28/144 [00:00<00:03, 33.82it/s, v_num=73760, train_loss_step=0.0108, val_loss=0.0358, val_acc=0.986, train_loss_epoch=0.0339]Epoch 6:  19%|█▉        | 28/144 [00:00<00:03, 33.81it/s, v_num=73760, train_loss_step=0.0157, val_loss=0.0358, val_acc=0.986, train_loss_epoch=0.0339]Epoch 6:  20%|██        | 29/144 [00:00<00:03, 33.98it/s, v_num=73760, train_loss_step=0.0157, val_loss=0.0358, val_acc=0.986, train_loss_epoch=0.0339]Epoch 6:  20%|██        | 29/144 [00:00<00:03, 33.97it/s, v_num=73760, train_loss_step=0.0115, val_loss=0.0358, val_acc=0.986, train_loss_epoch=0.0339]Epoch 6:  21%|██        | 30/144 [00:00<00:03, 34.16it/s, v_num=73760, train_loss_step=0.0115, val_loss=0.0358, val_acc=0.986, train_loss_epoch=0.0339]Epoch 6:  21%|██        | 30/144 [00:00<00:03, 34.15it/s, v_num=73760, train_loss_step=0.0335, val_loss=0.0358, val_acc=0.986, train_loss_epoch=0.0339]Epoch 6:  22%|██▏       | 31/144 [00:00<00:03, 34.18it/s, v_num=73760, train_loss_step=0.0335, val_loss=0.0358, val_acc=0.986, train_loss_epoch=0.0339]Epoch 6:  22%|██▏       | 31/144 [00:00<00:03, 34.17it/s, v_num=73760, train_loss_step=0.0286, val_loss=0.0358, val_acc=0.986, train_loss_epoch=0.0339]Epoch 6:  22%|██▏       | 32/144 [00:00<00:03, 34.31it/s, v_num=73760, train_loss_step=0.0286, val_loss=0.0358, val_acc=0.986, train_loss_epoch=0.0339]Epoch 6:  22%|██▏       | 32/144 [00:00<00:03, 34.30it/s, v_num=73760, train_loss_step=0.0226, val_loss=0.0358, val_acc=0.986, train_loss_epoch=0.0339]Epoch 6:  23%|██▎       | 33/144 [00:00<00:03, 34.29it/s, v_num=73760, train_loss_step=0.0226, val_loss=0.0358, val_acc=0.986, train_loss_epoch=0.0339]Epoch 6:  23%|██▎       | 33/144 [00:00<00:03, 34.28it/s, v_num=73760, train_loss_step=0.0444, val_loss=0.0358, val_acc=0.986, train_loss_epoch=0.0339]Epoch 6:  24%|██▎       | 34/144 [00:00<00:03, 34.38it/s, v_num=73760, train_loss_step=0.0444, val_loss=0.0358, val_acc=0.986, train_loss_epoch=0.0339]Epoch 6:  24%|██▎       | 34/144 [00:00<00:03, 34.37it/s, v_num=73760, train_loss_step=0.00991, val_loss=0.0358, val_acc=0.986, train_loss_epoch=0.0339]Epoch 6:  24%|██▍       | 35/144 [00:01<00:03, 34.34it/s, v_num=73760, train_loss_step=0.00991, val_loss=0.0358, val_acc=0.986, train_loss_epoch=0.0339]Epoch 6:  24%|██▍       | 35/144 [00:01<00:03, 34.34it/s, v_num=73760, train_loss_step=0.0333, val_loss=0.0358, val_acc=0.986, train_loss_epoch=0.0339] Epoch 6:  25%|██▌       | 36/144 [00:01<00:03, 34.45it/s, v_num=73760, train_loss_step=0.0333, val_loss=0.0358, val_acc=0.986, train_loss_epoch=0.0339]Epoch 6:  25%|██▌       | 36/144 [00:01<00:03, 34.45it/s, v_num=73760, train_loss_step=0.0295, val_loss=0.0358, val_acc=0.986, train_loss_epoch=0.0339]Epoch 6:  26%|██▌       | 37/144 [00:01<00:03, 34.52it/s, v_num=73760, train_loss_step=0.0295, val_loss=0.0358, val_acc=0.986, train_loss_epoch=0.0339]Epoch 6:  26%|██▌       | 37/144 [00:01<00:03, 34.52it/s, v_num=73760, train_loss_step=0.0181, val_loss=0.0358, val_acc=0.986, train_loss_epoch=0.0339]Epoch 6:  26%|██▋       | 38/144 [00:01<00:03, 34.57it/s, v_num=73760, train_loss_step=0.0181, val_loss=0.0358, val_acc=0.986, train_loss_epoch=0.0339]Epoch 6:  26%|██▋       | 38/144 [00:01<00:03, 34.56it/s, v_num=73760, train_loss_step=0.0369, val_loss=0.0358, val_acc=0.986, train_loss_epoch=0.0339]Epoch 6:  27%|██▋       | 39/144 [00:01<00:03, 34.55it/s, v_num=73760, train_loss_step=0.0369, val_loss=0.0358, val_acc=0.986, train_loss_epoch=0.0339]Epoch 6:  27%|██▋       | 39/144 [00:01<00:03, 34.55it/s, v_num=73760, train_loss_step=0.0327, val_loss=0.0358, val_acc=0.986, train_loss_epoch=0.0339]Epoch 6:  28%|██▊       | 40/144 [00:01<00:03, 34.56it/s, v_num=73760, train_loss_step=0.0327, val_loss=0.0358, val_acc=0.986, train_loss_epoch=0.0339]Epoch 6:  28%|██▊       | 40/144 [00:01<00:03, 34.55it/s, v_num=73760, train_loss_step=0.0462, val_loss=0.0358, val_acc=0.986, train_loss_epoch=0.0339]Epoch 6:  28%|██▊       | 41/144 [00:01<00:02, 34.56it/s, v_num=73760, train_loss_step=0.0462, val_loss=0.0358, val_acc=0.986, train_loss_epoch=0.0339]Epoch 6:  28%|██▊       | 41/144 [00:01<00:02, 34.56it/s, v_num=73760, train_loss_step=0.0353, val_loss=0.0358, val_acc=0.986, train_loss_epoch=0.0339]Epoch 6:  29%|██▉       | 42/144 [00:01<00:02, 34.59it/s, v_num=73760, train_loss_step=0.0353, val_loss=0.0358, val_acc=0.986, train_loss_epoch=0.0339]Epoch 6:  29%|██▉       | 42/144 [00:01<00:02, 34.58it/s, v_num=73760, train_loss_step=0.019, val_loss=0.0358, val_acc=0.986, train_loss_epoch=0.0339] Epoch 6:  30%|██▉       | 43/144 [00:01<00:02, 34.54it/s, v_num=73760, train_loss_step=0.019, val_loss=0.0358, val_acc=0.986, train_loss_epoch=0.0339]Epoch 6:  30%|██▉       | 43/144 [00:01<00:02, 34.53it/s, v_num=73760, train_loss_step=0.0108, val_loss=0.0358, val_acc=0.986, train_loss_epoch=0.0339]Epoch 6:  31%|███       | 44/144 [00:01<00:02, 34.59it/s, v_num=73760, train_loss_step=0.0108, val_loss=0.0358, val_acc=0.986, train_loss_epoch=0.0339]Epoch 6:  31%|███       | 44/144 [00:01<00:02, 34.59it/s, v_num=73760, train_loss_step=0.0149, val_loss=0.0358, val_acc=0.986, train_loss_epoch=0.0339]Epoch 6:  31%|███▏      | 45/144 [00:01<00:02, 34.69it/s, v_num=73760, train_loss_step=0.0149, val_loss=0.0358, val_acc=0.986, train_loss_epoch=0.0339]Epoch 6:  31%|███▏      | 45/144 [00:01<00:02, 34.68it/s, v_num=73760, train_loss_step=0.00711, val_loss=0.0358, val_acc=0.986, train_loss_epoch=0.0339]Epoch 6:  32%|███▏      | 46/144 [00:01<00:02, 34.75it/s, v_num=73760, train_loss_step=0.00711, val_loss=0.0358, val_acc=0.986, train_loss_epoch=0.0339]Epoch 6:  32%|███▏      | 46/144 [00:01<00:02, 34.75it/s, v_num=73760, train_loss_step=0.0283, val_loss=0.0358, val_acc=0.986, train_loss_epoch=0.0339] Epoch 6:  33%|███▎      | 47/144 [00:01<00:02, 34.76it/s, v_num=73760, train_loss_step=0.0283, val_loss=0.0358, val_acc=0.986, train_loss_epoch=0.0339]Epoch 6:  33%|███▎      | 47/144 [00:01<00:02, 34.76it/s, v_num=73760, train_loss_step=0.0322, val_loss=0.0358, val_acc=0.986, train_loss_epoch=0.0339]Epoch 6:  33%|███▎      | 48/144 [00:01<00:02, 34.81it/s, v_num=73760, train_loss_step=0.0322, val_loss=0.0358, val_acc=0.986, train_loss_epoch=0.0339]Epoch 6:  33%|███▎      | 48/144 [00:01<00:02, 34.81it/s, v_num=73760, train_loss_step=0.0156, val_loss=0.0358, val_acc=0.986, train_loss_epoch=0.0339]Epoch 6:  34%|███▍      | 49/144 [00:01<00:02, 34.86it/s, v_num=73760, train_loss_step=0.0156, val_loss=0.0358, val_acc=0.986, train_loss_epoch=0.0339]Epoch 6:  34%|███▍      | 49/144 [00:01<00:02, 34.86it/s, v_num=73760, train_loss_step=0.012, val_loss=0.0358, val_acc=0.986, train_loss_epoch=0.0339] Epoch 6:  35%|███▍      | 50/144 [00:01<00:02, 34.90it/s, v_num=73760, train_loss_step=0.012, val_loss=0.0358, val_acc=0.986, train_loss_epoch=0.0339]Epoch 6:  35%|███▍      | 50/144 [00:01<00:02, 34.89it/s, v_num=73760, train_loss_step=0.0303, val_loss=0.0358, val_acc=0.986, train_loss_epoch=0.0339]Epoch 6:  35%|███▌      | 51/144 [00:01<00:02, 34.87it/s, v_num=73760, train_loss_step=0.0303, val_loss=0.0358, val_acc=0.986, train_loss_epoch=0.0339]Epoch 6:  35%|███▌      | 51/144 [00:01<00:02, 34.87it/s, v_num=73760, train_loss_step=0.0184, val_loss=0.0358, val_acc=0.986, train_loss_epoch=0.0339]Epoch 6:  36%|███▌      | 52/144 [00:01<00:02, 34.89it/s, v_num=73760, train_loss_step=0.0184, val_loss=0.0358, val_acc=0.986, train_loss_epoch=0.0339]Epoch 6:  36%|███▌      | 52/144 [00:01<00:02, 34.89it/s, v_num=73760, train_loss_step=0.0113, val_loss=0.0358, val_acc=0.986, train_loss_epoch=0.0339]Epoch 6:  37%|███▋      | 53/144 [00:01<00:02, 34.92it/s, v_num=73760, train_loss_step=0.0113, val_loss=0.0358, val_acc=0.986, train_loss_epoch=0.0339]Epoch 6:  37%|███▋      | 53/144 [00:01<00:02, 34.92it/s, v_num=73760, train_loss_step=0.0242, val_loss=0.0358, val_acc=0.986, train_loss_epoch=0.0339]Epoch 6:  38%|███▊      | 54/144 [00:01<00:02, 34.93it/s, v_num=73760, train_loss_step=0.0242, val_loss=0.0358, val_acc=0.986, train_loss_epoch=0.0339]Epoch 6:  38%|███▊      | 54/144 [00:01<00:02, 34.93it/s, v_num=73760, train_loss_step=0.0413, val_loss=0.0358, val_acc=0.986, train_loss_epoch=0.0339]Epoch 6:  38%|███▊      | 55/144 [00:01<00:02, 34.89it/s, v_num=73760, train_loss_step=0.0413, val_loss=0.0358, val_acc=0.986, train_loss_epoch=0.0339]Epoch 6:  38%|███▊      | 55/144 [00:01<00:02, 34.89it/s, v_num=73760, train_loss_step=0.0175, val_loss=0.0358, val_acc=0.986, train_loss_epoch=0.0339]Epoch 6:  39%|███▉      | 56/144 [00:01<00:02, 34.93it/s, v_num=73760, train_loss_step=0.0175, val_loss=0.0358, val_acc=0.986, train_loss_epoch=0.0339]Epoch 6:  39%|███▉      | 56/144 [00:01<00:02, 34.93it/s, v_num=73760, train_loss_step=0.0138, val_loss=0.0358, val_acc=0.986, train_loss_epoch=0.0339]Epoch 6:  40%|███▉      | 57/144 [00:01<00:02, 34.96it/s, v_num=73760, train_loss_step=0.0138, val_loss=0.0358, val_acc=0.986, train_loss_epoch=0.0339]Epoch 6:  40%|███▉      | 57/144 [00:01<00:02, 34.95it/s, v_num=73760, train_loss_step=0.0149, val_loss=0.0358, val_acc=0.986, train_loss_epoch=0.0339]Epoch 6:  40%|████      | 58/144 [00:01<00:02, 34.99it/s, v_num=73760, train_loss_step=0.0149, val_loss=0.0358, val_acc=0.986, train_loss_epoch=0.0339]Epoch 6:  40%|████      | 58/144 [00:01<00:02, 34.99it/s, v_num=73760, train_loss_step=0.0379, val_loss=0.0358, val_acc=0.986, train_loss_epoch=0.0339]Epoch 6:  41%|████      | 59/144 [00:01<00:02, 34.96it/s, v_num=73760, train_loss_step=0.0379, val_loss=0.0358, val_acc=0.986, train_loss_epoch=0.0339]Epoch 6:  41%|████      | 59/144 [00:01<00:02, 34.96it/s, v_num=73760, train_loss_step=0.0259, val_loss=0.0358, val_acc=0.986, train_loss_epoch=0.0339]Epoch 6:  42%|████▏     | 60/144 [00:01<00:02, 35.02it/s, v_num=73760, train_loss_step=0.0259, val_loss=0.0358, val_acc=0.986, train_loss_epoch=0.0339]Epoch 6:  42%|████▏     | 60/144 [00:01<00:02, 35.02it/s, v_num=73760, train_loss_step=0.0258, val_loss=0.0358, val_acc=0.986, train_loss_epoch=0.0339]Epoch 6:  42%|████▏     | 61/144 [00:01<00:02, 35.10it/s, v_num=73760, train_loss_step=0.0258, val_loss=0.0358, val_acc=0.986, train_loss_epoch=0.0339]Epoch 6:  42%|████▏     | 61/144 [00:01<00:02, 35.09it/s, v_num=73760, train_loss_step=0.0192, val_loss=0.0358, val_acc=0.986, train_loss_epoch=0.0339]Epoch 6:  43%|████▎     | 62/144 [00:01<00:02, 35.14it/s, v_num=73760, train_loss_step=0.0192, val_loss=0.0358, val_acc=0.986, train_loss_epoch=0.0339]Epoch 6:  43%|████▎     | 62/144 [00:01<00:02, 35.14it/s, v_num=73760, train_loss_step=0.021, val_loss=0.0358, val_acc=0.986, train_loss_epoch=0.0339] Epoch 6:  44%|████▍     | 63/144 [00:01<00:02, 35.11it/s, v_num=73760, train_loss_step=0.021, val_loss=0.0358, val_acc=0.986, train_loss_epoch=0.0339]Epoch 6:  44%|████▍     | 63/144 [00:01<00:02, 35.11it/s, v_num=73760, train_loss_step=0.048, val_loss=0.0358, val_acc=0.986, train_loss_epoch=0.0339]Epoch 6:  44%|████▍     | 64/144 [00:01<00:02, 35.15it/s, v_num=73760, train_loss_step=0.048, val_loss=0.0358, val_acc=0.986, train_loss_epoch=0.0339]Epoch 6:  44%|████▍     | 64/144 [00:01<00:02, 35.15it/s, v_num=73760, train_loss_step=0.0267, val_loss=0.0358, val_acc=0.986, train_loss_epoch=0.0339]Epoch 6:  45%|████▌     | 65/144 [00:01<00:02, 35.16it/s, v_num=73760, train_loss_step=0.0267, val_loss=0.0358, val_acc=0.986, train_loss_epoch=0.0339]Epoch 6:  45%|████▌     | 65/144 [00:01<00:02, 35.15it/s, v_num=73760, train_loss_step=0.0292, val_loss=0.0358, val_acc=0.986, train_loss_epoch=0.0339]Epoch 6:  46%|████▌     | 66/144 [00:01<00:02, 35.19it/s, v_num=73760, train_loss_step=0.0292, val_loss=0.0358, val_acc=0.986, train_loss_epoch=0.0339]Epoch 6:  46%|████▌     | 66/144 [00:01<00:02, 35.19it/s, v_num=73760, train_loss_step=0.0278, val_loss=0.0358, val_acc=0.986, train_loss_epoch=0.0339]Epoch 6:  47%|████▋     | 67/144 [00:01<00:02, 35.17it/s, v_num=73760, train_loss_step=0.0278, val_loss=0.0358, val_acc=0.986, train_loss_epoch=0.0339]Epoch 6:  47%|████▋     | 67/144 [00:01<00:02, 35.17it/s, v_num=73760, train_loss_step=0.026, val_loss=0.0358, val_acc=0.986, train_loss_epoch=0.0339] Epoch 6:  47%|████▋     | 68/144 [00:01<00:02, 35.22it/s, v_num=73760, train_loss_step=0.026, val_loss=0.0358, val_acc=0.986, train_loss_epoch=0.0339]Epoch 6:  47%|████▋     | 68/144 [00:01<00:02, 35.21it/s, v_num=73760, train_loss_step=0.0384, val_loss=0.0358, val_acc=0.986, train_loss_epoch=0.0339]Epoch 6:  48%|████▊     | 69/144 [00:01<00:02, 35.10it/s, v_num=73760, train_loss_step=0.0384, val_loss=0.0358, val_acc=0.986, train_loss_epoch=0.0339]Epoch 6:  48%|████▊     | 69/144 [00:01<00:02, 35.09it/s, v_num=73760, train_loss_step=0.0177, val_loss=0.0358, val_acc=0.986, train_loss_epoch=0.0339]Epoch 6:  49%|████▊     | 70/144 [00:02<00:02, 34.95it/s, v_num=73760, train_loss_step=0.0177, val_loss=0.0358, val_acc=0.986, train_loss_epoch=0.0339]Epoch 6:  49%|████▊     | 70/144 [00:02<00:02, 34.95it/s, v_num=73760, train_loss_step=0.032, val_loss=0.0358, val_acc=0.986, train_loss_epoch=0.0339] Epoch 6:  49%|████▉     | 71/144 [00:02<00:02, 34.98it/s, v_num=73760, train_loss_step=0.032, val_loss=0.0358, val_acc=0.986, train_loss_epoch=0.0339]Epoch 6:  49%|████▉     | 71/144 [00:02<00:02, 34.98it/s, v_num=73760, train_loss_step=0.0389, val_loss=0.0358, val_acc=0.986, train_loss_epoch=0.0339]Epoch 6:  50%|█████     | 72/144 [00:02<00:02, 35.03it/s, v_num=73760, train_loss_step=0.0389, val_loss=0.0358, val_acc=0.986, train_loss_epoch=0.0339]Epoch 6:  50%|█████     | 72/144 [00:02<00:02, 35.03it/s, v_num=73760, train_loss_step=0.0263, val_loss=0.0358, val_acc=0.986, train_loss_epoch=0.0339]Epoch 6:  51%|█████     | 73/144 [00:02<00:02, 35.08it/s, v_num=73760, train_loss_step=0.0263, val_loss=0.0358, val_acc=0.986, train_loss_epoch=0.0339]Epoch 6:  51%|█████     | 73/144 [00:02<00:02, 35.08it/s, v_num=73760, train_loss_step=0.0216, val_loss=0.0358, val_acc=0.986, train_loss_epoch=0.0339]Epoch 6:  51%|█████▏    | 74/144 [00:02<00:02, 34.97it/s, v_num=73760, train_loss_step=0.0216, val_loss=0.0358, val_acc=0.986, train_loss_epoch=0.0339]Epoch 6:  51%|█████▏    | 74/144 [00:02<00:02, 34.97it/s, v_num=73760, train_loss_step=0.0309, val_loss=0.0358, val_acc=0.986, train_loss_epoch=0.0339]Epoch 6:  52%|█████▏    | 75/144 [00:02<00:01, 35.00it/s, v_num=73760, train_loss_step=0.0309, val_loss=0.0358, val_acc=0.986, train_loss_epoch=0.0339]Epoch 6:  52%|█████▏    | 75/144 [00:02<00:01, 35.00it/s, v_num=73760, train_loss_step=0.0232, val_loss=0.0358, val_acc=0.986, train_loss_epoch=0.0339]Epoch 6:  53%|█████▎    | 76/144 [00:02<00:01, 35.05it/s, v_num=73760, train_loss_step=0.0232, val_loss=0.0358, val_acc=0.986, train_loss_epoch=0.0339]Epoch 6:  53%|█████▎    | 76/144 [00:02<00:01, 35.05it/s, v_num=73760, train_loss_step=0.0253, val_loss=0.0358, val_acc=0.986, train_loss_epoch=0.0339]Epoch 6:  53%|█████▎    | 77/144 [00:02<00:01, 35.08it/s, v_num=73760, train_loss_step=0.0253, val_loss=0.0358, val_acc=0.986, train_loss_epoch=0.0339]Epoch 6:  53%|█████▎    | 77/144 [00:02<00:01, 35.07it/s, v_num=73760, train_loss_step=0.0244, val_loss=0.0358, val_acc=0.986, train_loss_epoch=0.0339]Epoch 6:  54%|█████▍    | 78/144 [00:02<00:01, 35.03it/s, v_num=73760, train_loss_step=0.0244, val_loss=0.0358, val_acc=0.986, train_loss_epoch=0.0339]Epoch 6:  54%|█████▍    | 78/144 [00:02<00:01, 35.03it/s, v_num=73760, train_loss_step=0.0516, val_loss=0.0358, val_acc=0.986, train_loss_epoch=0.0339]Epoch 6:  55%|█████▍    | 79/144 [00:02<00:01, 35.02it/s, v_num=73760, train_loss_step=0.0516, val_loss=0.0358, val_acc=0.986, train_loss_epoch=0.0339]Epoch 6:  55%|█████▍    | 79/144 [00:02<00:01, 35.02it/s, v_num=73760, train_loss_step=0.0203, val_loss=0.0358, val_acc=0.986, train_loss_epoch=0.0339]Epoch 6:  56%|█████▌    | 80/144 [00:02<00:01, 35.07it/s, v_num=73760, train_loss_step=0.0203, val_loss=0.0358, val_acc=0.986, train_loss_epoch=0.0339]Epoch 6:  56%|█████▌    | 80/144 [00:02<00:01, 35.07it/s, v_num=73760, train_loss_step=0.033, val_loss=0.0358, val_acc=0.986, train_loss_epoch=0.0339] Epoch 6:  56%|█████▋    | 81/144 [00:02<00:01, 35.12it/s, v_num=73760, train_loss_step=0.033, val_loss=0.0358, val_acc=0.986, train_loss_epoch=0.0339]Epoch 6:  56%|█████▋    | 81/144 [00:02<00:01, 35.11it/s, v_num=73760, train_loss_step=0.0305, val_loss=0.0358, val_acc=0.986, train_loss_epoch=0.0339]Epoch 6:  57%|█████▋    | 82/144 [00:02<00:01, 35.11it/s, v_num=73760, train_loss_step=0.0305, val_loss=0.0358, val_acc=0.986, train_loss_epoch=0.0339]Epoch 6:  57%|█████▋    | 82/144 [00:02<00:01, 35.10it/s, v_num=73760, train_loss_step=0.0143, val_loss=0.0358, val_acc=0.986, train_loss_epoch=0.0339]Epoch 6:  58%|█████▊    | 83/144 [00:02<00:01, 35.14it/s, v_num=73760, train_loss_step=0.0143, val_loss=0.0358, val_acc=0.986, train_loss_epoch=0.0339]Epoch 6:  58%|█████▊    | 83/144 [00:02<00:01, 35.14it/s, v_num=73760, train_loss_step=0.0503, val_loss=0.0358, val_acc=0.986, train_loss_epoch=0.0339]Epoch 6:  58%|█████▊    | 84/144 [00:02<00:01, 35.18it/s, v_num=73760, train_loss_step=0.0503, val_loss=0.0358, val_acc=0.986, train_loss_epoch=0.0339]Epoch 6:  58%|█████▊    | 84/144 [00:02<00:01, 35.18it/s, v_num=73760, train_loss_step=0.0572, val_loss=0.0358, val_acc=0.986, train_loss_epoch=0.0339]Epoch 6:  59%|█████▉    | 85/144 [00:02<00:01, 35.10it/s, v_num=73760, train_loss_step=0.0572, val_loss=0.0358, val_acc=0.986, train_loss_epoch=0.0339]Epoch 6:  59%|█████▉    | 85/144 [00:02<00:01, 35.10it/s, v_num=73760, train_loss_step=0.0192, val_loss=0.0358, val_acc=0.986, train_loss_epoch=0.0339]Epoch 6:  60%|█████▉    | 86/144 [00:02<00:01, 35.03it/s, v_num=73760, train_loss_step=0.0192, val_loss=0.0358, val_acc=0.986, train_loss_epoch=0.0339]Epoch 6:  60%|█████▉    | 86/144 [00:02<00:01, 35.03it/s, v_num=73760, train_loss_step=0.0258, val_loss=0.0358, val_acc=0.986, train_loss_epoch=0.0339]Epoch 6:  60%|██████    | 87/144 [00:02<00:01, 35.06it/s, v_num=73760, train_loss_step=0.0258, val_loss=0.0358, val_acc=0.986, train_loss_epoch=0.0339]Epoch 6:  60%|██████    | 87/144 [00:02<00:01, 35.05it/s, v_num=73760, train_loss_step=0.0345, val_loss=0.0358, val_acc=0.986, train_loss_epoch=0.0339]Epoch 6:  61%|██████    | 88/144 [00:02<00:01, 35.07it/s, v_num=73760, train_loss_step=0.0345, val_loss=0.0358, val_acc=0.986, train_loss_epoch=0.0339]Epoch 6:  61%|██████    | 88/144 [00:02<00:01, 35.07it/s, v_num=73760, train_loss_step=0.0217, val_loss=0.0358, val_acc=0.986, train_loss_epoch=0.0339]Epoch 6:  62%|██████▏   | 89/144 [00:02<00:01, 35.08it/s, v_num=73760, train_loss_step=0.0217, val_loss=0.0358, val_acc=0.986, train_loss_epoch=0.0339]Epoch 6:  62%|██████▏   | 89/144 [00:02<00:01, 35.08it/s, v_num=73760, train_loss_step=0.0167, val_loss=0.0358, val_acc=0.986, train_loss_epoch=0.0339]Epoch 6:  62%|██████▎   | 90/144 [00:02<00:01, 35.05it/s, v_num=73760, train_loss_step=0.0167, val_loss=0.0358, val_acc=0.986, train_loss_epoch=0.0339]Epoch 6:  62%|██████▎   | 90/144 [00:02<00:01, 35.05it/s, v_num=73760, train_loss_step=0.0184, val_loss=0.0358, val_acc=0.986, train_loss_epoch=0.0339]Epoch 6:  63%|██████▎   | 91/144 [00:02<00:01, 35.08it/s, v_num=73760, train_loss_step=0.0184, val_loss=0.0358, val_acc=0.986, train_loss_epoch=0.0339]Epoch 6:  63%|██████▎   | 91/144 [00:02<00:01, 35.08it/s, v_num=73760, train_loss_step=0.0414, val_loss=0.0358, val_acc=0.986, train_loss_epoch=0.0339]Epoch 6:  64%|██████▍   | 92/144 [00:02<00:01, 35.11it/s, v_num=73760, train_loss_step=0.0414, val_loss=0.0358, val_acc=0.986, train_loss_epoch=0.0339]Epoch 6:  64%|██████▍   | 92/144 [00:02<00:01, 35.11it/s, v_num=73760, train_loss_step=0.0383, val_loss=0.0358, val_acc=0.986, train_loss_epoch=0.0339]Epoch 6:  65%|██████▍   | 93/144 [00:02<00:01, 35.10it/s, v_num=73760, train_loss_step=0.0383, val_loss=0.0358, val_acc=0.986, train_loss_epoch=0.0339]Epoch 6:  65%|██████▍   | 93/144 [00:02<00:01, 35.10it/s, v_num=73760, train_loss_step=0.0237, val_loss=0.0358, val_acc=0.986, train_loss_epoch=0.0339]Epoch 6:  65%|██████▌   | 94/144 [00:02<00:01, 35.09it/s, v_num=73760, train_loss_step=0.0237, val_loss=0.0358, val_acc=0.986, train_loss_epoch=0.0339]Epoch 6:  65%|██████▌   | 94/144 [00:02<00:01, 35.09it/s, v_num=73760, train_loss_step=0.0155, val_loss=0.0358, val_acc=0.986, train_loss_epoch=0.0339]Epoch 6:  66%|██████▌   | 95/144 [00:02<00:01, 35.12it/s, v_num=73760, train_loss_step=0.0155, val_loss=0.0358, val_acc=0.986, train_loss_epoch=0.0339]Epoch 6:  66%|██████▌   | 95/144 [00:02<00:01, 35.11it/s, v_num=73760, train_loss_step=0.0261, val_loss=0.0358, val_acc=0.986, train_loss_epoch=0.0339]Epoch 6:  67%|██████▋   | 96/144 [00:02<00:01, 35.14it/s, v_num=73760, train_loss_step=0.0261, val_loss=0.0358, val_acc=0.986, train_loss_epoch=0.0339]Epoch 6:  67%|██████▋   | 96/144 [00:02<00:01, 35.13it/s, v_num=73760, train_loss_step=0.0236, val_loss=0.0358, val_acc=0.986, train_loss_epoch=0.0339]Epoch 6:  67%|██████▋   | 97/144 [00:02<00:01, 35.18it/s, v_num=73760, train_loss_step=0.0236, val_loss=0.0358, val_acc=0.986, train_loss_epoch=0.0339]Epoch 6:  67%|██████▋   | 97/144 [00:02<00:01, 35.18it/s, v_num=73760, train_loss_step=0.0379, val_loss=0.0358, val_acc=0.986, train_loss_epoch=0.0339]Epoch 6:  68%|██████▊   | 98/144 [00:02<00:01, 35.15it/s, v_num=73760, train_loss_step=0.0379, val_loss=0.0358, val_acc=0.986, train_loss_epoch=0.0339]Epoch 6:  68%|██████▊   | 98/144 [00:02<00:01, 35.15it/s, v_num=73760, train_loss_step=0.0268, val_loss=0.0358, val_acc=0.986, train_loss_epoch=0.0339]Epoch 6:  69%|██████▉   | 99/144 [00:02<00:01, 35.20it/s, v_num=73760, train_loss_step=0.0268, val_loss=0.0358, val_acc=0.986, train_loss_epoch=0.0339]Epoch 6:  69%|██████▉   | 99/144 [00:02<00:01, 35.20it/s, v_num=73760, train_loss_step=0.0322, val_loss=0.0358, val_acc=0.986, train_loss_epoch=0.0339]Epoch 6:  69%|██████▉   | 100/144 [00:02<00:01, 35.25it/s, v_num=73760, train_loss_step=0.0322, val_loss=0.0358, val_acc=0.986, train_loss_epoch=0.0339]Epoch 6:  69%|██████▉   | 100/144 [00:02<00:01, 35.25it/s, v_num=73760, train_loss_step=0.0434, val_loss=0.0358, val_acc=0.986, train_loss_epoch=0.0339]Epoch 6:  70%|███████   | 101/144 [00:02<00:01, 35.29it/s, v_num=73760, train_loss_step=0.0434, val_loss=0.0358, val_acc=0.986, train_loss_epoch=0.0339]Epoch 6:  70%|███████   | 101/144 [00:02<00:01, 35.29it/s, v_num=73760, train_loss_step=0.033, val_loss=0.0358, val_acc=0.986, train_loss_epoch=0.0339] Epoch 6:  71%|███████   | 102/144 [00:02<00:01, 35.29it/s, v_num=73760, train_loss_step=0.033, val_loss=0.0358, val_acc=0.986, train_loss_epoch=0.0339]Epoch 6:  71%|███████   | 102/144 [00:02<00:01, 35.29it/s, v_num=73760, train_loss_step=0.0402, val_loss=0.0358, val_acc=0.986, train_loss_epoch=0.0339]Epoch 6:  72%|███████▏  | 103/144 [00:02<00:01, 35.35it/s, v_num=73760, train_loss_step=0.0402, val_loss=0.0358, val_acc=0.986, train_loss_epoch=0.0339]Epoch 6:  72%|███████▏  | 103/144 [00:02<00:01, 35.35it/s, v_num=73760, train_loss_step=0.0296, val_loss=0.0358, val_acc=0.986, train_loss_epoch=0.0339]Epoch 6:  72%|███████▏  | 104/144 [00:02<00:01, 35.39it/s, v_num=73760, train_loss_step=0.0296, val_loss=0.0358, val_acc=0.986, train_loss_epoch=0.0339]Epoch 6:  72%|███████▏  | 104/144 [00:02<00:01, 35.39it/s, v_num=73760, train_loss_step=0.0203, val_loss=0.0358, val_acc=0.986, train_loss_epoch=0.0339]Epoch 6:  73%|███████▎  | 105/144 [00:02<00:01, 35.43it/s, v_num=73760, train_loss_step=0.0203, val_loss=0.0358, val_acc=0.986, train_loss_epoch=0.0339]Epoch 6:  73%|███████▎  | 105/144 [00:02<00:01, 35.43it/s, v_num=73760, train_loss_step=0.0311, val_loss=0.0358, val_acc=0.986, train_loss_epoch=0.0339]Epoch 6:  74%|███████▎  | 106/144 [00:02<00:01, 35.43it/s, v_num=73760, train_loss_step=0.0311, val_loss=0.0358, val_acc=0.986, train_loss_epoch=0.0339]Epoch 6:  74%|███████▎  | 106/144 [00:02<00:01, 35.43it/s, v_num=73760, train_loss_step=0.0313, val_loss=0.0358, val_acc=0.986, train_loss_epoch=0.0339]Epoch 6:  74%|███████▍  | 107/144 [00:03<00:01, 35.47it/s, v_num=73760, train_loss_step=0.0313, val_loss=0.0358, val_acc=0.986, train_loss_epoch=0.0339]Epoch 6:  74%|███████▍  | 107/144 [00:03<00:01, 35.47it/s, v_num=73760, train_loss_step=0.0626, val_loss=0.0358, val_acc=0.986, train_loss_epoch=0.0339]Epoch 6:  75%|███████▌  | 108/144 [00:03<00:01, 35.51it/s, v_num=73760, train_loss_step=0.0626, val_loss=0.0358, val_acc=0.986, train_loss_epoch=0.0339]Epoch 6:  75%|███████▌  | 108/144 [00:03<00:01, 35.51it/s, v_num=73760, train_loss_step=0.0266, val_loss=0.0358, val_acc=0.986, train_loss_epoch=0.0339]Epoch 6:  76%|███████▌  | 109/144 [00:03<00:00, 35.54it/s, v_num=73760, train_loss_step=0.0266, val_loss=0.0358, val_acc=0.986, train_loss_epoch=0.0339]Epoch 6:  76%|███████▌  | 109/144 [00:03<00:00, 35.54it/s, v_num=73760, train_loss_step=0.055, val_loss=0.0358, val_acc=0.986, train_loss_epoch=0.0339] Epoch 6:  76%|███████▋  | 110/144 [00:03<00:00, 35.53it/s, v_num=73760, train_loss_step=0.055, val_loss=0.0358, val_acc=0.986, train_loss_epoch=0.0339]Epoch 6:  76%|███████▋  | 110/144 [00:03<00:00, 35.53it/s, v_num=73760, train_loss_step=0.0187, val_loss=0.0358, val_acc=0.986, train_loss_epoch=0.0339]Epoch 6:  77%|███████▋  | 111/144 [00:03<00:00, 35.57it/s, v_num=73760, train_loss_step=0.0187, val_loss=0.0358, val_acc=0.986, train_loss_epoch=0.0339]Epoch 6:  77%|███████▋  | 111/144 [00:03<00:00, 35.57it/s, v_num=73760, train_loss_step=0.0204, val_loss=0.0358, val_acc=0.986, train_loss_epoch=0.0339]Epoch 6:  78%|███████▊  | 112/144 [00:03<00:00, 35.61it/s, v_num=73760, train_loss_step=0.0204, val_loss=0.0358, val_acc=0.986, train_loss_epoch=0.0339]Epoch 6:  78%|███████▊  | 112/144 [00:03<00:00, 35.60it/s, v_num=73760, train_loss_step=0.0237, val_loss=0.0358, val_acc=0.986, train_loss_epoch=0.0339]Epoch 6:  78%|███████▊  | 113/144 [00:03<00:00, 35.64it/s, v_num=73760, train_loss_step=0.0237, val_loss=0.0358, val_acc=0.986, train_loss_epoch=0.0339]Epoch 6:  78%|███████▊  | 113/144 [00:03<00:00, 35.63it/s, v_num=73760, train_loss_step=0.0326, val_loss=0.0358, val_acc=0.986, train_loss_epoch=0.0339]Epoch 6:  79%|███████▉  | 114/144 [00:03<00:00, 35.60it/s, v_num=73760, train_loss_step=0.0326, val_loss=0.0358, val_acc=0.986, train_loss_epoch=0.0339]Epoch 6:  79%|███████▉  | 114/144 [00:03<00:00, 35.59it/s, v_num=73760, train_loss_step=0.0199, val_loss=0.0358, val_acc=0.986, train_loss_epoch=0.0339]Epoch 6:  80%|███████▉  | 115/144 [00:03<00:00, 35.60it/s, v_num=73760, train_loss_step=0.0199, val_loss=0.0358, val_acc=0.986, train_loss_epoch=0.0339]Epoch 6:  80%|███████▉  | 115/144 [00:03<00:00, 35.59it/s, v_num=73760, train_loss_step=0.022, val_loss=0.0358, val_acc=0.986, train_loss_epoch=0.0339] Epoch 6:  81%|████████  | 116/144 [00:03<00:00, 35.64it/s, v_num=73760, train_loss_step=0.022, val_loss=0.0358, val_acc=0.986, train_loss_epoch=0.0339]Epoch 6:  81%|████████  | 116/144 [00:03<00:00, 35.64it/s, v_num=73760, train_loss_step=0.0491, val_loss=0.0358, val_acc=0.986, train_loss_epoch=0.0339]Epoch 6:  81%|████████▏ | 117/144 [00:03<00:00, 35.63it/s, v_num=73760, train_loss_step=0.0491, val_loss=0.0358, val_acc=0.986, train_loss_epoch=0.0339]Epoch 6:  81%|████████▏ | 117/144 [00:03<00:00, 35.63it/s, v_num=73760, train_loss_step=0.0263, val_loss=0.0358, val_acc=0.986, train_loss_epoch=0.0339]Epoch 6:  82%|████████▏ | 118/144 [00:03<00:00, 35.65it/s, v_num=73760, train_loss_step=0.0263, val_loss=0.0358, val_acc=0.986, train_loss_epoch=0.0339]Epoch 6:  82%|████████▏ | 118/144 [00:03<00:00, 35.65it/s, v_num=73760, train_loss_step=0.0704, val_loss=0.0358, val_acc=0.986, train_loss_epoch=0.0339]Epoch 6:  83%|████████▎ | 119/144 [00:03<00:00, 35.64it/s, v_num=73760, train_loss_step=0.0704, val_loss=0.0358, val_acc=0.986, train_loss_epoch=0.0339]Epoch 6:  83%|████████▎ | 119/144 [00:03<00:00, 35.64it/s, v_num=73760, train_loss_step=0.0202, val_loss=0.0358, val_acc=0.986, train_loss_epoch=0.0339]Epoch 6:  83%|████████▎ | 120/144 [00:03<00:00, 35.68it/s, v_num=73760, train_loss_step=0.0202, val_loss=0.0358, val_acc=0.986, train_loss_epoch=0.0339]Epoch 6:  83%|████████▎ | 120/144 [00:03<00:00, 35.68it/s, v_num=73760, train_loss_step=0.0222, val_loss=0.0358, val_acc=0.986, train_loss_epoch=0.0339]Epoch 6:  84%|████████▍ | 121/144 [00:03<00:00, 35.71it/s, v_num=73760, train_loss_step=0.0222, val_loss=0.0358, val_acc=0.986, train_loss_epoch=0.0339]Epoch 6:  84%|████████▍ | 121/144 [00:03<00:00, 35.71it/s, v_num=73760, train_loss_step=0.0339, val_loss=0.0358, val_acc=0.986, train_loss_epoch=0.0339]Epoch 6:  85%|████████▍ | 122/144 [00:03<00:00, 35.73it/s, v_num=73760, train_loss_step=0.0339, val_loss=0.0358, val_acc=0.986, train_loss_epoch=0.0339]Epoch 6:  85%|████████▍ | 122/144 [00:03<00:00, 35.73it/s, v_num=73760, train_loss_step=0.0663, val_loss=0.0358, val_acc=0.986, train_loss_epoch=0.0339]Epoch 6:  85%|████████▌ | 123/144 [00:03<00:00, 35.72it/s, v_num=73760, train_loss_step=0.0663, val_loss=0.0358, val_acc=0.986, train_loss_epoch=0.0339]Epoch 6:  85%|████████▌ | 123/144 [00:03<00:00, 35.71it/s, v_num=73760, train_loss_step=0.0288, val_loss=0.0358, val_acc=0.986, train_loss_epoch=0.0339]Epoch 6:  86%|████████▌ | 124/144 [00:03<00:00, 35.73it/s, v_num=73760, train_loss_step=0.0288, val_loss=0.0358, val_acc=0.986, train_loss_epoch=0.0339]Epoch 6:  86%|████████▌ | 124/144 [00:03<00:00, 35.72it/s, v_num=73760, train_loss_step=0.0134, val_loss=0.0358, val_acc=0.986, train_loss_epoch=0.0339]Epoch 6:  87%|████████▋ | 125/144 [00:03<00:00, 35.75it/s, v_num=73760, train_loss_step=0.0134, val_loss=0.0358, val_acc=0.986, train_loss_epoch=0.0339]Epoch 6:  87%|████████▋ | 125/144 [00:03<00:00, 35.75it/s, v_num=73760, train_loss_step=0.0175, val_loss=0.0358, val_acc=0.986, train_loss_epoch=0.0339]Epoch 6:  88%|████████▊ | 126/144 [00:03<00:00, 35.78it/s, v_num=73760, train_loss_step=0.0175, val_loss=0.0358, val_acc=0.986, train_loss_epoch=0.0339]Epoch 6:  88%|████████▊ | 126/144 [00:03<00:00, 35.78it/s, v_num=73760, train_loss_step=0.0375, val_loss=0.0358, val_acc=0.986, train_loss_epoch=0.0339]Epoch 6:  88%|████████▊ | 127/144 [00:03<00:00, 35.78it/s, v_num=73760, train_loss_step=0.0375, val_loss=0.0358, val_acc=0.986, train_loss_epoch=0.0339]Epoch 6:  88%|████████▊ | 127/144 [00:03<00:00, 35.78it/s, v_num=73760, train_loss_step=0.0327, val_loss=0.0358, val_acc=0.986, train_loss_epoch=0.0339]Epoch 6:  89%|████████▉ | 128/144 [00:03<00:00, 35.80it/s, v_num=73760, train_loss_step=0.0327, val_loss=0.0358, val_acc=0.986, train_loss_epoch=0.0339]Epoch 6:  89%|████████▉ | 128/144 [00:03<00:00, 35.80it/s, v_num=73760, train_loss_step=0.0423, val_loss=0.0358, val_acc=0.986, train_loss_epoch=0.0339]Epoch 6:  90%|████████▉ | 129/144 [00:03<00:00, 35.83it/s, v_num=73760, train_loss_step=0.0423, val_loss=0.0358, val_acc=0.986, train_loss_epoch=0.0339]Epoch 6:  90%|████████▉ | 129/144 [00:03<00:00, 35.83it/s, v_num=73760, train_loss_step=0.0128, val_loss=0.0358, val_acc=0.986, train_loss_epoch=0.0339]Epoch 6:  90%|█████████ | 130/144 [00:03<00:00, 35.86it/s, v_num=73760, train_loss_step=0.0128, val_loss=0.0358, val_acc=0.986, train_loss_epoch=0.0339]Epoch 6:  90%|█████████ | 130/144 [00:03<00:00, 35.86it/s, v_num=73760, train_loss_step=0.0444, val_loss=0.0358, val_acc=0.986, train_loss_epoch=0.0339]Epoch 6:  91%|█████████ | 131/144 [00:03<00:00, 35.86it/s, v_num=73760, train_loss_step=0.0444, val_loss=0.0358, val_acc=0.986, train_loss_epoch=0.0339]Epoch 6:  91%|█████████ | 131/144 [00:03<00:00, 35.86it/s, v_num=73760, train_loss_step=0.0353, val_loss=0.0358, val_acc=0.986, train_loss_epoch=0.0339]Epoch 6:  92%|█████████▏| 132/144 [00:03<00:00, 35.87it/s, v_num=73760, train_loss_step=0.0353, val_loss=0.0358, val_acc=0.986, train_loss_epoch=0.0339]Epoch 6:  92%|█████████▏| 132/144 [00:03<00:00, 35.87it/s, v_num=73760, train_loss_step=0.030, val_loss=0.0358, val_acc=0.986, train_loss_epoch=0.0339] Epoch 6:  92%|█████████▏| 133/144 [00:03<00:00, 35.90it/s, v_num=73760, train_loss_step=0.030, val_loss=0.0358, val_acc=0.986, train_loss_epoch=0.0339]Epoch 6:  92%|█████████▏| 133/144 [00:03<00:00, 35.90it/s, v_num=73760, train_loss_step=0.0543, val_loss=0.0358, val_acc=0.986, train_loss_epoch=0.0339]Epoch 6:  93%|█████████▎| 134/144 [00:03<00:00, 35.89it/s, v_num=73760, train_loss_step=0.0543, val_loss=0.0358, val_acc=0.986, train_loss_epoch=0.0339]Epoch 6:  93%|█████████▎| 134/144 [00:03<00:00, 35.89it/s, v_num=73760, train_loss_step=0.0177, val_loss=0.0358, val_acc=0.986, train_loss_epoch=0.0339]Epoch 6:  94%|█████████▍| 135/144 [00:03<00:00, 35.89it/s, v_num=73760, train_loss_step=0.0177, val_loss=0.0358, val_acc=0.986, train_loss_epoch=0.0339]Epoch 6:  94%|█████████▍| 135/144 [00:03<00:00, 35.89it/s, v_num=73760, train_loss_step=0.0275, val_loss=0.0358, val_acc=0.986, train_loss_epoch=0.0339]Epoch 6:  94%|█████████▍| 136/144 [00:03<00:00, 35.92it/s, v_num=73760, train_loss_step=0.0275, val_loss=0.0358, val_acc=0.986, train_loss_epoch=0.0339]Epoch 6:  94%|█████████▍| 136/144 [00:03<00:00, 35.92it/s, v_num=73760, train_loss_step=0.0313, val_loss=0.0358, val_acc=0.986, train_loss_epoch=0.0339]Epoch 6:  95%|█████████▌| 137/144 [00:03<00:00, 35.95it/s, v_num=73760, train_loss_step=0.0313, val_loss=0.0358, val_acc=0.986, train_loss_epoch=0.0339]Epoch 6:  95%|█████████▌| 137/144 [00:03<00:00, 35.95it/s, v_num=73760, train_loss_step=0.0214, val_loss=0.0358, val_acc=0.986, train_loss_epoch=0.0339]Epoch 6:  96%|█████████▌| 138/144 [00:03<00:00, 35.97it/s, v_num=73760, train_loss_step=0.0214, val_loss=0.0358, val_acc=0.986, train_loss_epoch=0.0339]Epoch 6:  96%|█████████▌| 138/144 [00:03<00:00, 35.97it/s, v_num=73760, train_loss_step=0.0163, val_loss=0.0358, val_acc=0.986, train_loss_epoch=0.0339]Epoch 6:  97%|█████████▋| 139/144 [00:03<00:00, 35.98it/s, v_num=73760, train_loss_step=0.0163, val_loss=0.0358, val_acc=0.986, train_loss_epoch=0.0339]Epoch 6:  97%|█████████▋| 139/144 [00:03<00:00, 35.98it/s, v_num=73760, train_loss_step=0.0382, val_loss=0.0358, val_acc=0.986, train_loss_epoch=0.0339]Epoch 6:  97%|█████████▋| 140/144 [00:03<00:00, 36.01it/s, v_num=73760, train_loss_step=0.0382, val_loss=0.0358, val_acc=0.986, train_loss_epoch=0.0339]Epoch 6:  97%|█████████▋| 140/144 [00:03<00:00, 36.01it/s, v_num=73760, train_loss_step=0.0507, val_loss=0.0358, val_acc=0.986, train_loss_epoch=0.0339]Epoch 6:  98%|█████████▊| 141/144 [00:03<00:00, 36.01it/s, v_num=73760, train_loss_step=0.0507, val_loss=0.0358, val_acc=0.986, train_loss_epoch=0.0339]Epoch 6:  98%|█████████▊| 141/144 [00:03<00:00, 36.01it/s, v_num=73760, train_loss_step=0.0261, val_loss=0.0358, val_acc=0.986, train_loss_epoch=0.0339]Epoch 6:  99%|█████████▊| 142/144 [00:03<00:00, 36.03it/s, v_num=73760, train_loss_step=0.0261, val_loss=0.0358, val_acc=0.986, train_loss_epoch=0.0339]Epoch 6:  99%|█████████▊| 142/144 [00:03<00:00, 36.02it/s, v_num=73760, train_loss_step=0.0128, val_loss=0.0358, val_acc=0.986, train_loss_epoch=0.0339]Epoch 6:  99%|█████████▉| 143/144 [00:03<00:00, 36.00it/s, v_num=73760, train_loss_step=0.0128, val_loss=0.0358, val_acc=0.986, train_loss_epoch=0.0339]Epoch 6:  99%|█████████▉| 143/144 [00:03<00:00, 36.00it/s, v_num=73760, train_loss_step=0.013, val_loss=0.0358, val_acc=0.986, train_loss_epoch=0.0339] Epoch 6: 100%|██████████| 144/144 [00:03<00:00, 36.03it/s, v_num=73760, train_loss_step=0.013, val_loss=0.0358, val_acc=0.986, train_loss_epoch=0.0339]Epoch 6: 100%|██████████| 144/144 [00:03<00:00, 36.03it/s, v_num=73760, train_loss_step=0.00753, val_loss=0.0358, val_acc=0.986, train_loss_epoch=0.0339]
Validation: |          | 0/? [00:00<?, ?it/s][A
Validation:   0%|          | 0/14 [00:00<?, ?it/s][A
Validation DataLoader 0:   0%|          | 0/14 [00:00<?, ?it/s][A
Validation DataLoader 0:   7%|▋         | 1/14 [00:00<00:00, 128.04it/s][A
Validation DataLoader 0:  14%|█▍        | 2/14 [00:00<00:00, 77.69it/s] [A
Validation DataLoader 0:  21%|██▏       | 3/14 [00:00<00:00, 84.13it/s][A
Validation DataLoader 0:  29%|██▊       | 4/14 [00:00<00:00, 87.72it/s][A
Validation DataLoader 0:  36%|███▌      | 5/14 [00:00<00:00, 88.15it/s][A
Validation DataLoader 0:  43%|████▎     | 6/14 [00:00<00:00, 83.87it/s][A
Validation DataLoader 0:  50%|█████     | 7/14 [00:00<00:00, 81.28it/s][A
Validation DataLoader 0:  57%|█████▋    | 8/14 [00:00<00:00, 79.59it/s][A
Validation DataLoader 0:  64%|██████▍   | 9/14 [00:00<00:00, 78.36it/s][A
Validation DataLoader 0:  71%|███████▏  | 10/14 [00:00<00:00, 77.42it/s][A
Validation DataLoader 0:  79%|███████▊  | 11/14 [00:00<00:00, 76.64it/s][A
Validation DataLoader 0:  86%|████████▌ | 12/14 [00:00<00:00, 76.01it/s][A
Validation DataLoader 0:  93%|█████████▎| 13/14 [00:00<00:00, 75.43it/s][A
Validation DataLoader 0: 100%|██████████| 14/14 [00:00<00:00, 74.98it/s][A
                                                                        [AEpoch 6: 100%|██████████| 144/144 [00:04<00:00, 34.27it/s, v_num=73760, train_loss_step=0.00753, val_loss=0.0487, val_acc=0.983, train_loss_epoch=0.0339]Epoch 6: 100%|██████████| 144/144 [00:04<00:00, 34.26it/s, v_num=73760, train_loss_step=0.00753, val_loss=0.0487, val_acc=0.983, train_loss_epoch=0.0306]Epoch 6:   0%|          | 0/144 [00:00<?, ?it/s, v_num=73760, train_loss_step=0.00753, val_loss=0.0487, val_acc=0.983, train_loss_epoch=0.0306]          Epoch 7:   0%|          | 0/144 [00:00<?, ?it/s, v_num=73760, train_loss_step=0.00753, val_loss=0.0487, val_acc=0.983, train_loss_epoch=0.0306]Epoch 7:   1%|          | 1/144 [00:00<00:11, 12.15it/s, v_num=73760, train_loss_step=0.00753, val_loss=0.0487, val_acc=0.983, train_loss_epoch=0.0306]Epoch 7:   1%|          | 1/144 [00:00<00:11, 12.12it/s, v_num=73760, train_loss_step=0.0537, val_loss=0.0487, val_acc=0.983, train_loss_epoch=0.0306] Epoch 7:   1%|▏         | 2/144 [00:00<00:07, 17.80it/s, v_num=73760, train_loss_step=0.0537, val_loss=0.0487, val_acc=0.983, train_loss_epoch=0.0306]Epoch 7:   1%|▏         | 2/144 [00:00<00:07, 17.77it/s, v_num=73760, train_loss_step=0.0525, val_loss=0.0487, val_acc=0.983, train_loss_epoch=0.0306]Epoch 7:   2%|▏         | 3/144 [00:00<00:06, 20.91it/s, v_num=73760, train_loss_step=0.0525, val_loss=0.0487, val_acc=0.983, train_loss_epoch=0.0306]Epoch 7:   2%|▏         | 3/144 [00:00<00:06, 20.88it/s, v_num=73760, train_loss_step=0.0693, val_loss=0.0487, val_acc=0.983, train_loss_epoch=0.0306]Epoch 7:   3%|▎         | 4/144 [00:00<00:05, 23.41it/s, v_num=73760, train_loss_step=0.0693, val_loss=0.0487, val_acc=0.983, train_loss_epoch=0.0306]Epoch 7:   3%|▎         | 4/144 [00:00<00:05, 23.39it/s, v_num=73760, train_loss_step=0.0474, val_loss=0.0487, val_acc=0.983, train_loss_epoch=0.0306]Epoch 7:   3%|▎         | 5/144 [00:00<00:05, 25.41it/s, v_num=73760, train_loss_step=0.0474, val_loss=0.0487, val_acc=0.983, train_loss_epoch=0.0306]Epoch 7:   3%|▎         | 5/144 [00:00<00:05, 25.39it/s, v_num=73760, train_loss_step=0.0246, val_loss=0.0487, val_acc=0.983, train_loss_epoch=0.0306]Epoch 7:   4%|▍         | 6/144 [00:00<00:05, 26.79it/s, v_num=73760, train_loss_step=0.0246, val_loss=0.0487, val_acc=0.983, train_loss_epoch=0.0306]Epoch 7:   4%|▍         | 6/144 [00:00<00:05, 26.78it/s, v_num=73760, train_loss_step=0.0391, val_loss=0.0487, val_acc=0.983, train_loss_epoch=0.0306]Epoch 7:   5%|▍         | 7/144 [00:00<00:04, 27.68it/s, v_num=73760, train_loss_step=0.0391, val_loss=0.0487, val_acc=0.983, train_loss_epoch=0.0306]Epoch 7:   5%|▍         | 7/144 [00:00<00:04, 27.66it/s, v_num=73760, train_loss_step=0.0499, val_loss=0.0487, val_acc=0.983, train_loss_epoch=0.0306]Epoch 7:   6%|▌         | 8/144 [00:00<00:04, 28.72it/s, v_num=73760, train_loss_step=0.0499, val_loss=0.0487, val_acc=0.983, train_loss_epoch=0.0306]Epoch 7:   6%|▌         | 8/144 [00:00<00:04, 28.71it/s, v_num=73760, train_loss_step=0.0623, val_loss=0.0487, val_acc=0.983, train_loss_epoch=0.0306]Epoch 7:   6%|▋         | 9/144 [00:00<00:04, 29.57it/s, v_num=73760, train_loss_step=0.0623, val_loss=0.0487, val_acc=0.983, train_loss_epoch=0.0306]Epoch 7:   6%|▋         | 9/144 [00:00<00:04, 29.55it/s, v_num=73760, train_loss_step=0.0313, val_loss=0.0487, val_acc=0.983, train_loss_epoch=0.0306]Epoch 7:   7%|▋         | 10/144 [00:00<00:04, 29.74it/s, v_num=73760, train_loss_step=0.0313, val_loss=0.0487, val_acc=0.983, train_loss_epoch=0.0306]Epoch 7:   7%|▋         | 10/144 [00:00<00:04, 29.73it/s, v_num=73760, train_loss_step=0.038, val_loss=0.0487, val_acc=0.983, train_loss_epoch=0.0306] Epoch 7:   8%|▊         | 11/144 [00:00<00:04, 30.12it/s, v_num=73760, train_loss_step=0.038, val_loss=0.0487, val_acc=0.983, train_loss_epoch=0.0306]Epoch 7:   8%|▊         | 11/144 [00:00<00:04, 30.11it/s, v_num=73760, train_loss_step=0.0427, val_loss=0.0487, val_acc=0.983, train_loss_epoch=0.0306]Epoch 7:   8%|▊         | 12/144 [00:00<00:04, 30.72it/s, v_num=73760, train_loss_step=0.0427, val_loss=0.0487, val_acc=0.983, train_loss_epoch=0.0306]Epoch 7:   8%|▊         | 12/144 [00:00<00:04, 30.71it/s, v_num=73760, train_loss_step=0.022, val_loss=0.0487, val_acc=0.983, train_loss_epoch=0.0306] Epoch 7:   9%|▉         | 13/144 [00:00<00:04, 31.17it/s, v_num=73760, train_loss_step=0.022, val_loss=0.0487, val_acc=0.983, train_loss_epoch=0.0306]Epoch 7:   9%|▉         | 13/144 [00:00<00:04, 31.16it/s, v_num=73760, train_loss_step=0.0442, val_loss=0.0487, val_acc=0.983, train_loss_epoch=0.0306]Epoch 7:  10%|▉         | 14/144 [00:00<00:04, 31.52it/s, v_num=73760, train_loss_step=0.0442, val_loss=0.0487, val_acc=0.983, train_loss_epoch=0.0306]Epoch 7:  10%|▉         | 14/144 [00:00<00:04, 31.51it/s, v_num=73760, train_loss_step=0.00874, val_loss=0.0487, val_acc=0.983, train_loss_epoch=0.0306]Epoch 7:  10%|█         | 15/144 [00:00<00:04, 31.65it/s, v_num=73760, train_loss_step=0.00874, val_loss=0.0487, val_acc=0.983, train_loss_epoch=0.0306]Epoch 7:  10%|█         | 15/144 [00:00<00:04, 31.64it/s, v_num=73760, train_loss_step=0.0387, val_loss=0.0487, val_acc=0.983, train_loss_epoch=0.0306] Epoch 7:  11%|█         | 16/144 [00:00<00:04, 32.00it/s, v_num=73760, train_loss_step=0.0387, val_loss=0.0487, val_acc=0.983, train_loss_epoch=0.0306]Epoch 7:  11%|█         | 16/144 [00:00<00:04, 31.99it/s, v_num=73760, train_loss_step=0.00782, val_loss=0.0487, val_acc=0.983, train_loss_epoch=0.0306]Epoch 7:  12%|█▏        | 17/144 [00:00<00:03, 32.26it/s, v_num=73760, train_loss_step=0.00782, val_loss=0.0487, val_acc=0.983, train_loss_epoch=0.0306]Epoch 7:  12%|█▏        | 17/144 [00:00<00:03, 32.26it/s, v_num=73760, train_loss_step=0.0355, val_loss=0.0487, val_acc=0.983, train_loss_epoch=0.0306] Epoch 7:  12%|█▎        | 18/144 [00:00<00:03, 32.51it/s, v_num=73760, train_loss_step=0.0355, val_loss=0.0487, val_acc=0.983, train_loss_epoch=0.0306]Epoch 7:  12%|█▎        | 18/144 [00:00<00:03, 32.50it/s, v_num=73760, train_loss_step=0.0164, val_loss=0.0487, val_acc=0.983, train_loss_epoch=0.0306]Epoch 7:  13%|█▎        | 19/144 [00:00<00:03, 32.51it/s, v_num=73760, train_loss_step=0.0164, val_loss=0.0487, val_acc=0.983, train_loss_epoch=0.0306]Epoch 7:  13%|█▎        | 19/144 [00:00<00:03, 32.50it/s, v_num=73760, train_loss_step=0.0183, val_loss=0.0487, val_acc=0.983, train_loss_epoch=0.0306]Epoch 7:  14%|█▍        | 20/144 [00:00<00:03, 32.77it/s, v_num=73760, train_loss_step=0.0183, val_loss=0.0487, val_acc=0.983, train_loss_epoch=0.0306]Epoch 7:  14%|█▍        | 20/144 [00:00<00:03, 32.76it/s, v_num=73760, train_loss_step=0.0113, val_loss=0.0487, val_acc=0.983, train_loss_epoch=0.0306]Epoch 7:  15%|█▍        | 21/144 [00:00<00:03, 33.03it/s, v_num=73760, train_loss_step=0.0113, val_loss=0.0487, val_acc=0.983, train_loss_epoch=0.0306]Epoch 7:  15%|█▍        | 21/144 [00:00<00:03, 33.02it/s, v_num=73760, train_loss_step=0.0109, val_loss=0.0487, val_acc=0.983, train_loss_epoch=0.0306]Epoch 7:  15%|█▌        | 22/144 [00:00<00:03, 33.26it/s, v_num=73760, train_loss_step=0.0109, val_loss=0.0487, val_acc=0.983, train_loss_epoch=0.0306]Epoch 7:  15%|█▌        | 22/144 [00:00<00:03, 33.25it/s, v_num=73760, train_loss_step=0.0381, val_loss=0.0487, val_acc=0.983, train_loss_epoch=0.0306]Epoch 7:  16%|█▌        | 23/144 [00:00<00:03, 33.34it/s, v_num=73760, train_loss_step=0.0381, val_loss=0.0487, val_acc=0.983, train_loss_epoch=0.0306]Epoch 7:  16%|█▌        | 23/144 [00:00<00:03, 33.34it/s, v_num=73760, train_loss_step=0.0213, val_loss=0.0487, val_acc=0.983, train_loss_epoch=0.0306]Epoch 7:  17%|█▋        | 24/144 [00:00<00:03, 33.53it/s, v_num=73760, train_loss_step=0.0213, val_loss=0.0487, val_acc=0.983, train_loss_epoch=0.0306]Epoch 7:  17%|█▋        | 24/144 [00:00<00:03, 33.52it/s, v_num=73760, train_loss_step=0.038, val_loss=0.0487, val_acc=0.983, train_loss_epoch=0.0306] Epoch 7:  17%|█▋        | 25/144 [00:00<00:03, 33.73it/s, v_num=73760, train_loss_step=0.038, val_loss=0.0487, val_acc=0.983, train_loss_epoch=0.0306]Epoch 7:  17%|█▋        | 25/144 [00:00<00:03, 33.72it/s, v_num=73760, train_loss_step=0.0139, val_loss=0.0487, val_acc=0.983, train_loss_epoch=0.0306]Epoch 7:  18%|█▊        | 26/144 [00:00<00:03, 33.92it/s, v_num=73760, train_loss_step=0.0139, val_loss=0.0487, val_acc=0.983, train_loss_epoch=0.0306]Epoch 7:  18%|█▊        | 26/144 [00:00<00:03, 33.91it/s, v_num=73760, train_loss_step=0.0488, val_loss=0.0487, val_acc=0.983, train_loss_epoch=0.0306]Epoch 7:  19%|█▉        | 27/144 [00:00<00:03, 33.87it/s, v_num=73760, train_loss_step=0.0488, val_loss=0.0487, val_acc=0.983, train_loss_epoch=0.0306]Epoch 7:  19%|█▉        | 27/144 [00:00<00:03, 33.86it/s, v_num=73760, train_loss_step=0.023, val_loss=0.0487, val_acc=0.983, train_loss_epoch=0.0306] Epoch 7:  19%|█▉        | 28/144 [00:00<00:03, 33.93it/s, v_num=73760, train_loss_step=0.023, val_loss=0.0487, val_acc=0.983, train_loss_epoch=0.0306]Epoch 7:  19%|█▉        | 28/144 [00:00<00:03, 33.93it/s, v_num=73760, train_loss_step=0.0213, val_loss=0.0487, val_acc=0.983, train_loss_epoch=0.0306]Epoch 7:  20%|██        | 29/144 [00:00<00:03, 34.06it/s, v_num=73760, train_loss_step=0.0213, val_loss=0.0487, val_acc=0.983, train_loss_epoch=0.0306]Epoch 7:  20%|██        | 29/144 [00:00<00:03, 34.06it/s, v_num=73760, train_loss_step=0.019, val_loss=0.0487, val_acc=0.983, train_loss_epoch=0.0306] Epoch 7:  21%|██        | 30/144 [00:00<00:03, 34.18it/s, v_num=73760, train_loss_step=0.019, val_loss=0.0487, val_acc=0.983, train_loss_epoch=0.0306]Epoch 7:  21%|██        | 30/144 [00:00<00:03, 34.18it/s, v_num=73760, train_loss_step=0.0147, val_loss=0.0487, val_acc=0.983, train_loss_epoch=0.0306]Epoch 7:  22%|██▏       | 31/144 [00:00<00:03, 34.15it/s, v_num=73760, train_loss_step=0.0147, val_loss=0.0487, val_acc=0.983, train_loss_epoch=0.0306]Epoch 7:  22%|██▏       | 31/144 [00:00<00:03, 34.14it/s, v_num=73760, train_loss_step=0.0416, val_loss=0.0487, val_acc=0.983, train_loss_epoch=0.0306]Epoch 7:  22%|██▏       | 32/144 [00:00<00:03, 34.24it/s, v_num=73760, train_loss_step=0.0416, val_loss=0.0487, val_acc=0.983, train_loss_epoch=0.0306]Epoch 7:  22%|██▏       | 32/144 [00:00<00:03, 34.24it/s, v_num=73760, train_loss_step=0.0756, val_loss=0.0487, val_acc=0.983, train_loss_epoch=0.0306]Epoch 7:  23%|██▎       | 33/144 [00:00<00:03, 34.33it/s, v_num=73760, train_loss_step=0.0756, val_loss=0.0487, val_acc=0.983, train_loss_epoch=0.0306]Epoch 7:  23%|██▎       | 33/144 [00:00<00:03, 34.32it/s, v_num=73760, train_loss_step=0.00628, val_loss=0.0487, val_acc=0.983, train_loss_epoch=0.0306]Epoch 7:  24%|██▎       | 34/144 [00:00<00:03, 34.38it/s, v_num=73760, train_loss_step=0.00628, val_loss=0.0487, val_acc=0.983, train_loss_epoch=0.0306]Epoch 7:  24%|██▎       | 34/144 [00:00<00:03, 34.38it/s, v_num=73760, train_loss_step=0.0264, val_loss=0.0487, val_acc=0.983, train_loss_epoch=0.0306] Epoch 7:  24%|██▍       | 35/144 [00:01<00:03, 34.35it/s, v_num=73760, train_loss_step=0.0264, val_loss=0.0487, val_acc=0.983, train_loss_epoch=0.0306]Epoch 7:  24%|██▍       | 35/144 [00:01<00:03, 34.34it/s, v_num=73760, train_loss_step=0.0258, val_loss=0.0487, val_acc=0.983, train_loss_epoch=0.0306]Epoch 7:  25%|██▌       | 36/144 [00:01<00:03, 34.47it/s, v_num=73760, train_loss_step=0.0258, val_loss=0.0487, val_acc=0.983, train_loss_epoch=0.0306]Epoch 7:  25%|██▌       | 36/144 [00:01<00:03, 34.47it/s, v_num=73760, train_loss_step=0.0379, val_loss=0.0487, val_acc=0.983, train_loss_epoch=0.0306]Epoch 7:  26%|██▌       | 37/144 [00:01<00:03, 34.59it/s, v_num=73760, train_loss_step=0.0379, val_loss=0.0487, val_acc=0.983, train_loss_epoch=0.0306]Epoch 7:  26%|██▌       | 37/144 [00:01<00:03, 34.58it/s, v_num=73760, train_loss_step=0.0355, val_loss=0.0487, val_acc=0.983, train_loss_epoch=0.0306]Epoch 7:  26%|██▋       | 38/144 [00:01<00:03, 34.65it/s, v_num=73760, train_loss_step=0.0355, val_loss=0.0487, val_acc=0.983, train_loss_epoch=0.0306]Epoch 7:  26%|██▋       | 38/144 [00:01<00:03, 34.65it/s, v_num=73760, train_loss_step=0.0113, val_loss=0.0487, val_acc=0.983, train_loss_epoch=0.0306]Epoch 7:  27%|██▋       | 39/144 [00:01<00:03, 34.62it/s, v_num=73760, train_loss_step=0.0113, val_loss=0.0487, val_acc=0.983, train_loss_epoch=0.0306]Epoch 7:  27%|██▋       | 39/144 [00:01<00:03, 34.62it/s, v_num=73760, train_loss_step=0.0229, val_loss=0.0487, val_acc=0.983, train_loss_epoch=0.0306]Epoch 7:  28%|██▊       | 40/144 [00:01<00:02, 34.71it/s, v_num=73760, train_loss_step=0.0229, val_loss=0.0487, val_acc=0.983, train_loss_epoch=0.0306]Epoch 7:  28%|██▊       | 40/144 [00:01<00:02, 34.71it/s, v_num=73760, train_loss_step=0.0455, val_loss=0.0487, val_acc=0.983, train_loss_epoch=0.0306]Epoch 7:  28%|██▊       | 41/144 [00:01<00:02, 34.81it/s, v_num=73760, train_loss_step=0.0455, val_loss=0.0487, val_acc=0.983, train_loss_epoch=0.0306]Epoch 7:  28%|██▊       | 41/144 [00:01<00:02, 34.80it/s, v_num=73760, train_loss_step=0.0222, val_loss=0.0487, val_acc=0.983, train_loss_epoch=0.0306]Epoch 7:  29%|██▉       | 42/144 [00:01<00:02, 34.86it/s, v_num=73760, train_loss_step=0.0222, val_loss=0.0487, val_acc=0.983, train_loss_epoch=0.0306]Epoch 7:  29%|██▉       | 42/144 [00:01<00:02, 34.86it/s, v_num=73760, train_loss_step=0.0461, val_loss=0.0487, val_acc=0.983, train_loss_epoch=0.0306]Epoch 7:  30%|██▉       | 43/144 [00:01<00:02, 34.84it/s, v_num=73760, train_loss_step=0.0461, val_loss=0.0487, val_acc=0.983, train_loss_epoch=0.0306]Epoch 7:  30%|██▉       | 43/144 [00:01<00:02, 34.84it/s, v_num=73760, train_loss_step=0.0219, val_loss=0.0487, val_acc=0.983, train_loss_epoch=0.0306]Epoch 7:  31%|███       | 44/144 [00:01<00:02, 34.93it/s, v_num=73760, train_loss_step=0.0219, val_loss=0.0487, val_acc=0.983, train_loss_epoch=0.0306]Epoch 7:  31%|███       | 44/144 [00:01<00:02, 34.92it/s, v_num=73760, train_loss_step=0.032, val_loss=0.0487, val_acc=0.983, train_loss_epoch=0.0306] Epoch 7:  31%|███▏      | 45/144 [00:01<00:02, 35.02it/s, v_num=73760, train_loss_step=0.032, val_loss=0.0487, val_acc=0.983, train_loss_epoch=0.0306]Epoch 7:  31%|███▏      | 45/144 [00:01<00:02, 35.01it/s, v_num=73760, train_loss_step=0.0311, val_loss=0.0487, val_acc=0.983, train_loss_epoch=0.0306]Epoch 7:  32%|███▏      | 46/144 [00:01<00:02, 35.09it/s, v_num=73760, train_loss_step=0.0311, val_loss=0.0487, val_acc=0.983, train_loss_epoch=0.0306]Epoch 7:  32%|███▏      | 46/144 [00:01<00:02, 35.09it/s, v_num=73760, train_loss_step=0.0366, val_loss=0.0487, val_acc=0.983, train_loss_epoch=0.0306]Epoch 7:  33%|███▎      | 47/144 [00:01<00:02, 35.03it/s, v_num=73760, train_loss_step=0.0366, val_loss=0.0487, val_acc=0.983, train_loss_epoch=0.0306]Epoch 7:  33%|███▎      | 47/144 [00:01<00:02, 35.03it/s, v_num=73760, train_loss_step=0.0318, val_loss=0.0487, val_acc=0.983, train_loss_epoch=0.0306]Epoch 7:  33%|███▎      | 48/144 [00:01<00:02, 35.11it/s, v_num=73760, train_loss_step=0.0318, val_loss=0.0487, val_acc=0.983, train_loss_epoch=0.0306]Epoch 7:  33%|███▎      | 48/144 [00:01<00:02, 35.10it/s, v_num=73760, train_loss_step=0.024, val_loss=0.0487, val_acc=0.983, train_loss_epoch=0.0306] Epoch 7:  34%|███▍      | 49/144 [00:01<00:02, 35.17it/s, v_num=73760, train_loss_step=0.024, val_loss=0.0487, val_acc=0.983, train_loss_epoch=0.0306]Epoch 7:  34%|███▍      | 49/144 [00:01<00:02, 35.16it/s, v_num=73760, train_loss_step=0.0152, val_loss=0.0487, val_acc=0.983, train_loss_epoch=0.0306]Epoch 7:  35%|███▍      | 50/144 [00:01<00:02, 35.21it/s, v_num=73760, train_loss_step=0.0152, val_loss=0.0487, val_acc=0.983, train_loss_epoch=0.0306]Epoch 7:  35%|███▍      | 50/144 [00:01<00:02, 35.20it/s, v_num=73760, train_loss_step=0.0201, val_loss=0.0487, val_acc=0.983, train_loss_epoch=0.0306]Epoch 7:  35%|███▌      | 51/144 [00:01<00:02, 35.19it/s, v_num=73760, train_loss_step=0.0201, val_loss=0.0487, val_acc=0.983, train_loss_epoch=0.0306]Epoch 7:  35%|███▌      | 51/144 [00:01<00:02, 35.19it/s, v_num=73760, train_loss_step=0.0143, val_loss=0.0487, val_acc=0.983, train_loss_epoch=0.0306]Epoch 7:  36%|███▌      | 52/144 [00:01<00:02, 35.28it/s, v_num=73760, train_loss_step=0.0143, val_loss=0.0487, val_acc=0.983, train_loss_epoch=0.0306]Epoch 7:  36%|███▌      | 52/144 [00:01<00:02, 35.27it/s, v_num=73760, train_loss_step=0.0206, val_loss=0.0487, val_acc=0.983, train_loss_epoch=0.0306]Epoch 7:  37%|███▋      | 53/144 [00:01<00:02, 35.34it/s, v_num=73760, train_loss_step=0.0206, val_loss=0.0487, val_acc=0.983, train_loss_epoch=0.0306]Epoch 7:  37%|███▋      | 53/144 [00:01<00:02, 35.34it/s, v_num=73760, train_loss_step=0.0659, val_loss=0.0487, val_acc=0.983, train_loss_epoch=0.0306]Epoch 7:  38%|███▊      | 54/144 [00:01<00:02, 35.41it/s, v_num=73760, train_loss_step=0.0659, val_loss=0.0487, val_acc=0.983, train_loss_epoch=0.0306]Epoch 7:  38%|███▊      | 54/144 [00:01<00:02, 35.40it/s, v_num=73760, train_loss_step=0.0262, val_loss=0.0487, val_acc=0.983, train_loss_epoch=0.0306]Epoch 7:  38%|███▊      | 55/144 [00:01<00:02, 35.33it/s, v_num=73760, train_loss_step=0.0262, val_loss=0.0487, val_acc=0.983, train_loss_epoch=0.0306]Epoch 7:  38%|███▊      | 55/144 [00:01<00:02, 35.33it/s, v_num=73760, train_loss_step=0.00656, val_loss=0.0487, val_acc=0.983, train_loss_epoch=0.0306]Epoch 7:  39%|███▉      | 56/144 [00:01<00:02, 35.41it/s, v_num=73760, train_loss_step=0.00656, val_loss=0.0487, val_acc=0.983, train_loss_epoch=0.0306]Epoch 7:  39%|███▉      | 56/144 [00:01<00:02, 35.40it/s, v_num=73760, train_loss_step=0.0267, val_loss=0.0487, val_acc=0.983, train_loss_epoch=0.0306] Epoch 7:  40%|███▉      | 57/144 [00:01<00:02, 35.49it/s, v_num=73760, train_loss_step=0.0267, val_loss=0.0487, val_acc=0.983, train_loss_epoch=0.0306]Epoch 7:  40%|███▉      | 57/144 [00:01<00:02, 35.48it/s, v_num=73760, train_loss_step=0.0594, val_loss=0.0487, val_acc=0.983, train_loss_epoch=0.0306]Epoch 7:  40%|████      | 58/144 [00:01<00:02, 35.55it/s, v_num=73760, train_loss_step=0.0594, val_loss=0.0487, val_acc=0.983, train_loss_epoch=0.0306]Epoch 7:  40%|████      | 58/144 [00:01<00:02, 35.55it/s, v_num=73760, train_loss_step=0.0321, val_loss=0.0487, val_acc=0.983, train_loss_epoch=0.0306]Epoch 7:  41%|████      | 59/144 [00:01<00:02, 35.42it/s, v_num=73760, train_loss_step=0.0321, val_loss=0.0487, val_acc=0.983, train_loss_epoch=0.0306]Epoch 7:  41%|████      | 59/144 [00:01<00:02, 35.41it/s, v_num=73760, train_loss_step=0.0188, val_loss=0.0487, val_acc=0.983, train_loss_epoch=0.0306]Epoch 7:  42%|████▏     | 60/144 [00:01<00:02, 35.46it/s, v_num=73760, train_loss_step=0.0188, val_loss=0.0487, val_acc=0.983, train_loss_epoch=0.0306]Epoch 7:  42%|████▏     | 60/144 [00:01<00:02, 35.46it/s, v_num=73760, train_loss_step=0.0441, val_loss=0.0487, val_acc=0.983, train_loss_epoch=0.0306]Epoch 7:  42%|████▏     | 61/144 [00:01<00:02, 35.49it/s, v_num=73760, train_loss_step=0.0441, val_loss=0.0487, val_acc=0.983, train_loss_epoch=0.0306]Epoch 7:  42%|████▏     | 61/144 [00:01<00:02, 35.49it/s, v_num=73760, train_loss_step=0.0305, val_loss=0.0487, val_acc=0.983, train_loss_epoch=0.0306]Epoch 7:  43%|████▎     | 62/144 [00:01<00:02, 35.55it/s, v_num=73760, train_loss_step=0.0305, val_loss=0.0487, val_acc=0.983, train_loss_epoch=0.0306]Epoch 7:  43%|████▎     | 62/144 [00:01<00:02, 35.55it/s, v_num=73760, train_loss_step=0.0266, val_loss=0.0487, val_acc=0.983, train_loss_epoch=0.0306]Epoch 7:  44%|████▍     | 63/144 [00:01<00:02, 35.51it/s, v_num=73760, train_loss_step=0.0266, val_loss=0.0487, val_acc=0.983, train_loss_epoch=0.0306]Epoch 7:  44%|████▍     | 63/144 [00:01<00:02, 35.51it/s, v_num=73760, train_loss_step=0.0426, val_loss=0.0487, val_acc=0.983, train_loss_epoch=0.0306]Epoch 7:  44%|████▍     | 64/144 [00:01<00:02, 35.54it/s, v_num=73760, train_loss_step=0.0426, val_loss=0.0487, val_acc=0.983, train_loss_epoch=0.0306]Epoch 7:  44%|████▍     | 64/144 [00:01<00:02, 35.54it/s, v_num=73760, train_loss_step=0.0372, val_loss=0.0487, val_acc=0.983, train_loss_epoch=0.0306]Epoch 7:  45%|████▌     | 65/144 [00:01<00:02, 35.57it/s, v_num=73760, train_loss_step=0.0372, val_loss=0.0487, val_acc=0.983, train_loss_epoch=0.0306]Epoch 7:  45%|████▌     | 65/144 [00:01<00:02, 35.57it/s, v_num=73760, train_loss_step=0.0102, val_loss=0.0487, val_acc=0.983, train_loss_epoch=0.0306]Epoch 7:  46%|████▌     | 66/144 [00:01<00:02, 35.61it/s, v_num=73760, train_loss_step=0.0102, val_loss=0.0487, val_acc=0.983, train_loss_epoch=0.0306]Epoch 7:  46%|████▌     | 66/144 [00:01<00:02, 35.60it/s, v_num=73760, train_loss_step=0.0459, val_loss=0.0487, val_acc=0.983, train_loss_epoch=0.0306]Epoch 7:  47%|████▋     | 67/144 [00:01<00:02, 35.54it/s, v_num=73760, train_loss_step=0.0459, val_loss=0.0487, val_acc=0.983, train_loss_epoch=0.0306]Epoch 7:  47%|████▋     | 67/144 [00:01<00:02, 35.54it/s, v_num=73760, train_loss_step=0.0265, val_loss=0.0487, val_acc=0.983, train_loss_epoch=0.0306]Epoch 7:  47%|████▋     | 68/144 [00:01<00:02, 35.51it/s, v_num=73760, train_loss_step=0.0265, val_loss=0.0487, val_acc=0.983, train_loss_epoch=0.0306]Epoch 7:  47%|████▋     | 68/144 [00:01<00:02, 35.50it/s, v_num=73760, train_loss_step=0.0412, val_loss=0.0487, val_acc=0.983, train_loss_epoch=0.0306]Epoch 7:  48%|████▊     | 69/144 [00:01<00:02, 35.55it/s, v_num=73760, train_loss_step=0.0412, val_loss=0.0487, val_acc=0.983, train_loss_epoch=0.0306]Epoch 7:  48%|████▊     | 69/144 [00:01<00:02, 35.54it/s, v_num=73760, train_loss_step=0.0143, val_loss=0.0487, val_acc=0.983, train_loss_epoch=0.0306]Epoch 7:  49%|████▊     | 70/144 [00:01<00:02, 35.59it/s, v_num=73760, train_loss_step=0.0143, val_loss=0.0487, val_acc=0.983, train_loss_epoch=0.0306]Epoch 7:  49%|████▊     | 70/144 [00:01<00:02, 35.58it/s, v_num=73760, train_loss_step=0.0451, val_loss=0.0487, val_acc=0.983, train_loss_epoch=0.0306]Epoch 7:  49%|████▉     | 71/144 [00:01<00:02, 35.56it/s, v_num=73760, train_loss_step=0.0451, val_loss=0.0487, val_acc=0.983, train_loss_epoch=0.0306]Epoch 7:  49%|████▉     | 71/144 [00:01<00:02, 35.56it/s, v_num=73760, train_loss_step=0.040, val_loss=0.0487, val_acc=0.983, train_loss_epoch=0.0306] Epoch 7:  50%|█████     | 72/144 [00:02<00:02, 35.62it/s, v_num=73760, train_loss_step=0.040, val_loss=0.0487, val_acc=0.983, train_loss_epoch=0.0306]Epoch 7:  50%|█████     | 72/144 [00:02<00:02, 35.61it/s, v_num=73760, train_loss_step=0.0286, val_loss=0.0487, val_acc=0.983, train_loss_epoch=0.0306]Epoch 7:  51%|█████     | 73/144 [00:02<00:01, 35.66it/s, v_num=73760, train_loss_step=0.0286, val_loss=0.0487, val_acc=0.983, train_loss_epoch=0.0306]Epoch 7:  51%|█████     | 73/144 [00:02<00:01, 35.66it/s, v_num=73760, train_loss_step=0.0108, val_loss=0.0487, val_acc=0.983, train_loss_epoch=0.0306]Epoch 7:  51%|█████▏    | 74/144 [00:02<00:01, 35.72it/s, v_num=73760, train_loss_step=0.0108, val_loss=0.0487, val_acc=0.983, train_loss_epoch=0.0306]Epoch 7:  51%|█████▏    | 74/144 [00:02<00:01, 35.71it/s, v_num=73760, train_loss_step=0.0416, val_loss=0.0487, val_acc=0.983, train_loss_epoch=0.0306]Epoch 7:  52%|█████▏    | 75/144 [00:02<00:01, 35.69it/s, v_num=73760, train_loss_step=0.0416, val_loss=0.0487, val_acc=0.983, train_loss_epoch=0.0306]Epoch 7:  52%|█████▏    | 75/144 [00:02<00:01, 35.69it/s, v_num=73760, train_loss_step=0.0462, val_loss=0.0487, val_acc=0.983, train_loss_epoch=0.0306]Epoch 7:  53%|█████▎    | 76/144 [00:02<00:01, 35.74it/s, v_num=73760, train_loss_step=0.0462, val_loss=0.0487, val_acc=0.983, train_loss_epoch=0.0306]Epoch 7:  53%|█████▎    | 76/144 [00:02<00:01, 35.74it/s, v_num=73760, train_loss_step=0.0342, val_loss=0.0487, val_acc=0.983, train_loss_epoch=0.0306]Epoch 7:  53%|█████▎    | 77/144 [00:02<00:01, 35.79it/s, v_num=73760, train_loss_step=0.0342, val_loss=0.0487, val_acc=0.983, train_loss_epoch=0.0306]Epoch 7:  53%|█████▎    | 77/144 [00:02<00:01, 35.79it/s, v_num=73760, train_loss_step=0.0125, val_loss=0.0487, val_acc=0.983, train_loss_epoch=0.0306]Epoch 7:  54%|█████▍    | 78/144 [00:02<00:01, 35.82it/s, v_num=73760, train_loss_step=0.0125, val_loss=0.0487, val_acc=0.983, train_loss_epoch=0.0306]Epoch 7:  54%|█████▍    | 78/144 [00:02<00:01, 35.82it/s, v_num=73760, train_loss_step=0.036, val_loss=0.0487, val_acc=0.983, train_loss_epoch=0.0306] Epoch 7:  55%|█████▍    | 79/144 [00:02<00:01, 35.77it/s, v_num=73760, train_loss_step=0.036, val_loss=0.0487, val_acc=0.983, train_loss_epoch=0.0306]Epoch 7:  55%|█████▍    | 79/144 [00:02<00:01, 35.76it/s, v_num=73760, train_loss_step=0.00816, val_loss=0.0487, val_acc=0.983, train_loss_epoch=0.0306]Epoch 7:  56%|█████▌    | 80/144 [00:02<00:01, 35.80it/s, v_num=73760, train_loss_step=0.00816, val_loss=0.0487, val_acc=0.983, train_loss_epoch=0.0306]Epoch 7:  56%|█████▌    | 80/144 [00:02<00:01, 35.80it/s, v_num=73760, train_loss_step=0.0625, val_loss=0.0487, val_acc=0.983, train_loss_epoch=0.0306] Epoch 7:  56%|█████▋    | 81/144 [00:02<00:01, 35.85it/s, v_num=73760, train_loss_step=0.0625, val_loss=0.0487, val_acc=0.983, train_loss_epoch=0.0306]Epoch 7:  56%|█████▋    | 81/144 [00:02<00:01, 35.84it/s, v_num=73760, train_loss_step=0.0283, val_loss=0.0487, val_acc=0.983, train_loss_epoch=0.0306]Epoch 7:  57%|█████▋    | 82/144 [00:02<00:01, 35.89it/s, v_num=73760, train_loss_step=0.0283, val_loss=0.0487, val_acc=0.983, train_loss_epoch=0.0306]Epoch 7:  57%|█████▋    | 82/144 [00:02<00:01, 35.89it/s, v_num=73760, train_loss_step=0.0118, val_loss=0.0487, val_acc=0.983, train_loss_epoch=0.0306]Epoch 7:  58%|█████▊    | 83/144 [00:02<00:01, 35.84it/s, v_num=73760, train_loss_step=0.0118, val_loss=0.0487, val_acc=0.983, train_loss_epoch=0.0306]Epoch 7:  58%|█████▊    | 83/144 [00:02<00:01, 35.84it/s, v_num=73760, train_loss_step=0.0236, val_loss=0.0487, val_acc=0.983, train_loss_epoch=0.0306]Epoch 7:  58%|█████▊    | 84/144 [00:02<00:01, 35.88it/s, v_num=73760, train_loss_step=0.0236, val_loss=0.0487, val_acc=0.983, train_loss_epoch=0.0306]Epoch 7:  58%|█████▊    | 84/144 [00:02<00:01, 35.88it/s, v_num=73760, train_loss_step=0.0149, val_loss=0.0487, val_acc=0.983, train_loss_epoch=0.0306]Epoch 7:  59%|█████▉    | 85/144 [00:02<00:01, 35.91it/s, v_num=73760, train_loss_step=0.0149, val_loss=0.0487, val_acc=0.983, train_loss_epoch=0.0306]Epoch 7:  59%|█████▉    | 85/144 [00:02<00:01, 35.91it/s, v_num=73760, train_loss_step=0.0163, val_loss=0.0487, val_acc=0.983, train_loss_epoch=0.0306]Epoch 7:  60%|█████▉    | 86/144 [00:02<00:01, 35.94it/s, v_num=73760, train_loss_step=0.0163, val_loss=0.0487, val_acc=0.983, train_loss_epoch=0.0306]Epoch 7:  60%|█████▉    | 86/144 [00:02<00:01, 35.94it/s, v_num=73760, train_loss_step=0.0115, val_loss=0.0487, val_acc=0.983, train_loss_epoch=0.0306]Epoch 7:  60%|██████    | 87/144 [00:02<00:01, 35.91it/s, v_num=73760, train_loss_step=0.0115, val_loss=0.0487, val_acc=0.983, train_loss_epoch=0.0306]Epoch 7:  60%|██████    | 87/144 [00:02<00:01, 35.91it/s, v_num=73760, train_loss_step=0.0304, val_loss=0.0487, val_acc=0.983, train_loss_epoch=0.0306]Epoch 7:  61%|██████    | 88/144 [00:02<00:01, 35.94it/s, v_num=73760, train_loss_step=0.0304, val_loss=0.0487, val_acc=0.983, train_loss_epoch=0.0306]Epoch 7:  61%|██████    | 88/144 [00:02<00:01, 35.94it/s, v_num=73760, train_loss_step=0.0674, val_loss=0.0487, val_acc=0.983, train_loss_epoch=0.0306]Epoch 7:  62%|██████▏   | 89/144 [00:02<00:01, 35.96it/s, v_num=73760, train_loss_step=0.0674, val_loss=0.0487, val_acc=0.983, train_loss_epoch=0.0306]Epoch 7:  62%|██████▏   | 89/144 [00:02<00:01, 35.96it/s, v_num=73760, train_loss_step=0.0182, val_loss=0.0487, val_acc=0.983, train_loss_epoch=0.0306]Epoch 7:  62%|██████▎   | 90/144 [00:02<00:01, 35.99it/s, v_num=73760, train_loss_step=0.0182, val_loss=0.0487, val_acc=0.983, train_loss_epoch=0.0306]Epoch 7:  62%|██████▎   | 90/144 [00:02<00:01, 35.98it/s, v_num=73760, train_loss_step=0.0167, val_loss=0.0487, val_acc=0.983, train_loss_epoch=0.0306]Epoch 7:  63%|██████▎   | 91/144 [00:02<00:01, 35.95it/s, v_num=73760, train_loss_step=0.0167, val_loss=0.0487, val_acc=0.983, train_loss_epoch=0.0306]Epoch 7:  63%|██████▎   | 91/144 [00:02<00:01, 35.95it/s, v_num=73760, train_loss_step=0.0261, val_loss=0.0487, val_acc=0.983, train_loss_epoch=0.0306]Epoch 7:  64%|██████▍   | 92/144 [00:02<00:01, 35.99it/s, v_num=73760, train_loss_step=0.0261, val_loss=0.0487, val_acc=0.983, train_loss_epoch=0.0306]Epoch 7:  64%|██████▍   | 92/144 [00:02<00:01, 35.99it/s, v_num=73760, train_loss_step=0.0117, val_loss=0.0487, val_acc=0.983, train_loss_epoch=0.0306]Epoch 7:  65%|██████▍   | 93/144 [00:02<00:01, 36.04it/s, v_num=73760, train_loss_step=0.0117, val_loss=0.0487, val_acc=0.983, train_loss_epoch=0.0306]Epoch 7:  65%|██████▍   | 93/144 [00:02<00:01, 36.03it/s, v_num=73760, train_loss_step=0.00777, val_loss=0.0487, val_acc=0.983, train_loss_epoch=0.0306]Epoch 7:  65%|██████▌   | 94/144 [00:02<00:01, 36.07it/s, v_num=73760, train_loss_step=0.00777, val_loss=0.0487, val_acc=0.983, train_loss_epoch=0.0306]Epoch 7:  65%|██████▌   | 94/144 [00:02<00:01, 36.07it/s, v_num=73760, train_loss_step=0.0459, val_loss=0.0487, val_acc=0.983, train_loss_epoch=0.0306] Epoch 7:  66%|██████▌   | 95/144 [00:02<00:01, 36.02it/s, v_num=73760, train_loss_step=0.0459, val_loss=0.0487, val_acc=0.983, train_loss_epoch=0.0306]Epoch 7:  66%|██████▌   | 95/144 [00:02<00:01, 36.02it/s, v_num=73760, train_loss_step=0.0184, val_loss=0.0487, val_acc=0.983, train_loss_epoch=0.0306]Epoch 7:  67%|██████▋   | 96/144 [00:02<00:01, 35.99it/s, v_num=73760, train_loss_step=0.0184, val_loss=0.0487, val_acc=0.983, train_loss_epoch=0.0306]Epoch 7:  67%|██████▋   | 96/144 [00:02<00:01, 35.99it/s, v_num=73760, train_loss_step=0.0188, val_loss=0.0487, val_acc=0.983, train_loss_epoch=0.0306]Epoch 7:  67%|██████▋   | 97/144 [00:02<00:01, 36.03it/s, v_num=73760, train_loss_step=0.0188, val_loss=0.0487, val_acc=0.983, train_loss_epoch=0.0306]Epoch 7:  67%|██████▋   | 97/144 [00:02<00:01, 36.02it/s, v_num=73760, train_loss_step=0.0402, val_loss=0.0487, val_acc=0.983, train_loss_epoch=0.0306]Epoch 7:  68%|██████▊   | 98/144 [00:02<00:01, 36.07it/s, v_num=73760, train_loss_step=0.0402, val_loss=0.0487, val_acc=0.983, train_loss_epoch=0.0306]Epoch 7:  68%|██████▊   | 98/144 [00:02<00:01, 36.07it/s, v_num=73760, train_loss_step=0.0164, val_loss=0.0487, val_acc=0.983, train_loss_epoch=0.0306]Epoch 7:  69%|██████▉   | 99/144 [00:02<00:01, 36.06it/s, v_num=73760, train_loss_step=0.0164, val_loss=0.0487, val_acc=0.983, train_loss_epoch=0.0306]Epoch 7:  69%|██████▉   | 99/144 [00:02<00:01, 36.06it/s, v_num=73760, train_loss_step=0.0231, val_loss=0.0487, val_acc=0.983, train_loss_epoch=0.0306]Epoch 7:  69%|██████▉   | 100/144 [00:02<00:01, 36.11it/s, v_num=73760, train_loss_step=0.0231, val_loss=0.0487, val_acc=0.983, train_loss_epoch=0.0306]Epoch 7:  69%|██████▉   | 100/144 [00:02<00:01, 36.11it/s, v_num=73760, train_loss_step=0.0269, val_loss=0.0487, val_acc=0.983, train_loss_epoch=0.0306]Epoch 7:  70%|███████   | 101/144 [00:02<00:01, 36.14it/s, v_num=73760, train_loss_step=0.0269, val_loss=0.0487, val_acc=0.983, train_loss_epoch=0.0306]Epoch 7:  70%|███████   | 101/144 [00:02<00:01, 36.13it/s, v_num=73760, train_loss_step=0.044, val_loss=0.0487, val_acc=0.983, train_loss_epoch=0.0306] Epoch 7:  71%|███████   | 102/144 [00:02<00:01, 36.17it/s, v_num=73760, train_loss_step=0.044, val_loss=0.0487, val_acc=0.983, train_loss_epoch=0.0306]Epoch 7:  71%|███████   | 102/144 [00:02<00:01, 36.16it/s, v_num=73760, train_loss_step=0.0401, val_loss=0.0487, val_acc=0.983, train_loss_epoch=0.0306]Epoch 7:  72%|███████▏  | 103/144 [00:02<00:01, 36.13it/s, v_num=73760, train_loss_step=0.0401, val_loss=0.0487, val_acc=0.983, train_loss_epoch=0.0306]Epoch 7:  72%|███████▏  | 103/144 [00:02<00:01, 36.13it/s, v_num=73760, train_loss_step=0.0148, val_loss=0.0487, val_acc=0.983, train_loss_epoch=0.0306]Epoch 7:  72%|███████▏  | 104/144 [00:02<00:01, 36.15it/s, v_num=73760, train_loss_step=0.0148, val_loss=0.0487, val_acc=0.983, train_loss_epoch=0.0306]Epoch 7:  72%|███████▏  | 104/144 [00:02<00:01, 36.15it/s, v_num=73760, train_loss_step=0.00732, val_loss=0.0487, val_acc=0.983, train_loss_epoch=0.0306]Epoch 7:  73%|███████▎  | 105/144 [00:02<00:01, 36.18it/s, v_num=73760, train_loss_step=0.00732, val_loss=0.0487, val_acc=0.983, train_loss_epoch=0.0306]Epoch 7:  73%|███████▎  | 105/144 [00:02<00:01, 36.18it/s, v_num=73760, train_loss_step=0.0343, val_loss=0.0487, val_acc=0.983, train_loss_epoch=0.0306] Epoch 7:  74%|███████▎  | 106/144 [00:02<00:01, 36.20it/s, v_num=73760, train_loss_step=0.0343, val_loss=0.0487, val_acc=0.983, train_loss_epoch=0.0306]Epoch 7:  74%|███████▎  | 106/144 [00:02<00:01, 36.20it/s, v_num=73760, train_loss_step=0.0261, val_loss=0.0487, val_acc=0.983, train_loss_epoch=0.0306]Epoch 7:  74%|███████▍  | 107/144 [00:02<00:01, 36.20it/s, v_num=73760, train_loss_step=0.0261, val_loss=0.0487, val_acc=0.983, train_loss_epoch=0.0306]Epoch 7:  74%|███████▍  | 107/144 [00:02<00:01, 36.20it/s, v_num=73760, train_loss_step=0.0249, val_loss=0.0487, val_acc=0.983, train_loss_epoch=0.0306]Epoch 7:  75%|███████▌  | 108/144 [00:02<00:00, 36.23it/s, v_num=73760, train_loss_step=0.0249, val_loss=0.0487, val_acc=0.983, train_loss_epoch=0.0306]Epoch 7:  75%|███████▌  | 108/144 [00:02<00:00, 36.23it/s, v_num=73760, train_loss_step=0.0266, val_loss=0.0487, val_acc=0.983, train_loss_epoch=0.0306]Epoch 7:  76%|███████▌  | 109/144 [00:03<00:00, 36.22it/s, v_num=73760, train_loss_step=0.0266, val_loss=0.0487, val_acc=0.983, train_loss_epoch=0.0306]Epoch 7:  76%|███████▌  | 109/144 [00:03<00:00, 36.22it/s, v_num=73760, train_loss_step=0.0231, val_loss=0.0487, val_acc=0.983, train_loss_epoch=0.0306]Epoch 7:  76%|███████▋  | 110/144 [00:03<00:00, 36.22it/s, v_num=73760, train_loss_step=0.0231, val_loss=0.0487, val_acc=0.983, train_loss_epoch=0.0306]Epoch 7:  76%|███████▋  | 110/144 [00:03<00:00, 36.22it/s, v_num=73760, train_loss_step=0.0166, val_loss=0.0487, val_acc=0.983, train_loss_epoch=0.0306]Epoch 7:  77%|███████▋  | 111/144 [00:03<00:00, 36.20it/s, v_num=73760, train_loss_step=0.0166, val_loss=0.0487, val_acc=0.983, train_loss_epoch=0.0306]Epoch 7:  77%|███████▋  | 111/144 [00:03<00:00, 36.20it/s, v_num=73760, train_loss_step=0.0274, val_loss=0.0487, val_acc=0.983, train_loss_epoch=0.0306]Epoch 7:  78%|███████▊  | 112/144 [00:03<00:00, 36.23it/s, v_num=73760, train_loss_step=0.0274, val_loss=0.0487, val_acc=0.983, train_loss_epoch=0.0306]Epoch 7:  78%|███████▊  | 112/144 [00:03<00:00, 36.22it/s, v_num=73760, train_loss_step=0.0234, val_loss=0.0487, val_acc=0.983, train_loss_epoch=0.0306]Epoch 7:  78%|███████▊  | 113/144 [00:03<00:00, 36.26it/s, v_num=73760, train_loss_step=0.0234, val_loss=0.0487, val_acc=0.983, train_loss_epoch=0.0306]Epoch 7:  78%|███████▊  | 113/144 [00:03<00:00, 36.26it/s, v_num=73760, train_loss_step=0.0148, val_loss=0.0487, val_acc=0.983, train_loss_epoch=0.0306]Epoch 7:  79%|███████▉  | 114/144 [00:03<00:00, 36.30it/s, v_num=73760, train_loss_step=0.0148, val_loss=0.0487, val_acc=0.983, train_loss_epoch=0.0306]Epoch 7:  79%|███████▉  | 114/144 [00:03<00:00, 36.29it/s, v_num=73760, train_loss_step=0.0309, val_loss=0.0487, val_acc=0.983, train_loss_epoch=0.0306]Epoch 7:  80%|███████▉  | 115/144 [00:03<00:00, 36.30it/s, v_num=73760, train_loss_step=0.0309, val_loss=0.0487, val_acc=0.983, train_loss_epoch=0.0306]Epoch 7:  80%|███████▉  | 115/144 [00:03<00:00, 36.30it/s, v_num=73760, train_loss_step=0.0346, val_loss=0.0487, val_acc=0.983, train_loss_epoch=0.0306]Epoch 7:  81%|████████  | 116/144 [00:03<00:00, 36.33it/s, v_num=73760, train_loss_step=0.0346, val_loss=0.0487, val_acc=0.983, train_loss_epoch=0.0306]Epoch 7:  81%|████████  | 116/144 [00:03<00:00, 36.33it/s, v_num=73760, train_loss_step=0.065, val_loss=0.0487, val_acc=0.983, train_loss_epoch=0.0306] Epoch 7:  81%|████████▏ | 117/144 [00:03<00:00, 36.34it/s, v_num=73760, train_loss_step=0.065, val_loss=0.0487, val_acc=0.983, train_loss_epoch=0.0306]Epoch 7:  81%|████████▏ | 117/144 [00:03<00:00, 36.34it/s, v_num=73760, train_loss_step=0.00662, val_loss=0.0487, val_acc=0.983, train_loss_epoch=0.0306]Epoch 7:  82%|████████▏ | 118/144 [00:03<00:00, 36.37it/s, v_num=73760, train_loss_step=0.00662, val_loss=0.0487, val_acc=0.983, train_loss_epoch=0.0306]Epoch 7:  82%|████████▏ | 118/144 [00:03<00:00, 36.36it/s, v_num=73760, train_loss_step=0.0199, val_loss=0.0487, val_acc=0.983, train_loss_epoch=0.0306] Epoch 7:  83%|████████▎ | 119/144 [00:03<00:00, 36.35it/s, v_num=73760, train_loss_step=0.0199, val_loss=0.0487, val_acc=0.983, train_loss_epoch=0.0306]Epoch 7:  83%|████████▎ | 119/144 [00:03<00:00, 36.35it/s, v_num=73760, train_loss_step=0.0275, val_loss=0.0487, val_acc=0.983, train_loss_epoch=0.0306]Epoch 7:  83%|████████▎ | 120/144 [00:03<00:00, 36.38it/s, v_num=73760, train_loss_step=0.0275, val_loss=0.0487, val_acc=0.983, train_loss_epoch=0.0306]Epoch 7:  83%|████████▎ | 120/144 [00:03<00:00, 36.38it/s, v_num=73760, train_loss_step=0.0269, val_loss=0.0487, val_acc=0.983, train_loss_epoch=0.0306]Epoch 7:  84%|████████▍ | 121/144 [00:03<00:00, 36.41it/s, v_num=73760, train_loss_step=0.0269, val_loss=0.0487, val_acc=0.983, train_loss_epoch=0.0306]Epoch 7:  84%|████████▍ | 121/144 [00:03<00:00, 36.41it/s, v_num=73760, train_loss_step=0.00685, val_loss=0.0487, val_acc=0.983, train_loss_epoch=0.0306]Epoch 7:  85%|████████▍ | 122/144 [00:03<00:00, 36.43it/s, v_num=73760, train_loss_step=0.00685, val_loss=0.0487, val_acc=0.983, train_loss_epoch=0.0306]Epoch 7:  85%|████████▍ | 122/144 [00:03<00:00, 36.43it/s, v_num=73760, train_loss_step=0.0174, val_loss=0.0487, val_acc=0.983, train_loss_epoch=0.0306] Epoch 7:  85%|████████▌ | 123/144 [00:03<00:00, 36.44it/s, v_num=73760, train_loss_step=0.0174, val_loss=0.0487, val_acc=0.983, train_loss_epoch=0.0306]Epoch 7:  85%|████████▌ | 123/144 [00:03<00:00, 36.43it/s, v_num=73760, train_loss_step=0.0316, val_loss=0.0487, val_acc=0.983, train_loss_epoch=0.0306]Epoch 7:  86%|████████▌ | 124/144 [00:03<00:00, 36.47it/s, v_num=73760, train_loss_step=0.0316, val_loss=0.0487, val_acc=0.983, train_loss_epoch=0.0306]Epoch 7:  86%|████████▌ | 124/144 [00:03<00:00, 36.47it/s, v_num=73760, train_loss_step=0.0323, val_loss=0.0487, val_acc=0.983, train_loss_epoch=0.0306]Epoch 7:  87%|████████▋ | 125/144 [00:03<00:00, 36.33it/s, v_num=73760, train_loss_step=0.0323, val_loss=0.0487, val_acc=0.983, train_loss_epoch=0.0306]Epoch 7:  87%|████████▋ | 125/144 [00:03<00:00, 36.33it/s, v_num=73760, train_loss_step=0.0544, val_loss=0.0487, val_acc=0.983, train_loss_epoch=0.0306]Epoch 7:  88%|████████▊ | 126/144 [00:03<00:00, 36.36it/s, v_num=73760, train_loss_step=0.0544, val_loss=0.0487, val_acc=0.983, train_loss_epoch=0.0306]Epoch 7:  88%|████████▊ | 126/144 [00:03<00:00, 36.35it/s, v_num=73760, train_loss_step=0.0375, val_loss=0.0487, val_acc=0.983, train_loss_epoch=0.0306]Epoch 7:  88%|████████▊ | 127/144 [00:03<00:00, 36.33it/s, v_num=73760, train_loss_step=0.0375, val_loss=0.0487, val_acc=0.983, train_loss_epoch=0.0306]Epoch 7:  88%|████████▊ | 127/144 [00:03<00:00, 36.33it/s, v_num=73760, train_loss_step=0.0522, val_loss=0.0487, val_acc=0.983, train_loss_epoch=0.0306]Epoch 7:  89%|████████▉ | 128/144 [00:03<00:00, 36.34it/s, v_num=73760, train_loss_step=0.0522, val_loss=0.0487, val_acc=0.983, train_loss_epoch=0.0306]Epoch 7:  89%|████████▉ | 128/144 [00:03<00:00, 36.34it/s, v_num=73760, train_loss_step=0.0178, val_loss=0.0487, val_acc=0.983, train_loss_epoch=0.0306]Epoch 7:  90%|████████▉ | 129/144 [00:03<00:00, 36.36it/s, v_num=73760, train_loss_step=0.0178, val_loss=0.0487, val_acc=0.983, train_loss_epoch=0.0306]Epoch 7:  90%|████████▉ | 129/144 [00:03<00:00, 36.36it/s, v_num=73760, train_loss_step=0.0452, val_loss=0.0487, val_acc=0.983, train_loss_epoch=0.0306]Epoch 7:  90%|█████████ | 130/144 [00:03<00:00, 36.39it/s, v_num=73760, train_loss_step=0.0452, val_loss=0.0487, val_acc=0.983, train_loss_epoch=0.0306]Epoch 7:  90%|█████████ | 130/144 [00:03<00:00, 36.39it/s, v_num=73760, train_loss_step=0.038, val_loss=0.0487, val_acc=0.983, train_loss_epoch=0.0306] Epoch 7:  91%|█████████ | 131/144 [00:03<00:00, 36.39it/s, v_num=73760, train_loss_step=0.038, val_loss=0.0487, val_acc=0.983, train_loss_epoch=0.0306]Epoch 7:  91%|█████████ | 131/144 [00:03<00:00, 36.39it/s, v_num=73760, train_loss_step=0.0178, val_loss=0.0487, val_acc=0.983, train_loss_epoch=0.0306]Epoch 7:  92%|█████████▏| 132/144 [00:03<00:00, 36.42it/s, v_num=73760, train_loss_step=0.0178, val_loss=0.0487, val_acc=0.983, train_loss_epoch=0.0306]Epoch 7:  92%|█████████▏| 132/144 [00:03<00:00, 36.42it/s, v_num=73760, train_loss_step=0.0301, val_loss=0.0487, val_acc=0.983, train_loss_epoch=0.0306]Epoch 7:  92%|█████████▏| 133/144 [00:03<00:00, 36.45it/s, v_num=73760, train_loss_step=0.0301, val_loss=0.0487, val_acc=0.983, train_loss_epoch=0.0306]Epoch 7:  92%|█████████▏| 133/144 [00:03<00:00, 36.45it/s, v_num=73760, train_loss_step=0.0146, val_loss=0.0487, val_acc=0.983, train_loss_epoch=0.0306]Epoch 7:  93%|█████████▎| 134/144 [00:03<00:00, 36.49it/s, v_num=73760, train_loss_step=0.0146, val_loss=0.0487, val_acc=0.983, train_loss_epoch=0.0306]Epoch 7:  93%|█████████▎| 134/144 [00:03<00:00, 36.49it/s, v_num=73760, train_loss_step=0.019, val_loss=0.0487, val_acc=0.983, train_loss_epoch=0.0306] Epoch 7:  94%|█████████▍| 135/144 [00:03<00:00, 36.51it/s, v_num=73760, train_loss_step=0.019, val_loss=0.0487, val_acc=0.983, train_loss_epoch=0.0306]Epoch 7:  94%|█████████▍| 135/144 [00:03<00:00, 36.51it/s, v_num=73760, train_loss_step=0.0178, val_loss=0.0487, val_acc=0.983, train_loss_epoch=0.0306]Epoch 7:  94%|█████████▍| 136/144 [00:03<00:00, 36.47it/s, v_num=73760, train_loss_step=0.0178, val_loss=0.0487, val_acc=0.983, train_loss_epoch=0.0306]Epoch 7:  94%|█████████▍| 136/144 [00:03<00:00, 36.47it/s, v_num=73760, train_loss_step=0.023, val_loss=0.0487, val_acc=0.983, train_loss_epoch=0.0306] Epoch 7:  95%|█████████▌| 137/144 [00:03<00:00, 36.49it/s, v_num=73760, train_loss_step=0.023, val_loss=0.0487, val_acc=0.983, train_loss_epoch=0.0306]Epoch 7:  95%|█████████▌| 137/144 [00:03<00:00, 36.49it/s, v_num=73760, train_loss_step=0.0571, val_loss=0.0487, val_acc=0.983, train_loss_epoch=0.0306]Epoch 7:  96%|█████████▌| 138/144 [00:03<00:00, 36.51it/s, v_num=73760, train_loss_step=0.0571, val_loss=0.0487, val_acc=0.983, train_loss_epoch=0.0306]Epoch 7:  96%|█████████▌| 138/144 [00:03<00:00, 36.51it/s, v_num=73760, train_loss_step=0.0323, val_loss=0.0487, val_acc=0.983, train_loss_epoch=0.0306]Epoch 7:  97%|█████████▋| 139/144 [00:03<00:00, 36.53it/s, v_num=73760, train_loss_step=0.0323, val_loss=0.0487, val_acc=0.983, train_loss_epoch=0.0306]Epoch 7:  97%|█████████▋| 139/144 [00:03<00:00, 36.52it/s, v_num=73760, train_loss_step=0.0166, val_loss=0.0487, val_acc=0.983, train_loss_epoch=0.0306]Epoch 7:  97%|█████████▋| 140/144 [00:03<00:00, 36.51it/s, v_num=73760, train_loss_step=0.0166, val_loss=0.0487, val_acc=0.983, train_loss_epoch=0.0306]Epoch 7:  97%|█████████▋| 140/144 [00:03<00:00, 36.51it/s, v_num=73760, train_loss_step=0.0256, val_loss=0.0487, val_acc=0.983, train_loss_epoch=0.0306]Epoch 7:  98%|█████████▊| 141/144 [00:03<00:00, 36.43it/s, v_num=73760, train_loss_step=0.0256, val_loss=0.0487, val_acc=0.983, train_loss_epoch=0.0306]Epoch 7:  98%|█████████▊| 141/144 [00:03<00:00, 36.43it/s, v_num=73760, train_loss_step=0.0157, val_loss=0.0487, val_acc=0.983, train_loss_epoch=0.0306]Epoch 7:  99%|█████████▊| 142/144 [00:03<00:00, 36.43it/s, v_num=73760, train_loss_step=0.0157, val_loss=0.0487, val_acc=0.983, train_loss_epoch=0.0306]Epoch 7:  99%|█████████▊| 142/144 [00:03<00:00, 36.43it/s, v_num=73760, train_loss_step=0.0342, val_loss=0.0487, val_acc=0.983, train_loss_epoch=0.0306]Epoch 7:  99%|█████████▉| 143/144 [00:03<00:00, 36.42it/s, v_num=73760, train_loss_step=0.0342, val_loss=0.0487, val_acc=0.983, train_loss_epoch=0.0306]Epoch 7:  99%|█████████▉| 143/144 [00:03<00:00, 36.42it/s, v_num=73760, train_loss_step=0.0158, val_loss=0.0487, val_acc=0.983, train_loss_epoch=0.0306]Epoch 7: 100%|██████████| 144/144 [00:03<00:00, 36.44it/s, v_num=73760, train_loss_step=0.0158, val_loss=0.0487, val_acc=0.983, train_loss_epoch=0.0306]Epoch 7: 100%|██████████| 144/144 [00:03<00:00, 36.44it/s, v_num=73760, train_loss_step=0.0384, val_loss=0.0487, val_acc=0.983, train_loss_epoch=0.0306]
Validation: |          | 0/? [00:00<?, ?it/s][A
Validation:   0%|          | 0/14 [00:00<?, ?it/s][A
Validation DataLoader 0:   0%|          | 0/14 [00:00<?, ?it/s][A
Validation DataLoader 0:   7%|▋         | 1/14 [00:00<00:00, 124.25it/s][A
Validation DataLoader 0:  14%|█▍        | 2/14 [00:00<00:00, 87.27it/s] [A
Validation DataLoader 0:  21%|██▏       | 3/14 [00:00<00:00, 91.43it/s][A
Validation DataLoader 0:  29%|██▊       | 4/14 [00:00<00:00, 92.96it/s][A
Validation DataLoader 0:  36%|███▌      | 5/14 [00:00<00:00, 90.97it/s][A
Validation DataLoader 0:  43%|████▎     | 6/14 [00:00<00:00, 84.76it/s][A
Validation DataLoader 0:  50%|█████     | 7/14 [00:00<00:00, 86.67it/s][A
Validation DataLoader 0:  57%|█████▋    | 8/14 [00:00<00:00, 87.16it/s][A
Validation DataLoader 0:  64%|██████▍   | 9/14 [00:00<00:00, 88.50it/s][A
Validation DataLoader 0:  71%|███████▏  | 10/14 [00:00<00:00, 89.56it/s][A
Validation DataLoader 0:  79%|███████▊  | 11/14 [00:00<00:00, 90.40it/s][A
Validation DataLoader 0:  86%|████████▌ | 12/14 [00:00<00:00, 91.16it/s][A
Validation DataLoader 0:  93%|█████████▎| 13/14 [00:00<00:00, 91.71it/s][A
Validation DataLoader 0: 100%|██████████| 14/14 [00:00<00:00, 92.15it/s][A
                                                                        [AEpoch 7: 100%|██████████| 144/144 [00:04<00:00, 34.89it/s, v_num=73760, train_loss_step=0.0384, val_loss=0.0289, val_acc=0.990, train_loss_epoch=0.0306]Epoch 7: 100%|██████████| 144/144 [00:04<00:00, 34.89it/s, v_num=73760, train_loss_step=0.0384, val_loss=0.0289, val_acc=0.990, train_loss_epoch=0.0293]Epoch 7:   0%|          | 0/144 [00:00<?, ?it/s, v_num=73760, train_loss_step=0.0384, val_loss=0.0289, val_acc=0.990, train_loss_epoch=0.0293]          Epoch 8:   0%|          | 0/144 [00:00<?, ?it/s, v_num=73760, train_loss_step=0.0384, val_loss=0.0289, val_acc=0.990, train_loss_epoch=0.0293]Epoch 8:   1%|          | 1/144 [00:00<00:11, 12.95it/s, v_num=73760, train_loss_step=0.0384, val_loss=0.0289, val_acc=0.990, train_loss_epoch=0.0293]Epoch 8:   1%|          | 1/144 [00:00<00:11, 12.92it/s, v_num=73760, train_loss_step=0.0265, val_loss=0.0289, val_acc=0.990, train_loss_epoch=0.0293]Epoch 8:   1%|▏         | 2/144 [00:00<00:07, 18.72it/s, v_num=73760, train_loss_step=0.0265, val_loss=0.0289, val_acc=0.990, train_loss_epoch=0.0293]Epoch 8:   1%|▏         | 2/144 [00:00<00:07, 18.69it/s, v_num=73760, train_loss_step=0.0579, val_loss=0.0289, val_acc=0.990, train_loss_epoch=0.0293]Epoch 8:   2%|▏         | 3/144 [00:00<00:06, 21.16it/s, v_num=73760, train_loss_step=0.0579, val_loss=0.0289, val_acc=0.990, train_loss_epoch=0.0293]Epoch 8:   2%|▏         | 3/144 [00:00<00:06, 21.13it/s, v_num=73760, train_loss_step=0.0895, val_loss=0.0289, val_acc=0.990, train_loss_epoch=0.0293]Epoch 8:   3%|▎         | 4/144 [00:00<00:05, 23.45it/s, v_num=73760, train_loss_step=0.0895, val_loss=0.0289, val_acc=0.990, train_loss_epoch=0.0293]Epoch 8:   3%|▎         | 4/144 [00:00<00:05, 23.43it/s, v_num=73760, train_loss_step=0.0257, val_loss=0.0289, val_acc=0.990, train_loss_epoch=0.0293]Epoch 8:   3%|▎         | 5/144 [00:00<00:05, 25.23it/s, v_num=73760, train_loss_step=0.0257, val_loss=0.0289, val_acc=0.990, train_loss_epoch=0.0293]Epoch 8:   3%|▎         | 5/144 [00:00<00:05, 25.21it/s, v_num=73760, train_loss_step=0.0203, val_loss=0.0289, val_acc=0.990, train_loss_epoch=0.0293]Epoch 8:   4%|▍         | 6/144 [00:00<00:05, 26.74it/s, v_num=73760, train_loss_step=0.0203, val_loss=0.0289, val_acc=0.990, train_loss_epoch=0.0293]Epoch 8:   4%|▍         | 6/144 [00:00<00:05, 26.72it/s, v_num=73760, train_loss_step=0.0104, val_loss=0.0289, val_acc=0.990, train_loss_epoch=0.0293]Epoch 8:   5%|▍         | 7/144 [00:00<00:04, 27.54it/s, v_num=73760, train_loss_step=0.0104, val_loss=0.0289, val_acc=0.990, train_loss_epoch=0.0293]Epoch 8:   5%|▍         | 7/144 [00:00<00:04, 27.52it/s, v_num=73760, train_loss_step=0.0616, val_loss=0.0289, val_acc=0.990, train_loss_epoch=0.0293]Epoch 8:   6%|▌         | 8/144 [00:00<00:04, 28.57it/s, v_num=73760, train_loss_step=0.0616, val_loss=0.0289, val_acc=0.990, train_loss_epoch=0.0293]Epoch 8:   6%|▌         | 8/144 [00:00<00:04, 28.55it/s, v_num=73760, train_loss_step=0.0468, val_loss=0.0289, val_acc=0.990, train_loss_epoch=0.0293]Epoch 8:   6%|▋         | 9/144 [00:00<00:04, 29.34it/s, v_num=73760, train_loss_step=0.0468, val_loss=0.0289, val_acc=0.990, train_loss_epoch=0.0293]Epoch 8:   6%|▋         | 9/144 [00:00<00:04, 29.32it/s, v_num=73760, train_loss_step=0.022, val_loss=0.0289, val_acc=0.990, train_loss_epoch=0.0293] Epoch 8:   7%|▋         | 10/144 [00:00<00:04, 29.95it/s, v_num=73760, train_loss_step=0.022, val_loss=0.0289, val_acc=0.990, train_loss_epoch=0.0293]Epoch 8:   7%|▋         | 10/144 [00:00<00:04, 29.94it/s, v_num=73760, train_loss_step=0.0261, val_loss=0.0289, val_acc=0.990, train_loss_epoch=0.0293]Epoch 8:   8%|▊         | 11/144 [00:00<00:04, 30.15it/s, v_num=73760, train_loss_step=0.0261, val_loss=0.0289, val_acc=0.990, train_loss_epoch=0.0293]Epoch 8:   8%|▊         | 11/144 [00:00<00:04, 30.13it/s, v_num=73760, train_loss_step=0.0377, val_loss=0.0289, val_acc=0.990, train_loss_epoch=0.0293]Epoch 8:   8%|▊         | 12/144 [00:00<00:04, 30.51it/s, v_num=73760, train_loss_step=0.0377, val_loss=0.0289, val_acc=0.990, train_loss_epoch=0.0293]Epoch 8:   8%|▊         | 12/144 [00:00<00:04, 30.49it/s, v_num=73760, train_loss_step=0.0571, val_loss=0.0289, val_acc=0.990, train_loss_epoch=0.0293]Epoch 8:   9%|▉         | 13/144 [00:00<00:04, 30.95it/s, v_num=73760, train_loss_step=0.0571, val_loss=0.0289, val_acc=0.990, train_loss_epoch=0.0293]Epoch 8:   9%|▉         | 13/144 [00:00<00:04, 30.94it/s, v_num=73760, train_loss_step=0.0247, val_loss=0.0289, val_acc=0.990, train_loss_epoch=0.0293]Epoch 8:  10%|▉         | 14/144 [00:00<00:04, 31.29it/s, v_num=73760, train_loss_step=0.0247, val_loss=0.0289, val_acc=0.990, train_loss_epoch=0.0293]Epoch 8:  10%|▉         | 14/144 [00:00<00:04, 31.27it/s, v_num=73760, train_loss_step=0.0194, val_loss=0.0289, val_acc=0.990, train_loss_epoch=0.0293]Epoch 8:  10%|█         | 15/144 [00:00<00:04, 31.45it/s, v_num=73760, train_loss_step=0.0194, val_loss=0.0289, val_acc=0.990, train_loss_epoch=0.0293]Epoch 8:  10%|█         | 15/144 [00:00<00:04, 31.44it/s, v_num=73760, train_loss_step=0.0191, val_loss=0.0289, val_acc=0.990, train_loss_epoch=0.0293]Epoch 8:  11%|█         | 16/144 [00:00<00:04, 31.80it/s, v_num=73760, train_loss_step=0.0191, val_loss=0.0289, val_acc=0.990, train_loss_epoch=0.0293]Epoch 8:  11%|█         | 16/144 [00:00<00:04, 31.79it/s, v_num=73760, train_loss_step=0.0189, val_loss=0.0289, val_acc=0.990, train_loss_epoch=0.0293]Epoch 8:  12%|█▏        | 17/144 [00:00<00:03, 32.09it/s, v_num=73760, train_loss_step=0.0189, val_loss=0.0289, val_acc=0.990, train_loss_epoch=0.0293]Epoch 8:  12%|█▏        | 17/144 [00:00<00:03, 32.08it/s, v_num=73760, train_loss_step=0.0197, val_loss=0.0289, val_acc=0.990, train_loss_epoch=0.0293]Epoch 8:  12%|█▎        | 18/144 [00:00<00:03, 32.27it/s, v_num=73760, train_loss_step=0.0197, val_loss=0.0289, val_acc=0.990, train_loss_epoch=0.0293]Epoch 8:  12%|█▎        | 18/144 [00:00<00:03, 32.26it/s, v_num=73760, train_loss_step=0.0092, val_loss=0.0289, val_acc=0.990, train_loss_epoch=0.0293]Epoch 8:  13%|█▎        | 19/144 [00:00<00:03, 32.22it/s, v_num=73760, train_loss_step=0.0092, val_loss=0.0289, val_acc=0.990, train_loss_epoch=0.0293]Epoch 8:  13%|█▎        | 19/144 [00:00<00:03, 32.21it/s, v_num=73760, train_loss_step=0.0387, val_loss=0.0289, val_acc=0.990, train_loss_epoch=0.0293]Epoch 8:  14%|█▍        | 20/144 [00:00<00:03, 32.45it/s, v_num=73760, train_loss_step=0.0387, val_loss=0.0289, val_acc=0.990, train_loss_epoch=0.0293]Epoch 8:  14%|█▍        | 20/144 [00:00<00:03, 32.44it/s, v_num=73760, train_loss_step=0.0346, val_loss=0.0289, val_acc=0.990, train_loss_epoch=0.0293]Epoch 8:  15%|█▍        | 21/144 [00:00<00:03, 32.51it/s, v_num=73760, train_loss_step=0.0346, val_loss=0.0289, val_acc=0.990, train_loss_epoch=0.0293]Epoch 8:  15%|█▍        | 21/144 [00:00<00:03, 32.50it/s, v_num=73760, train_loss_step=0.00967, val_loss=0.0289, val_acc=0.990, train_loss_epoch=0.0293]Epoch 8:  15%|█▌        | 22/144 [00:00<00:03, 32.59it/s, v_num=73760, train_loss_step=0.00967, val_loss=0.0289, val_acc=0.990, train_loss_epoch=0.0293]Epoch 8:  15%|█▌        | 22/144 [00:00<00:03, 32.58it/s, v_num=73760, train_loss_step=0.0203, val_loss=0.0289, val_acc=0.990, train_loss_epoch=0.0293] Epoch 8:  16%|█▌        | 23/144 [00:00<00:03, 32.81it/s, v_num=73760, train_loss_step=0.0203, val_loss=0.0289, val_acc=0.990, train_loss_epoch=0.0293]Epoch 8:  16%|█▌        | 23/144 [00:00<00:03, 32.80it/s, v_num=73760, train_loss_step=0.0263, val_loss=0.0289, val_acc=0.990, train_loss_epoch=0.0293]Epoch 8:  17%|█▋        | 24/144 [00:00<00:03, 32.95it/s, v_num=73760, train_loss_step=0.0263, val_loss=0.0289, val_acc=0.990, train_loss_epoch=0.0293]Epoch 8:  17%|█▋        | 24/144 [00:00<00:03, 32.94it/s, v_num=73760, train_loss_step=0.0328, val_loss=0.0289, val_acc=0.990, train_loss_epoch=0.0293]Epoch 8:  17%|█▋        | 25/144 [00:00<00:03, 33.13it/s, v_num=73760, train_loss_step=0.0328, val_loss=0.0289, val_acc=0.990, train_loss_epoch=0.0293]Epoch 8:  17%|█▋        | 25/144 [00:00<00:03, 33.13it/s, v_num=73760, train_loss_step=0.0155, val_loss=0.0289, val_acc=0.990, train_loss_epoch=0.0293]Epoch 8:  18%|█▊        | 26/144 [00:00<00:03, 33.11it/s, v_num=73760, train_loss_step=0.0155, val_loss=0.0289, val_acc=0.990, train_loss_epoch=0.0293]Epoch 8:  18%|█▊        | 26/144 [00:00<00:03, 33.10it/s, v_num=73760, train_loss_step=0.0199, val_loss=0.0289, val_acc=0.990, train_loss_epoch=0.0293]Epoch 8:  19%|█▉        | 27/144 [00:00<00:03, 33.17it/s, v_num=73760, train_loss_step=0.0199, val_loss=0.0289, val_acc=0.990, train_loss_epoch=0.0293]Epoch 8:  19%|█▉        | 27/144 [00:00<00:03, 33.16it/s, v_num=73760, train_loss_step=0.00976, val_loss=0.0289, val_acc=0.990, train_loss_epoch=0.0293]Epoch 8:  19%|█▉        | 28/144 [00:00<00:03, 33.26it/s, v_num=73760, train_loss_step=0.00976, val_loss=0.0289, val_acc=0.990, train_loss_epoch=0.0293]Epoch 8:  19%|█▉        | 28/144 [00:00<00:03, 33.26it/s, v_num=73760, train_loss_step=0.0215, val_loss=0.0289, val_acc=0.990, train_loss_epoch=0.0293] Epoch 8:  20%|██        | 29/144 [00:00<00:03, 33.42it/s, v_num=73760, train_loss_step=0.0215, val_loss=0.0289, val_acc=0.990, train_loss_epoch=0.0293]Epoch 8:  20%|██        | 29/144 [00:00<00:03, 33.41it/s, v_num=73760, train_loss_step=0.0175, val_loss=0.0289, val_acc=0.990, train_loss_epoch=0.0293]Epoch 8:  21%|██        | 30/144 [00:00<00:03, 33.42it/s, v_num=73760, train_loss_step=0.0175, val_loss=0.0289, val_acc=0.990, train_loss_epoch=0.0293]Epoch 8:  21%|██        | 30/144 [00:00<00:03, 33.41it/s, v_num=73760, train_loss_step=0.0395, val_loss=0.0289, val_acc=0.990, train_loss_epoch=0.0293]Epoch 8:  22%|██▏       | 31/144 [00:00<00:03, 33.57it/s, v_num=73760, train_loss_step=0.0395, val_loss=0.0289, val_acc=0.990, train_loss_epoch=0.0293]Epoch 8:  22%|██▏       | 31/144 [00:00<00:03, 33.57it/s, v_num=73760, train_loss_step=0.0146, val_loss=0.0289, val_acc=0.990, train_loss_epoch=0.0293]Epoch 8:  22%|██▏       | 32/144 [00:00<00:03, 33.68it/s, v_num=73760, train_loss_step=0.0146, val_loss=0.0289, val_acc=0.990, train_loss_epoch=0.0293]Epoch 8:  22%|██▏       | 32/144 [00:00<00:03, 33.67it/s, v_num=73760, train_loss_step=0.049, val_loss=0.0289, val_acc=0.990, train_loss_epoch=0.0293] Epoch 8:  23%|██▎       | 33/144 [00:00<00:03, 33.78it/s, v_num=73760, train_loss_step=0.049, val_loss=0.0289, val_acc=0.990, train_loss_epoch=0.0293]Epoch 8:  23%|██▎       | 33/144 [00:00<00:03, 33.78it/s, v_num=73760, train_loss_step=0.0317, val_loss=0.0289, val_acc=0.990, train_loss_epoch=0.0293]Epoch 8:  24%|██▎       | 34/144 [00:01<00:03, 33.79it/s, v_num=73760, train_loss_step=0.0317, val_loss=0.0289, val_acc=0.990, train_loss_epoch=0.0293]Epoch 8:  24%|██▎       | 34/144 [00:01<00:03, 33.79it/s, v_num=73760, train_loss_step=0.0386, val_loss=0.0289, val_acc=0.990, train_loss_epoch=0.0293]Epoch 8:  24%|██▍       | 35/144 [00:01<00:03, 33.86it/s, v_num=73760, train_loss_step=0.0386, val_loss=0.0289, val_acc=0.990, train_loss_epoch=0.0293]Epoch 8:  24%|██▍       | 35/144 [00:01<00:03, 33.86it/s, v_num=73760, train_loss_step=0.00714, val_loss=0.0289, val_acc=0.990, train_loss_epoch=0.0293]Epoch 8:  25%|██▌       | 36/144 [00:01<00:03, 33.98it/s, v_num=73760, train_loss_step=0.00714, val_loss=0.0289, val_acc=0.990, train_loss_epoch=0.0293]Epoch 8:  25%|██▌       | 36/144 [00:01<00:03, 33.97it/s, v_num=73760, train_loss_step=0.0435, val_loss=0.0289, val_acc=0.990, train_loss_epoch=0.0293] Epoch 8:  26%|██▌       | 37/144 [00:01<00:03, 34.10it/s, v_num=73760, train_loss_step=0.0435, val_loss=0.0289, val_acc=0.990, train_loss_epoch=0.0293]Epoch 8:  26%|██▌       | 37/144 [00:01<00:03, 34.10it/s, v_num=73760, train_loss_step=0.036, val_loss=0.0289, val_acc=0.990, train_loss_epoch=0.0293] Epoch 8:  26%|██▋       | 38/144 [00:01<00:03, 34.04it/s, v_num=73760, train_loss_step=0.036, val_loss=0.0289, val_acc=0.990, train_loss_epoch=0.0293]Epoch 8:  26%|██▋       | 38/144 [00:01<00:03, 34.03it/s, v_num=73760, train_loss_step=0.0149, val_loss=0.0289, val_acc=0.990, train_loss_epoch=0.0293]Epoch 8:  27%|██▋       | 39/144 [00:01<00:03, 34.08it/s, v_num=73760, train_loss_step=0.0149, val_loss=0.0289, val_acc=0.990, train_loss_epoch=0.0293]Epoch 8:  27%|██▋       | 39/144 [00:01<00:03, 34.07it/s, v_num=73760, train_loss_step=0.0377, val_loss=0.0289, val_acc=0.990, train_loss_epoch=0.0293]Epoch 8:  28%|██▊       | 40/144 [00:01<00:03, 34.15it/s, v_num=73760, train_loss_step=0.0377, val_loss=0.0289, val_acc=0.990, train_loss_epoch=0.0293]Epoch 8:  28%|██▊       | 40/144 [00:01<00:03, 34.15it/s, v_num=73760, train_loss_step=0.0402, val_loss=0.0289, val_acc=0.990, train_loss_epoch=0.0293]Epoch 8:  28%|██▊       | 41/144 [00:01<00:03, 34.24it/s, v_num=73760, train_loss_step=0.0402, val_loss=0.0289, val_acc=0.990, train_loss_epoch=0.0293]Epoch 8:  28%|██▊       | 41/144 [00:01<00:03, 34.23it/s, v_num=73760, train_loss_step=0.0355, val_loss=0.0289, val_acc=0.990, train_loss_epoch=0.0293]Epoch 8:  29%|██▉       | 42/144 [00:01<00:02, 34.20it/s, v_num=73760, train_loss_step=0.0355, val_loss=0.0289, val_acc=0.990, train_loss_epoch=0.0293]Epoch 8:  29%|██▉       | 42/144 [00:01<00:02, 34.19it/s, v_num=73760, train_loss_step=0.0134, val_loss=0.0289, val_acc=0.990, train_loss_epoch=0.0293]Epoch 8:  30%|██▉       | 43/144 [00:01<00:02, 34.28it/s, v_num=73760, train_loss_step=0.0134, val_loss=0.0289, val_acc=0.990, train_loss_epoch=0.0293]Epoch 8:  30%|██▉       | 43/144 [00:01<00:02, 34.28it/s, v_num=73760, train_loss_step=0.0101, val_loss=0.0289, val_acc=0.990, train_loss_epoch=0.0293]Epoch 8:  31%|███       | 44/144 [00:01<00:02, 34.39it/s, v_num=73760, train_loss_step=0.0101, val_loss=0.0289, val_acc=0.990, train_loss_epoch=0.0293]Epoch 8:  31%|███       | 44/144 [00:01<00:02, 34.39it/s, v_num=73760, train_loss_step=0.0192, val_loss=0.0289, val_acc=0.990, train_loss_epoch=0.0293]Epoch 8:  31%|███▏      | 45/144 [00:01<00:02, 34.49it/s, v_num=73760, train_loss_step=0.0192, val_loss=0.0289, val_acc=0.990, train_loss_epoch=0.0293]Epoch 8:  31%|███▏      | 45/144 [00:01<00:02, 34.48it/s, v_num=73760, train_loss_step=0.0141, val_loss=0.0289, val_acc=0.990, train_loss_epoch=0.0293]Epoch 8:  32%|███▏      | 46/144 [00:01<00:02, 34.46it/s, v_num=73760, train_loss_step=0.0141, val_loss=0.0289, val_acc=0.990, train_loss_epoch=0.0293]Epoch 8:  32%|███▏      | 46/144 [00:01<00:02, 34.45it/s, v_num=73760, train_loss_step=0.0322, val_loss=0.0289, val_acc=0.990, train_loss_epoch=0.0293]Epoch 8:  33%|███▎      | 47/144 [00:01<00:02, 34.55it/s, v_num=73760, train_loss_step=0.0322, val_loss=0.0289, val_acc=0.990, train_loss_epoch=0.0293]Epoch 8:  33%|███▎      | 47/144 [00:01<00:02, 34.55it/s, v_num=73760, train_loss_step=0.0244, val_loss=0.0289, val_acc=0.990, train_loss_epoch=0.0293]Epoch 8:  33%|███▎      | 48/144 [00:01<00:02, 34.63it/s, v_num=73760, train_loss_step=0.0244, val_loss=0.0289, val_acc=0.990, train_loss_epoch=0.0293]Epoch 8:  33%|███▎      | 48/144 [00:01<00:02, 34.63it/s, v_num=73760, train_loss_step=0.0474, val_loss=0.0289, val_acc=0.990, train_loss_epoch=0.0293]Epoch 8:  34%|███▍      | 49/144 [00:01<00:02, 34.71it/s, v_num=73760, train_loss_step=0.0474, val_loss=0.0289, val_acc=0.990, train_loss_epoch=0.0293]Epoch 8:  34%|███▍      | 49/144 [00:01<00:02, 34.71it/s, v_num=73760, train_loss_step=0.0178, val_loss=0.0289, val_acc=0.990, train_loss_epoch=0.0293]Epoch 8:  35%|███▍      | 50/144 [00:01<00:02, 34.67it/s, v_num=73760, train_loss_step=0.0178, val_loss=0.0289, val_acc=0.990, train_loss_epoch=0.0293]Epoch 8:  35%|███▍      | 50/144 [00:01<00:02, 34.67it/s, v_num=73760, train_loss_step=0.0262, val_loss=0.0289, val_acc=0.990, train_loss_epoch=0.0293]Epoch 8:  35%|███▌      | 51/144 [00:01<00:02, 34.74it/s, v_num=73760, train_loss_step=0.0262, val_loss=0.0289, val_acc=0.990, train_loss_epoch=0.0293]Epoch 8:  35%|███▌      | 51/144 [00:01<00:02, 34.74it/s, v_num=73760, train_loss_step=0.0323, val_loss=0.0289, val_acc=0.990, train_loss_epoch=0.0293]Epoch 8:  36%|███▌      | 52/144 [00:01<00:02, 34.82it/s, v_num=73760, train_loss_step=0.0323, val_loss=0.0289, val_acc=0.990, train_loss_epoch=0.0293]Epoch 8:  36%|███▌      | 52/144 [00:01<00:02, 34.82it/s, v_num=73760, train_loss_step=0.00939, val_loss=0.0289, val_acc=0.990, train_loss_epoch=0.0293]Epoch 8:  37%|███▋      | 53/144 [00:01<00:02, 34.93it/s, v_num=73760, train_loss_step=0.00939, val_loss=0.0289, val_acc=0.990, train_loss_epoch=0.0293]Epoch 8:  37%|███▋      | 53/144 [00:01<00:02, 34.92it/s, v_num=73760, train_loss_step=0.0204, val_loss=0.0289, val_acc=0.990, train_loss_epoch=0.0293] Epoch 8:  38%|███▊      | 54/144 [00:01<00:02, 34.89it/s, v_num=73760, train_loss_step=0.0204, val_loss=0.0289, val_acc=0.990, train_loss_epoch=0.0293]Epoch 8:  38%|███▊      | 54/144 [00:01<00:02, 34.89it/s, v_num=73760, train_loss_step=0.0549, val_loss=0.0289, val_acc=0.990, train_loss_epoch=0.0293]Epoch 8:  38%|███▊      | 55/144 [00:01<00:02, 34.96it/s, v_num=73760, train_loss_step=0.0549, val_loss=0.0289, val_acc=0.990, train_loss_epoch=0.0293]Epoch 8:  38%|███▊      | 55/144 [00:01<00:02, 34.96it/s, v_num=73760, train_loss_step=0.0149, val_loss=0.0289, val_acc=0.990, train_loss_epoch=0.0293]Epoch 8:  39%|███▉      | 56/144 [00:01<00:02, 35.04it/s, v_num=73760, train_loss_step=0.0149, val_loss=0.0289, val_acc=0.990, train_loss_epoch=0.0293]Epoch 8:  39%|███▉      | 56/144 [00:01<00:02, 35.03it/s, v_num=73760, train_loss_step=0.0255, val_loss=0.0289, val_acc=0.990, train_loss_epoch=0.0293]Epoch 8:  40%|███▉      | 57/144 [00:01<00:02, 35.09it/s, v_num=73760, train_loss_step=0.0255, val_loss=0.0289, val_acc=0.990, train_loss_epoch=0.0293]Epoch 8:  40%|███▉      | 57/144 [00:01<00:02, 35.09it/s, v_num=73760, train_loss_step=0.0208, val_loss=0.0289, val_acc=0.990, train_loss_epoch=0.0293]Epoch 8:  40%|████      | 58/144 [00:01<00:02, 35.03it/s, v_num=73760, train_loss_step=0.0208, val_loss=0.0289, val_acc=0.990, train_loss_epoch=0.0293]Epoch 8:  40%|████      | 58/144 [00:01<00:02, 35.02it/s, v_num=73760, train_loss_step=0.0168, val_loss=0.0289, val_acc=0.990, train_loss_epoch=0.0293]Epoch 8:  41%|████      | 59/144 [00:01<00:02, 35.07it/s, v_num=73760, train_loss_step=0.0168, val_loss=0.0289, val_acc=0.990, train_loss_epoch=0.0293]Epoch 8:  41%|████      | 59/144 [00:01<00:02, 35.06it/s, v_num=73760, train_loss_step=0.0425, val_loss=0.0289, val_acc=0.990, train_loss_epoch=0.0293]Epoch 8:  42%|████▏     | 60/144 [00:01<00:02, 35.10it/s, v_num=73760, train_loss_step=0.0425, val_loss=0.0289, val_acc=0.990, train_loss_epoch=0.0293]Epoch 8:  42%|████▏     | 60/144 [00:01<00:02, 35.10it/s, v_num=73760, train_loss_step=0.025, val_loss=0.0289, val_acc=0.990, train_loss_epoch=0.0293] Epoch 8:  42%|████▏     | 61/144 [00:01<00:02, 35.15it/s, v_num=73760, train_loss_step=0.025, val_loss=0.0289, val_acc=0.990, train_loss_epoch=0.0293]Epoch 8:  42%|████▏     | 61/144 [00:01<00:02, 35.15it/s, v_num=73760, train_loss_step=0.00757, val_loss=0.0289, val_acc=0.990, train_loss_epoch=0.0293]Epoch 8:  43%|████▎     | 62/144 [00:01<00:02, 35.13it/s, v_num=73760, train_loss_step=0.00757, val_loss=0.0289, val_acc=0.990, train_loss_epoch=0.0293]Epoch 8:  43%|████▎     | 62/144 [00:01<00:02, 35.12it/s, v_num=73760, train_loss_step=0.0175, val_loss=0.0289, val_acc=0.990, train_loss_epoch=0.0293] Epoch 8:  44%|████▍     | 63/144 [00:01<00:02, 35.18it/s, v_num=73760, train_loss_step=0.0175, val_loss=0.0289, val_acc=0.990, train_loss_epoch=0.0293]Epoch 8:  44%|████▍     | 63/144 [00:01<00:02, 35.17it/s, v_num=73760, train_loss_step=0.0223, val_loss=0.0289, val_acc=0.990, train_loss_epoch=0.0293]Epoch 8:  44%|████▍     | 64/144 [00:01<00:02, 35.24it/s, v_num=73760, train_loss_step=0.0223, val_loss=0.0289, val_acc=0.990, train_loss_epoch=0.0293]Epoch 8:  44%|████▍     | 64/144 [00:01<00:02, 35.23it/s, v_num=73760, train_loss_step=0.0117, val_loss=0.0289, val_acc=0.990, train_loss_epoch=0.0293]Epoch 8:  45%|████▌     | 65/144 [00:01<00:02, 35.29it/s, v_num=73760, train_loss_step=0.0117, val_loss=0.0289, val_acc=0.990, train_loss_epoch=0.0293]Epoch 8:  45%|████▌     | 65/144 [00:01<00:02, 35.29it/s, v_num=73760, train_loss_step=0.0546, val_loss=0.0289, val_acc=0.990, train_loss_epoch=0.0293]Epoch 8:  46%|████▌     | 66/144 [00:01<00:02, 35.24it/s, v_num=73760, train_loss_step=0.0546, val_loss=0.0289, val_acc=0.990, train_loss_epoch=0.0293]Epoch 8:  46%|████▌     | 66/144 [00:01<00:02, 35.23it/s, v_num=73760, train_loss_step=0.00276, val_loss=0.0289, val_acc=0.990, train_loss_epoch=0.0293]Epoch 8:  47%|████▋     | 67/144 [00:01<00:02, 35.29it/s, v_num=73760, train_loss_step=0.00276, val_loss=0.0289, val_acc=0.990, train_loss_epoch=0.0293]Epoch 8:  47%|████▋     | 67/144 [00:01<00:02, 35.28it/s, v_num=73760, train_loss_step=0.0153, val_loss=0.0289, val_acc=0.990, train_loss_epoch=0.0293] Epoch 8:  47%|████▋     | 68/144 [00:01<00:02, 35.35it/s, v_num=73760, train_loss_step=0.0153, val_loss=0.0289, val_acc=0.990, train_loss_epoch=0.0293]Epoch 8:  47%|████▋     | 68/144 [00:01<00:02, 35.35it/s, v_num=73760, train_loss_step=0.0232, val_loss=0.0289, val_acc=0.990, train_loss_epoch=0.0293]Epoch 8:  48%|████▊     | 69/144 [00:01<00:02, 35.39it/s, v_num=73760, train_loss_step=0.0232, val_loss=0.0289, val_acc=0.990, train_loss_epoch=0.0293]Epoch 8:  48%|████▊     | 69/144 [00:01<00:02, 35.38it/s, v_num=73760, train_loss_step=0.0235, val_loss=0.0289, val_acc=0.990, train_loss_epoch=0.0293]Epoch 8:  49%|████▊     | 70/144 [00:01<00:02, 35.34it/s, v_num=73760, train_loss_step=0.0235, val_loss=0.0289, val_acc=0.990, train_loss_epoch=0.0293]Epoch 8:  49%|████▊     | 70/144 [00:01<00:02, 35.33it/s, v_num=73760, train_loss_step=0.0125, val_loss=0.0289, val_acc=0.990, train_loss_epoch=0.0293]Epoch 8:  49%|████▉     | 71/144 [00:02<00:02, 35.41it/s, v_num=73760, train_loss_step=0.0125, val_loss=0.0289, val_acc=0.990, train_loss_epoch=0.0293]Epoch 8:  49%|████▉     | 71/144 [00:02<00:02, 35.40it/s, v_num=73760, train_loss_step=0.0262, val_loss=0.0289, val_acc=0.990, train_loss_epoch=0.0293]Epoch 8:  50%|█████     | 72/144 [00:02<00:02, 35.46it/s, v_num=73760, train_loss_step=0.0262, val_loss=0.0289, val_acc=0.990, train_loss_epoch=0.0293]Epoch 8:  50%|█████     | 72/144 [00:02<00:02, 35.45it/s, v_num=73760, train_loss_step=0.054, val_loss=0.0289, val_acc=0.990, train_loss_epoch=0.0293] Epoch 8:  51%|█████     | 73/144 [00:02<00:02, 35.47it/s, v_num=73760, train_loss_step=0.054, val_loss=0.0289, val_acc=0.990, train_loss_epoch=0.0293]Epoch 8:  51%|█████     | 73/144 [00:02<00:02, 35.47it/s, v_num=73760, train_loss_step=0.0256, val_loss=0.0289, val_acc=0.990, train_loss_epoch=0.0293]Epoch 8:  51%|█████▏    | 74/144 [00:02<00:01, 35.41it/s, v_num=73760, train_loss_step=0.0256, val_loss=0.0289, val_acc=0.990, train_loss_epoch=0.0293]Epoch 8:  51%|█████▏    | 74/144 [00:02<00:01, 35.41it/s, v_num=73760, train_loss_step=0.0233, val_loss=0.0289, val_acc=0.990, train_loss_epoch=0.0293]Epoch 8:  52%|█████▏    | 75/144 [00:02<00:01, 35.42it/s, v_num=73760, train_loss_step=0.0233, val_loss=0.0289, val_acc=0.990, train_loss_epoch=0.0293]Epoch 8:  52%|█████▏    | 75/144 [00:02<00:01, 35.42it/s, v_num=73760, train_loss_step=0.0476, val_loss=0.0289, val_acc=0.990, train_loss_epoch=0.0293]Epoch 8:  53%|█████▎    | 76/144 [00:02<00:01, 35.45it/s, v_num=73760, train_loss_step=0.0476, val_loss=0.0289, val_acc=0.990, train_loss_epoch=0.0293]Epoch 8:  53%|█████▎    | 76/144 [00:02<00:01, 35.44it/s, v_num=73760, train_loss_step=0.0295, val_loss=0.0289, val_acc=0.990, train_loss_epoch=0.0293]Epoch 8:  53%|█████▎    | 77/144 [00:02<00:01, 35.49it/s, v_num=73760, train_loss_step=0.0295, val_loss=0.0289, val_acc=0.990, train_loss_epoch=0.0293]Epoch 8:  53%|█████▎    | 77/144 [00:02<00:01, 35.49it/s, v_num=73760, train_loss_step=0.0318, val_loss=0.0289, val_acc=0.990, train_loss_epoch=0.0293]Epoch 8:  54%|█████▍    | 78/144 [00:02<00:01, 35.46it/s, v_num=73760, train_loss_step=0.0318, val_loss=0.0289, val_acc=0.990, train_loss_epoch=0.0293]Epoch 8:  54%|█████▍    | 78/144 [00:02<00:01, 35.46it/s, v_num=73760, train_loss_step=0.013, val_loss=0.0289, val_acc=0.990, train_loss_epoch=0.0293] Epoch 8:  55%|█████▍    | 79/144 [00:02<00:01, 35.50it/s, v_num=73760, train_loss_step=0.013, val_loss=0.0289, val_acc=0.990, train_loss_epoch=0.0293]Epoch 8:  55%|█████▍    | 79/144 [00:02<00:01, 35.49it/s, v_num=73760, train_loss_step=0.0162, val_loss=0.0289, val_acc=0.990, train_loss_epoch=0.0293]Epoch 8:  56%|█████▌    | 80/144 [00:02<00:01, 35.52it/s, v_num=73760, train_loss_step=0.0162, val_loss=0.0289, val_acc=0.990, train_loss_epoch=0.0293]Epoch 8:  56%|█████▌    | 80/144 [00:02<00:01, 35.52it/s, v_num=73760, train_loss_step=0.0368, val_loss=0.0289, val_acc=0.990, train_loss_epoch=0.0293]Epoch 8:  56%|█████▋    | 81/144 [00:02<00:01, 35.55it/s, v_num=73760, train_loss_step=0.0368, val_loss=0.0289, val_acc=0.990, train_loss_epoch=0.0293]Epoch 8:  56%|█████▋    | 81/144 [00:02<00:01, 35.55it/s, v_num=73760, train_loss_step=0.030, val_loss=0.0289, val_acc=0.990, train_loss_epoch=0.0293] Epoch 8:  57%|█████▋    | 82/144 [00:02<00:01, 35.52it/s, v_num=73760, train_loss_step=0.030, val_loss=0.0289, val_acc=0.990, train_loss_epoch=0.0293]Epoch 8:  57%|█████▋    | 82/144 [00:02<00:01, 35.52it/s, v_num=73760, train_loss_step=0.025, val_loss=0.0289, val_acc=0.990, train_loss_epoch=0.0293]Epoch 8:  58%|█████▊    | 83/144 [00:02<00:01, 35.54it/s, v_num=73760, train_loss_step=0.025, val_loss=0.0289, val_acc=0.990, train_loss_epoch=0.0293]Epoch 8:  58%|█████▊    | 83/144 [00:02<00:01, 35.53it/s, v_num=73760, train_loss_step=0.0407, val_loss=0.0289, val_acc=0.990, train_loss_epoch=0.0293]Epoch 8:  58%|█████▊    | 84/144 [00:02<00:01, 35.59it/s, v_num=73760, train_loss_step=0.0407, val_loss=0.0289, val_acc=0.990, train_loss_epoch=0.0293]Epoch 8:  58%|█████▊    | 84/144 [00:02<00:01, 35.59it/s, v_num=73760, train_loss_step=0.00659, val_loss=0.0289, val_acc=0.990, train_loss_epoch=0.0293]Epoch 8:  59%|█████▉    | 85/144 [00:02<00:01, 35.62it/s, v_num=73760, train_loss_step=0.00659, val_loss=0.0289, val_acc=0.990, train_loss_epoch=0.0293]Epoch 8:  59%|█████▉    | 85/144 [00:02<00:01, 35.62it/s, v_num=73760, train_loss_step=0.0104, val_loss=0.0289, val_acc=0.990, train_loss_epoch=0.0293] Epoch 8:  60%|█████▉    | 86/144 [00:02<00:01, 35.59it/s, v_num=73760, train_loss_step=0.0104, val_loss=0.0289, val_acc=0.990, train_loss_epoch=0.0293]Epoch 8:  60%|█████▉    | 86/144 [00:02<00:01, 35.59it/s, v_num=73760, train_loss_step=0.00745, val_loss=0.0289, val_acc=0.990, train_loss_epoch=0.0293]Epoch 8:  60%|██████    | 87/144 [00:02<00:01, 35.61it/s, v_num=73760, train_loss_step=0.00745, val_loss=0.0289, val_acc=0.990, train_loss_epoch=0.0293]Epoch 8:  60%|██████    | 87/144 [00:02<00:01, 35.60it/s, v_num=73760, train_loss_step=0.045, val_loss=0.0289, val_acc=0.990, train_loss_epoch=0.0293]  Epoch 8:  61%|██████    | 88/144 [00:02<00:01, 35.63it/s, v_num=73760, train_loss_step=0.045, val_loss=0.0289, val_acc=0.990, train_loss_epoch=0.0293]Epoch 8:  61%|██████    | 88/144 [00:02<00:01, 35.63it/s, v_num=73760, train_loss_step=0.0328, val_loss=0.0289, val_acc=0.990, train_loss_epoch=0.0293]Epoch 8:  62%|██████▏   | 89/144 [00:02<00:01, 35.63it/s, v_num=73760, train_loss_step=0.0328, val_loss=0.0289, val_acc=0.990, train_loss_epoch=0.0293]Epoch 8:  62%|██████▏   | 89/144 [00:02<00:01, 35.63it/s, v_num=73760, train_loss_step=0.0161, val_loss=0.0289, val_acc=0.990, train_loss_epoch=0.0293]Epoch 8:  62%|██████▎   | 90/144 [00:02<00:01, 35.62it/s, v_num=73760, train_loss_step=0.0161, val_loss=0.0289, val_acc=0.990, train_loss_epoch=0.0293]Epoch 8:  62%|██████▎   | 90/144 [00:02<00:01, 35.62it/s, v_num=73760, train_loss_step=0.0177, val_loss=0.0289, val_acc=0.990, train_loss_epoch=0.0293]Epoch 8:  63%|██████▎   | 91/144 [00:02<00:01, 35.65it/s, v_num=73760, train_loss_step=0.0177, val_loss=0.0289, val_acc=0.990, train_loss_epoch=0.0293]Epoch 8:  63%|██████▎   | 91/144 [00:02<00:01, 35.65it/s, v_num=73760, train_loss_step=0.0344, val_loss=0.0289, val_acc=0.990, train_loss_epoch=0.0293]Epoch 8:  64%|██████▍   | 92/144 [00:02<00:01, 35.68it/s, v_num=73760, train_loss_step=0.0344, val_loss=0.0289, val_acc=0.990, train_loss_epoch=0.0293]Epoch 8:  64%|██████▍   | 92/144 [00:02<00:01, 35.68it/s, v_num=73760, train_loss_step=0.00876, val_loss=0.0289, val_acc=0.990, train_loss_epoch=0.0293]Epoch 8:  65%|██████▍   | 93/144 [00:02<00:01, 35.70it/s, v_num=73760, train_loss_step=0.00876, val_loss=0.0289, val_acc=0.990, train_loss_epoch=0.0293]Epoch 8:  65%|██████▍   | 93/144 [00:02<00:01, 35.69it/s, v_num=73760, train_loss_step=0.0382, val_loss=0.0289, val_acc=0.990, train_loss_epoch=0.0293] Epoch 8:  65%|██████▌   | 94/144 [00:02<00:01, 35.67it/s, v_num=73760, train_loss_step=0.0382, val_loss=0.0289, val_acc=0.990, train_loss_epoch=0.0293]Epoch 8:  65%|██████▌   | 94/144 [00:02<00:01, 35.66it/s, v_num=73760, train_loss_step=0.0173, val_loss=0.0289, val_acc=0.990, train_loss_epoch=0.0293]Epoch 8:  66%|██████▌   | 95/144 [00:02<00:01, 35.66it/s, v_num=73760, train_loss_step=0.0173, val_loss=0.0289, val_acc=0.990, train_loss_epoch=0.0293]Epoch 8:  66%|██████▌   | 95/144 [00:02<00:01, 35.66it/s, v_num=73760, train_loss_step=0.036, val_loss=0.0289, val_acc=0.990, train_loss_epoch=0.0293] Epoch 8:  67%|██████▋   | 96/144 [00:02<00:01, 35.69it/s, v_num=73760, train_loss_step=0.036, val_loss=0.0289, val_acc=0.990, train_loss_epoch=0.0293]Epoch 8:  67%|██████▋   | 96/144 [00:02<00:01, 35.68it/s, v_num=73760, train_loss_step=0.0112, val_loss=0.0289, val_acc=0.990, train_loss_epoch=0.0293]Epoch 8:  67%|██████▋   | 97/144 [00:02<00:01, 35.73it/s, v_num=73760, train_loss_step=0.0112, val_loss=0.0289, val_acc=0.990, train_loss_epoch=0.0293]Epoch 8:  67%|██████▋   | 97/144 [00:02<00:01, 35.73it/s, v_num=73760, train_loss_step=0.0216, val_loss=0.0289, val_acc=0.990, train_loss_epoch=0.0293]Epoch 8:  68%|██████▊   | 98/144 [00:02<00:01, 35.73it/s, v_num=73760, train_loss_step=0.0216, val_loss=0.0289, val_acc=0.990, train_loss_epoch=0.0293]Epoch 8:  68%|██████▊   | 98/144 [00:02<00:01, 35.73it/s, v_num=73760, train_loss_step=0.0317, val_loss=0.0289, val_acc=0.990, train_loss_epoch=0.0293]Epoch 8:  69%|██████▉   | 99/144 [00:02<00:01, 35.76it/s, v_num=73760, train_loss_step=0.0317, val_loss=0.0289, val_acc=0.990, train_loss_epoch=0.0293]Epoch 8:  69%|██████▉   | 99/144 [00:02<00:01, 35.76it/s, v_num=73760, train_loss_step=0.0311, val_loss=0.0289, val_acc=0.990, train_loss_epoch=0.0293]Epoch 8:  69%|██████▉   | 100/144 [00:02<00:01, 35.81it/s, v_num=73760, train_loss_step=0.0311, val_loss=0.0289, val_acc=0.990, train_loss_epoch=0.0293]Epoch 8:  69%|██████▉   | 100/144 [00:02<00:01, 35.81it/s, v_num=73760, train_loss_step=0.0191, val_loss=0.0289, val_acc=0.990, train_loss_epoch=0.0293]Epoch 8:  70%|███████   | 101/144 [00:02<00:01, 35.85it/s, v_num=73760, train_loss_step=0.0191, val_loss=0.0289, val_acc=0.990, train_loss_epoch=0.0293]Epoch 8:  70%|███████   | 101/144 [00:02<00:01, 35.84it/s, v_num=73760, train_loss_step=0.0111, val_loss=0.0289, val_acc=0.990, train_loss_epoch=0.0293]Epoch 8:  71%|███████   | 102/144 [00:02<00:01, 35.85it/s, v_num=73760, train_loss_step=0.0111, val_loss=0.0289, val_acc=0.990, train_loss_epoch=0.0293]Epoch 8:  71%|███████   | 102/144 [00:02<00:01, 35.85it/s, v_num=73760, train_loss_step=0.00996, val_loss=0.0289, val_acc=0.990, train_loss_epoch=0.0293]Epoch 8:  72%|███████▏  | 103/144 [00:02<00:01, 35.90it/s, v_num=73760, train_loss_step=0.00996, val_loss=0.0289, val_acc=0.990, train_loss_epoch=0.0293]Epoch 8:  72%|███████▏  | 103/144 [00:02<00:01, 35.90it/s, v_num=73760, train_loss_step=0.0199, val_loss=0.0289, val_acc=0.990, train_loss_epoch=0.0293] Epoch 8:  72%|███████▏  | 104/144 [00:02<00:01, 35.95it/s, v_num=73760, train_loss_step=0.0199, val_loss=0.0289, val_acc=0.990, train_loss_epoch=0.0293]Epoch 8:  72%|███████▏  | 104/144 [00:02<00:01, 35.94it/s, v_num=73760, train_loss_step=0.0382, val_loss=0.0289, val_acc=0.990, train_loss_epoch=0.0293]Epoch 8:  73%|███████▎  | 105/144 [00:02<00:01, 35.98it/s, v_num=73760, train_loss_step=0.0382, val_loss=0.0289, val_acc=0.990, train_loss_epoch=0.0293]Epoch 8:  73%|███████▎  | 105/144 [00:02<00:01, 35.98it/s, v_num=73760, train_loss_step=0.0159, val_loss=0.0289, val_acc=0.990, train_loss_epoch=0.0293]Epoch 8:  74%|███████▎  | 106/144 [00:02<00:01, 35.98it/s, v_num=73760, train_loss_step=0.0159, val_loss=0.0289, val_acc=0.990, train_loss_epoch=0.0293]Epoch 8:  74%|███████▎  | 106/144 [00:02<00:01, 35.98it/s, v_num=73760, train_loss_step=0.0199, val_loss=0.0289, val_acc=0.990, train_loss_epoch=0.0293]Epoch 8:  74%|███████▍  | 107/144 [00:02<00:01, 35.97it/s, v_num=73760, train_loss_step=0.0199, val_loss=0.0289, val_acc=0.990, train_loss_epoch=0.0293]Epoch 8:  74%|███████▍  | 107/144 [00:02<00:01, 35.96it/s, v_num=73760, train_loss_step=0.0117, val_loss=0.0289, val_acc=0.990, train_loss_epoch=0.0293]Epoch 8:  75%|███████▌  | 108/144 [00:03<00:01, 35.98it/s, v_num=73760, train_loss_step=0.0117, val_loss=0.0289, val_acc=0.990, train_loss_epoch=0.0293]Epoch 8:  75%|███████▌  | 108/144 [00:03<00:01, 35.98it/s, v_num=73760, train_loss_step=0.022, val_loss=0.0289, val_acc=0.990, train_loss_epoch=0.0293] Epoch 8:  76%|███████▌  | 109/144 [00:03<00:00, 36.00it/s, v_num=73760, train_loss_step=0.022, val_loss=0.0289, val_acc=0.990, train_loss_epoch=0.0293]Epoch 8:  76%|███████▌  | 109/144 [00:03<00:00, 36.00it/s, v_num=73760, train_loss_step=0.0177, val_loss=0.0289, val_acc=0.990, train_loss_epoch=0.0293]Epoch 8:  76%|███████▋  | 110/144 [00:03<00:00, 36.02it/s, v_num=73760, train_loss_step=0.0177, val_loss=0.0289, val_acc=0.990, train_loss_epoch=0.0293]Epoch 8:  76%|███████▋  | 110/144 [00:03<00:00, 36.01it/s, v_num=73760, train_loss_step=0.0138, val_loss=0.0289, val_acc=0.990, train_loss_epoch=0.0293]Epoch 8:  77%|███████▋  | 111/144 [00:03<00:00, 36.00it/s, v_num=73760, train_loss_step=0.0138, val_loss=0.0289, val_acc=0.990, train_loss_epoch=0.0293]Epoch 8:  77%|███████▋  | 111/144 [00:03<00:00, 36.00it/s, v_num=73760, train_loss_step=0.0103, val_loss=0.0289, val_acc=0.990, train_loss_epoch=0.0293]Epoch 8:  78%|███████▊  | 112/144 [00:03<00:00, 36.03it/s, v_num=73760, train_loss_step=0.0103, val_loss=0.0289, val_acc=0.990, train_loss_epoch=0.0293]Epoch 8:  78%|███████▊  | 112/144 [00:03<00:00, 36.02it/s, v_num=73760, train_loss_step=0.00579, val_loss=0.0289, val_acc=0.990, train_loss_epoch=0.0293]Epoch 8:  78%|███████▊  | 113/144 [00:03<00:00, 36.06it/s, v_num=73760, train_loss_step=0.00579, val_loss=0.0289, val_acc=0.990, train_loss_epoch=0.0293]Epoch 8:  78%|███████▊  | 113/144 [00:03<00:00, 36.06it/s, v_num=73760, train_loss_step=0.0165, val_loss=0.0289, val_acc=0.990, train_loss_epoch=0.0293] Epoch 8:  79%|███████▉  | 114/144 [00:03<00:00, 36.08it/s, v_num=73760, train_loss_step=0.0165, val_loss=0.0289, val_acc=0.990, train_loss_epoch=0.0293]Epoch 8:  79%|███████▉  | 114/144 [00:03<00:00, 36.08it/s, v_num=73760, train_loss_step=0.0184, val_loss=0.0289, val_acc=0.990, train_loss_epoch=0.0293]Epoch 8:  80%|███████▉  | 115/144 [00:03<00:00, 36.04it/s, v_num=73760, train_loss_step=0.0184, val_loss=0.0289, val_acc=0.990, train_loss_epoch=0.0293]Epoch 8:  80%|███████▉  | 115/144 [00:03<00:00, 36.03it/s, v_num=73760, train_loss_step=0.0209, val_loss=0.0289, val_acc=0.990, train_loss_epoch=0.0293]Epoch 8:  81%|████████  | 116/144 [00:03<00:00, 36.07it/s, v_num=73760, train_loss_step=0.0209, val_loss=0.0289, val_acc=0.990, train_loss_epoch=0.0293]Epoch 8:  81%|████████  | 116/144 [00:03<00:00, 36.07it/s, v_num=73760, train_loss_step=0.015, val_loss=0.0289, val_acc=0.990, train_loss_epoch=0.0293] Epoch 8:  81%|████████▏ | 117/144 [00:03<00:00, 36.10it/s, v_num=73760, train_loss_step=0.015, val_loss=0.0289, val_acc=0.990, train_loss_epoch=0.0293]Epoch 8:  81%|████████▏ | 117/144 [00:03<00:00, 36.10it/s, v_num=73760, train_loss_step=0.0129, val_loss=0.0289, val_acc=0.990, train_loss_epoch=0.0293]Epoch 8:  82%|████████▏ | 118/144 [00:03<00:00, 36.04it/s, v_num=73760, train_loss_step=0.0129, val_loss=0.0289, val_acc=0.990, train_loss_epoch=0.0293]Epoch 8:  82%|████████▏ | 118/144 [00:03<00:00, 36.04it/s, v_num=73760, train_loss_step=0.00619, val_loss=0.0289, val_acc=0.990, train_loss_epoch=0.0293]Epoch 8:  83%|████████▎ | 119/144 [00:03<00:00, 36.04it/s, v_num=73760, train_loss_step=0.00619, val_loss=0.0289, val_acc=0.990, train_loss_epoch=0.0293]Epoch 8:  83%|████████▎ | 119/144 [00:03<00:00, 36.04it/s, v_num=73760, train_loss_step=0.0129, val_loss=0.0289, val_acc=0.990, train_loss_epoch=0.0293] Epoch 8:  83%|████████▎ | 120/144 [00:03<00:00, 36.07it/s, v_num=73760, train_loss_step=0.0129, val_loss=0.0289, val_acc=0.990, train_loss_epoch=0.0293]Epoch 8:  83%|████████▎ | 120/144 [00:03<00:00, 36.07it/s, v_num=73760, train_loss_step=0.00589, val_loss=0.0289, val_acc=0.990, train_loss_epoch=0.0293]Epoch 8:  84%|████████▍ | 121/144 [00:03<00:00, 36.12it/s, v_num=73760, train_loss_step=0.00589, val_loss=0.0289, val_acc=0.990, train_loss_epoch=0.0293]Epoch 8:  84%|████████▍ | 121/144 [00:03<00:00, 36.12it/s, v_num=73760, train_loss_step=0.00991, val_loss=0.0289, val_acc=0.990, train_loss_epoch=0.0293]Epoch 8:  85%|████████▍ | 122/144 [00:03<00:00, 36.14it/s, v_num=73760, train_loss_step=0.00991, val_loss=0.0289, val_acc=0.990, train_loss_epoch=0.0293]Epoch 8:  85%|████████▍ | 122/144 [00:03<00:00, 36.14it/s, v_num=73760, train_loss_step=0.0225, val_loss=0.0289, val_acc=0.990, train_loss_epoch=0.0293] Epoch 8:  85%|████████▌ | 123/144 [00:03<00:00, 36.13it/s, v_num=73760, train_loss_step=0.0225, val_loss=0.0289, val_acc=0.990, train_loss_epoch=0.0293]Epoch 8:  85%|████████▌ | 123/144 [00:03<00:00, 36.13it/s, v_num=73760, train_loss_step=0.021, val_loss=0.0289, val_acc=0.990, train_loss_epoch=0.0293] Epoch 8:  86%|████████▌ | 124/144 [00:03<00:00, 36.15it/s, v_num=73760, train_loss_step=0.021, val_loss=0.0289, val_acc=0.990, train_loss_epoch=0.0293]Epoch 8:  86%|████████▌ | 124/144 [00:03<00:00, 36.15it/s, v_num=73760, train_loss_step=0.0131, val_loss=0.0289, val_acc=0.990, train_loss_epoch=0.0293]Epoch 8:  87%|████████▋ | 125/144 [00:03<00:00, 36.18it/s, v_num=73760, train_loss_step=0.0131, val_loss=0.0289, val_acc=0.990, train_loss_epoch=0.0293]Epoch 8:  87%|████████▋ | 125/144 [00:03<00:00, 36.18it/s, v_num=73760, train_loss_step=0.0171, val_loss=0.0289, val_acc=0.990, train_loss_epoch=0.0293]Epoch 8:  88%|████████▊ | 126/144 [00:03<00:00, 36.20it/s, v_num=73760, train_loss_step=0.0171, val_loss=0.0289, val_acc=0.990, train_loss_epoch=0.0293]Epoch 8:  88%|████████▊ | 126/144 [00:03<00:00, 36.20it/s, v_num=73760, train_loss_step=0.0382, val_loss=0.0289, val_acc=0.990, train_loss_epoch=0.0293]Epoch 8:  88%|████████▊ | 127/144 [00:03<00:00, 36.09it/s, v_num=73760, train_loss_step=0.0382, val_loss=0.0289, val_acc=0.990, train_loss_epoch=0.0293]Epoch 8:  88%|████████▊ | 127/144 [00:03<00:00, 36.09it/s, v_num=73760, train_loss_step=0.0147, val_loss=0.0289, val_acc=0.990, train_loss_epoch=0.0293]Epoch 8:  89%|████████▉ | 128/144 [00:03<00:00, 36.05it/s, v_num=73760, train_loss_step=0.0147, val_loss=0.0289, val_acc=0.990, train_loss_epoch=0.0293]Epoch 8:  89%|████████▉ | 128/144 [00:03<00:00, 36.05it/s, v_num=73760, train_loss_step=0.0447, val_loss=0.0289, val_acc=0.990, train_loss_epoch=0.0293]Epoch 8:  90%|████████▉ | 129/144 [00:03<00:00, 36.07it/s, v_num=73760, train_loss_step=0.0447, val_loss=0.0289, val_acc=0.990, train_loss_epoch=0.0293]Epoch 8:  90%|████████▉ | 129/144 [00:03<00:00, 36.07it/s, v_num=73760, train_loss_step=0.012, val_loss=0.0289, val_acc=0.990, train_loss_epoch=0.0293] Epoch 8:  90%|█████████ | 130/144 [00:03<00:00, 36.09it/s, v_num=73760, train_loss_step=0.012, val_loss=0.0289, val_acc=0.990, train_loss_epoch=0.0293]Epoch 8:  90%|█████████ | 130/144 [00:03<00:00, 36.09it/s, v_num=73760, train_loss_step=0.0365, val_loss=0.0289, val_acc=0.990, train_loss_epoch=0.0293]Epoch 8:  91%|█████████ | 131/144 [00:03<00:00, 36.06it/s, v_num=73760, train_loss_step=0.0365, val_loss=0.0289, val_acc=0.990, train_loss_epoch=0.0293]Epoch 8:  91%|█████████ | 131/144 [00:03<00:00, 36.06it/s, v_num=73760, train_loss_step=0.0197, val_loss=0.0289, val_acc=0.990, train_loss_epoch=0.0293]Epoch 8:  92%|█████████▏| 132/144 [00:03<00:00, 36.08it/s, v_num=73760, train_loss_step=0.0197, val_loss=0.0289, val_acc=0.990, train_loss_epoch=0.0293]Epoch 8:  92%|█████████▏| 132/144 [00:03<00:00, 36.08it/s, v_num=73760, train_loss_step=0.024, val_loss=0.0289, val_acc=0.990, train_loss_epoch=0.0293] Epoch 8:  92%|█████████▏| 133/144 [00:03<00:00, 36.11it/s, v_num=73760, train_loss_step=0.024, val_loss=0.0289, val_acc=0.990, train_loss_epoch=0.0293]Epoch 8:  92%|█████████▏| 133/144 [00:03<00:00, 36.11it/s, v_num=73760, train_loss_step=0.034, val_loss=0.0289, val_acc=0.990, train_loss_epoch=0.0293]Epoch 8:  93%|█████████▎| 134/144 [00:03<00:00, 36.13it/s, v_num=73760, train_loss_step=0.034, val_loss=0.0289, val_acc=0.990, train_loss_epoch=0.0293]Epoch 8:  93%|█████████▎| 134/144 [00:03<00:00, 36.13it/s, v_num=73760, train_loss_step=0.00612, val_loss=0.0289, val_acc=0.990, train_loss_epoch=0.0293]Epoch 8:  94%|█████████▍| 135/144 [00:03<00:00, 36.07it/s, v_num=73760, train_loss_step=0.00612, val_loss=0.0289, val_acc=0.990, train_loss_epoch=0.0293]Epoch 8:  94%|█████████▍| 135/144 [00:03<00:00, 36.07it/s, v_num=73760, train_loss_step=0.0449, val_loss=0.0289, val_acc=0.990, train_loss_epoch=0.0293] Epoch 8:  94%|█████████▍| 136/144 [00:03<00:00, 36.01it/s, v_num=73760, train_loss_step=0.0449, val_loss=0.0289, val_acc=0.990, train_loss_epoch=0.0293]Epoch 8:  94%|█████████▍| 136/144 [00:03<00:00, 36.01it/s, v_num=73760, train_loss_step=0.024, val_loss=0.0289, val_acc=0.990, train_loss_epoch=0.0293] Epoch 8:  95%|█████████▌| 137/144 [00:03<00:00, 36.03it/s, v_num=73760, train_loss_step=0.024, val_loss=0.0289, val_acc=0.990, train_loss_epoch=0.0293]Epoch 8:  95%|█████████▌| 137/144 [00:03<00:00, 36.03it/s, v_num=73760, train_loss_step=0.0145, val_loss=0.0289, val_acc=0.990, train_loss_epoch=0.0293]Epoch 8:  96%|█████████▌| 138/144 [00:03<00:00, 36.01it/s, v_num=73760, train_loss_step=0.0145, val_loss=0.0289, val_acc=0.990, train_loss_epoch=0.0293]Epoch 8:  96%|█████████▌| 138/144 [00:03<00:00, 36.01it/s, v_num=73760, train_loss_step=0.0203, val_loss=0.0289, val_acc=0.990, train_loss_epoch=0.0293]Epoch 8:  97%|█████████▋| 139/144 [00:03<00:00, 36.03it/s, v_num=73760, train_loss_step=0.0203, val_loss=0.0289, val_acc=0.990, train_loss_epoch=0.0293]Epoch 8:  97%|█████████▋| 139/144 [00:03<00:00, 36.03it/s, v_num=73760, train_loss_step=0.0332, val_loss=0.0289, val_acc=0.990, train_loss_epoch=0.0293]Epoch 8:  97%|█████████▋| 140/144 [00:03<00:00, 36.06it/s, v_num=73760, train_loss_step=0.0332, val_loss=0.0289, val_acc=0.990, train_loss_epoch=0.0293]Epoch 8:  97%|█████████▋| 140/144 [00:03<00:00, 36.06it/s, v_num=73760, train_loss_step=0.0202, val_loss=0.0289, val_acc=0.990, train_loss_epoch=0.0293]Epoch 8:  98%|█████████▊| 141/144 [00:03<00:00, 36.09it/s, v_num=73760, train_loss_step=0.0202, val_loss=0.0289, val_acc=0.990, train_loss_epoch=0.0293]Epoch 8:  98%|█████████▊| 141/144 [00:03<00:00, 36.09it/s, v_num=73760, train_loss_step=0.0326, val_loss=0.0289, val_acc=0.990, train_loss_epoch=0.0293]Epoch 8:  99%|█████████▊| 142/144 [00:03<00:00, 36.06it/s, v_num=73760, train_loss_step=0.0326, val_loss=0.0289, val_acc=0.990, train_loss_epoch=0.0293]Epoch 8:  99%|█████████▊| 142/144 [00:03<00:00, 36.06it/s, v_num=73760, train_loss_step=0.0418, val_loss=0.0289, val_acc=0.990, train_loss_epoch=0.0293]Epoch 8:  99%|█████████▉| 143/144 [00:03<00:00, 36.09it/s, v_num=73760, train_loss_step=0.0418, val_loss=0.0289, val_acc=0.990, train_loss_epoch=0.0293]Epoch 8:  99%|█████████▉| 143/144 [00:03<00:00, 36.09it/s, v_num=73760, train_loss_step=0.0149, val_loss=0.0289, val_acc=0.990, train_loss_epoch=0.0293]Epoch 8: 100%|██████████| 144/144 [00:03<00:00, 36.09it/s, v_num=73760, train_loss_step=0.0149, val_loss=0.0289, val_acc=0.990, train_loss_epoch=0.0293]Epoch 8: 100%|██████████| 144/144 [00:03<00:00, 36.09it/s, v_num=73760, train_loss_step=0.048, val_loss=0.0289, val_acc=0.990, train_loss_epoch=0.0293] 
Validation: |          | 0/? [00:00<?, ?it/s][A
Validation:   0%|          | 0/14 [00:00<?, ?it/s][A
Validation DataLoader 0:   0%|          | 0/14 [00:00<?, ?it/s][A
Validation DataLoader 0:   7%|▋         | 1/14 [00:00<00:00, 135.07it/s][A
Validation DataLoader 0:  14%|█▍        | 2/14 [00:00<00:00, 98.21it/s] [A
Validation DataLoader 0:  21%|██▏       | 3/14 [00:00<00:00, 83.21it/s][A
Validation DataLoader 0:  29%|██▊       | 4/14 [00:00<00:00, 86.19it/s][A
Validation DataLoader 0:  36%|███▌      | 5/14 [00:00<00:00, 87.76it/s][A
Validation DataLoader 0:  43%|████▎     | 6/14 [00:00<00:00, 88.66it/s][A
Validation DataLoader 0:  50%|█████     | 7/14 [00:00<00:00, 89.45it/s][A
Validation DataLoader 0:  57%|█████▋    | 8/14 [00:00<00:00, 90.02it/s][A
Validation DataLoader 0:  64%|██████▍   | 9/14 [00:00<00:00, 90.51it/s][A
Validation DataLoader 0:  71%|███████▏  | 10/14 [00:00<00:00, 91.06it/s][A
Validation DataLoader 0:  79%|███████▊  | 11/14 [00:00<00:00, 90.32it/s][A
Validation DataLoader 0:  86%|████████▌ | 12/14 [00:00<00:00, 90.70it/s][A
Validation DataLoader 0:  93%|█████████▎| 13/14 [00:00<00:00, 88.56it/s][A
Validation DataLoader 0: 100%|██████████| 14/14 [00:00<00:00, 86.97it/s][A
                                                                        [AEpoch 8: 100%|██████████| 144/144 [00:04<00:00, 34.48it/s, v_num=73760, train_loss_step=0.048, val_loss=0.0387, val_acc=0.988, train_loss_epoch=0.0293]Epoch 8: 100%|██████████| 144/144 [00:04<00:00, 34.47it/s, v_num=73760, train_loss_step=0.048, val_loss=0.0387, val_acc=0.988, train_loss_epoch=0.0248]Epoch 8:   0%|          | 0/144 [00:00<?, ?it/s, v_num=73760, train_loss_step=0.048, val_loss=0.0387, val_acc=0.988, train_loss_epoch=0.0248]          Epoch 9:   0%|          | 0/144 [00:00<?, ?it/s, v_num=73760, train_loss_step=0.048, val_loss=0.0387, val_acc=0.988, train_loss_epoch=0.0248]Epoch 9:   1%|          | 1/144 [00:00<00:12, 11.80it/s, v_num=73760, train_loss_step=0.048, val_loss=0.0387, val_acc=0.988, train_loss_epoch=0.0248]Epoch 9:   1%|          | 1/144 [00:00<00:12, 11.78it/s, v_num=73760, train_loss_step=0.0453, val_loss=0.0387, val_acc=0.988, train_loss_epoch=0.0248]Epoch 9:   1%|▏         | 2/144 [00:00<00:07, 18.19it/s, v_num=73760, train_loss_step=0.0453, val_loss=0.0387, val_acc=0.988, train_loss_epoch=0.0248]Epoch 9:   1%|▏         | 2/144 [00:00<00:07, 18.17it/s, v_num=73760, train_loss_step=0.0469, val_loss=0.0387, val_acc=0.988, train_loss_epoch=0.0248]Epoch 9:   2%|▏         | 3/144 [00:00<00:06, 21.42it/s, v_num=73760, train_loss_step=0.0469, val_loss=0.0387, val_acc=0.988, train_loss_epoch=0.0248]Epoch 9:   2%|▏         | 3/144 [00:00<00:06, 21.39it/s, v_num=73760, train_loss_step=0.0321, val_loss=0.0387, val_acc=0.988, train_loss_epoch=0.0248]Epoch 9:   3%|▎         | 4/144 [00:00<00:05, 23.81it/s, v_num=73760, train_loss_step=0.0321, val_loss=0.0387, val_acc=0.988, train_loss_epoch=0.0248]Epoch 9:   3%|▎         | 4/144 [00:00<00:05, 23.78it/s, v_num=73760, train_loss_step=0.0149, val_loss=0.0387, val_acc=0.988, train_loss_epoch=0.0248]Epoch 9:   3%|▎         | 5/144 [00:00<00:05, 25.84it/s, v_num=73760, train_loss_step=0.0149, val_loss=0.0387, val_acc=0.988, train_loss_epoch=0.0248]Epoch 9:   3%|▎         | 5/144 [00:00<00:05, 25.81it/s, v_num=73760, train_loss_step=0.0299, val_loss=0.0387, val_acc=0.988, train_loss_epoch=0.0248]Epoch 9:   4%|▍         | 6/144 [00:00<00:05, 27.25it/s, v_num=73760, train_loss_step=0.0299, val_loss=0.0387, val_acc=0.988, train_loss_epoch=0.0248]Epoch 9:   4%|▍         | 6/144 [00:00<00:05, 27.23it/s, v_num=73760, train_loss_step=0.00754, val_loss=0.0387, val_acc=0.988, train_loss_epoch=0.0248]Epoch 9:   5%|▍         | 7/144 [00:00<00:04, 27.97it/s, v_num=73760, train_loss_step=0.00754, val_loss=0.0387, val_acc=0.988, train_loss_epoch=0.0248]Epoch 9:   5%|▍         | 7/144 [00:00<00:04, 27.95it/s, v_num=73760, train_loss_step=0.0363, val_loss=0.0387, val_acc=0.988, train_loss_epoch=0.0248] Epoch 9:   6%|▌         | 8/144 [00:00<00:04, 28.88it/s, v_num=73760, train_loss_step=0.0363, val_loss=0.0387, val_acc=0.988, train_loss_epoch=0.0248]Epoch 9:   6%|▌         | 8/144 [00:00<00:04, 28.87it/s, v_num=73760, train_loss_step=0.0266, val_loss=0.0387, val_acc=0.988, train_loss_epoch=0.0248]Epoch 9:   6%|▋         | 9/144 [00:00<00:04, 29.72it/s, v_num=73760, train_loss_step=0.0266, val_loss=0.0387, val_acc=0.988, train_loss_epoch=0.0248]Epoch 9:   6%|▋         | 9/144 [00:00<00:04, 29.70it/s, v_num=73760, train_loss_step=0.0115, val_loss=0.0387, val_acc=0.988, train_loss_epoch=0.0248]Epoch 9:   7%|▋         | 10/144 [00:00<00:04, 30.37it/s, v_num=73760, train_loss_step=0.0115, val_loss=0.0387, val_acc=0.988, train_loss_epoch=0.0248]Epoch 9:   7%|▋         | 10/144 [00:00<00:04, 30.36it/s, v_num=73760, train_loss_step=0.00691, val_loss=0.0387, val_acc=0.988, train_loss_epoch=0.0248]Epoch 9:   8%|▊         | 11/144 [00:00<00:04, 30.58it/s, v_num=73760, train_loss_step=0.00691, val_loss=0.0387, val_acc=0.988, train_loss_epoch=0.0248]Epoch 9:   8%|▊         | 11/144 [00:00<00:04, 30.57it/s, v_num=73760, train_loss_step=0.0531, val_loss=0.0387, val_acc=0.988, train_loss_epoch=0.0248] Epoch 9:   8%|▊         | 12/144 [00:00<00:04, 30.98it/s, v_num=73760, train_loss_step=0.0531, val_loss=0.0387, val_acc=0.988, train_loss_epoch=0.0248]Epoch 9:   8%|▊         | 12/144 [00:00<00:04, 30.96it/s, v_num=73760, train_loss_step=0.0324, val_loss=0.0387, val_acc=0.988, train_loss_epoch=0.0248]Epoch 9:   9%|▉         | 13/144 [00:00<00:04, 31.33it/s, v_num=73760, train_loss_step=0.0324, val_loss=0.0387, val_acc=0.988, train_loss_epoch=0.0248]Epoch 9:   9%|▉         | 13/144 [00:00<00:04, 31.32it/s, v_num=73760, train_loss_step=0.0309, val_loss=0.0387, val_acc=0.988, train_loss_epoch=0.0248]Epoch 9:  10%|▉         | 14/144 [00:00<00:04, 31.72it/s, v_num=73760, train_loss_step=0.0309, val_loss=0.0387, val_acc=0.988, train_loss_epoch=0.0248]Epoch 9:  10%|▉         | 14/144 [00:00<00:04, 31.71it/s, v_num=73760, train_loss_step=0.0236, val_loss=0.0387, val_acc=0.988, train_loss_epoch=0.0248]Epoch 9:  10%|█         | 15/144 [00:00<00:04, 31.94it/s, v_num=73760, train_loss_step=0.0236, val_loss=0.0387, val_acc=0.988, train_loss_epoch=0.0248]Epoch 9:  10%|█         | 15/144 [00:00<00:04, 31.93it/s, v_num=73760, train_loss_step=0.0234, val_loss=0.0387, val_acc=0.988, train_loss_epoch=0.0248]Epoch 9:  11%|█         | 16/144 [00:00<00:03, 32.29it/s, v_num=73760, train_loss_step=0.0234, val_loss=0.0387, val_acc=0.988, train_loss_epoch=0.0248]Epoch 9:  11%|█         | 16/144 [00:00<00:03, 32.28it/s, v_num=73760, train_loss_step=0.0558, val_loss=0.0387, val_acc=0.988, train_loss_epoch=0.0248]Epoch 9:  12%|█▏        | 17/144 [00:00<00:03, 32.61it/s, v_num=73760, train_loss_step=0.0558, val_loss=0.0387, val_acc=0.988, train_loss_epoch=0.0248]Epoch 9:  12%|█▏        | 17/144 [00:00<00:03, 32.60it/s, v_num=73760, train_loss_step=0.0265, val_loss=0.0387, val_acc=0.988, train_loss_epoch=0.0248]Epoch 9:  12%|█▎        | 18/144 [00:00<00:03, 32.91it/s, v_num=73760, train_loss_step=0.0265, val_loss=0.0387, val_acc=0.988, train_loss_epoch=0.0248]Epoch 9:  12%|█▎        | 18/144 [00:00<00:03, 32.90it/s, v_num=73760, train_loss_step=0.0118, val_loss=0.0387, val_acc=0.988, train_loss_epoch=0.0248]Epoch 9:  13%|█▎        | 19/144 [00:00<00:03, 32.96it/s, v_num=73760, train_loss_step=0.0118, val_loss=0.0387, val_acc=0.988, train_loss_epoch=0.0248]Epoch 9:  13%|█▎        | 19/144 [00:00<00:03, 32.95it/s, v_num=73760, train_loss_step=0.0808, val_loss=0.0387, val_acc=0.988, train_loss_epoch=0.0248]Epoch 9:  14%|█▍        | 20/144 [00:00<00:03, 33.20it/s, v_num=73760, train_loss_step=0.0808, val_loss=0.0387, val_acc=0.988, train_loss_epoch=0.0248]Epoch 9:  14%|█▍        | 20/144 [00:00<00:03, 33.19it/s, v_num=73760, train_loss_step=0.012, val_loss=0.0387, val_acc=0.988, train_loss_epoch=0.0248] Epoch 9:  15%|█▍        | 21/144 [00:00<00:03, 33.32it/s, v_num=73760, train_loss_step=0.012, val_loss=0.0387, val_acc=0.988, train_loss_epoch=0.0248]Epoch 9:  15%|█▍        | 21/144 [00:00<00:03, 33.31it/s, v_num=73760, train_loss_step=0.0168, val_loss=0.0387, val_acc=0.988, train_loss_epoch=0.0248]Epoch 9:  15%|█▌        | 22/144 [00:00<00:03, 33.51it/s, v_num=73760, train_loss_step=0.0168, val_loss=0.0387, val_acc=0.988, train_loss_epoch=0.0248]Epoch 9:  15%|█▌        | 22/144 [00:00<00:03, 33.50it/s, v_num=73760, train_loss_step=0.027, val_loss=0.0387, val_acc=0.988, train_loss_epoch=0.0248] Epoch 9:  16%|█▌        | 23/144 [00:00<00:03, 33.49it/s, v_num=73760, train_loss_step=0.027, val_loss=0.0387, val_acc=0.988, train_loss_epoch=0.0248]Epoch 9:  16%|█▌        | 23/144 [00:00<00:03, 33.49it/s, v_num=73760, train_loss_step=0.0394, val_loss=0.0387, val_acc=0.988, train_loss_epoch=0.0248]Epoch 9:  17%|█▋        | 24/144 [00:00<00:03, 33.70it/s, v_num=73760, train_loss_step=0.0394, val_loss=0.0387, val_acc=0.988, train_loss_epoch=0.0248]Epoch 9:  17%|█▋        | 24/144 [00:00<00:03, 33.70it/s, v_num=73760, train_loss_step=0.0202, val_loss=0.0387, val_acc=0.988, train_loss_epoch=0.0248]Epoch 9:  17%|█▋        | 25/144 [00:00<00:03, 33.88it/s, v_num=73760, train_loss_step=0.0202, val_loss=0.0387, val_acc=0.988, train_loss_epoch=0.0248]Epoch 9:  17%|█▋        | 25/144 [00:00<00:03, 33.87it/s, v_num=73760, train_loss_step=0.0324, val_loss=0.0387, val_acc=0.988, train_loss_epoch=0.0248]Epoch 9:  18%|█▊        | 26/144 [00:00<00:03, 34.02it/s, v_num=73760, train_loss_step=0.0324, val_loss=0.0387, val_acc=0.988, train_loss_epoch=0.0248]Epoch 9:  18%|█▊        | 26/144 [00:00<00:03, 34.01it/s, v_num=73760, train_loss_step=0.0296, val_loss=0.0387, val_acc=0.988, train_loss_epoch=0.0248]Epoch 9:  19%|█▉        | 27/144 [00:00<00:03, 33.96it/s, v_num=73760, train_loss_step=0.0296, val_loss=0.0387, val_acc=0.988, train_loss_epoch=0.0248]Epoch 9:  19%|█▉        | 27/144 [00:00<00:03, 33.96it/s, v_num=73760, train_loss_step=0.0205, val_loss=0.0387, val_acc=0.988, train_loss_epoch=0.0248]Epoch 9:  19%|█▉        | 28/144 [00:00<00:03, 34.01it/s, v_num=73760, train_loss_step=0.0205, val_loss=0.0387, val_acc=0.988, train_loss_epoch=0.0248]Epoch 9:  19%|█▉        | 28/144 [00:00<00:03, 34.00it/s, v_num=73760, train_loss_step=0.0159, val_loss=0.0387, val_acc=0.988, train_loss_epoch=0.0248]Epoch 9:  20%|██        | 29/144 [00:00<00:03, 34.13it/s, v_num=73760, train_loss_step=0.0159, val_loss=0.0387, val_acc=0.988, train_loss_epoch=0.0248]Epoch 9:  20%|██        | 29/144 [00:00<00:03, 34.13it/s, v_num=73760, train_loss_step=0.0102, val_loss=0.0387, val_acc=0.988, train_loss_epoch=0.0248]Epoch 9:  21%|██        | 30/144 [00:00<00:03, 34.25it/s, v_num=73760, train_loss_step=0.0102, val_loss=0.0387, val_acc=0.988, train_loss_epoch=0.0248]Epoch 9:  21%|██        | 30/144 [00:00<00:03, 34.25it/s, v_num=73760, train_loss_step=0.0228, val_loss=0.0387, val_acc=0.988, train_loss_epoch=0.0248]Epoch 9:  22%|██▏       | 31/144 [00:00<00:03, 34.26it/s, v_num=73760, train_loss_step=0.0228, val_loss=0.0387, val_acc=0.988, train_loss_epoch=0.0248]Epoch 9:  22%|██▏       | 31/144 [00:00<00:03, 34.25it/s, v_num=73760, train_loss_step=0.00704, val_loss=0.0387, val_acc=0.988, train_loss_epoch=0.0248]Epoch 9:  22%|██▏       | 32/144 [00:00<00:03, 34.37it/s, v_num=73760, train_loss_step=0.00704, val_loss=0.0387, val_acc=0.988, train_loss_epoch=0.0248]Epoch 9:  22%|██▏       | 32/144 [00:00<00:03, 34.36it/s, v_num=73760, train_loss_step=0.0147, val_loss=0.0387, val_acc=0.988, train_loss_epoch=0.0248] Epoch 9:  23%|██▎       | 33/144 [00:00<00:03, 34.49it/s, v_num=73760, train_loss_step=0.0147, val_loss=0.0387, val_acc=0.988, train_loss_epoch=0.0248]Epoch 9:  23%|██▎       | 33/144 [00:00<00:03, 34.49it/s, v_num=73760, train_loss_step=0.020, val_loss=0.0387, val_acc=0.988, train_loss_epoch=0.0248] Epoch 9:  24%|██▎       | 34/144 [00:00<00:03, 34.57it/s, v_num=73760, train_loss_step=0.020, val_loss=0.0387, val_acc=0.988, train_loss_epoch=0.0248]Epoch 9:  24%|██▎       | 34/144 [00:00<00:03, 34.57it/s, v_num=73760, train_loss_step=0.0277, val_loss=0.0387, val_acc=0.988, train_loss_epoch=0.0248]Epoch 9:  24%|██▍       | 35/144 [00:01<00:03, 34.56it/s, v_num=73760, train_loss_step=0.0277, val_loss=0.0387, val_acc=0.988, train_loss_epoch=0.0248]Epoch 9:  24%|██▍       | 35/144 [00:01<00:03, 34.55it/s, v_num=73760, train_loss_step=0.0124, val_loss=0.0387, val_acc=0.988, train_loss_epoch=0.0248]Epoch 9:  25%|██▌       | 36/144 [00:01<00:03, 34.61it/s, v_num=73760, train_loss_step=0.0124, val_loss=0.0387, val_acc=0.988, train_loss_epoch=0.0248]Epoch 9:  25%|██▌       | 36/144 [00:01<00:03, 34.61it/s, v_num=73760, train_loss_step=0.0067, val_loss=0.0387, val_acc=0.988, train_loss_epoch=0.0248]Epoch 9:  26%|██▌       | 37/144 [00:01<00:03, 34.74it/s, v_num=73760, train_loss_step=0.0067, val_loss=0.0387, val_acc=0.988, train_loss_epoch=0.0248]Epoch 9:  26%|██▌       | 37/144 [00:01<00:03, 34.73it/s, v_num=73760, train_loss_step=0.0173, val_loss=0.0387, val_acc=0.988, train_loss_epoch=0.0248]Epoch 9:  26%|██▋       | 38/144 [00:01<00:03, 34.83it/s, v_num=73760, train_loss_step=0.0173, val_loss=0.0387, val_acc=0.988, train_loss_epoch=0.0248]Epoch 9:  26%|██▋       | 38/144 [00:01<00:03, 34.83it/s, v_num=73760, train_loss_step=0.0342, val_loss=0.0387, val_acc=0.988, train_loss_epoch=0.0248]Epoch 9:  27%|██▋       | 39/144 [00:01<00:03, 34.79it/s, v_num=73760, train_loss_step=0.0342, val_loss=0.0387, val_acc=0.988, train_loss_epoch=0.0248]Epoch 9:  27%|██▋       | 39/144 [00:01<00:03, 34.79it/s, v_num=73760, train_loss_step=0.0261, val_loss=0.0387, val_acc=0.988, train_loss_epoch=0.0248]Epoch 9:  28%|██▊       | 40/144 [00:01<00:02, 34.82it/s, v_num=73760, train_loss_step=0.0261, val_loss=0.0387, val_acc=0.988, train_loss_epoch=0.0248]Epoch 9:  28%|██▊       | 40/144 [00:01<00:02, 34.81it/s, v_num=73760, train_loss_step=0.0138, val_loss=0.0387, val_acc=0.988, train_loss_epoch=0.0248]Epoch 9:  28%|██▊       | 41/144 [00:01<00:02, 34.88it/s, v_num=73760, train_loss_step=0.0138, val_loss=0.0387, val_acc=0.988, train_loss_epoch=0.0248]Epoch 9:  28%|██▊       | 41/144 [00:01<00:02, 34.88it/s, v_num=73760, train_loss_step=0.0322, val_loss=0.0387, val_acc=0.988, train_loss_epoch=0.0248]Epoch 9:  29%|██▉       | 42/144 [00:01<00:02, 34.99it/s, v_num=73760, train_loss_step=0.0322, val_loss=0.0387, val_acc=0.988, train_loss_epoch=0.0248]Epoch 9:  29%|██▉       | 42/144 [00:01<00:02, 34.99it/s, v_num=73760, train_loss_step=0.0692, val_loss=0.0387, val_acc=0.988, train_loss_epoch=0.0248]Epoch 9:  30%|██▉       | 43/144 [00:01<00:02, 34.95it/s, v_num=73760, train_loss_step=0.0692, val_loss=0.0387, val_acc=0.988, train_loss_epoch=0.0248]Epoch 9:  30%|██▉       | 43/144 [00:01<00:02, 34.95it/s, v_num=73760, train_loss_step=0.0296, val_loss=0.0387, val_acc=0.988, train_loss_epoch=0.0248]Epoch 9:  31%|███       | 44/144 [00:01<00:02, 35.02it/s, v_num=73760, train_loss_step=0.0296, val_loss=0.0387, val_acc=0.988, train_loss_epoch=0.0248]Epoch 9:  31%|███       | 44/144 [00:01<00:02, 35.01it/s, v_num=73760, train_loss_step=0.00548, val_loss=0.0387, val_acc=0.988, train_loss_epoch=0.0248]Epoch 9:  31%|███▏      | 45/144 [00:01<00:02, 35.10it/s, v_num=73760, train_loss_step=0.00548, val_loss=0.0387, val_acc=0.988, train_loss_epoch=0.0248]Epoch 9:  31%|███▏      | 45/144 [00:01<00:02, 35.10it/s, v_num=73760, train_loss_step=0.00753, val_loss=0.0387, val_acc=0.988, train_loss_epoch=0.0248]Epoch 9:  32%|███▏      | 46/144 [00:01<00:02, 35.17it/s, v_num=73760, train_loss_step=0.00753, val_loss=0.0387, val_acc=0.988, train_loss_epoch=0.0248]Epoch 9:  32%|███▏      | 46/144 [00:01<00:02, 35.17it/s, v_num=73760, train_loss_step=0.0289, val_loss=0.0387, val_acc=0.988, train_loss_epoch=0.0248] Epoch 9:  33%|███▎      | 47/144 [00:01<00:02, 35.15it/s, v_num=73760, train_loss_step=0.0289, val_loss=0.0387, val_acc=0.988, train_loss_epoch=0.0248]Epoch 9:  33%|███▎      | 47/144 [00:01<00:02, 35.14it/s, v_num=73760, train_loss_step=0.00682, val_loss=0.0387, val_acc=0.988, train_loss_epoch=0.0248]Epoch 9:  33%|███▎      | 48/144 [00:01<00:02, 35.22it/s, v_num=73760, train_loss_step=0.00682, val_loss=0.0387, val_acc=0.988, train_loss_epoch=0.0248]Epoch 9:  33%|███▎      | 48/144 [00:01<00:02, 35.21it/s, v_num=73760, train_loss_step=0.0344, val_loss=0.0387, val_acc=0.988, train_loss_epoch=0.0248] Epoch 9:  34%|███▍      | 49/144 [00:01<00:02, 35.27it/s, v_num=73760, train_loss_step=0.0344, val_loss=0.0387, val_acc=0.988, train_loss_epoch=0.0248]Epoch 9:  34%|███▍      | 49/144 [00:01<00:02, 35.27it/s, v_num=73760, train_loss_step=0.0177, val_loss=0.0387, val_acc=0.988, train_loss_epoch=0.0248]Epoch 9:  35%|███▍      | 50/144 [00:01<00:02, 35.34it/s, v_num=73760, train_loss_step=0.0177, val_loss=0.0387, val_acc=0.988, train_loss_epoch=0.0248]Epoch 9:  35%|███▍      | 50/144 [00:01<00:02, 35.34it/s, v_num=73760, train_loss_step=0.0036, val_loss=0.0387, val_acc=0.988, train_loss_epoch=0.0248]Epoch 9:  35%|███▌      | 51/144 [00:01<00:02, 35.28it/s, v_num=73760, train_loss_step=0.0036, val_loss=0.0387, val_acc=0.988, train_loss_epoch=0.0248]Epoch 9:  35%|███▌      | 51/144 [00:01<00:02, 35.27it/s, v_num=73760, train_loss_step=0.0354, val_loss=0.0387, val_acc=0.988, train_loss_epoch=0.0248]Epoch 9:  36%|███▌      | 52/144 [00:01<00:02, 35.30it/s, v_num=73760, train_loss_step=0.0354, val_loss=0.0387, val_acc=0.988, train_loss_epoch=0.0248]Epoch 9:  36%|███▌      | 52/144 [00:01<00:02, 35.29it/s, v_num=73760, train_loss_step=0.0221, val_loss=0.0387, val_acc=0.988, train_loss_epoch=0.0248]Epoch 9:  37%|███▋      | 53/144 [00:01<00:02, 35.30it/s, v_num=73760, train_loss_step=0.0221, val_loss=0.0387, val_acc=0.988, train_loss_epoch=0.0248]Epoch 9:  37%|███▋      | 53/144 [00:01<00:02, 35.30it/s, v_num=73760, train_loss_step=0.0436, val_loss=0.0387, val_acc=0.988, train_loss_epoch=0.0248]Epoch 9:  38%|███▊      | 54/144 [00:01<00:02, 35.33it/s, v_num=73760, train_loss_step=0.0436, val_loss=0.0387, val_acc=0.988, train_loss_epoch=0.0248]Epoch 9:  38%|███▊      | 54/144 [00:01<00:02, 35.33it/s, v_num=73760, train_loss_step=0.00965, val_loss=0.0387, val_acc=0.988, train_loss_epoch=0.0248]Epoch 9:  38%|███▊      | 55/144 [00:01<00:02, 35.27it/s, v_num=73760, train_loss_step=0.00965, val_loss=0.0387, val_acc=0.988, train_loss_epoch=0.0248]Epoch 9:  38%|███▊      | 55/144 [00:01<00:02, 35.27it/s, v_num=73760, train_loss_step=0.0125, val_loss=0.0387, val_acc=0.988, train_loss_epoch=0.0248] Epoch 9:  39%|███▉      | 56/144 [00:01<00:02, 35.32it/s, v_num=73760, train_loss_step=0.0125, val_loss=0.0387, val_acc=0.988, train_loss_epoch=0.0248]Epoch 9:  39%|███▉      | 56/144 [00:01<00:02, 35.32it/s, v_num=73760, train_loss_step=0.0103, val_loss=0.0387, val_acc=0.988, train_loss_epoch=0.0248]Epoch 9:  40%|███▉      | 57/144 [00:01<00:02, 35.34it/s, v_num=73760, train_loss_step=0.0103, val_loss=0.0387, val_acc=0.988, train_loss_epoch=0.0248]Epoch 9:  40%|███▉      | 57/144 [00:01<00:02, 35.34it/s, v_num=73760, train_loss_step=0.0122, val_loss=0.0387, val_acc=0.988, train_loss_epoch=0.0248]Epoch 9:  40%|████      | 58/144 [00:01<00:02, 35.35it/s, v_num=73760, train_loss_step=0.0122, val_loss=0.0387, val_acc=0.988, train_loss_epoch=0.0248]Epoch 9:  40%|████      | 58/144 [00:01<00:02, 35.35it/s, v_num=73760, train_loss_step=0.0118, val_loss=0.0387, val_acc=0.988, train_loss_epoch=0.0248]Epoch 9:  41%|████      | 59/144 [00:01<00:02, 35.31it/s, v_num=73760, train_loss_step=0.0118, val_loss=0.0387, val_acc=0.988, train_loss_epoch=0.0248]Epoch 9:  41%|████      | 59/144 [00:01<00:02, 35.31it/s, v_num=73760, train_loss_step=0.0146, val_loss=0.0387, val_acc=0.988, train_loss_epoch=0.0248]Epoch 9:  42%|████▏     | 60/144 [00:01<00:02, 35.31it/s, v_num=73760, train_loss_step=0.0146, val_loss=0.0387, val_acc=0.988, train_loss_epoch=0.0248]Epoch 9:  42%|████▏     | 60/144 [00:01<00:02, 35.31it/s, v_num=73760, train_loss_step=0.00711, val_loss=0.0387, val_acc=0.988, train_loss_epoch=0.0248]Epoch 9:  42%|████▏     | 61/144 [00:01<00:02, 35.33it/s, v_num=73760, train_loss_step=0.00711, val_loss=0.0387, val_acc=0.988, train_loss_epoch=0.0248]Epoch 9:  42%|████▏     | 61/144 [00:01<00:02, 35.33it/s, v_num=73760, train_loss_step=0.0108, val_loss=0.0387, val_acc=0.988, train_loss_epoch=0.0248] Epoch 9:  43%|████▎     | 62/144 [00:01<00:02, 35.34it/s, v_num=73760, train_loss_step=0.0108, val_loss=0.0387, val_acc=0.988, train_loss_epoch=0.0248]Epoch 9:  43%|████▎     | 62/144 [00:01<00:02, 35.34it/s, v_num=73760, train_loss_step=0.00532, val_loss=0.0387, val_acc=0.988, train_loss_epoch=0.0248]Epoch 9:  44%|████▍     | 63/144 [00:01<00:02, 35.21it/s, v_num=73760, train_loss_step=0.00532, val_loss=0.0387, val_acc=0.988, train_loss_epoch=0.0248]Epoch 9:  44%|████▍     | 63/144 [00:01<00:02, 35.21it/s, v_num=73760, train_loss_step=0.0172, val_loss=0.0387, val_acc=0.988, train_loss_epoch=0.0248] Epoch 9:  44%|████▍     | 64/144 [00:01<00:02, 35.22it/s, v_num=73760, train_loss_step=0.0172, val_loss=0.0387, val_acc=0.988, train_loss_epoch=0.0248]Epoch 9:  44%|████▍     | 64/144 [00:01<00:02, 35.22it/s, v_num=73760, train_loss_step=0.0253, val_loss=0.0387, val_acc=0.988, train_loss_epoch=0.0248]Epoch 9:  45%|████▌     | 65/144 [00:01<00:02, 35.25it/s, v_num=73760, train_loss_step=0.0253, val_loss=0.0387, val_acc=0.988, train_loss_epoch=0.0248]Epoch 9:  45%|████▌     | 65/144 [00:01<00:02, 35.24it/s, v_num=73760, train_loss_step=0.00694, val_loss=0.0387, val_acc=0.988, train_loss_epoch=0.0248]Epoch 9:  46%|████▌     | 66/144 [00:01<00:02, 35.28it/s, v_num=73760, train_loss_step=0.00694, val_loss=0.0387, val_acc=0.988, train_loss_epoch=0.0248]Epoch 9:  46%|████▌     | 66/144 [00:01<00:02, 35.27it/s, v_num=73760, train_loss_step=0.0311, val_loss=0.0387, val_acc=0.988, train_loss_epoch=0.0248] Epoch 9:  47%|████▋     | 67/144 [00:01<00:02, 35.24it/s, v_num=73760, train_loss_step=0.0311, val_loss=0.0387, val_acc=0.988, train_loss_epoch=0.0248]Epoch 9:  47%|████▋     | 67/144 [00:01<00:02, 35.24it/s, v_num=73760, train_loss_step=0.0255, val_loss=0.0387, val_acc=0.988, train_loss_epoch=0.0248]Epoch 9:  47%|████▋     | 68/144 [00:01<00:02, 35.27it/s, v_num=73760, train_loss_step=0.0255, val_loss=0.0387, val_acc=0.988, train_loss_epoch=0.0248]Epoch 9:  47%|████▋     | 68/144 [00:01<00:02, 35.27it/s, v_num=73760, train_loss_step=0.0118, val_loss=0.0387, val_acc=0.988, train_loss_epoch=0.0248]Epoch 9:  48%|████▊     | 69/144 [00:01<00:02, 35.29it/s, v_num=73760, train_loss_step=0.0118, val_loss=0.0387, val_acc=0.988, train_loss_epoch=0.0248]Epoch 9:  48%|████▊     | 69/144 [00:01<00:02, 35.28it/s, v_num=73760, train_loss_step=0.0262, val_loss=0.0387, val_acc=0.988, train_loss_epoch=0.0248]Epoch 9:  49%|████▊     | 70/144 [00:01<00:02, 35.28it/s, v_num=73760, train_loss_step=0.0262, val_loss=0.0387, val_acc=0.988, train_loss_epoch=0.0248]Epoch 9:  49%|████▊     | 70/144 [00:01<00:02, 35.28it/s, v_num=73760, train_loss_step=0.0416, val_loss=0.0387, val_acc=0.988, train_loss_epoch=0.0248]Epoch 9:  49%|████▉     | 71/144 [00:02<00:02, 35.26it/s, v_num=73760, train_loss_step=0.0416, val_loss=0.0387, val_acc=0.988, train_loss_epoch=0.0248]Epoch 9:  49%|████▉     | 71/144 [00:02<00:02, 35.26it/s, v_num=73760, train_loss_step=0.0343, val_loss=0.0387, val_acc=0.988, train_loss_epoch=0.0248]Epoch 9:  50%|█████     | 72/144 [00:02<00:02, 35.28it/s, v_num=73760, train_loss_step=0.0343, val_loss=0.0387, val_acc=0.988, train_loss_epoch=0.0248]Epoch 9:  50%|█████     | 72/144 [00:02<00:02, 35.27it/s, v_num=73760, train_loss_step=0.030, val_loss=0.0387, val_acc=0.988, train_loss_epoch=0.0248] Epoch 9:  51%|█████     | 73/144 [00:02<00:02, 35.29it/s, v_num=73760, train_loss_step=0.030, val_loss=0.0387, val_acc=0.988, train_loss_epoch=0.0248]Epoch 9:  51%|█████     | 73/144 [00:02<00:02, 35.29it/s, v_num=73760, train_loss_step=0.00811, val_loss=0.0387, val_acc=0.988, train_loss_epoch=0.0248]Epoch 9:  51%|█████▏    | 74/144 [00:02<00:01, 35.29it/s, v_num=73760, train_loss_step=0.00811, val_loss=0.0387, val_acc=0.988, train_loss_epoch=0.0248]Epoch 9:  51%|█████▏    | 74/144 [00:02<00:01, 35.29it/s, v_num=73760, train_loss_step=0.0156, val_loss=0.0387, val_acc=0.988, train_loss_epoch=0.0248] Epoch 9:  52%|█████▏    | 75/144 [00:02<00:01, 35.27it/s, v_num=73760, train_loss_step=0.0156, val_loss=0.0387, val_acc=0.988, train_loss_epoch=0.0248]Epoch 9:  52%|█████▏    | 75/144 [00:02<00:01, 35.26it/s, v_num=73760, train_loss_step=0.027, val_loss=0.0387, val_acc=0.988, train_loss_epoch=0.0248] Epoch 9:  53%|█████▎    | 76/144 [00:02<00:01, 35.28it/s, v_num=73760, train_loss_step=0.027, val_loss=0.0387, val_acc=0.988, train_loss_epoch=0.0248]Epoch 9:  53%|█████▎    | 76/144 [00:02<00:01, 35.27it/s, v_num=73760, train_loss_step=0.011, val_loss=0.0387, val_acc=0.988, train_loss_epoch=0.0248]Epoch 9:  53%|█████▎    | 77/144 [00:02<00:01, 35.32it/s, v_num=73760, train_loss_step=0.011, val_loss=0.0387, val_acc=0.988, train_loss_epoch=0.0248]Epoch 9:  53%|█████▎    | 77/144 [00:02<00:01, 35.32it/s, v_num=73760, train_loss_step=0.00944, val_loss=0.0387, val_acc=0.988, train_loss_epoch=0.0248]Epoch 9:  54%|█████▍    | 78/144 [00:02<00:01, 35.35it/s, v_num=73760, train_loss_step=0.00944, val_loss=0.0387, val_acc=0.988, train_loss_epoch=0.0248]Epoch 9:  54%|█████▍    | 78/144 [00:02<00:01, 35.35it/s, v_num=73760, train_loss_step=0.0239, val_loss=0.0387, val_acc=0.988, train_loss_epoch=0.0248] Epoch 9:  55%|█████▍    | 79/144 [00:02<00:01, 35.32it/s, v_num=73760, train_loss_step=0.0239, val_loss=0.0387, val_acc=0.988, train_loss_epoch=0.0248]Epoch 9:  55%|█████▍    | 79/144 [00:02<00:01, 35.31it/s, v_num=73760, train_loss_step=0.0295, val_loss=0.0387, val_acc=0.988, train_loss_epoch=0.0248]Epoch 9:  56%|█████▌    | 80/144 [00:02<00:01, 35.33it/s, v_num=73760, train_loss_step=0.0295, val_loss=0.0387, val_acc=0.988, train_loss_epoch=0.0248]Epoch 9:  56%|█████▌    | 80/144 [00:02<00:01, 35.33it/s, v_num=73760, train_loss_step=0.0117, val_loss=0.0387, val_acc=0.988, train_loss_epoch=0.0248]Epoch 9:  56%|█████▋    | 81/144 [00:02<00:01, 35.36it/s, v_num=73760, train_loss_step=0.0117, val_loss=0.0387, val_acc=0.988, train_loss_epoch=0.0248]Epoch 9:  56%|█████▋    | 81/144 [00:02<00:01, 35.36it/s, v_num=73760, train_loss_step=0.0192, val_loss=0.0387, val_acc=0.988, train_loss_epoch=0.0248]Epoch 9:  57%|█████▋    | 82/144 [00:02<00:01, 35.39it/s, v_num=73760, train_loss_step=0.0192, val_loss=0.0387, val_acc=0.988, train_loss_epoch=0.0248]Epoch 9:  57%|█████▋    | 82/144 [00:02<00:01, 35.38it/s, v_num=73760, train_loss_step=0.0142, val_loss=0.0387, val_acc=0.988, train_loss_epoch=0.0248]Epoch 9:  58%|█████▊    | 83/144 [00:02<00:01, 35.33it/s, v_num=73760, train_loss_step=0.0142, val_loss=0.0387, val_acc=0.988, train_loss_epoch=0.0248]Epoch 9:  58%|█████▊    | 83/144 [00:02<00:01, 35.33it/s, v_num=73760, train_loss_step=0.0117, val_loss=0.0387, val_acc=0.988, train_loss_epoch=0.0248]Epoch 9:  58%|█████▊    | 84/144 [00:02<00:01, 35.35it/s, v_num=73760, train_loss_step=0.0117, val_loss=0.0387, val_acc=0.988, train_loss_epoch=0.0248]Epoch 9:  58%|█████▊    | 84/144 [00:02<00:01, 35.35it/s, v_num=73760, train_loss_step=0.0237, val_loss=0.0387, val_acc=0.988, train_loss_epoch=0.0248]Epoch 9:  59%|█████▉    | 85/144 [00:02<00:01, 35.35it/s, v_num=73760, train_loss_step=0.0237, val_loss=0.0387, val_acc=0.988, train_loss_epoch=0.0248]Epoch 9:  59%|█████▉    | 85/144 [00:02<00:01, 35.35it/s, v_num=73760, train_loss_step=0.0254, val_loss=0.0387, val_acc=0.988, train_loss_epoch=0.0248]Epoch 9:  60%|█████▉    | 86/144 [00:02<00:01, 35.36it/s, v_num=73760, train_loss_step=0.0254, val_loss=0.0387, val_acc=0.988, train_loss_epoch=0.0248]Epoch 9:  60%|█████▉    | 86/144 [00:02<00:01, 35.36it/s, v_num=73760, train_loss_step=0.00669, val_loss=0.0387, val_acc=0.988, train_loss_epoch=0.0248]Epoch 9:  60%|██████    | 87/144 [00:02<00:01, 35.33it/s, v_num=73760, train_loss_step=0.00669, val_loss=0.0387, val_acc=0.988, train_loss_epoch=0.0248]Epoch 9:  60%|██████    | 87/144 [00:02<00:01, 35.33it/s, v_num=73760, train_loss_step=0.0153, val_loss=0.0387, val_acc=0.988, train_loss_epoch=0.0248] Epoch 9:  61%|██████    | 88/144 [00:02<00:01, 35.36it/s, v_num=73760, train_loss_step=0.0153, val_loss=0.0387, val_acc=0.988, train_loss_epoch=0.0248]Epoch 9:  61%|██████    | 88/144 [00:02<00:01, 35.36it/s, v_num=73760, train_loss_step=0.0376, val_loss=0.0387, val_acc=0.988, train_loss_epoch=0.0248]Epoch 9:  62%|██████▏   | 89/144 [00:02<00:01, 35.37it/s, v_num=73760, train_loss_step=0.0376, val_loss=0.0387, val_acc=0.988, train_loss_epoch=0.0248]Epoch 9:  62%|██████▏   | 89/144 [00:02<00:01, 35.37it/s, v_num=73760, train_loss_step=0.0363, val_loss=0.0387, val_acc=0.988, train_loss_epoch=0.0248]Epoch 9:  62%|██████▎   | 90/144 [00:02<00:01, 35.40it/s, v_num=73760, train_loss_step=0.0363, val_loss=0.0387, val_acc=0.988, train_loss_epoch=0.0248]Epoch 9:  62%|██████▎   | 90/144 [00:02<00:01, 35.40it/s, v_num=73760, train_loss_step=0.0121, val_loss=0.0387, val_acc=0.988, train_loss_epoch=0.0248]Epoch 9:  63%|██████▎   | 91/144 [00:02<00:01, 35.39it/s, v_num=73760, train_loss_step=0.0121, val_loss=0.0387, val_acc=0.988, train_loss_epoch=0.0248]Epoch 9:  63%|██████▎   | 91/144 [00:02<00:01, 35.38it/s, v_num=73760, train_loss_step=0.00801, val_loss=0.0387, val_acc=0.988, train_loss_epoch=0.0248]Epoch 9:  64%|██████▍   | 92/144 [00:02<00:01, 35.42it/s, v_num=73760, train_loss_step=0.00801, val_loss=0.0387, val_acc=0.988, train_loss_epoch=0.0248]Epoch 9:  64%|██████▍   | 92/144 [00:02<00:01, 35.41it/s, v_num=73760, train_loss_step=0.0126, val_loss=0.0387, val_acc=0.988, train_loss_epoch=0.0248] Epoch 9:  65%|██████▍   | 93/144 [00:02<00:01, 35.46it/s, v_num=73760, train_loss_step=0.0126, val_loss=0.0387, val_acc=0.988, train_loss_epoch=0.0248]Epoch 9:  65%|██████▍   | 93/144 [00:02<00:01, 35.45it/s, v_num=73760, train_loss_step=0.00529, val_loss=0.0387, val_acc=0.988, train_loss_epoch=0.0248]Epoch 9:  65%|██████▌   | 94/144 [00:02<00:01, 35.49it/s, v_num=73760, train_loss_step=0.00529, val_loss=0.0387, val_acc=0.988, train_loss_epoch=0.0248]Epoch 9:  65%|██████▌   | 94/144 [00:02<00:01, 35.48it/s, v_num=73760, train_loss_step=0.0259, val_loss=0.0387, val_acc=0.988, train_loss_epoch=0.0248] Epoch 9:  66%|██████▌   | 95/144 [00:02<00:01, 35.47it/s, v_num=73760, train_loss_step=0.0259, val_loss=0.0387, val_acc=0.988, train_loss_epoch=0.0248]Epoch 9:  66%|██████▌   | 95/144 [00:02<00:01, 35.47it/s, v_num=73760, train_loss_step=0.018, val_loss=0.0387, val_acc=0.988, train_loss_epoch=0.0248] Epoch 9:  67%|██████▋   | 96/144 [00:02<00:01, 35.49it/s, v_num=73760, train_loss_step=0.018, val_loss=0.0387, val_acc=0.988, train_loss_epoch=0.0248]Epoch 9:  67%|██████▋   | 96/144 [00:02<00:01, 35.48it/s, v_num=73760, train_loss_step=0.00662, val_loss=0.0387, val_acc=0.988, train_loss_epoch=0.0248]Epoch 9:  67%|██████▋   | 97/144 [00:02<00:01, 35.52it/s, v_num=73760, train_loss_step=0.00662, val_loss=0.0387, val_acc=0.988, train_loss_epoch=0.0248]Epoch 9:  67%|██████▋   | 97/144 [00:02<00:01, 35.52it/s, v_num=73760, train_loss_step=0.028, val_loss=0.0387, val_acc=0.988, train_loss_epoch=0.0248]  Epoch 9:  68%|██████▊   | 98/144 [00:02<00:01, 35.56it/s, v_num=73760, train_loss_step=0.028, val_loss=0.0387, val_acc=0.988, train_loss_epoch=0.0248]Epoch 9:  68%|██████▊   | 98/144 [00:02<00:01, 35.56it/s, v_num=73760, train_loss_step=0.0191, val_loss=0.0387, val_acc=0.988, train_loss_epoch=0.0248]Epoch 9:  69%|██████▉   | 99/144 [00:02<00:01, 35.56it/s, v_num=73760, train_loss_step=0.0191, val_loss=0.0387, val_acc=0.988, train_loss_epoch=0.0248]Epoch 9:  69%|██████▉   | 99/144 [00:02<00:01, 35.55it/s, v_num=73760, train_loss_step=0.0123, val_loss=0.0387, val_acc=0.988, train_loss_epoch=0.0248]Epoch 9:  69%|██████▉   | 100/144 [00:02<00:01, 35.59it/s, v_num=73760, train_loss_step=0.0123, val_loss=0.0387, val_acc=0.988, train_loss_epoch=0.0248]Epoch 9:  69%|██████▉   | 100/144 [00:02<00:01, 35.59it/s, v_num=73760, train_loss_step=0.0114, val_loss=0.0387, val_acc=0.988, train_loss_epoch=0.0248]Epoch 9:  70%|███████   | 101/144 [00:02<00:01, 35.62it/s, v_num=73760, train_loss_step=0.0114, val_loss=0.0387, val_acc=0.988, train_loss_epoch=0.0248]Epoch 9:  70%|███████   | 101/144 [00:02<00:01, 35.62it/s, v_num=73760, train_loss_step=0.0153, val_loss=0.0387, val_acc=0.988, train_loss_epoch=0.0248]Epoch 9:  71%|███████   | 102/144 [00:02<00:01, 35.66it/s, v_num=73760, train_loss_step=0.0153, val_loss=0.0387, val_acc=0.988, train_loss_epoch=0.0248]Epoch 9:  71%|███████   | 102/144 [00:02<00:01, 35.65it/s, v_num=73760, train_loss_step=0.0154, val_loss=0.0387, val_acc=0.988, train_loss_epoch=0.0248]Epoch 9:  72%|███████▏  | 103/144 [00:02<00:01, 35.52it/s, v_num=73760, train_loss_step=0.0154, val_loss=0.0387, val_acc=0.988, train_loss_epoch=0.0248]Epoch 9:  72%|███████▏  | 103/144 [00:02<00:01, 35.52it/s, v_num=73760, train_loss_step=0.00978, val_loss=0.0387, val_acc=0.988, train_loss_epoch=0.0248]Epoch 9:  72%|███████▏  | 104/144 [00:02<00:01, 35.49it/s, v_num=73760, train_loss_step=0.00978, val_loss=0.0387, val_acc=0.988, train_loss_epoch=0.0248]Epoch 9:  72%|███████▏  | 104/144 [00:02<00:01, 35.48it/s, v_num=73760, train_loss_step=0.0138, val_loss=0.0387, val_acc=0.988, train_loss_epoch=0.0248] Epoch 9:  73%|███████▎  | 105/144 [00:02<00:01, 35.52it/s, v_num=73760, train_loss_step=0.0138, val_loss=0.0387, val_acc=0.988, train_loss_epoch=0.0248]Epoch 9:  73%|███████▎  | 105/144 [00:02<00:01, 35.52it/s, v_num=73760, train_loss_step=0.00573, val_loss=0.0387, val_acc=0.988, train_loss_epoch=0.0248]Epoch 9:  74%|███████▎  | 106/144 [00:02<00:01, 35.56it/s, v_num=73760, train_loss_step=0.00573, val_loss=0.0387, val_acc=0.988, train_loss_epoch=0.0248]Epoch 9:  74%|███████▎  | 106/144 [00:02<00:01, 35.56it/s, v_num=73760, train_loss_step=0.0052, val_loss=0.0387, val_acc=0.988, train_loss_epoch=0.0248] Epoch 9:  74%|███████▍  | 107/144 [00:03<00:01, 35.55it/s, v_num=73760, train_loss_step=0.0052, val_loss=0.0387, val_acc=0.988, train_loss_epoch=0.0248]Epoch 9:  74%|███████▍  | 107/144 [00:03<00:01, 35.55it/s, v_num=73760, train_loss_step=0.0135, val_loss=0.0387, val_acc=0.988, train_loss_epoch=0.0248]Epoch 9:  75%|███████▌  | 108/144 [00:03<00:01, 35.58it/s, v_num=73760, train_loss_step=0.0135, val_loss=0.0387, val_acc=0.988, train_loss_epoch=0.0248]Epoch 9:  75%|███████▌  | 108/144 [00:03<00:01, 35.58it/s, v_num=73760, train_loss_step=0.00507, val_loss=0.0387, val_acc=0.988, train_loss_epoch=0.0248]Epoch 9:  76%|███████▌  | 109/144 [00:03<00:00, 35.62it/s, v_num=73760, train_loss_step=0.00507, val_loss=0.0387, val_acc=0.988, train_loss_epoch=0.0248]Epoch 9:  76%|███████▌  | 109/144 [00:03<00:00, 35.62it/s, v_num=73760, train_loss_step=0.0115, val_loss=0.0387, val_acc=0.988, train_loss_epoch=0.0248] Epoch 9:  76%|███████▋  | 110/144 [00:03<00:00, 35.66it/s, v_num=73760, train_loss_step=0.0115, val_loss=0.0387, val_acc=0.988, train_loss_epoch=0.0248]Epoch 9:  76%|███████▋  | 110/144 [00:03<00:00, 35.66it/s, v_num=73760, train_loss_step=0.00587, val_loss=0.0387, val_acc=0.988, train_loss_epoch=0.0248]Epoch 9:  77%|███████▋  | 111/144 [00:03<00:00, 35.66it/s, v_num=73760, train_loss_step=0.00587, val_loss=0.0387, val_acc=0.988, train_loss_epoch=0.0248]Epoch 9:  77%|███████▋  | 111/144 [00:03<00:00, 35.66it/s, v_num=73760, train_loss_step=0.0251, val_loss=0.0387, val_acc=0.988, train_loss_epoch=0.0248] Epoch 9:  78%|███████▊  | 112/144 [00:03<00:00, 35.60it/s, v_num=73760, train_loss_step=0.0251, val_loss=0.0387, val_acc=0.988, train_loss_epoch=0.0248]Epoch 9:  78%|███████▊  | 112/144 [00:03<00:00, 35.60it/s, v_num=73760, train_loss_step=0.00629, val_loss=0.0387, val_acc=0.988, train_loss_epoch=0.0248]Epoch 9:  78%|███████▊  | 113/144 [00:03<00:00, 35.59it/s, v_num=73760, train_loss_step=0.00629, val_loss=0.0387, val_acc=0.988, train_loss_epoch=0.0248]Epoch 9:  78%|███████▊  | 113/144 [00:03<00:00, 35.59it/s, v_num=73760, train_loss_step=0.0154, val_loss=0.0387, val_acc=0.988, train_loss_epoch=0.0248] Epoch 9:  79%|███████▉  | 114/144 [00:03<00:00, 35.63it/s, v_num=73760, train_loss_step=0.0154, val_loss=0.0387, val_acc=0.988, train_loss_epoch=0.0248]Epoch 9:  79%|███████▉  | 114/144 [00:03<00:00, 35.63it/s, v_num=73760, train_loss_step=0.0367, val_loss=0.0387, val_acc=0.988, train_loss_epoch=0.0248]Epoch 9:  80%|███████▉  | 115/144 [00:03<00:00, 35.57it/s, v_num=73760, train_loss_step=0.0367, val_loss=0.0387, val_acc=0.988, train_loss_epoch=0.0248]Epoch 9:  80%|███████▉  | 115/144 [00:03<00:00, 35.57it/s, v_num=73760, train_loss_step=0.0196, val_loss=0.0387, val_acc=0.988, train_loss_epoch=0.0248]Epoch 9:  81%|████████  | 116/144 [00:03<00:00, 35.61it/s, v_num=73760, train_loss_step=0.0196, val_loss=0.0387, val_acc=0.988, train_loss_epoch=0.0248]Epoch 9:  81%|████████  | 116/144 [00:03<00:00, 35.61it/s, v_num=73760, train_loss_step=0.00747, val_loss=0.0387, val_acc=0.988, train_loss_epoch=0.0248]Epoch 9:  81%|████████▏ | 117/144 [00:03<00:00, 35.64it/s, v_num=73760, train_loss_step=0.00747, val_loss=0.0387, val_acc=0.988, train_loss_epoch=0.0248]Epoch 9:  81%|████████▏ | 117/144 [00:03<00:00, 35.64it/s, v_num=73760, train_loss_step=0.0103, val_loss=0.0387, val_acc=0.988, train_loss_epoch=0.0248] Epoch 9:  82%|████████▏ | 118/144 [00:03<00:00, 35.67it/s, v_num=73760, train_loss_step=0.0103, val_loss=0.0387, val_acc=0.988, train_loss_epoch=0.0248]Epoch 9:  82%|████████▏ | 118/144 [00:03<00:00, 35.67it/s, v_num=73760, train_loss_step=0.0155, val_loss=0.0387, val_acc=0.988, train_loss_epoch=0.0248]Epoch 9:  83%|████████▎ | 119/144 [00:03<00:00, 35.62it/s, v_num=73760, train_loss_step=0.0155, val_loss=0.0387, val_acc=0.988, train_loss_epoch=0.0248]Epoch 9:  83%|████████▎ | 119/144 [00:03<00:00, 35.62it/s, v_num=73760, train_loss_step=0.0145, val_loss=0.0387, val_acc=0.988, train_loss_epoch=0.0248]Epoch 9:  83%|████████▎ | 120/144 [00:03<00:00, 35.56it/s, v_num=73760, train_loss_step=0.0145, val_loss=0.0387, val_acc=0.988, train_loss_epoch=0.0248]Epoch 9:  83%|████████▎ | 120/144 [00:03<00:00, 35.55it/s, v_num=73760, train_loss_step=0.0133, val_loss=0.0387, val_acc=0.988, train_loss_epoch=0.0248]Epoch 9:  84%|████████▍ | 121/144 [00:03<00:00, 35.57it/s, v_num=73760, train_loss_step=0.0133, val_loss=0.0387, val_acc=0.988, train_loss_epoch=0.0248]Epoch 9:  84%|████████▍ | 121/144 [00:03<00:00, 35.57it/s, v_num=73760, train_loss_step=0.0358, val_loss=0.0387, val_acc=0.988, train_loss_epoch=0.0248]Epoch 9:  85%|████████▍ | 122/144 [00:03<00:00, 35.60it/s, v_num=73760, train_loss_step=0.0358, val_loss=0.0387, val_acc=0.988, train_loss_epoch=0.0248]Epoch 9:  85%|████████▍ | 122/144 [00:03<00:00, 35.60it/s, v_num=73760, train_loss_step=0.00506, val_loss=0.0387, val_acc=0.988, train_loss_epoch=0.0248]Epoch 9:  85%|████████▌ | 123/144 [00:03<00:00, 35.62it/s, v_num=73760, train_loss_step=0.00506, val_loss=0.0387, val_acc=0.988, train_loss_epoch=0.0248]Epoch 9:  85%|████████▌ | 123/144 [00:03<00:00, 35.62it/s, v_num=73760, train_loss_step=0.0221, val_loss=0.0387, val_acc=0.988, train_loss_epoch=0.0248] Epoch 9:  86%|████████▌ | 124/144 [00:03<00:00, 35.60it/s, v_num=73760, train_loss_step=0.0221, val_loss=0.0387, val_acc=0.988, train_loss_epoch=0.0248]Epoch 9:  86%|████████▌ | 124/144 [00:03<00:00, 35.60it/s, v_num=73760, train_loss_step=0.00286, val_loss=0.0387, val_acc=0.988, train_loss_epoch=0.0248]Epoch 9:  87%|████████▋ | 125/144 [00:03<00:00, 35.63it/s, v_num=73760, train_loss_step=0.00286, val_loss=0.0387, val_acc=0.988, train_loss_epoch=0.0248]Epoch 9:  87%|████████▋ | 125/144 [00:03<00:00, 35.62it/s, v_num=73760, train_loss_step=0.0106, val_loss=0.0387, val_acc=0.988, train_loss_epoch=0.0248] Epoch 9:  88%|████████▊ | 126/144 [00:03<00:00, 35.66it/s, v_num=73760, train_loss_step=0.0106, val_loss=0.0387, val_acc=0.988, train_loss_epoch=0.0248]Epoch 9:  88%|████████▊ | 126/144 [00:03<00:00, 35.65it/s, v_num=73760, train_loss_step=0.0156, val_loss=0.0387, val_acc=0.988, train_loss_epoch=0.0248]Epoch 9:  88%|████████▊ | 127/144 [00:03<00:00, 35.67it/s, v_num=73760, train_loss_step=0.0156, val_loss=0.0387, val_acc=0.988, train_loss_epoch=0.0248]Epoch 9:  88%|████████▊ | 127/144 [00:03<00:00, 35.66it/s, v_num=73760, train_loss_step=0.011, val_loss=0.0387, val_acc=0.988, train_loss_epoch=0.0248] Epoch 9:  89%|████████▉ | 128/144 [00:03<00:00, 35.66it/s, v_num=73760, train_loss_step=0.011, val_loss=0.0387, val_acc=0.988, train_loss_epoch=0.0248]Epoch 9:  89%|████████▉ | 128/144 [00:03<00:00, 35.66it/s, v_num=73760, train_loss_step=0.0122, val_loss=0.0387, val_acc=0.988, train_loss_epoch=0.0248]Epoch 9:  90%|████████▉ | 129/144 [00:03<00:00, 35.68it/s, v_num=73760, train_loss_step=0.0122, val_loss=0.0387, val_acc=0.988, train_loss_epoch=0.0248]Epoch 9:  90%|████████▉ | 129/144 [00:03<00:00, 35.68it/s, v_num=73760, train_loss_step=0.0167, val_loss=0.0387, val_acc=0.988, train_loss_epoch=0.0248]Epoch 9:  90%|█████████ | 130/144 [00:03<00:00, 35.70it/s, v_num=73760, train_loss_step=0.0167, val_loss=0.0387, val_acc=0.988, train_loss_epoch=0.0248]Epoch 9:  90%|█████████ | 130/144 [00:03<00:00, 35.70it/s, v_num=73760, train_loss_step=0.00535, val_loss=0.0387, val_acc=0.988, train_loss_epoch=0.0248]Epoch 9:  91%|█████████ | 131/144 [00:03<00:00, 35.72it/s, v_num=73760, train_loss_step=0.00535, val_loss=0.0387, val_acc=0.988, train_loss_epoch=0.0248]Epoch 9:  91%|█████████ | 131/144 [00:03<00:00, 35.72it/s, v_num=73760, train_loss_step=0.0142, val_loss=0.0387, val_acc=0.988, train_loss_epoch=0.0248] Epoch 9:  92%|█████████▏| 132/144 [00:03<00:00, 35.69it/s, v_num=73760, train_loss_step=0.0142, val_loss=0.0387, val_acc=0.988, train_loss_epoch=0.0248]Epoch 9:  92%|█████████▏| 132/144 [00:03<00:00, 35.69it/s, v_num=73760, train_loss_step=0.00412, val_loss=0.0387, val_acc=0.988, train_loss_epoch=0.0248]Epoch 9:  92%|█████████▏| 133/144 [00:03<00:00, 35.69it/s, v_num=73760, train_loss_step=0.00412, val_loss=0.0387, val_acc=0.988, train_loss_epoch=0.0248]Epoch 9:  92%|█████████▏| 133/144 [00:03<00:00, 35.68it/s, v_num=73760, train_loss_step=0.0262, val_loss=0.0387, val_acc=0.988, train_loss_epoch=0.0248] Epoch 9:  93%|█████████▎| 134/144 [00:03<00:00, 35.69it/s, v_num=73760, train_loss_step=0.0262, val_loss=0.0387, val_acc=0.988, train_loss_epoch=0.0248]Epoch 9:  93%|█████████▎| 134/144 [00:03<00:00, 35.69it/s, v_num=73760, train_loss_step=0.0149, val_loss=0.0387, val_acc=0.988, train_loss_epoch=0.0248]Epoch 9:  94%|█████████▍| 135/144 [00:03<00:00, 35.73it/s, v_num=73760, train_loss_step=0.0149, val_loss=0.0387, val_acc=0.988, train_loss_epoch=0.0248]Epoch 9:  94%|█████████▍| 135/144 [00:03<00:00, 35.73it/s, v_num=73760, train_loss_step=0.0432, val_loss=0.0387, val_acc=0.988, train_loss_epoch=0.0248]Epoch 9:  94%|█████████▍| 136/144 [00:03<00:00, 35.72it/s, v_num=73760, train_loss_step=0.0432, val_loss=0.0387, val_acc=0.988, train_loss_epoch=0.0248]Epoch 9:  94%|█████████▍| 136/144 [00:03<00:00, 35.72it/s, v_num=73760, train_loss_step=0.0173, val_loss=0.0387, val_acc=0.988, train_loss_epoch=0.0248]Epoch 9:  95%|█████████▌| 137/144 [00:03<00:00, 35.76it/s, v_num=73760, train_loss_step=0.0173, val_loss=0.0387, val_acc=0.988, train_loss_epoch=0.0248]Epoch 9:  95%|█████████▌| 137/144 [00:03<00:00, 35.75it/s, v_num=73760, train_loss_step=0.0329, val_loss=0.0387, val_acc=0.988, train_loss_epoch=0.0248]Epoch 9:  96%|█████████▌| 138/144 [00:03<00:00, 35.78it/s, v_num=73760, train_loss_step=0.0329, val_loss=0.0387, val_acc=0.988, train_loss_epoch=0.0248]Epoch 9:  96%|█████████▌| 138/144 [00:03<00:00, 35.78it/s, v_num=73760, train_loss_step=0.0224, val_loss=0.0387, val_acc=0.988, train_loss_epoch=0.0248]Epoch 9:  97%|█████████▋| 139/144 [00:03<00:00, 35.81it/s, v_num=73760, train_loss_step=0.0224, val_loss=0.0387, val_acc=0.988, train_loss_epoch=0.0248]Epoch 9:  97%|█████████▋| 139/144 [00:03<00:00, 35.81it/s, v_num=73760, train_loss_step=0.00918, val_loss=0.0387, val_acc=0.988, train_loss_epoch=0.0248]Epoch 9:  97%|█████████▋| 140/144 [00:03<00:00, 35.80it/s, v_num=73760, train_loss_step=0.00918, val_loss=0.0387, val_acc=0.988, train_loss_epoch=0.0248]Epoch 9:  97%|█████████▋| 140/144 [00:03<00:00, 35.80it/s, v_num=73760, train_loss_step=0.0177, val_loss=0.0387, val_acc=0.988, train_loss_epoch=0.0248] Epoch 9:  98%|█████████▊| 141/144 [00:03<00:00, 35.83it/s, v_num=73760, train_loss_step=0.0177, val_loss=0.0387, val_acc=0.988, train_loss_epoch=0.0248]Epoch 9:  98%|█████████▊| 141/144 [00:03<00:00, 35.83it/s, v_num=73760, train_loss_step=0.0053, val_loss=0.0387, val_acc=0.988, train_loss_epoch=0.0248]Epoch 9:  99%|█████████▊| 142/144 [00:03<00:00, 35.83it/s, v_num=73760, train_loss_step=0.0053, val_loss=0.0387, val_acc=0.988, train_loss_epoch=0.0248]Epoch 9:  99%|█████████▊| 142/144 [00:03<00:00, 35.83it/s, v_num=73760, train_loss_step=0.0203, val_loss=0.0387, val_acc=0.988, train_loss_epoch=0.0248]Epoch 9:  99%|█████████▉| 143/144 [00:03<00:00, 35.86it/s, v_num=73760, train_loss_step=0.0203, val_loss=0.0387, val_acc=0.988, train_loss_epoch=0.0248]Epoch 9:  99%|█████████▉| 143/144 [00:03<00:00, 35.86it/s, v_num=73760, train_loss_step=0.0113, val_loss=0.0387, val_acc=0.988, train_loss_epoch=0.0248]Epoch 9: 100%|██████████| 144/144 [00:04<00:00, 35.87it/s, v_num=73760, train_loss_step=0.0113, val_loss=0.0387, val_acc=0.988, train_loss_epoch=0.0248]Epoch 9: 100%|██████████| 144/144 [00:04<00:00, 35.87it/s, v_num=73760, train_loss_step=0.00292, val_loss=0.0387, val_acc=0.988, train_loss_epoch=0.0248]
Validation: |          | 0/? [00:00<?, ?it/s][A
Validation:   0%|          | 0/14 [00:00<?, ?it/s][A
Validation DataLoader 0:   0%|          | 0/14 [00:00<?, ?it/s][A
Validation DataLoader 0:   7%|▋         | 1/14 [00:00<00:00, 128.83it/s][A
Validation DataLoader 0:  14%|█▍        | 2/14 [00:00<00:00, 80.37it/s] [A
Validation DataLoader 0:  21%|██▏       | 3/14 [00:00<00:00, 85.39it/s][A
Validation DataLoader 0:  29%|██▊       | 4/14 [00:00<00:00, 88.40it/s][A
Validation DataLoader 0:  36%|███▌      | 5/14 [00:00<00:00, 90.51it/s][A
Validation DataLoader 0:  43%|████▎     | 6/14 [00:00<00:00, 92.24it/s][A
Validation DataLoader 0:  50%|█████     | 7/14 [00:00<00:00, 93.20it/s][A
Validation DataLoader 0:  57%|█████▋    | 8/14 [00:00<00:00, 93.85it/s][A
Validation DataLoader 0:  64%|██████▍   | 9/14 [00:00<00:00, 90.06it/s][A
Validation DataLoader 0:  71%|███████▏  | 10/14 [00:00<00:00, 91.05it/s][A
Validation DataLoader 0:  79%|███████▊  | 11/14 [00:00<00:00, 91.92it/s][A
Validation DataLoader 0:  86%|████████▌ | 12/14 [00:00<00:00, 92.72it/s][A
Validation DataLoader 0:  93%|█████████▎| 13/14 [00:00<00:00, 93.19it/s][A
Validation DataLoader 0: 100%|██████████| 14/14 [00:00<00:00, 93.90it/s][A
                                                                        [AEpoch 9: 100%|██████████| 144/144 [00:04<00:00, 34.42it/s, v_num=73760, train_loss_step=0.00292, val_loss=0.0225, val_acc=0.993, train_loss_epoch=0.0248]Epoch 9: 100%|██████████| 144/144 [00:04<00:00, 34.41it/s, v_num=73760, train_loss_step=0.00292, val_loss=0.0225, val_acc=0.993, train_loss_epoch=0.0198][2025-09-09 04:08:58,935] [INFO] [logging.py:107:log_dist] [Rank 0] [Torch] Checkpoint checkpoint is begin to save!
[2025-09-09 04:08:58,938] [INFO] [logging.py:107:log_dist] [Rank 0] Saving model checkpoint: deepspeed_logs/lightning_logs/version_73760/checkpoints/deepspeed-epoch=09-val_acc=0.99.ckpt/checkpoint/zero_pp_rank_0_mp_rank_00_model_states.pt
Epoch 9:   0%|          | 0/144 [00:00<?, ?it/s, v_num=73760, train_loss_step=0.00292, val_loss=0.0225, val_acc=0.993, train_loss_epoch=0.0198]          Epoch 10:   0%|          | 0/144 [00:00<?, ?it/s, v_num=73760, train_loss_step=0.00292, val_loss=0.0225, val_acc=0.993, train_loss_epoch=0.0198]Epoch 10:   1%|          | 1/144 [00:00<00:11, 12.36it/s, v_num=73760, train_loss_step=0.00292, val_loss=0.0225, val_acc=0.993, train_loss_epoch=0.0198]Epoch 10:   1%|          | 1/144 [00:00<00:11, 12.33it/s, v_num=73760, train_loss_step=0.0171, val_loss=0.0225, val_acc=0.993, train_loss_epoch=0.0198] Epoch 10:   1%|▏         | 2/144 [00:00<00:08, 17.69it/s, v_num=73760, train_loss_step=0.0171, val_loss=0.0225, val_acc=0.993, train_loss_epoch=0.0198]Epoch 10:   1%|▏         | 2/144 [00:00<00:08, 17.67it/s, v_num=73760, train_loss_step=0.0177, val_loss=0.0225, val_acc=0.993, train_loss_epoch=0.0198]Epoch 10:   2%|▏         | 3/144 [00:00<00:06, 21.01it/s, v_num=73760, train_loss_step=0.0177, val_loss=0.0225, val_acc=0.993, train_loss_epoch=0.0198]Epoch 10:   2%|▏         | 3/144 [00:00<00:06, 20.98it/s, v_num=73760, train_loss_step=0.0199, val_loss=0.0225, val_acc=0.993, train_loss_epoch=0.0198]Epoch 10:   3%|▎         | 4/144 [00:00<00:05, 23.66it/s, v_num=73760, train_loss_step=0.0199, val_loss=0.0225, val_acc=0.993, train_loss_epoch=0.0198]Epoch 10:   3%|▎         | 4/144 [00:00<00:05, 23.64it/s, v_num=73760, train_loss_step=0.0113, val_loss=0.0225, val_acc=0.993, train_loss_epoch=0.0198]Epoch 10:   3%|▎         | 5/144 [00:00<00:05, 25.68it/s, v_num=73760, train_loss_step=0.0113, val_loss=0.0225, val_acc=0.993, train_loss_epoch=0.0198]Epoch 10:   3%|▎         | 5/144 [00:00<00:05, 25.65it/s, v_num=73760, train_loss_step=0.014, val_loss=0.0225, val_acc=0.993, train_loss_epoch=0.0198] Epoch 10:   4%|▍         | 6/144 [00:00<00:05, 27.08it/s, v_num=73760, train_loss_step=0.014, val_loss=0.0225, val_acc=0.993, train_loss_epoch=0.0198]Epoch 10:   4%|▍         | 6/144 [00:00<00:05, 27.06it/s, v_num=73760, train_loss_step=0.00811, val_loss=0.0225, val_acc=0.993, train_loss_epoch=0.0198]Epoch 10:   5%|▍         | 7/144 [00:00<00:04, 27.90it/s, v_num=73760, train_loss_step=0.00811, val_loss=0.0225, val_acc=0.993, train_loss_epoch=0.0198]Epoch 10:   5%|▍         | 7/144 [00:00<00:04, 27.88it/s, v_num=73760, train_loss_step=0.0135, val_loss=0.0225, val_acc=0.993, train_loss_epoch=0.0198] Epoch 10:   6%|▌         | 8/144 [00:00<00:04, 28.95it/s, v_num=73760, train_loss_step=0.0135, val_loss=0.0225, val_acc=0.993, train_loss_epoch=0.0198]Epoch 10:   6%|▌         | 8/144 [00:00<00:04, 28.94it/s, v_num=73760, train_loss_step=0.018, val_loss=0.0225, val_acc=0.993, train_loss_epoch=0.0198] Epoch 10:   6%|▋         | 9/144 [00:00<00:04, 29.81it/s, v_num=73760, train_loss_step=0.018, val_loss=0.0225, val_acc=0.993, train_loss_epoch=0.0198]Epoch 10:   6%|▋         | 9/144 [00:00<00:04, 29.79it/s, v_num=73760, train_loss_step=0.00825, val_loss=0.0225, val_acc=0.993, train_loss_epoch=0.0198]Epoch 10:   7%|▋         | 10/144 [00:00<00:04, 30.54it/s, v_num=73760, train_loss_step=0.00825, val_loss=0.0225, val_acc=0.993, train_loss_epoch=0.0198]Epoch 10:   7%|▋         | 10/144 [00:00<00:04, 30.53it/s, v_num=73760, train_loss_step=0.00668, val_loss=0.0225, val_acc=0.993, train_loss_epoch=0.0198]Epoch 10:   8%|▊         | 11/144 [00:00<00:04, 30.76it/s, v_num=73760, train_loss_step=0.00668, val_loss=0.0225, val_acc=0.993, train_loss_epoch=0.0198]Epoch 10:   8%|▊         | 11/144 [00:00<00:04, 30.75it/s, v_num=73760, train_loss_step=0.0325, val_loss=0.0225, val_acc=0.993, train_loss_epoch=0.0198] Epoch 10:   8%|▊         | 12/144 [00:00<00:04, 31.20it/s, v_num=73760, train_loss_step=0.0325, val_loss=0.0225, val_acc=0.993, train_loss_epoch=0.0198]Epoch 10:   8%|▊         | 12/144 [00:00<00:04, 31.18it/s, v_num=73760, train_loss_step=0.0405, val_loss=0.0225, val_acc=0.993, train_loss_epoch=0.0198]Epoch 10:   9%|▉         | 13/144 [00:00<00:04, 31.74it/s, v_num=73760, train_loss_step=0.0405, val_loss=0.0225, val_acc=0.993, train_loss_epoch=0.0198]Epoch 10:   9%|▉         | 13/144 [00:00<00:04, 31.73it/s, v_num=73760, train_loss_step=0.0154, val_loss=0.0225, val_acc=0.993, train_loss_epoch=0.0198]Epoch 10:  10%|▉         | 14/144 [00:00<00:04, 32.21it/s, v_num=73760, train_loss_step=0.0154, val_loss=0.0225, val_acc=0.993, train_loss_epoch=0.0198]Epoch 10:  10%|▉         | 14/144 [00:00<00:04, 32.20it/s, v_num=73760, train_loss_step=0.012, val_loss=0.0225, val_acc=0.993, train_loss_epoch=0.0198] Epoch 10:  10%|█         | 15/144 [00:00<00:03, 32.42it/s, v_num=73760, train_loss_step=0.012, val_loss=0.0225, val_acc=0.993, train_loss_epoch=0.0198]Epoch 10:  10%|█         | 15/144 [00:00<00:03, 32.41it/s, v_num=73760, train_loss_step=0.00848, val_loss=0.0225, val_acc=0.993, train_loss_epoch=0.0198]Epoch 10:  11%|█         | 16/144 [00:00<00:03, 32.75it/s, v_num=73760, train_loss_step=0.00848, val_loss=0.0225, val_acc=0.993, train_loss_epoch=0.0198]Epoch 10:  11%|█         | 16/144 [00:00<00:03, 32.74it/s, v_num=73760, train_loss_step=0.0072, val_loss=0.0225, val_acc=0.993, train_loss_epoch=0.0198] Epoch 10:  12%|█▏        | 17/144 [00:00<00:03, 33.04it/s, v_num=73760, train_loss_step=0.0072, val_loss=0.0225, val_acc=0.993, train_loss_epoch=0.0198]Epoch 10:  12%|█▏        | 17/144 [00:00<00:03, 33.03it/s, v_num=73760, train_loss_step=0.00538, val_loss=0.0225, val_acc=0.993, train_loss_epoch=0.0198]Epoch 10:  12%|█▎        | 18/144 [00:00<00:03, 33.25it/s, v_num=73760, train_loss_step=0.00538, val_loss=0.0225, val_acc=0.993, train_loss_epoch=0.0198]Epoch 10:  12%|█▎        | 18/144 [00:00<00:03, 33.24it/s, v_num=73760, train_loss_step=0.00795, val_loss=0.0225, val_acc=0.993, train_loss_epoch=0.0198]Epoch 10:  13%|█▎        | 19/144 [00:00<00:03, 33.23it/s, v_num=73760, train_loss_step=0.00795, val_loss=0.0225, val_acc=0.993, train_loss_epoch=0.0198]Epoch 10:  13%|█▎        | 19/144 [00:00<00:03, 33.22it/s, v_num=73760, train_loss_step=0.0205, val_loss=0.0225, val_acc=0.993, train_loss_epoch=0.0198] Epoch 10:  14%|█▍        | 20/144 [00:00<00:03, 33.41it/s, v_num=73760, train_loss_step=0.0205, val_loss=0.0225, val_acc=0.993, train_loss_epoch=0.0198]Epoch 10:  14%|█▍        | 20/144 [00:00<00:03, 33.41it/s, v_num=73760, train_loss_step=0.0146, val_loss=0.0225, val_acc=0.993, train_loss_epoch=0.0198]Epoch 10:  15%|█▍        | 21/144 [00:00<00:03, 33.62it/s, v_num=73760, train_loss_step=0.0146, val_loss=0.0225, val_acc=0.993, train_loss_epoch=0.0198]Epoch 10:  15%|█▍        | 21/144 [00:00<00:03, 33.62it/s, v_num=73760, train_loss_step=0.0337, val_loss=0.0225, val_acc=0.993, train_loss_epoch=0.0198]Epoch 10:  15%|█▌        | 22/144 [00:00<00:03, 33.64it/s, v_num=73760, train_loss_step=0.0337, val_loss=0.0225, val_acc=0.993, train_loss_epoch=0.0198]Epoch 10:  15%|█▌        | 22/144 [00:00<00:03, 33.64it/s, v_num=73760, train_loss_step=0.00918, val_loss=0.0225, val_acc=0.993, train_loss_epoch=0.0198]Epoch 10:  16%|█▌        | 23/144 [00:00<00:03, 33.37it/s, v_num=73760, train_loss_step=0.00918, val_loss=0.0225, val_acc=0.993, train_loss_epoch=0.0198]Epoch 10:  16%|█▌        | 23/144 [00:00<00:03, 33.36it/s, v_num=73760, train_loss_step=0.0182, val_loss=0.0225, val_acc=0.993, train_loss_epoch=0.0198] Epoch 10:  17%|█▋        | 24/144 [00:00<00:03, 33.57it/s, v_num=73760, train_loss_step=0.0182, val_loss=0.0225, val_acc=0.993, train_loss_epoch=0.0198]Epoch 10:  17%|█▋        | 24/144 [00:00<00:03, 33.56it/s, v_num=73760, train_loss_step=0.00714, val_loss=0.0225, val_acc=0.993, train_loss_epoch=0.0198]Epoch 10:  17%|█▋        | 25/144 [00:00<00:03, 33.74it/s, v_num=73760, train_loss_step=0.00714, val_loss=0.0225, val_acc=0.993, train_loss_epoch=0.0198]Epoch 10:  17%|█▋        | 25/144 [00:00<00:03, 33.73it/s, v_num=73760, train_loss_step=0.00767, val_loss=0.0225, val_acc=0.993, train_loss_epoch=0.0198]Epoch 10:  18%|█▊        | 26/144 [00:00<00:03, 33.83it/s, v_num=73760, train_loss_step=0.00767, val_loss=0.0225, val_acc=0.993, train_loss_epoch=0.0198]Epoch 10:  18%|█▊        | 26/144 [00:00<00:03, 33.83it/s, v_num=73760, train_loss_step=0.018, val_loss=0.0225, val_acc=0.993, train_loss_epoch=0.0198]  Epoch 10:  19%|█▉        | 27/144 [00:00<00:03, 33.87it/s, v_num=73760, train_loss_step=0.018, val_loss=0.0225, val_acc=0.993, train_loss_epoch=0.0198]Epoch 10:  19%|█▉        | 27/144 [00:00<00:03, 33.86it/s, v_num=73760, train_loss_step=0.0208, val_loss=0.0225, val_acc=0.993, train_loss_epoch=0.0198]Epoch 10:  19%|█▉        | 28/144 [00:00<00:03, 34.02it/s, v_num=73760, train_loss_step=0.0208, val_loss=0.0225, val_acc=0.993, train_loss_epoch=0.0198]Epoch 10:  19%|█▉        | 28/144 [00:00<00:03, 34.02it/s, v_num=73760, train_loss_step=0.00978, val_loss=0.0225, val_acc=0.993, train_loss_epoch=0.0198]Epoch 10:  20%|██        | 29/144 [00:00<00:03, 34.13it/s, v_num=73760, train_loss_step=0.00978, val_loss=0.0225, val_acc=0.993, train_loss_epoch=0.0198]Epoch 10:  20%|██        | 29/144 [00:00<00:03, 34.13it/s, v_num=73760, train_loss_step=0.00396, val_loss=0.0225, val_acc=0.993, train_loss_epoch=0.0198]Epoch 10:  21%|██        | 30/144 [00:00<00:03, 34.22it/s, v_num=73760, train_loss_step=0.00396, val_loss=0.0225, val_acc=0.993, train_loss_epoch=0.0198]Epoch 10:  21%|██        | 30/144 [00:00<00:03, 34.21it/s, v_num=73760, train_loss_step=0.022, val_loss=0.0225, val_acc=0.993, train_loss_epoch=0.0198]  Epoch 10:  22%|██▏       | 31/144 [00:00<00:03, 34.25it/s, v_num=73760, train_loss_step=0.022, val_loss=0.0225, val_acc=0.993, train_loss_epoch=0.0198]Epoch 10:  22%|██▏       | 31/144 [00:00<00:03, 34.24it/s, v_num=73760, train_loss_step=0.0173, val_loss=0.0225, val_acc=0.993, train_loss_epoch=0.0198]Epoch 10:  22%|██▏       | 32/144 [00:00<00:03, 34.36it/s, v_num=73760, train_loss_step=0.0173, val_loss=0.0225, val_acc=0.993, train_loss_epoch=0.0198]Epoch 10:  22%|██▏       | 32/144 [00:00<00:03, 34.36it/s, v_num=73760, train_loss_step=0.0139, val_loss=0.0225, val_acc=0.993, train_loss_epoch=0.0198]Epoch 10:  23%|██▎       | 33/144 [00:00<00:03, 34.08it/s, v_num=73760, train_loss_step=0.0139, val_loss=0.0225, val_acc=0.993, train_loss_epoch=0.0198]Epoch 10:  23%|██▎       | 33/144 [00:00<00:03, 34.07it/s, v_num=73760, train_loss_step=0.0524, val_loss=0.0225, val_acc=0.993, train_loss_epoch=0.0198]Epoch 10:  24%|██▎       | 34/144 [00:01<00:03, 33.83it/s, v_num=73760, train_loss_step=0.0524, val_loss=0.0225, val_acc=0.993, train_loss_epoch=0.0198]Epoch 10:  24%|██▎       | 34/144 [00:01<00:03, 33.82it/s, v_num=73760, train_loss_step=0.0365, val_loss=0.0225, val_acc=0.993, train_loss_epoch=0.0198]Epoch 10:  24%|██▍       | 35/144 [00:01<00:03, 33.90it/s, v_num=73760, train_loss_step=0.0365, val_loss=0.0225, val_acc=0.993, train_loss_epoch=0.0198]Epoch 10:  24%|██▍       | 35/144 [00:01<00:03, 33.90it/s, v_num=73760, train_loss_step=0.0426, val_loss=0.0225, val_acc=0.993, train_loss_epoch=0.0198]Epoch 10:  25%|██▌       | 36/144 [00:01<00:03, 33.98it/s, v_num=73760, train_loss_step=0.0426, val_loss=0.0225, val_acc=0.993, train_loss_epoch=0.0198]Epoch 10:  25%|██▌       | 36/144 [00:01<00:03, 33.98it/s, v_num=73760, train_loss_step=0.0159, val_loss=0.0225, val_acc=0.993, train_loss_epoch=0.0198]Epoch 10:  26%|██▌       | 37/144 [00:01<00:03, 34.11it/s, v_num=73760, train_loss_step=0.0159, val_loss=0.0225, val_acc=0.993, train_loss_epoch=0.0198]Epoch 10:  26%|██▌       | 37/144 [00:01<00:03, 34.10it/s, v_num=73760, train_loss_step=0.0235, val_loss=0.0225, val_acc=0.993, train_loss_epoch=0.0198]Epoch 10:  26%|██▋       | 38/144 [00:01<00:03, 34.10it/s, v_num=73760, train_loss_step=0.0235, val_loss=0.0225, val_acc=0.993, train_loss_epoch=0.0198]Epoch 10:  26%|██▋       | 38/144 [00:01<00:03, 34.10it/s, v_num=73760, train_loss_step=0.0274, val_loss=0.0225, val_acc=0.993, train_loss_epoch=0.0198]Epoch 10:  27%|██▋       | 39/144 [00:01<00:03, 34.16it/s, v_num=73760, train_loss_step=0.0274, val_loss=0.0225, val_acc=0.993, train_loss_epoch=0.0198]Epoch 10:  27%|██▋       | 39/144 [00:01<00:03, 34.16it/s, v_num=73760, train_loss_step=0.0445, val_loss=0.0225, val_acc=0.993, train_loss_epoch=0.0198]Epoch 10:  28%|██▊       | 40/144 [00:01<00:03, 34.16it/s, v_num=73760, train_loss_step=0.0445, val_loss=0.0225, val_acc=0.993, train_loss_epoch=0.0198]Epoch 10:  28%|██▊       | 40/144 [00:01<00:03, 34.16it/s, v_num=73760, train_loss_step=0.0608, val_loss=0.0225, val_acc=0.993, train_loss_epoch=0.0198]Epoch 10:  28%|██▊       | 41/144 [00:01<00:03, 34.22it/s, v_num=73760, train_loss_step=0.0608, val_loss=0.0225, val_acc=0.993, train_loss_epoch=0.0198]Epoch 10:  28%|██▊       | 41/144 [00:01<00:03, 34.21it/s, v_num=73760, train_loss_step=0.0305, val_loss=0.0225, val_acc=0.993, train_loss_epoch=0.0198]Epoch 10:  29%|██▉       | 42/144 [00:01<00:03, 33.95it/s, v_num=73760, train_loss_step=0.0305, val_loss=0.0225, val_acc=0.993, train_loss_epoch=0.0198]Epoch 10:  29%|██▉       | 42/144 [00:01<00:03, 33.95it/s, v_num=73760, train_loss_step=0.0532, val_loss=0.0225, val_acc=0.993, train_loss_epoch=0.0198]Epoch 10:  30%|██▉       | 43/144 [00:01<00:02, 34.02it/s, v_num=73760, train_loss_step=0.0532, val_loss=0.0225, val_acc=0.993, train_loss_epoch=0.0198]Epoch 10:  30%|██▉       | 43/144 [00:01<00:02, 34.02it/s, v_num=73760, train_loss_step=0.045, val_loss=0.0225, val_acc=0.993, train_loss_epoch=0.0198] Epoch 10:  31%|███       | 44/144 [00:01<00:02, 34.10it/s, v_num=73760, train_loss_step=0.045, val_loss=0.0225, val_acc=0.993, train_loss_epoch=0.0198]Epoch 10:  31%|███       | 44/144 [00:01<00:02, 34.10it/s, v_num=73760, train_loss_step=0.0384, val_loss=0.0225, val_acc=0.993, train_loss_epoch=0.0198]Epoch 10:  31%|███▏      | 45/144 [00:01<00:02, 34.05it/s, v_num=73760, train_loss_step=0.0384, val_loss=0.0225, val_acc=0.993, train_loss_epoch=0.0198]Epoch 10:  31%|███▏      | 45/144 [00:01<00:02, 34.04it/s, v_num=73760, train_loss_step=0.0333, val_loss=0.0225, val_acc=0.993, train_loss_epoch=0.0198]Epoch 10:  32%|███▏      | 46/144 [00:01<00:02, 34.10it/s, v_num=73760, train_loss_step=0.0333, val_loss=0.0225, val_acc=0.993, train_loss_epoch=0.0198]Epoch 10:  32%|███▏      | 46/144 [00:01<00:02, 34.09it/s, v_num=73760, train_loss_step=0.0168, val_loss=0.0225, val_acc=0.993, train_loss_epoch=0.0198]Epoch 10:  33%|███▎      | 47/144 [00:01<00:02, 34.18it/s, v_num=73760, train_loss_step=0.0168, val_loss=0.0225, val_acc=0.993, train_loss_epoch=0.0198]Epoch 10:  33%|███▎      | 47/144 [00:01<00:02, 34.18it/s, v_num=73760, train_loss_step=0.0324, val_loss=0.0225, val_acc=0.993, train_loss_epoch=0.0198]Epoch 10:  33%|███▎      | 48/144 [00:01<00:02, 34.27it/s, v_num=73760, train_loss_step=0.0324, val_loss=0.0225, val_acc=0.993, train_loss_epoch=0.0198]Epoch 10:  33%|███▎      | 48/144 [00:01<00:02, 34.27it/s, v_num=73760, train_loss_step=0.0343, val_loss=0.0225, val_acc=0.993, train_loss_epoch=0.0198]Epoch 10:  34%|███▍      | 49/144 [00:01<00:02, 34.25it/s, v_num=73760, train_loss_step=0.0343, val_loss=0.0225, val_acc=0.993, train_loss_epoch=0.0198]Epoch 10:  34%|███▍      | 49/144 [00:01<00:02, 34.25it/s, v_num=73760, train_loss_step=0.0384, val_loss=0.0225, val_acc=0.993, train_loss_epoch=0.0198]Epoch 10:  35%|███▍      | 50/144 [00:01<00:02, 34.29it/s, v_num=73760, train_loss_step=0.0384, val_loss=0.0225, val_acc=0.993, train_loss_epoch=0.0198]Epoch 10:  35%|███▍      | 50/144 [00:01<00:02, 34.29it/s, v_num=73760, train_loss_step=0.017, val_loss=0.0225, val_acc=0.993, train_loss_epoch=0.0198] Epoch 10:  35%|███▌      | 51/144 [00:01<00:02, 34.37it/s, v_num=73760, train_loss_step=0.017, val_loss=0.0225, val_acc=0.993, train_loss_epoch=0.0198]Epoch 10:  35%|███▌      | 51/144 [00:01<00:02, 34.37it/s, v_num=73760, train_loss_step=0.0253, val_loss=0.0225, val_acc=0.993, train_loss_epoch=0.0198]Epoch 10:  36%|███▌      | 52/144 [00:01<00:02, 34.35it/s, v_num=73760, train_loss_step=0.0253, val_loss=0.0225, val_acc=0.993, train_loss_epoch=0.0198]Epoch 10:  36%|███▌      | 52/144 [00:01<00:02, 34.34it/s, v_num=73760, train_loss_step=0.0192, val_loss=0.0225, val_acc=0.993, train_loss_epoch=0.0198]Epoch 10:  37%|███▋      | 53/144 [00:01<00:02, 34.28it/s, v_num=73760, train_loss_step=0.0192, val_loss=0.0225, val_acc=0.993, train_loss_epoch=0.0198]Epoch 10:  37%|███▋      | 53/144 [00:01<00:02, 34.27it/s, v_num=73760, train_loss_step=0.0122, val_loss=0.0225, val_acc=0.993, train_loss_epoch=0.0198]Epoch 10:  38%|███▊      | 54/144 [00:01<00:02, 34.35it/s, v_num=73760, train_loss_step=0.0122, val_loss=0.0225, val_acc=0.993, train_loss_epoch=0.0198]Epoch 10:  38%|███▊      | 54/144 [00:01<00:02, 34.35it/s, v_num=73760, train_loss_step=0.00787, val_loss=0.0225, val_acc=0.993, train_loss_epoch=0.0198]Epoch 10:  38%|███▊      | 55/144 [00:01<00:02, 34.44it/s, v_num=73760, train_loss_step=0.00787, val_loss=0.0225, val_acc=0.993, train_loss_epoch=0.0198]Epoch 10:  38%|███▊      | 55/144 [00:01<00:02, 34.44it/s, v_num=73760, train_loss_step=0.0188, val_loss=0.0225, val_acc=0.993, train_loss_epoch=0.0198] Epoch 10:  39%|███▉      | 56/144 [00:01<00:02, 34.50it/s, v_num=73760, train_loss_step=0.0188, val_loss=0.0225, val_acc=0.993, train_loss_epoch=0.0198]Epoch 10:  39%|███▉      | 56/144 [00:01<00:02, 34.50it/s, v_num=73760, train_loss_step=0.0213, val_loss=0.0225, val_acc=0.993, train_loss_epoch=0.0198]Epoch 10:  40%|███▉      | 57/144 [00:01<00:02, 34.47it/s, v_num=73760, train_loss_step=0.0213, val_loss=0.0225, val_acc=0.993, train_loss_epoch=0.0198]Epoch 10:  40%|███▉      | 57/144 [00:01<00:02, 34.47it/s, v_num=73760, train_loss_step=0.024, val_loss=0.0225, val_acc=0.993, train_loss_epoch=0.0198] Epoch 10:  40%|████      | 58/144 [00:01<00:02, 34.52it/s, v_num=73760, train_loss_step=0.024, val_loss=0.0225, val_acc=0.993, train_loss_epoch=0.0198]Epoch 10:  40%|████      | 58/144 [00:01<00:02, 34.52it/s, v_num=73760, train_loss_step=0.0126, val_loss=0.0225, val_acc=0.993, train_loss_epoch=0.0198]Epoch 10:  41%|████      | 59/144 [00:01<00:02, 34.59it/s, v_num=73760, train_loss_step=0.0126, val_loss=0.0225, val_acc=0.993, train_loss_epoch=0.0198]Epoch 10:  41%|████      | 59/144 [00:01<00:02, 34.58it/s, v_num=73760, train_loss_step=0.018, val_loss=0.0225, val_acc=0.993, train_loss_epoch=0.0198] Epoch 10:  42%|████▏     | 60/144 [00:01<00:02, 34.63it/s, v_num=73760, train_loss_step=0.018, val_loss=0.0225, val_acc=0.993, train_loss_epoch=0.0198]Epoch 10:  42%|████▏     | 60/144 [00:01<00:02, 34.63it/s, v_num=73760, train_loss_step=0.0152, val_loss=0.0225, val_acc=0.993, train_loss_epoch=0.0198]Epoch 10:  42%|████▏     | 61/144 [00:01<00:02, 34.62it/s, v_num=73760, train_loss_step=0.0152, val_loss=0.0225, val_acc=0.993, train_loss_epoch=0.0198]Epoch 10:  42%|████▏     | 61/144 [00:01<00:02, 34.61it/s, v_num=73760, train_loss_step=0.0266, val_loss=0.0225, val_acc=0.993, train_loss_epoch=0.0198]Epoch 10:  43%|████▎     | 62/144 [00:01<00:02, 34.68it/s, v_num=73760, train_loss_step=0.0266, val_loss=0.0225, val_acc=0.993, train_loss_epoch=0.0198]Epoch 10:  43%|████▎     | 62/144 [00:01<00:02, 34.67it/s, v_num=73760, train_loss_step=0.0148, val_loss=0.0225, val_acc=0.993, train_loss_epoch=0.0198]Epoch 10:  44%|████▍     | 63/144 [00:01<00:02, 34.73it/s, v_num=73760, train_loss_step=0.0148, val_loss=0.0225, val_acc=0.993, train_loss_epoch=0.0198]Epoch 10:  44%|████▍     | 63/144 [00:01<00:02, 34.73it/s, v_num=73760, train_loss_step=0.00259, val_loss=0.0225, val_acc=0.993, train_loss_epoch=0.0198]Epoch 10:  44%|████▍     | 64/144 [00:01<00:02, 34.77it/s, v_num=73760, train_loss_step=0.00259, val_loss=0.0225, val_acc=0.993, train_loss_epoch=0.0198]Epoch 10:  44%|████▍     | 64/144 [00:01<00:02, 34.76it/s, v_num=73760, train_loss_step=0.0625, val_loss=0.0225, val_acc=0.993, train_loss_epoch=0.0198] Epoch 10:  45%|████▌     | 65/144 [00:01<00:02, 34.75it/s, v_num=73760, train_loss_step=0.0625, val_loss=0.0225, val_acc=0.993, train_loss_epoch=0.0198]Epoch 10:  45%|████▌     | 65/144 [00:01<00:02, 34.75it/s, v_num=73760, train_loss_step=0.048, val_loss=0.0225, val_acc=0.993, train_loss_epoch=0.0198] Epoch 10:  46%|████▌     | 66/144 [00:01<00:02, 34.82it/s, v_num=73760, train_loss_step=0.048, val_loss=0.0225, val_acc=0.993, train_loss_epoch=0.0198]Epoch 10:  46%|████▌     | 66/144 [00:01<00:02, 34.82it/s, v_num=73760, train_loss_step=0.0428, val_loss=0.0225, val_acc=0.993, train_loss_epoch=0.0198]Epoch 10:  47%|████▋     | 67/144 [00:01<00:02, 34.84it/s, v_num=73760, train_loss_step=0.0428, val_loss=0.0225, val_acc=0.993, train_loss_epoch=0.0198]Epoch 10:  47%|████▋     | 67/144 [00:01<00:02, 34.84it/s, v_num=73760, train_loss_step=0.0203, val_loss=0.0225, val_acc=0.993, train_loss_epoch=0.0198]Epoch 10:  47%|████▋     | 68/144 [00:01<00:02, 34.89it/s, v_num=73760, train_loss_step=0.0203, val_loss=0.0225, val_acc=0.993, train_loss_epoch=0.0198]Epoch 10:  47%|████▋     | 68/144 [00:01<00:02, 34.89it/s, v_num=73760, train_loss_step=0.0198, val_loss=0.0225, val_acc=0.993, train_loss_epoch=0.0198]Epoch 10:  48%|████▊     | 69/144 [00:01<00:02, 34.88it/s, v_num=73760, train_loss_step=0.0198, val_loss=0.0225, val_acc=0.993, train_loss_epoch=0.0198]Epoch 10:  48%|████▊     | 69/144 [00:01<00:02, 34.88it/s, v_num=73760, train_loss_step=0.0453, val_loss=0.0225, val_acc=0.993, train_loss_epoch=0.0198]Epoch 10:  49%|████▊     | 70/144 [00:02<00:02, 34.93it/s, v_num=73760, train_loss_step=0.0453, val_loss=0.0225, val_acc=0.993, train_loss_epoch=0.0198]Epoch 10:  49%|████▊     | 70/144 [00:02<00:02, 34.93it/s, v_num=73760, train_loss_step=0.0189, val_loss=0.0225, val_acc=0.993, train_loss_epoch=0.0198]Epoch 10:  49%|████▉     | 71/144 [00:02<00:02, 34.97it/s, v_num=73760, train_loss_step=0.0189, val_loss=0.0225, val_acc=0.993, train_loss_epoch=0.0198]Epoch 10:  49%|████▉     | 71/144 [00:02<00:02, 34.97it/s, v_num=73760, train_loss_step=0.0231, val_loss=0.0225, val_acc=0.993, train_loss_epoch=0.0198]Epoch 10:  50%|█████     | 72/144 [00:02<00:02, 34.93it/s, v_num=73760, train_loss_step=0.0231, val_loss=0.0225, val_acc=0.993, train_loss_epoch=0.0198]Epoch 10:  50%|█████     | 72/144 [00:02<00:02, 34.93it/s, v_num=73760, train_loss_step=0.032, val_loss=0.0225, val_acc=0.993, train_loss_epoch=0.0198] Epoch 10:  51%|█████     | 73/144 [00:02<00:02, 34.91it/s, v_num=73760, train_loss_step=0.032, val_loss=0.0225, val_acc=0.993, train_loss_epoch=0.0198]Epoch 10:  51%|█████     | 73/144 [00:02<00:02, 34.90it/s, v_num=73760, train_loss_step=0.0487, val_loss=0.0225, val_acc=0.993, train_loss_epoch=0.0198]Epoch 10:  51%|█████▏    | 74/144 [00:02<00:02, 34.96it/s, v_num=73760, train_loss_step=0.0487, val_loss=0.0225, val_acc=0.993, train_loss_epoch=0.0198]Epoch 10:  51%|█████▏    | 74/144 [00:02<00:02, 34.95it/s, v_num=73760, train_loss_step=0.0106, val_loss=0.0225, val_acc=0.993, train_loss_epoch=0.0198]Epoch 10:  52%|█████▏    | 75/144 [00:02<00:01, 35.01it/s, v_num=73760, train_loss_step=0.0106, val_loss=0.0225, val_acc=0.993, train_loss_epoch=0.0198]Epoch 10:  52%|█████▏    | 75/144 [00:02<00:01, 35.01it/s, v_num=73760, train_loss_step=0.0218, val_loss=0.0225, val_acc=0.993, train_loss_epoch=0.0198]Epoch 10:  53%|█████▎    | 76/144 [00:02<00:01, 35.04it/s, v_num=73760, train_loss_step=0.0218, val_loss=0.0225, val_acc=0.993, train_loss_epoch=0.0198]Epoch 10:  53%|█████▎    | 76/144 [00:02<00:01, 35.04it/s, v_num=73760, train_loss_step=0.0294, val_loss=0.0225, val_acc=0.993, train_loss_epoch=0.0198]Epoch 10:  53%|█████▎    | 77/144 [00:02<00:01, 35.03it/s, v_num=73760, train_loss_step=0.0294, val_loss=0.0225, val_acc=0.993, train_loss_epoch=0.0198]Epoch 10:  53%|█████▎    | 77/144 [00:02<00:01, 35.03it/s, v_num=73760, train_loss_step=0.00893, val_loss=0.0225, val_acc=0.993, train_loss_epoch=0.0198]Epoch 10:  54%|█████▍    | 78/144 [00:02<00:01, 35.08it/s, v_num=73760, train_loss_step=0.00893, val_loss=0.0225, val_acc=0.993, train_loss_epoch=0.0198]Epoch 10:  54%|█████▍    | 78/144 [00:02<00:01, 35.08it/s, v_num=73760, train_loss_step=0.0177, val_loss=0.0225, val_acc=0.993, train_loss_epoch=0.0198] Epoch 10:  55%|█████▍    | 79/144 [00:02<00:01, 35.12it/s, v_num=73760, train_loss_step=0.0177, val_loss=0.0225, val_acc=0.993, train_loss_epoch=0.0198]Epoch 10:  55%|█████▍    | 79/144 [00:02<00:01, 35.11it/s, v_num=73760, train_loss_step=0.00561, val_loss=0.0225, val_acc=0.993, train_loss_epoch=0.0198]Epoch 10:  56%|█████▌    | 80/144 [00:02<00:01, 35.16it/s, v_num=73760, train_loss_step=0.00561, val_loss=0.0225, val_acc=0.993, train_loss_epoch=0.0198]Epoch 10:  56%|█████▌    | 80/144 [00:02<00:01, 35.16it/s, v_num=73760, train_loss_step=0.044, val_loss=0.0225, val_acc=0.993, train_loss_epoch=0.0198]  Epoch 10:  56%|█████▋    | 81/144 [00:02<00:01, 35.15it/s, v_num=73760, train_loss_step=0.044, val_loss=0.0225, val_acc=0.993, train_loss_epoch=0.0198]Epoch 10:  56%|█████▋    | 81/144 [00:02<00:01, 35.14it/s, v_num=73760, train_loss_step=0.0153, val_loss=0.0225, val_acc=0.993, train_loss_epoch=0.0198]Epoch 10:  57%|█████▋    | 82/144 [00:02<00:01, 35.19it/s, v_num=73760, train_loss_step=0.0153, val_loss=0.0225, val_acc=0.993, train_loss_epoch=0.0198]Epoch 10:  57%|█████▋    | 82/144 [00:02<00:01, 35.18it/s, v_num=73760, train_loss_step=0.00321, val_loss=0.0225, val_acc=0.993, train_loss_epoch=0.0198]Epoch 10:  58%|█████▊    | 83/144 [00:02<00:01, 35.22it/s, v_num=73760, train_loss_step=0.00321, val_loss=0.0225, val_acc=0.993, train_loss_epoch=0.0198]Epoch 10:  58%|█████▊    | 83/144 [00:02<00:01, 35.21it/s, v_num=73760, train_loss_step=0.00792, val_loss=0.0225, val_acc=0.993, train_loss_epoch=0.0198]Epoch 10:  58%|█████▊    | 84/144 [00:02<00:01, 35.25it/s, v_num=73760, train_loss_step=0.00792, val_loss=0.0225, val_acc=0.993, train_loss_epoch=0.0198]Epoch 10:  58%|█████▊    | 84/144 [00:02<00:01, 35.25it/s, v_num=73760, train_loss_step=0.0326, val_loss=0.0225, val_acc=0.993, train_loss_epoch=0.0198] Epoch 10:  59%|█████▉    | 85/144 [00:02<00:01, 35.24it/s, v_num=73760, train_loss_step=0.0326, val_loss=0.0225, val_acc=0.993, train_loss_epoch=0.0198]Epoch 10:  59%|█████▉    | 85/144 [00:02<00:01, 35.24it/s, v_num=73760, train_loss_step=0.0219, val_loss=0.0225, val_acc=0.993, train_loss_epoch=0.0198]Epoch 10:  60%|█████▉    | 86/144 [00:02<00:01, 35.28it/s, v_num=73760, train_loss_step=0.0219, val_loss=0.0225, val_acc=0.993, train_loss_epoch=0.0198]Epoch 10:  60%|█████▉    | 86/144 [00:02<00:01, 35.28it/s, v_num=73760, train_loss_step=0.018, val_loss=0.0225, val_acc=0.993, train_loss_epoch=0.0198] Epoch 10:  60%|██████    | 87/144 [00:02<00:01, 35.27it/s, v_num=73760, train_loss_step=0.018, val_loss=0.0225, val_acc=0.993, train_loss_epoch=0.0198]Epoch 10:  60%|██████    | 87/144 [00:02<00:01, 35.27it/s, v_num=73760, train_loss_step=0.0132, val_loss=0.0225, val_acc=0.993, train_loss_epoch=0.0198]Epoch 10:  61%|██████    | 88/144 [00:02<00:01, 35.30it/s, v_num=73760, train_loss_step=0.0132, val_loss=0.0225, val_acc=0.993, train_loss_epoch=0.0198]Epoch 10:  61%|██████    | 88/144 [00:02<00:01, 35.30it/s, v_num=73760, train_loss_step=0.0314, val_loss=0.0225, val_acc=0.993, train_loss_epoch=0.0198]Epoch 10:  62%|██████▏   | 89/144 [00:02<00:01, 35.28it/s, v_num=73760, train_loss_step=0.0314, val_loss=0.0225, val_acc=0.993, train_loss_epoch=0.0198]Epoch 10:  62%|██████▏   | 89/144 [00:02<00:01, 35.28it/s, v_num=73760, train_loss_step=0.0181, val_loss=0.0225, val_acc=0.993, train_loss_epoch=0.0198]Epoch 10:  62%|██████▎   | 90/144 [00:02<00:01, 35.32it/s, v_num=73760, train_loss_step=0.0181, val_loss=0.0225, val_acc=0.993, train_loss_epoch=0.0198]Epoch 10:  62%|██████▎   | 90/144 [00:02<00:01, 35.32it/s, v_num=73760, train_loss_step=0.00448, val_loss=0.0225, val_acc=0.993, train_loss_epoch=0.0198]Epoch 10:  63%|██████▎   | 91/144 [00:02<00:01, 35.35it/s, v_num=73760, train_loss_step=0.00448, val_loss=0.0225, val_acc=0.993, train_loss_epoch=0.0198]Epoch 10:  63%|██████▎   | 91/144 [00:02<00:01, 35.35it/s, v_num=73760, train_loss_step=0.00451, val_loss=0.0225, val_acc=0.993, train_loss_epoch=0.0198]Epoch 10:  64%|██████▍   | 92/144 [00:02<00:01, 35.39it/s, v_num=73760, train_loss_step=0.00451, val_loss=0.0225, val_acc=0.993, train_loss_epoch=0.0198]Epoch 10:  64%|██████▍   | 92/144 [00:02<00:01, 35.38it/s, v_num=73760, train_loss_step=0.0105, val_loss=0.0225, val_acc=0.993, train_loss_epoch=0.0198] Epoch 10:  65%|██████▍   | 93/144 [00:02<00:01, 35.36it/s, v_num=73760, train_loss_step=0.0105, val_loss=0.0225, val_acc=0.993, train_loss_epoch=0.0198]Epoch 10:  65%|██████▍   | 93/144 [00:02<00:01, 35.35it/s, v_num=73760, train_loss_step=0.0145, val_loss=0.0225, val_acc=0.993, train_loss_epoch=0.0198]Epoch 10:  65%|██████▌   | 94/144 [00:02<00:01, 35.38it/s, v_num=73760, train_loss_step=0.0145, val_loss=0.0225, val_acc=0.993, train_loss_epoch=0.0198]Epoch 10:  65%|██████▌   | 94/144 [00:02<00:01, 35.38it/s, v_num=73760, train_loss_step=0.0104, val_loss=0.0225, val_acc=0.993, train_loss_epoch=0.0198]Epoch 10:  66%|██████▌   | 95/144 [00:02<00:01, 35.42it/s, v_num=73760, train_loss_step=0.0104, val_loss=0.0225, val_acc=0.993, train_loss_epoch=0.0198]Epoch 10:  66%|██████▌   | 95/144 [00:02<00:01, 35.42it/s, v_num=73760, train_loss_step=0.0527, val_loss=0.0225, val_acc=0.993, train_loss_epoch=0.0198]Epoch 10:  67%|██████▋   | 96/144 [00:02<00:01, 35.36it/s, v_num=73760, train_loss_step=0.0527, val_loss=0.0225, val_acc=0.993, train_loss_epoch=0.0198]Epoch 10:  67%|██████▋   | 96/144 [00:02<00:01, 35.35it/s, v_num=73760, train_loss_step=0.00633, val_loss=0.0225, val_acc=0.993, train_loss_epoch=0.0198]Epoch 10:  67%|██████▋   | 97/144 [00:02<00:01, 35.32it/s, v_num=73760, train_loss_step=0.00633, val_loss=0.0225, val_acc=0.993, train_loss_epoch=0.0198]Epoch 10:  67%|██████▋   | 97/144 [00:02<00:01, 35.32it/s, v_num=73760, train_loss_step=0.0235, val_loss=0.0225, val_acc=0.993, train_loss_epoch=0.0198] Epoch 10:  68%|██████▊   | 98/144 [00:02<00:01, 35.37it/s, v_num=73760, train_loss_step=0.0235, val_loss=0.0225, val_acc=0.993, train_loss_epoch=0.0198]Epoch 10:  68%|██████▊   | 98/144 [00:02<00:01, 35.36it/s, v_num=73760, train_loss_step=0.0356, val_loss=0.0225, val_acc=0.993, train_loss_epoch=0.0198]Epoch 10:  69%|██████▉   | 99/144 [00:02<00:01, 35.40it/s, v_num=73760, train_loss_step=0.0356, val_loss=0.0225, val_acc=0.993, train_loss_epoch=0.0198]Epoch 10:  69%|██████▉   | 99/144 [00:02<00:01, 35.40it/s, v_num=73760, train_loss_step=0.00602, val_loss=0.0225, val_acc=0.993, train_loss_epoch=0.0198]Epoch 10:  69%|██████▉   | 100/144 [00:02<00:01, 35.44it/s, v_num=73760, train_loss_step=0.00602, val_loss=0.0225, val_acc=0.993, train_loss_epoch=0.0198]Epoch 10:  69%|██████▉   | 100/144 [00:02<00:01, 35.44it/s, v_num=73760, train_loss_step=0.0143, val_loss=0.0225, val_acc=0.993, train_loss_epoch=0.0198] Epoch 10:  70%|███████   | 101/144 [00:02<00:01, 35.43it/s, v_num=73760, train_loss_step=0.0143, val_loss=0.0225, val_acc=0.993, train_loss_epoch=0.0198]Epoch 10:  70%|███████   | 101/144 [00:02<00:01, 35.43it/s, v_num=73760, train_loss_step=0.0127, val_loss=0.0225, val_acc=0.993, train_loss_epoch=0.0198]Epoch 10:  71%|███████   | 102/144 [00:02<00:01, 35.45it/s, v_num=73760, train_loss_step=0.0127, val_loss=0.0225, val_acc=0.993, train_loss_epoch=0.0198]Epoch 10:  71%|███████   | 102/144 [00:02<00:01, 35.45it/s, v_num=73760, train_loss_step=0.0166, val_loss=0.0225, val_acc=0.993, train_loss_epoch=0.0198]Epoch 10:  72%|███████▏  | 103/144 [00:02<00:01, 35.47it/s, v_num=73760, train_loss_step=0.0166, val_loss=0.0225, val_acc=0.993, train_loss_epoch=0.0198]Epoch 10:  72%|███████▏  | 103/144 [00:02<00:01, 35.47it/s, v_num=73760, train_loss_step=0.0235, val_loss=0.0225, val_acc=0.993, train_loss_epoch=0.0198]Epoch 10:  72%|███████▏  | 104/144 [00:02<00:01, 35.50it/s, v_num=73760, train_loss_step=0.0235, val_loss=0.0225, val_acc=0.993, train_loss_epoch=0.0198]Epoch 10:  72%|███████▏  | 104/144 [00:02<00:01, 35.50it/s, v_num=73760, train_loss_step=0.0131, val_loss=0.0225, val_acc=0.993, train_loss_epoch=0.0198]Epoch 10:  73%|███████▎  | 105/144 [00:02<00:01, 35.48it/s, v_num=73760, train_loss_step=0.0131, val_loss=0.0225, val_acc=0.993, train_loss_epoch=0.0198]Epoch 10:  73%|███████▎  | 105/144 [00:02<00:01, 35.48it/s, v_num=73760, train_loss_step=0.0635, val_loss=0.0225, val_acc=0.993, train_loss_epoch=0.0198]Epoch 10:  74%|███████▎  | 106/144 [00:02<00:01, 35.53it/s, v_num=73760, train_loss_step=0.0635, val_loss=0.0225, val_acc=0.993, train_loss_epoch=0.0198]Epoch 10:  74%|███████▎  | 106/144 [00:02<00:01, 35.52it/s, v_num=73760, train_loss_step=0.0105, val_loss=0.0225, val_acc=0.993, train_loss_epoch=0.0198]Epoch 10:  74%|███████▍  | 107/144 [00:03<00:01, 35.57it/s, v_num=73760, train_loss_step=0.0105, val_loss=0.0225, val_acc=0.993, train_loss_epoch=0.0198]Epoch 10:  74%|███████▍  | 107/144 [00:03<00:01, 35.57it/s, v_num=73760, train_loss_step=0.00863, val_loss=0.0225, val_acc=0.993, train_loss_epoch=0.0198]Epoch 10:  75%|███████▌  | 108/144 [00:03<00:01, 35.62it/s, v_num=73760, train_loss_step=0.00863, val_loss=0.0225, val_acc=0.993, train_loss_epoch=0.0198]Epoch 10:  75%|███████▌  | 108/144 [00:03<00:01, 35.61it/s, v_num=73760, train_loss_step=0.0424, val_loss=0.0225, val_acc=0.993, train_loss_epoch=0.0198] Epoch 10:  76%|███████▌  | 109/144 [00:03<00:00, 35.62it/s, v_num=73760, train_loss_step=0.0424, val_loss=0.0225, val_acc=0.993, train_loss_epoch=0.0198]Epoch 10:  76%|███████▌  | 109/144 [00:03<00:00, 35.62it/s, v_num=73760, train_loss_step=0.0125, val_loss=0.0225, val_acc=0.993, train_loss_epoch=0.0198]Epoch 10:  76%|███████▋  | 110/144 [00:03<00:00, 35.63it/s, v_num=73760, train_loss_step=0.0125, val_loss=0.0225, val_acc=0.993, train_loss_epoch=0.0198]Epoch 10:  76%|███████▋  | 110/144 [00:03<00:00, 35.63it/s, v_num=73760, train_loss_step=0.0127, val_loss=0.0225, val_acc=0.993, train_loss_epoch=0.0198]Epoch 10:  77%|███████▋  | 111/144 [00:03<00:00, 35.64it/s, v_num=73760, train_loss_step=0.0127, val_loss=0.0225, val_acc=0.993, train_loss_epoch=0.0198]Epoch 10:  77%|███████▋  | 111/144 [00:03<00:00, 35.64it/s, v_num=73760, train_loss_step=0.0297, val_loss=0.0225, val_acc=0.993, train_loss_epoch=0.0198]Epoch 10:  78%|███████▊  | 112/144 [00:03<00:00, 35.67it/s, v_num=73760, train_loss_step=0.0297, val_loss=0.0225, val_acc=0.993, train_loss_epoch=0.0198]Epoch 10:  78%|███████▊  | 112/144 [00:03<00:00, 35.67it/s, v_num=73760, train_loss_step=0.00485, val_loss=0.0225, val_acc=0.993, train_loss_epoch=0.0198]Epoch 10:  78%|███████▊  | 113/144 [00:03<00:00, 35.71it/s, v_num=73760, train_loss_step=0.00485, val_loss=0.0225, val_acc=0.993, train_loss_epoch=0.0198]Epoch 10:  78%|███████▊  | 113/144 [00:03<00:00, 35.70it/s, v_num=73760, train_loss_step=0.0407, val_loss=0.0225, val_acc=0.993, train_loss_epoch=0.0198] Epoch 10:  79%|███████▉  | 114/144 [00:03<00:00, 35.64it/s, v_num=73760, train_loss_step=0.0407, val_loss=0.0225, val_acc=0.993, train_loss_epoch=0.0198]Epoch 10:  79%|███████▉  | 114/144 [00:03<00:00, 35.64it/s, v_num=73760, train_loss_step=0.0169, val_loss=0.0225, val_acc=0.993, train_loss_epoch=0.0198]Epoch 10:  80%|███████▉  | 115/144 [00:03<00:00, 35.68it/s, v_num=73760, train_loss_step=0.0169, val_loss=0.0225, val_acc=0.993, train_loss_epoch=0.0198]Epoch 10:  80%|███████▉  | 115/144 [00:03<00:00, 35.67it/s, v_num=73760, train_loss_step=0.022, val_loss=0.0225, val_acc=0.993, train_loss_epoch=0.0198] Epoch 10:  81%|████████  | 116/144 [00:03<00:00, 35.72it/s, v_num=73760, train_loss_step=0.022, val_loss=0.0225, val_acc=0.993, train_loss_epoch=0.0198]Epoch 10:  81%|████████  | 116/144 [00:03<00:00, 35.72it/s, v_num=73760, train_loss_step=0.0123, val_loss=0.0225, val_acc=0.993, train_loss_epoch=0.0198]Epoch 10:  81%|████████▏ | 117/144 [00:03<00:00, 35.76it/s, v_num=73760, train_loss_step=0.0123, val_loss=0.0225, val_acc=0.993, train_loss_epoch=0.0198]Epoch 10:  81%|████████▏ | 117/144 [00:03<00:00, 35.75it/s, v_num=73760, train_loss_step=0.0351, val_loss=0.0225, val_acc=0.993, train_loss_epoch=0.0198]Epoch 10:  82%|████████▏ | 118/144 [00:03<00:00, 35.75it/s, v_num=73760, train_loss_step=0.0351, val_loss=0.0225, val_acc=0.993, train_loss_epoch=0.0198]Epoch 10:  82%|████████▏ | 118/144 [00:03<00:00, 35.75it/s, v_num=73760, train_loss_step=0.00991, val_loss=0.0225, val_acc=0.993, train_loss_epoch=0.0198]Epoch 10:  83%|████████▎ | 119/144 [00:03<00:00, 35.78it/s, v_num=73760, train_loss_step=0.00991, val_loss=0.0225, val_acc=0.993, train_loss_epoch=0.0198]Epoch 10:  83%|████████▎ | 119/144 [00:03<00:00, 35.78it/s, v_num=73760, train_loss_step=0.00861, val_loss=0.0225, val_acc=0.993, train_loss_epoch=0.0198]Epoch 10:  83%|████████▎ | 120/144 [00:03<00:00, 35.80it/s, v_num=73760, train_loss_step=0.00861, val_loss=0.0225, val_acc=0.993, train_loss_epoch=0.0198]Epoch 10:  83%|████████▎ | 120/144 [00:03<00:00, 35.80it/s, v_num=73760, train_loss_step=0.00603, val_loss=0.0225, val_acc=0.993, train_loss_epoch=0.0198]Epoch 10:  84%|████████▍ | 121/144 [00:03<00:00, 35.83it/s, v_num=73760, train_loss_step=0.00603, val_loss=0.0225, val_acc=0.993, train_loss_epoch=0.0198]Epoch 10:  84%|████████▍ | 121/144 [00:03<00:00, 35.83it/s, v_num=73760, train_loss_step=0.00743, val_loss=0.0225, val_acc=0.993, train_loss_epoch=0.0198]Epoch 10:  85%|████████▍ | 122/144 [00:03<00:00, 35.84it/s, v_num=73760, train_loss_step=0.00743, val_loss=0.0225, val_acc=0.993, train_loss_epoch=0.0198]Epoch 10:  85%|████████▍ | 122/144 [00:03<00:00, 35.83it/s, v_num=73760, train_loss_step=0.0186, val_loss=0.0225, val_acc=0.993, train_loss_epoch=0.0198] Epoch 10:  85%|████████▌ | 123/144 [00:03<00:00, 35.87it/s, v_num=73760, train_loss_step=0.0186, val_loss=0.0225, val_acc=0.993, train_loss_epoch=0.0198]Epoch 10:  85%|████████▌ | 123/144 [00:03<00:00, 35.87it/s, v_num=73760, train_loss_step=0.0179, val_loss=0.0225, val_acc=0.993, train_loss_epoch=0.0198]Epoch 10:  86%|████████▌ | 124/144 [00:03<00:00, 35.90it/s, v_num=73760, train_loss_step=0.0179, val_loss=0.0225, val_acc=0.993, train_loss_epoch=0.0198]Epoch 10:  86%|████████▌ | 124/144 [00:03<00:00, 35.90it/s, v_num=73760, train_loss_step=0.018, val_loss=0.0225, val_acc=0.993, train_loss_epoch=0.0198] Epoch 10:  87%|████████▋ | 125/144 [00:03<00:00, 35.93it/s, v_num=73760, train_loss_step=0.018, val_loss=0.0225, val_acc=0.993, train_loss_epoch=0.0198]Epoch 10:  87%|████████▋ | 125/144 [00:03<00:00, 35.93it/s, v_num=73760, train_loss_step=0.0248, val_loss=0.0225, val_acc=0.993, train_loss_epoch=0.0198]Epoch 10:  88%|████████▊ | 126/144 [00:03<00:00, 35.96it/s, v_num=73760, train_loss_step=0.0248, val_loss=0.0225, val_acc=0.993, train_loss_epoch=0.0198]Epoch 10:  88%|████████▊ | 126/144 [00:03<00:00, 35.96it/s, v_num=73760, train_loss_step=0.015, val_loss=0.0225, val_acc=0.993, train_loss_epoch=0.0198] Epoch 10:  88%|████████▊ | 127/144 [00:03<00:00, 35.95it/s, v_num=73760, train_loss_step=0.015, val_loss=0.0225, val_acc=0.993, train_loss_epoch=0.0198]Epoch 10:  88%|████████▊ | 127/144 [00:03<00:00, 35.95it/s, v_num=73760, train_loss_step=0.00983, val_loss=0.0225, val_acc=0.993, train_loss_epoch=0.0198]Epoch 10:  89%|████████▉ | 128/144 [00:03<00:00, 35.98it/s, v_num=73760, train_loss_step=0.00983, val_loss=0.0225, val_acc=0.993, train_loss_epoch=0.0198]Epoch 10:  89%|████████▉ | 128/144 [00:03<00:00, 35.98it/s, v_num=73760, train_loss_step=0.00817, val_loss=0.0225, val_acc=0.993, train_loss_epoch=0.0198]Epoch 10:  90%|████████▉ | 129/144 [00:03<00:00, 36.01it/s, v_num=73760, train_loss_step=0.00817, val_loss=0.0225, val_acc=0.993, train_loss_epoch=0.0198]Epoch 10:  90%|████████▉ | 129/144 [00:03<00:00, 36.01it/s, v_num=73760, train_loss_step=0.0125, val_loss=0.0225, val_acc=0.993, train_loss_epoch=0.0198] Epoch 10:  90%|█████████ | 130/144 [00:03<00:00, 36.04it/s, v_num=73760, train_loss_step=0.0125, val_loss=0.0225, val_acc=0.993, train_loss_epoch=0.0198]Epoch 10:  90%|█████████ | 130/144 [00:03<00:00, 36.03it/s, v_num=73760, train_loss_step=0.00967, val_loss=0.0225, val_acc=0.993, train_loss_epoch=0.0198]Epoch 10:  91%|█████████ | 131/144 [00:03<00:00, 36.02it/s, v_num=73760, train_loss_step=0.00967, val_loss=0.0225, val_acc=0.993, train_loss_epoch=0.0198]Epoch 10:  91%|█████████ | 131/144 [00:03<00:00, 36.02it/s, v_num=73760, train_loss_step=0.0237, val_loss=0.0225, val_acc=0.993, train_loss_epoch=0.0198] Epoch 10:  92%|█████████▏| 132/144 [00:03<00:00, 36.05it/s, v_num=73760, train_loss_step=0.0237, val_loss=0.0225, val_acc=0.993, train_loss_epoch=0.0198]Epoch 10:  92%|█████████▏| 132/144 [00:03<00:00, 36.05it/s, v_num=73760, train_loss_step=0.021, val_loss=0.0225, val_acc=0.993, train_loss_epoch=0.0198] Epoch 10:  92%|█████████▏| 133/144 [00:03<00:00, 36.07it/s, v_num=73760, train_loss_step=0.021, val_loss=0.0225, val_acc=0.993, train_loss_epoch=0.0198]Epoch 10:  92%|█████████▏| 133/144 [00:03<00:00, 36.07it/s, v_num=73760, train_loss_step=0.0158, val_loss=0.0225, val_acc=0.993, train_loss_epoch=0.0198]Epoch 10:  93%|█████████▎| 134/144 [00:03<00:00, 36.08it/s, v_num=73760, train_loss_step=0.0158, val_loss=0.0225, val_acc=0.993, train_loss_epoch=0.0198]Epoch 10:  93%|█████████▎| 134/144 [00:03<00:00, 36.08it/s, v_num=73760, train_loss_step=0.0114, val_loss=0.0225, val_acc=0.993, train_loss_epoch=0.0198]Epoch 10:  94%|█████████▍| 135/144 [00:03<00:00, 36.06it/s, v_num=73760, train_loss_step=0.0114, val_loss=0.0225, val_acc=0.993, train_loss_epoch=0.0198]Epoch 10:  94%|█████████▍| 135/144 [00:03<00:00, 36.05it/s, v_num=73760, train_loss_step=0.0215, val_loss=0.0225, val_acc=0.993, train_loss_epoch=0.0198]Epoch 10:  94%|█████████▍| 136/144 [00:03<00:00, 36.08it/s, v_num=73760, train_loss_step=0.0215, val_loss=0.0225, val_acc=0.993, train_loss_epoch=0.0198]Epoch 10:  94%|█████████▍| 136/144 [00:03<00:00, 36.08it/s, v_num=73760, train_loss_step=0.00972, val_loss=0.0225, val_acc=0.993, train_loss_epoch=0.0198]Epoch 10:  95%|█████████▌| 137/144 [00:03<00:00, 36.12it/s, v_num=73760, train_loss_step=0.00972, val_loss=0.0225, val_acc=0.993, train_loss_epoch=0.0198]Epoch 10:  95%|█████████▌| 137/144 [00:03<00:00, 36.11it/s, v_num=73760, train_loss_step=0.00665, val_loss=0.0225, val_acc=0.993, train_loss_epoch=0.0198]Epoch 10:  96%|█████████▌| 138/144 [00:03<00:00, 36.14it/s, v_num=73760, train_loss_step=0.00665, val_loss=0.0225, val_acc=0.993, train_loss_epoch=0.0198]Epoch 10:  96%|█████████▌| 138/144 [00:03<00:00, 36.14it/s, v_num=73760, train_loss_step=0.0115, val_loss=0.0225, val_acc=0.993, train_loss_epoch=0.0198] Epoch 10:  97%|█████████▋| 139/144 [00:03<00:00, 36.14it/s, v_num=73760, train_loss_step=0.0115, val_loss=0.0225, val_acc=0.993, train_loss_epoch=0.0198]Epoch 10:  97%|█████████▋| 139/144 [00:03<00:00, 36.14it/s, v_num=73760, train_loss_step=0.0147, val_loss=0.0225, val_acc=0.993, train_loss_epoch=0.0198]Epoch 10:  97%|█████████▋| 140/144 [00:03<00:00, 36.17it/s, v_num=73760, train_loss_step=0.0147, val_loss=0.0225, val_acc=0.993, train_loss_epoch=0.0198]Epoch 10:  97%|█████████▋| 140/144 [00:03<00:00, 36.17it/s, v_num=73760, train_loss_step=0.0221, val_loss=0.0225, val_acc=0.993, train_loss_epoch=0.0198]Epoch 10:  98%|█████████▊| 141/144 [00:03<00:00, 36.20it/s, v_num=73760, train_loss_step=0.0221, val_loss=0.0225, val_acc=0.993, train_loss_epoch=0.0198]Epoch 10:  98%|█████████▊| 141/144 [00:03<00:00, 36.20it/s, v_num=73760, train_loss_step=0.0102, val_loss=0.0225, val_acc=0.993, train_loss_epoch=0.0198]Epoch 10:  99%|█████████▊| 142/144 [00:03<00:00, 36.22it/s, v_num=73760, train_loss_step=0.0102, val_loss=0.0225, val_acc=0.993, train_loss_epoch=0.0198]Epoch 10:  99%|█████████▊| 142/144 [00:03<00:00, 36.22it/s, v_num=73760, train_loss_step=0.0304, val_loss=0.0225, val_acc=0.993, train_loss_epoch=0.0198]Epoch 10:  99%|█████████▉| 143/144 [00:03<00:00, 36.24it/s, v_num=73760, train_loss_step=0.0304, val_loss=0.0225, val_acc=0.993, train_loss_epoch=0.0198]Epoch 10:  99%|█████████▉| 143/144 [00:03<00:00, 36.24it/s, v_num=73760, train_loss_step=0.0247, val_loss=0.0225, val_acc=0.993, train_loss_epoch=0.0198]Epoch 10: 100%|██████████| 144/144 [00:03<00:00, 36.20it/s, v_num=73760, train_loss_step=0.0247, val_loss=0.0225, val_acc=0.993, train_loss_epoch=0.0198]Epoch 10: 100%|██████████| 144/144 [00:03<00:00, 36.20it/s, v_num=73760, train_loss_step=0.0318, val_loss=0.0225, val_acc=0.993, train_loss_epoch=0.0198]
Validation: |          | 0/? [00:00<?, ?it/s][A
Validation:   0%|          | 0/14 [00:00<?, ?it/s][A
Validation DataLoader 0:   0%|          | 0/14 [00:00<?, ?it/s][A
Validation DataLoader 0:   7%|▋         | 1/14 [00:00<00:00, 131.11it/s][A
Validation DataLoader 0:  14%|█▍        | 2/14 [00:00<00:00, 55.10it/s] [A
Validation DataLoader 0:  21%|██▏       | 3/14 [00:00<00:00, 64.24it/s][A
Validation DataLoader 0:  29%|██▊       | 4/14 [00:00<00:00, 70.57it/s][A
Validation DataLoader 0:  36%|███▌      | 5/14 [00:00<00:00, 74.75it/s][A
Validation DataLoader 0:  43%|████▎     | 6/14 [00:00<00:00, 73.58it/s][A
Validation DataLoader 0:  50%|█████     | 7/14 [00:00<00:00, 72.92it/s][A
Validation DataLoader 0:  57%|█████▋    | 8/14 [00:00<00:00, 72.55it/s][A
Validation DataLoader 0:  64%|██████▍   | 9/14 [00:00<00:00, 72.40it/s][A
Validation DataLoader 0:  71%|███████▏  | 10/14 [00:00<00:00, 72.10it/s][A
Validation DataLoader 0:  79%|███████▊  | 11/14 [00:00<00:00, 71.84it/s][A
Validation DataLoader 0:  86%|████████▌ | 12/14 [00:00<00:00, 71.61it/s][A
Validation DataLoader 0:  93%|█████████▎| 13/14 [00:00<00:00, 71.51it/s][A
Validation DataLoader 0: 100%|██████████| 14/14 [00:00<00:00, 71.42it/s][A
                                                                        [AEpoch 10: 100%|██████████| 144/144 [00:04<00:00, 34.36it/s, v_num=73760, train_loss_step=0.0318, val_loss=0.0132, val_acc=0.996, train_loss_epoch=0.0198]Epoch 10: 100%|██████████| 144/144 [00:04<00:00, 34.35it/s, v_num=73760, train_loss_step=0.0318, val_loss=0.0132, val_acc=0.996, train_loss_epoch=0.0207]Epoch 10:   0%|          | 0/144 [00:00<?, ?it/s, v_num=73760, train_loss_step=0.0318, val_loss=0.0132, val_acc=0.996, train_loss_epoch=0.0207]          Epoch 11:   0%|          | 0/144 [00:00<?, ?it/s, v_num=73760, train_loss_step=0.0318, val_loss=0.0132, val_acc=0.996, train_loss_epoch=0.0207]Epoch 11:   1%|          | 1/144 [00:00<00:12, 11.74it/s, v_num=73760, train_loss_step=0.0318, val_loss=0.0132, val_acc=0.996, train_loss_epoch=0.0207]Epoch 11:   1%|          | 1/144 [00:00<00:12, 11.72it/s, v_num=73760, train_loss_step=0.00501, val_loss=0.0132, val_acc=0.996, train_loss_epoch=0.0207]Epoch 11:   1%|▏         | 2/144 [00:00<00:08, 17.57it/s, v_num=73760, train_loss_step=0.00501, val_loss=0.0132, val_acc=0.996, train_loss_epoch=0.0207]Epoch 11:   1%|▏         | 2/144 [00:00<00:08, 17.54it/s, v_num=73760, train_loss_step=0.0502, val_loss=0.0132, val_acc=0.996, train_loss_epoch=0.0207] Epoch 11:   2%|▏         | 3/144 [00:00<00:06, 20.82it/s, v_num=73760, train_loss_step=0.0502, val_loss=0.0132, val_acc=0.996, train_loss_epoch=0.0207]Epoch 11:   2%|▏         | 3/144 [00:00<00:06, 20.80it/s, v_num=73760, train_loss_step=0.028, val_loss=0.0132, val_acc=0.996, train_loss_epoch=0.0207] Epoch 11:   3%|▎         | 4/144 [00:00<00:06, 23.31it/s, v_num=73760, train_loss_step=0.028, val_loss=0.0132, val_acc=0.996, train_loss_epoch=0.0207]Epoch 11:   3%|▎         | 4/144 [00:00<00:06, 23.29it/s, v_num=73760, train_loss_step=0.0104, val_loss=0.0132, val_acc=0.996, train_loss_epoch=0.0207]Epoch 11:   3%|▎         | 5/144 [00:00<00:05, 25.19it/s, v_num=73760, train_loss_step=0.0104, val_loss=0.0132, val_acc=0.996, train_loss_epoch=0.0207]Epoch 11:   3%|▎         | 5/144 [00:00<00:05, 25.17it/s, v_num=73760, train_loss_step=0.00761, val_loss=0.0132, val_acc=0.996, train_loss_epoch=0.0207]Epoch 11:   4%|▍         | 6/144 [00:00<00:05, 26.61it/s, v_num=73760, train_loss_step=0.00761, val_loss=0.0132, val_acc=0.996, train_loss_epoch=0.0207]Epoch 11:   4%|▍         | 6/144 [00:00<00:05, 26.59it/s, v_num=73760, train_loss_step=0.00329, val_loss=0.0132, val_acc=0.996, train_loss_epoch=0.0207]Epoch 11:   5%|▍         | 7/144 [00:00<00:05, 27.39it/s, v_num=73760, train_loss_step=0.00329, val_loss=0.0132, val_acc=0.996, train_loss_epoch=0.0207]Epoch 11:   5%|▍         | 7/144 [00:00<00:05, 27.37it/s, v_num=73760, train_loss_step=0.00542, val_loss=0.0132, val_acc=0.996, train_loss_epoch=0.0207]Epoch 11:   6%|▌         | 8/144 [00:00<00:04, 28.31it/s, v_num=73760, train_loss_step=0.00542, val_loss=0.0132, val_acc=0.996, train_loss_epoch=0.0207]Epoch 11:   6%|▌         | 8/144 [00:00<00:04, 28.29it/s, v_num=73760, train_loss_step=0.0271, val_loss=0.0132, val_acc=0.996, train_loss_epoch=0.0207] Epoch 11:   6%|▋         | 9/144 [00:00<00:04, 29.05it/s, v_num=73760, train_loss_step=0.0271, val_loss=0.0132, val_acc=0.996, train_loss_epoch=0.0207]Epoch 11:   6%|▋         | 9/144 [00:00<00:04, 29.04it/s, v_num=73760, train_loss_step=0.0285, val_loss=0.0132, val_acc=0.996, train_loss_epoch=0.0207]Epoch 11:   7%|▋         | 10/144 [00:00<00:04, 29.58it/s, v_num=73760, train_loss_step=0.0285, val_loss=0.0132, val_acc=0.996, train_loss_epoch=0.0207]Epoch 11:   7%|▋         | 10/144 [00:00<00:04, 29.57it/s, v_num=73760, train_loss_step=0.00315, val_loss=0.0132, val_acc=0.996, train_loss_epoch=0.0207]Epoch 11:   8%|▊         | 11/144 [00:00<00:04, 29.08it/s, v_num=73760, train_loss_step=0.00315, val_loss=0.0132, val_acc=0.996, train_loss_epoch=0.0207]Epoch 11:   8%|▊         | 11/144 [00:00<00:04, 29.07it/s, v_num=73760, train_loss_step=0.00635, val_loss=0.0132, val_acc=0.996, train_loss_epoch=0.0207]Epoch 11:   8%|▊         | 12/144 [00:00<00:04, 29.57it/s, v_num=73760, train_loss_step=0.00635, val_loss=0.0132, val_acc=0.996, train_loss_epoch=0.0207]Epoch 11:   8%|▊         | 12/144 [00:00<00:04, 29.56it/s, v_num=73760, train_loss_step=0.0052, val_loss=0.0132, val_acc=0.996, train_loss_epoch=0.0207] Epoch 11:   9%|▉         | 13/144 [00:00<00:04, 30.12it/s, v_num=73760, train_loss_step=0.0052, val_loss=0.0132, val_acc=0.996, train_loss_epoch=0.0207]Epoch 11:   9%|▉         | 13/144 [00:00<00:04, 30.11it/s, v_num=73760, train_loss_step=0.0478, val_loss=0.0132, val_acc=0.996, train_loss_epoch=0.0207]Epoch 11:  10%|▉         | 14/144 [00:00<00:04, 30.30it/s, v_num=73760, train_loss_step=0.0478, val_loss=0.0132, val_acc=0.996, train_loss_epoch=0.0207]Epoch 11:  10%|▉         | 14/144 [00:00<00:04, 30.29it/s, v_num=73760, train_loss_step=0.0254, val_loss=0.0132, val_acc=0.996, train_loss_epoch=0.0207]Epoch 11:  10%|█         | 15/144 [00:00<00:04, 30.72it/s, v_num=73760, train_loss_step=0.0254, val_loss=0.0132, val_acc=0.996, train_loss_epoch=0.0207]Epoch 11:  10%|█         | 15/144 [00:00<00:04, 30.71it/s, v_num=73760, train_loss_step=0.00582, val_loss=0.0132, val_acc=0.996, train_loss_epoch=0.0207]Epoch 11:  11%|█         | 16/144 [00:00<00:04, 31.12it/s, v_num=73760, train_loss_step=0.00582, val_loss=0.0132, val_acc=0.996, train_loss_epoch=0.0207]Epoch 11:  11%|█         | 16/144 [00:00<00:04, 31.11it/s, v_num=73760, train_loss_step=0.0173, val_loss=0.0132, val_acc=0.996, train_loss_epoch=0.0207] Epoch 11:  12%|█▏        | 17/144 [00:00<00:04, 31.40it/s, v_num=73760, train_loss_step=0.0173, val_loss=0.0132, val_acc=0.996, train_loss_epoch=0.0207]Epoch 11:  12%|█▏        | 17/144 [00:00<00:04, 31.39it/s, v_num=73760, train_loss_step=0.00687, val_loss=0.0132, val_acc=0.996, train_loss_epoch=0.0207]Epoch 11:  12%|█▎        | 18/144 [00:00<00:04, 31.40it/s, v_num=73760, train_loss_step=0.00687, val_loss=0.0132, val_acc=0.996, train_loss_epoch=0.0207]Epoch 11:  12%|█▎        | 18/144 [00:00<00:04, 31.39it/s, v_num=73760, train_loss_step=0.00863, val_loss=0.0132, val_acc=0.996, train_loss_epoch=0.0207]Epoch 11:  13%|█▎        | 19/144 [00:00<00:03, 31.38it/s, v_num=73760, train_loss_step=0.00863, val_loss=0.0132, val_acc=0.996, train_loss_epoch=0.0207]Epoch 11:  13%|█▎        | 19/144 [00:00<00:03, 31.37it/s, v_num=73760, train_loss_step=0.0438, val_loss=0.0132, val_acc=0.996, train_loss_epoch=0.0207] Epoch 11:  14%|█▍        | 20/144 [00:00<00:03, 31.68it/s, v_num=73760, train_loss_step=0.0438, val_loss=0.0132, val_acc=0.996, train_loss_epoch=0.0207]Epoch 11:  14%|█▍        | 20/144 [00:00<00:03, 31.67it/s, v_num=73760, train_loss_step=0.0135, val_loss=0.0132, val_acc=0.996, train_loss_epoch=0.0207]Epoch 11:  15%|█▍        | 21/144 [00:00<00:03, 31.92it/s, v_num=73760, train_loss_step=0.0135, val_loss=0.0132, val_acc=0.996, train_loss_epoch=0.0207]Epoch 11:  15%|█▍        | 21/144 [00:00<00:03, 31.91it/s, v_num=73760, train_loss_step=0.00475, val_loss=0.0132, val_acc=0.996, train_loss_epoch=0.0207]Epoch 11:  15%|█▌        | 22/144 [00:00<00:03, 31.78it/s, v_num=73760, train_loss_step=0.00475, val_loss=0.0132, val_acc=0.996, train_loss_epoch=0.0207]Epoch 11:  15%|█▌        | 22/144 [00:00<00:03, 31.77it/s, v_num=73760, train_loss_step=0.0117, val_loss=0.0132, val_acc=0.996, train_loss_epoch=0.0207] Epoch 11:  16%|█▌        | 23/144 [00:00<00:03, 31.93it/s, v_num=73760, train_loss_step=0.0117, val_loss=0.0132, val_acc=0.996, train_loss_epoch=0.0207]Epoch 11:  16%|█▌        | 23/144 [00:00<00:03, 31.92it/s, v_num=73760, train_loss_step=0.0185, val_loss=0.0132, val_acc=0.996, train_loss_epoch=0.0207]Epoch 11:  17%|█▋        | 24/144 [00:00<00:03, 32.10it/s, v_num=73760, train_loss_step=0.0185, val_loss=0.0132, val_acc=0.996, train_loss_epoch=0.0207]Epoch 11:  17%|█▋        | 24/144 [00:00<00:03, 32.09it/s, v_num=73760, train_loss_step=0.00392, val_loss=0.0132, val_acc=0.996, train_loss_epoch=0.0207]Epoch 11:  17%|█▋        | 25/144 [00:00<00:03, 32.20it/s, v_num=73760, train_loss_step=0.00392, val_loss=0.0132, val_acc=0.996, train_loss_epoch=0.0207]Epoch 11:  17%|█▋        | 25/144 [00:00<00:03, 32.19it/s, v_num=73760, train_loss_step=0.0119, val_loss=0.0132, val_acc=0.996, train_loss_epoch=0.0207] Epoch 11:  18%|█▊        | 26/144 [00:00<00:03, 32.23it/s, v_num=73760, train_loss_step=0.0119, val_loss=0.0132, val_acc=0.996, train_loss_epoch=0.0207]Epoch 11:  18%|█▊        | 26/144 [00:00<00:03, 32.23it/s, v_num=73760, train_loss_step=0.037, val_loss=0.0132, val_acc=0.996, train_loss_epoch=0.0207] Epoch 11:  19%|█▉        | 27/144 [00:00<00:03, 32.22it/s, v_num=73760, train_loss_step=0.037, val_loss=0.0132, val_acc=0.996, train_loss_epoch=0.0207]Epoch 11:  19%|█▉        | 27/144 [00:00<00:03, 32.22it/s, v_num=73760, train_loss_step=0.00398, val_loss=0.0132, val_acc=0.996, train_loss_epoch=0.0207]Epoch 11:  19%|█▉        | 28/144 [00:00<00:03, 32.24it/s, v_num=73760, train_loss_step=0.00398, val_loss=0.0132, val_acc=0.996, train_loss_epoch=0.0207]Epoch 11:  19%|█▉        | 28/144 [00:00<00:03, 32.23it/s, v_num=73760, train_loss_step=0.00818, val_loss=0.0132, val_acc=0.996, train_loss_epoch=0.0207]Epoch 11:  20%|██        | 29/144 [00:00<00:03, 32.25it/s, v_num=73760, train_loss_step=0.00818, val_loss=0.0132, val_acc=0.996, train_loss_epoch=0.0207]Epoch 11:  20%|██        | 29/144 [00:00<00:03, 32.24it/s, v_num=73760, train_loss_step=0.0105, val_loss=0.0132, val_acc=0.996, train_loss_epoch=0.0207] Epoch 11:  21%|██        | 30/144 [00:00<00:03, 32.39it/s, v_num=73760, train_loss_step=0.0105, val_loss=0.0132, val_acc=0.996, train_loss_epoch=0.0207]Epoch 11:  21%|██        | 30/144 [00:00<00:03, 32.38it/s, v_num=73760, train_loss_step=0.0209, val_loss=0.0132, val_acc=0.996, train_loss_epoch=0.0207]Epoch 11:  22%|██▏       | 31/144 [00:00<00:03, 32.51it/s, v_num=73760, train_loss_step=0.0209, val_loss=0.0132, val_acc=0.996, train_loss_epoch=0.0207]Epoch 11:  22%|██▏       | 31/144 [00:00<00:03, 32.51it/s, v_num=73760, train_loss_step=0.0104, val_loss=0.0132, val_acc=0.996, train_loss_epoch=0.0207]Epoch 11:  22%|██▏       | 32/144 [00:00<00:03, 32.66it/s, v_num=73760, train_loss_step=0.0104, val_loss=0.0132, val_acc=0.996, train_loss_epoch=0.0207]Epoch 11:  22%|██▏       | 32/144 [00:00<00:03, 32.65it/s, v_num=73760, train_loss_step=0.0297, val_loss=0.0132, val_acc=0.996, train_loss_epoch=0.0207]Epoch 11:  23%|██▎       | 33/144 [00:01<00:03, 32.71it/s, v_num=73760, train_loss_step=0.0297, val_loss=0.0132, val_acc=0.996, train_loss_epoch=0.0207]Epoch 11:  23%|██▎       | 33/144 [00:01<00:03, 32.70it/s, v_num=73760, train_loss_step=0.0119, val_loss=0.0132, val_acc=0.996, train_loss_epoch=0.0207]Epoch 11:  24%|██▎       | 34/144 [00:01<00:03, 32.81it/s, v_num=73760, train_loss_step=0.0119, val_loss=0.0132, val_acc=0.996, train_loss_epoch=0.0207]Epoch 11:  24%|██▎       | 34/144 [00:01<00:03, 32.81it/s, v_num=73760, train_loss_step=0.0145, val_loss=0.0132, val_acc=0.996, train_loss_epoch=0.0207]Epoch 11:  24%|██▍       | 35/144 [00:01<00:03, 32.93it/s, v_num=73760, train_loss_step=0.0145, val_loss=0.0132, val_acc=0.996, train_loss_epoch=0.0207]Epoch 11:  24%|██▍       | 35/144 [00:01<00:03, 32.92it/s, v_num=73760, train_loss_step=0.00318, val_loss=0.0132, val_acc=0.996, train_loss_epoch=0.0207]Epoch 11:  25%|██▌       | 36/144 [00:01<00:03, 33.04it/s, v_num=73760, train_loss_step=0.00318, val_loss=0.0132, val_acc=0.996, train_loss_epoch=0.0207]Epoch 11:  25%|██▌       | 36/144 [00:01<00:03, 33.04it/s, v_num=73760, train_loss_step=0.0112, val_loss=0.0132, val_acc=0.996, train_loss_epoch=0.0207] Epoch 11:  26%|██▌       | 37/144 [00:01<00:03, 33.05it/s, v_num=73760, train_loss_step=0.0112, val_loss=0.0132, val_acc=0.996, train_loss_epoch=0.0207]Epoch 11:  26%|██▌       | 37/144 [00:01<00:03, 33.05it/s, v_num=73760, train_loss_step=0.0144, val_loss=0.0132, val_acc=0.996, train_loss_epoch=0.0207]Epoch 11:  26%|██▋       | 38/144 [00:01<00:03, 33.15it/s, v_num=73760, train_loss_step=0.0144, val_loss=0.0132, val_acc=0.996, train_loss_epoch=0.0207]Epoch 11:  26%|██▋       | 38/144 [00:01<00:03, 33.14it/s, v_num=73760, train_loss_step=0.00663, val_loss=0.0132, val_acc=0.996, train_loss_epoch=0.0207]Epoch 11:  27%|██▋       | 39/144 [00:01<00:03, 33.23it/s, v_num=73760, train_loss_step=0.00663, val_loss=0.0132, val_acc=0.996, train_loss_epoch=0.0207]Epoch 11:  27%|██▋       | 39/144 [00:01<00:03, 33.23it/s, v_num=73760, train_loss_step=0.0121, val_loss=0.0132, val_acc=0.996, train_loss_epoch=0.0207] Epoch 11:  28%|██▊       | 40/144 [00:01<00:03, 33.35it/s, v_num=73760, train_loss_step=0.0121, val_loss=0.0132, val_acc=0.996, train_loss_epoch=0.0207]Epoch 11:  28%|██▊       | 40/144 [00:01<00:03, 33.35it/s, v_num=73760, train_loss_step=0.0327, val_loss=0.0132, val_acc=0.996, train_loss_epoch=0.0207]Epoch 11:  28%|██▊       | 41/144 [00:01<00:03, 33.29it/s, v_num=73760, train_loss_step=0.0327, val_loss=0.0132, val_acc=0.996, train_loss_epoch=0.0207]Epoch 11:  28%|██▊       | 41/144 [00:01<00:03, 33.29it/s, v_num=73760, train_loss_step=0.00527, val_loss=0.0132, val_acc=0.996, train_loss_epoch=0.0207]Epoch 11:  29%|██▉       | 42/144 [00:01<00:03, 33.40it/s, v_num=73760, train_loss_step=0.00527, val_loss=0.0132, val_acc=0.996, train_loss_epoch=0.0207]Epoch 11:  29%|██▉       | 42/144 [00:01<00:03, 33.40it/s, v_num=73760, train_loss_step=0.0213, val_loss=0.0132, val_acc=0.996, train_loss_epoch=0.0207] Epoch 11:  30%|██▉       | 43/144 [00:01<00:03, 33.46it/s, v_num=73760, train_loss_step=0.0213, val_loss=0.0132, val_acc=0.996, train_loss_epoch=0.0207]Epoch 11:  30%|██▉       | 43/144 [00:01<00:03, 33.46it/s, v_num=73760, train_loss_step=0.00624, val_loss=0.0132, val_acc=0.996, train_loss_epoch=0.0207]Epoch 11:  31%|███       | 44/144 [00:01<00:02, 33.54it/s, v_num=73760, train_loss_step=0.00624, val_loss=0.0132, val_acc=0.996, train_loss_epoch=0.0207]Epoch 11:  31%|███       | 44/144 [00:01<00:02, 33.54it/s, v_num=73760, train_loss_step=0.0152, val_loss=0.0132, val_acc=0.996, train_loss_epoch=0.0207] Epoch 11:  31%|███▏      | 45/144 [00:01<00:02, 33.54it/s, v_num=73760, train_loss_step=0.0152, val_loss=0.0132, val_acc=0.996, train_loss_epoch=0.0207]Epoch 11:  31%|███▏      | 45/144 [00:01<00:02, 33.53it/s, v_num=73760, train_loss_step=0.00488, val_loss=0.0132, val_acc=0.996, train_loss_epoch=0.0207]Epoch 11:  32%|███▏      | 46/144 [00:01<00:02, 33.58it/s, v_num=73760, train_loss_step=0.00488, val_loss=0.0132, val_acc=0.996, train_loss_epoch=0.0207]Epoch 11:  32%|███▏      | 46/144 [00:01<00:02, 33.58it/s, v_num=73760, train_loss_step=0.0155, val_loss=0.0132, val_acc=0.996, train_loss_epoch=0.0207] Epoch 11:  33%|███▎      | 47/144 [00:01<00:02, 33.65it/s, v_num=73760, train_loss_step=0.0155, val_loss=0.0132, val_acc=0.996, train_loss_epoch=0.0207]Epoch 11:  33%|███▎      | 47/144 [00:01<00:02, 33.64it/s, v_num=73760, train_loss_step=0.0237, val_loss=0.0132, val_acc=0.996, train_loss_epoch=0.0207]Epoch 11:  33%|███▎      | 48/144 [00:01<00:02, 33.71it/s, v_num=73760, train_loss_step=0.0237, val_loss=0.0132, val_acc=0.996, train_loss_epoch=0.0207]Epoch 11:  33%|███▎      | 48/144 [00:01<00:02, 33.70it/s, v_num=73760, train_loss_step=0.0147, val_loss=0.0132, val_acc=0.996, train_loss_epoch=0.0207]Epoch 11:  34%|███▍      | 49/144 [00:01<00:02, 33.68it/s, v_num=73760, train_loss_step=0.0147, val_loss=0.0132, val_acc=0.996, train_loss_epoch=0.0207]Epoch 11:  34%|███▍      | 49/144 [00:01<00:02, 33.68it/s, v_num=73760, train_loss_step=0.00535, val_loss=0.0132, val_acc=0.996, train_loss_epoch=0.0207]Epoch 11:  35%|███▍      | 50/144 [00:01<00:02, 33.71it/s, v_num=73760, train_loss_step=0.00535, val_loss=0.0132, val_acc=0.996, train_loss_epoch=0.0207]Epoch 11:  35%|███▍      | 50/144 [00:01<00:02, 33.71it/s, v_num=73760, train_loss_step=0.00266, val_loss=0.0132, val_acc=0.996, train_loss_epoch=0.0207]Epoch 11:  35%|███▌      | 51/144 [00:01<00:02, 33.76it/s, v_num=73760, train_loss_step=0.00266, val_loss=0.0132, val_acc=0.996, train_loss_epoch=0.0207]Epoch 11:  35%|███▌      | 51/144 [00:01<00:02, 33.75it/s, v_num=73760, train_loss_step=0.0288, val_loss=0.0132, val_acc=0.996, train_loss_epoch=0.0207] Epoch 11:  36%|███▌      | 52/144 [00:01<00:02, 33.83it/s, v_num=73760, train_loss_step=0.0288, val_loss=0.0132, val_acc=0.996, train_loss_epoch=0.0207]Epoch 11:  36%|███▌      | 52/144 [00:01<00:02, 33.82it/s, v_num=73760, train_loss_step=0.0278, val_loss=0.0132, val_acc=0.996, train_loss_epoch=0.0207]Epoch 11:  37%|███▋      | 53/144 [00:01<00:02, 33.84it/s, v_num=73760, train_loss_step=0.0278, val_loss=0.0132, val_acc=0.996, train_loss_epoch=0.0207]Epoch 11:  37%|███▋      | 53/144 [00:01<00:02, 33.83it/s, v_num=73760, train_loss_step=0.0134, val_loss=0.0132, val_acc=0.996, train_loss_epoch=0.0207]Epoch 11:  38%|███▊      | 54/144 [00:01<00:02, 33.91it/s, v_num=73760, train_loss_step=0.0134, val_loss=0.0132, val_acc=0.996, train_loss_epoch=0.0207]Epoch 11:  38%|███▊      | 54/144 [00:01<00:02, 33.91it/s, v_num=73760, train_loss_step=0.00634, val_loss=0.0132, val_acc=0.996, train_loss_epoch=0.0207]Epoch 11:  38%|███▊      | 55/144 [00:01<00:02, 33.98it/s, v_num=73760, train_loss_step=0.00634, val_loss=0.0132, val_acc=0.996, train_loss_epoch=0.0207]Epoch 11:  38%|███▊      | 55/144 [00:01<00:02, 33.98it/s, v_num=73760, train_loss_step=0.00513, val_loss=0.0132, val_acc=0.996, train_loss_epoch=0.0207]Epoch 11:  39%|███▉      | 56/144 [00:01<00:02, 34.04it/s, v_num=73760, train_loss_step=0.00513, val_loss=0.0132, val_acc=0.996, train_loss_epoch=0.0207]Epoch 11:  39%|███▉      | 56/144 [00:01<00:02, 34.04it/s, v_num=73760, train_loss_step=0.0204, val_loss=0.0132, val_acc=0.996, train_loss_epoch=0.0207] Epoch 11:  40%|███▉      | 57/144 [00:01<00:02, 34.00it/s, v_num=73760, train_loss_step=0.0204, val_loss=0.0132, val_acc=0.996, train_loss_epoch=0.0207]Epoch 11:  40%|███▉      | 57/144 [00:01<00:02, 33.99it/s, v_num=73760, train_loss_step=0.00174, val_loss=0.0132, val_acc=0.996, train_loss_epoch=0.0207]Epoch 11:  40%|████      | 58/144 [00:01<00:02, 34.07it/s, v_num=73760, train_loss_step=0.00174, val_loss=0.0132, val_acc=0.996, train_loss_epoch=0.0207]Epoch 11:  40%|████      | 58/144 [00:01<00:02, 34.06it/s, v_num=73760, train_loss_step=0.00146, val_loss=0.0132, val_acc=0.996, train_loss_epoch=0.0207]Epoch 11:  41%|████      | 59/144 [00:01<00:02, 34.14it/s, v_num=73760, train_loss_step=0.00146, val_loss=0.0132, val_acc=0.996, train_loss_epoch=0.0207]Epoch 11:  41%|████      | 59/144 [00:01<00:02, 34.14it/s, v_num=73760, train_loss_step=0.0156, val_loss=0.0132, val_acc=0.996, train_loss_epoch=0.0207] Epoch 11:  42%|████▏     | 60/144 [00:01<00:02, 34.19it/s, v_num=73760, train_loss_step=0.0156, val_loss=0.0132, val_acc=0.996, train_loss_epoch=0.0207]Epoch 11:  42%|████▏     | 60/144 [00:01<00:02, 34.19it/s, v_num=73760, train_loss_step=0.0107, val_loss=0.0132, val_acc=0.996, train_loss_epoch=0.0207]Epoch 11:  42%|████▏     | 61/144 [00:01<00:02, 34.16it/s, v_num=73760, train_loss_step=0.0107, val_loss=0.0132, val_acc=0.996, train_loss_epoch=0.0207]Epoch 11:  42%|████▏     | 61/144 [00:01<00:02, 34.15it/s, v_num=73760, train_loss_step=0.00818, val_loss=0.0132, val_acc=0.996, train_loss_epoch=0.0207]Epoch 11:  43%|████▎     | 62/144 [00:01<00:02, 34.21it/s, v_num=73760, train_loss_step=0.00818, val_loss=0.0132, val_acc=0.996, train_loss_epoch=0.0207]Epoch 11:  43%|████▎     | 62/144 [00:01<00:02, 34.20it/s, v_num=73760, train_loss_step=0.0164, val_loss=0.0132, val_acc=0.996, train_loss_epoch=0.0207] Epoch 11:  44%|████▍     | 63/144 [00:01<00:02, 34.27it/s, v_num=73760, train_loss_step=0.0164, val_loss=0.0132, val_acc=0.996, train_loss_epoch=0.0207]Epoch 11:  44%|████▍     | 63/144 [00:01<00:02, 34.27it/s, v_num=73760, train_loss_step=0.00769, val_loss=0.0132, val_acc=0.996, train_loss_epoch=0.0207]Epoch 11:  44%|████▍     | 64/144 [00:01<00:02, 34.33it/s, v_num=73760, train_loss_step=0.00769, val_loss=0.0132, val_acc=0.996, train_loss_epoch=0.0207]Epoch 11:  44%|████▍     | 64/144 [00:01<00:02, 34.33it/s, v_num=73760, train_loss_step=0.0182, val_loss=0.0132, val_acc=0.996, train_loss_epoch=0.0207] Epoch 11:  45%|████▌     | 65/144 [00:01<00:02, 34.32it/s, v_num=73760, train_loss_step=0.0182, val_loss=0.0132, val_acc=0.996, train_loss_epoch=0.0207]Epoch 11:  45%|████▌     | 65/144 [00:01<00:02, 34.32it/s, v_num=73760, train_loss_step=0.0147, val_loss=0.0132, val_acc=0.996, train_loss_epoch=0.0207]Epoch 11:  46%|████▌     | 66/144 [00:01<00:02, 34.38it/s, v_num=73760, train_loss_step=0.0147, val_loss=0.0132, val_acc=0.996, train_loss_epoch=0.0207]Epoch 11:  46%|████▌     | 66/144 [00:01<00:02, 34.38it/s, v_num=73760, train_loss_step=0.00518, val_loss=0.0132, val_acc=0.996, train_loss_epoch=0.0207]Epoch 11:  47%|████▋     | 67/144 [00:01<00:02, 34.45it/s, v_num=73760, train_loss_step=0.00518, val_loss=0.0132, val_acc=0.996, train_loss_epoch=0.0207]Epoch 11:  47%|████▋     | 67/144 [00:01<00:02, 34.45it/s, v_num=73760, train_loss_step=0.0164, val_loss=0.0132, val_acc=0.996, train_loss_epoch=0.0207] Epoch 11:  47%|████▋     | 68/144 [00:01<00:02, 34.50it/s, v_num=73760, train_loss_step=0.0164, val_loss=0.0132, val_acc=0.996, train_loss_epoch=0.0207]Epoch 11:  47%|████▋     | 68/144 [00:01<00:02, 34.49it/s, v_num=73760, train_loss_step=0.016, val_loss=0.0132, val_acc=0.996, train_loss_epoch=0.0207] Epoch 11:  48%|████▊     | 69/144 [00:02<00:02, 34.49it/s, v_num=73760, train_loss_step=0.016, val_loss=0.0132, val_acc=0.996, train_loss_epoch=0.0207]Epoch 11:  48%|████▊     | 69/144 [00:02<00:02, 34.49it/s, v_num=73760, train_loss_step=0.00313, val_loss=0.0132, val_acc=0.996, train_loss_epoch=0.0207]Epoch 11:  49%|████▊     | 70/144 [00:02<00:02, 34.55it/s, v_num=73760, train_loss_step=0.00313, val_loss=0.0132, val_acc=0.996, train_loss_epoch=0.0207]Epoch 11:  49%|████▊     | 70/144 [00:02<00:02, 34.55it/s, v_num=73760, train_loss_step=0.006, val_loss=0.0132, val_acc=0.996, train_loss_epoch=0.0207]  Epoch 11:  49%|████▉     | 71/144 [00:02<00:02, 34.62it/s, v_num=73760, train_loss_step=0.006, val_loss=0.0132, val_acc=0.996, train_loss_epoch=0.0207]Epoch 11:  49%|████▉     | 71/144 [00:02<00:02, 34.62it/s, v_num=73760, train_loss_step=0.0101, val_loss=0.0132, val_acc=0.996, train_loss_epoch=0.0207]Epoch 11:  50%|█████     | 72/144 [00:02<00:02, 34.66it/s, v_num=73760, train_loss_step=0.0101, val_loss=0.0132, val_acc=0.996, train_loss_epoch=0.0207]Epoch 11:  50%|█████     | 72/144 [00:02<00:02, 34.66it/s, v_num=73760, train_loss_step=0.0127, val_loss=0.0132, val_acc=0.996, train_loss_epoch=0.0207]Epoch 11:  51%|█████     | 73/144 [00:02<00:02, 34.63it/s, v_num=73760, train_loss_step=0.0127, val_loss=0.0132, val_acc=0.996, train_loss_epoch=0.0207]Epoch 11:  51%|█████     | 73/144 [00:02<00:02, 34.63it/s, v_num=73760, train_loss_step=0.015, val_loss=0.0132, val_acc=0.996, train_loss_epoch=0.0207] Epoch 11:  51%|█████▏    | 74/144 [00:02<00:02, 34.69it/s, v_num=73760, train_loss_step=0.015, val_loss=0.0132, val_acc=0.996, train_loss_epoch=0.0207]Epoch 11:  51%|█████▏    | 74/144 [00:02<00:02, 34.68it/s, v_num=73760, train_loss_step=0.017, val_loss=0.0132, val_acc=0.996, train_loss_epoch=0.0207]Epoch 11:  52%|█████▏    | 75/144 [00:02<00:01, 34.74it/s, v_num=73760, train_loss_step=0.017, val_loss=0.0132, val_acc=0.996, train_loss_epoch=0.0207]Epoch 11:  52%|█████▏    | 75/144 [00:02<00:01, 34.74it/s, v_num=73760, train_loss_step=0.0104, val_loss=0.0132, val_acc=0.996, train_loss_epoch=0.0207]Epoch 11:  53%|█████▎    | 76/144 [00:02<00:01, 34.78it/s, v_num=73760, train_loss_step=0.0104, val_loss=0.0132, val_acc=0.996, train_loss_epoch=0.0207]Epoch 11:  53%|█████▎    | 76/144 [00:02<00:01, 34.78it/s, v_num=73760, train_loss_step=0.0378, val_loss=0.0132, val_acc=0.996, train_loss_epoch=0.0207]Epoch 11:  53%|█████▎    | 77/144 [00:02<00:01, 34.74it/s, v_num=73760, train_loss_step=0.0378, val_loss=0.0132, val_acc=0.996, train_loss_epoch=0.0207]Epoch 11:  53%|█████▎    | 77/144 [00:02<00:01, 34.73it/s, v_num=73760, train_loss_step=0.0216, val_loss=0.0132, val_acc=0.996, train_loss_epoch=0.0207]Epoch 11:  54%|█████▍    | 78/144 [00:02<00:01, 34.78it/s, v_num=73760, train_loss_step=0.0216, val_loss=0.0132, val_acc=0.996, train_loss_epoch=0.0207]Epoch 11:  54%|█████▍    | 78/144 [00:02<00:01, 34.78it/s, v_num=73760, train_loss_step=0.0168, val_loss=0.0132, val_acc=0.996, train_loss_epoch=0.0207]Epoch 11:  55%|█████▍    | 79/144 [00:02<00:01, 34.81it/s, v_num=73760, train_loss_step=0.0168, val_loss=0.0132, val_acc=0.996, train_loss_epoch=0.0207]Epoch 11:  55%|█████▍    | 79/144 [00:02<00:01, 34.81it/s, v_num=73760, train_loss_step=0.0108, val_loss=0.0132, val_acc=0.996, train_loss_epoch=0.0207]Epoch 11:  56%|█████▌    | 80/144 [00:02<00:01, 34.83it/s, v_num=73760, train_loss_step=0.0108, val_loss=0.0132, val_acc=0.996, train_loss_epoch=0.0207]Epoch 11:  56%|█████▌    | 80/144 [00:02<00:01, 34.82it/s, v_num=73760, train_loss_step=0.00711, val_loss=0.0132, val_acc=0.996, train_loss_epoch=0.0207]Epoch 11:  56%|█████▋    | 81/144 [00:02<00:01, 34.76it/s, v_num=73760, train_loss_step=0.00711, val_loss=0.0132, val_acc=0.996, train_loss_epoch=0.0207]Epoch 11:  56%|█████▋    | 81/144 [00:02<00:01, 34.76it/s, v_num=73760, train_loss_step=0.0215, val_loss=0.0132, val_acc=0.996, train_loss_epoch=0.0207] Epoch 11:  57%|█████▋    | 82/144 [00:02<00:01, 34.77it/s, v_num=73760, train_loss_step=0.0215, val_loss=0.0132, val_acc=0.996, train_loss_epoch=0.0207]Epoch 11:  57%|█████▋    | 82/144 [00:02<00:01, 34.77it/s, v_num=73760, train_loss_step=0.00378, val_loss=0.0132, val_acc=0.996, train_loss_epoch=0.0207]Epoch 11:  58%|█████▊    | 83/144 [00:02<00:01, 34.80it/s, v_num=73760, train_loss_step=0.00378, val_loss=0.0132, val_acc=0.996, train_loss_epoch=0.0207]Epoch 11:  58%|█████▊    | 83/144 [00:02<00:01, 34.80it/s, v_num=73760, train_loss_step=0.0429, val_loss=0.0132, val_acc=0.996, train_loss_epoch=0.0207] Epoch 11:  58%|█████▊    | 84/144 [00:02<00:01, 34.81it/s, v_num=73760, train_loss_step=0.0429, val_loss=0.0132, val_acc=0.996, train_loss_epoch=0.0207]Epoch 11:  58%|█████▊    | 84/144 [00:02<00:01, 34.81it/s, v_num=73760, train_loss_step=0.0259, val_loss=0.0132, val_acc=0.996, train_loss_epoch=0.0207]Epoch 11:  59%|█████▉    | 85/144 [00:02<00:01, 34.80it/s, v_num=73760, train_loss_step=0.0259, val_loss=0.0132, val_acc=0.996, train_loss_epoch=0.0207]Epoch 11:  59%|█████▉    | 85/144 [00:02<00:01, 34.79it/s, v_num=73760, train_loss_step=0.0282, val_loss=0.0132, val_acc=0.996, train_loss_epoch=0.0207]Epoch 11:  60%|█████▉    | 86/144 [00:02<00:01, 34.83it/s, v_num=73760, train_loss_step=0.0282, val_loss=0.0132, val_acc=0.996, train_loss_epoch=0.0207]Epoch 11:  60%|█████▉    | 86/144 [00:02<00:01, 34.82it/s, v_num=73760, train_loss_step=0.0241, val_loss=0.0132, val_acc=0.996, train_loss_epoch=0.0207]Epoch 11:  60%|██████    | 87/144 [00:02<00:01, 34.86it/s, v_num=73760, train_loss_step=0.0241, val_loss=0.0132, val_acc=0.996, train_loss_epoch=0.0207]Epoch 11:  60%|██████    | 87/144 [00:02<00:01, 34.85it/s, v_num=73760, train_loss_step=0.0364, val_loss=0.0132, val_acc=0.996, train_loss_epoch=0.0207]Epoch 11:  61%|██████    | 88/144 [00:02<00:01, 34.89it/s, v_num=73760, train_loss_step=0.0364, val_loss=0.0132, val_acc=0.996, train_loss_epoch=0.0207]Epoch 11:  61%|██████    | 88/144 [00:02<00:01, 34.88it/s, v_num=73760, train_loss_step=0.0164, val_loss=0.0132, val_acc=0.996, train_loss_epoch=0.0207]Epoch 11:  62%|██████▏   | 89/144 [00:02<00:01, 34.85it/s, v_num=73760, train_loss_step=0.0164, val_loss=0.0132, val_acc=0.996, train_loss_epoch=0.0207]Epoch 11:  62%|██████▏   | 89/144 [00:02<00:01, 34.85it/s, v_num=73760, train_loss_step=0.0201, val_loss=0.0132, val_acc=0.996, train_loss_epoch=0.0207]Epoch 11:  62%|██████▎   | 90/144 [00:02<00:01, 34.90it/s, v_num=73760, train_loss_step=0.0201, val_loss=0.0132, val_acc=0.996, train_loss_epoch=0.0207]Epoch 11:  62%|██████▎   | 90/144 [00:02<00:01, 34.89it/s, v_num=73760, train_loss_step=0.0193, val_loss=0.0132, val_acc=0.996, train_loss_epoch=0.0207]Epoch 11:  63%|██████▎   | 91/144 [00:02<00:01, 34.93it/s, v_num=73760, train_loss_step=0.0193, val_loss=0.0132, val_acc=0.996, train_loss_epoch=0.0207]Epoch 11:  63%|██████▎   | 91/144 [00:02<00:01, 34.93it/s, v_num=73760, train_loss_step=0.0124, val_loss=0.0132, val_acc=0.996, train_loss_epoch=0.0207]Epoch 11:  64%|██████▍   | 92/144 [00:02<00:01, 34.97it/s, v_num=73760, train_loss_step=0.0124, val_loss=0.0132, val_acc=0.996, train_loss_epoch=0.0207]Epoch 11:  64%|██████▍   | 92/144 [00:02<00:01, 34.97it/s, v_num=73760, train_loss_step=0.00599, val_loss=0.0132, val_acc=0.996, train_loss_epoch=0.0207]Epoch 11:  65%|██████▍   | 93/144 [00:02<00:01, 34.97it/s, v_num=73760, train_loss_step=0.00599, val_loss=0.0132, val_acc=0.996, train_loss_epoch=0.0207]Epoch 11:  65%|██████▍   | 93/144 [00:02<00:01, 34.96it/s, v_num=73760, train_loss_step=0.0165, val_loss=0.0132, val_acc=0.996, train_loss_epoch=0.0207] Epoch 11:  65%|██████▌   | 94/144 [00:02<00:01, 35.00it/s, v_num=73760, train_loss_step=0.0165, val_loss=0.0132, val_acc=0.996, train_loss_epoch=0.0207]Epoch 11:  65%|██████▌   | 94/144 [00:02<00:01, 34.99it/s, v_num=73760, train_loss_step=0.0171, val_loss=0.0132, val_acc=0.996, train_loss_epoch=0.0207]Epoch 11:  66%|██████▌   | 95/144 [00:02<00:01, 35.04it/s, v_num=73760, train_loss_step=0.0171, val_loss=0.0132, val_acc=0.996, train_loss_epoch=0.0207]Epoch 11:  66%|██████▌   | 95/144 [00:02<00:01, 35.04it/s, v_num=73760, train_loss_step=0.025, val_loss=0.0132, val_acc=0.996, train_loss_epoch=0.0207] Epoch 11:  67%|██████▋   | 96/144 [00:02<00:01, 35.08it/s, v_num=73760, train_loss_step=0.025, val_loss=0.0132, val_acc=0.996, train_loss_epoch=0.0207]Epoch 11:  67%|██████▋   | 96/144 [00:02<00:01, 35.08it/s, v_num=73760, train_loss_step=0.0078, val_loss=0.0132, val_acc=0.996, train_loss_epoch=0.0207]Epoch 11:  67%|██████▋   | 97/144 [00:02<00:01, 35.08it/s, v_num=73760, train_loss_step=0.0078, val_loss=0.0132, val_acc=0.996, train_loss_epoch=0.0207]Epoch 11:  67%|██████▋   | 97/144 [00:02<00:01, 35.08it/s, v_num=73760, train_loss_step=0.0272, val_loss=0.0132, val_acc=0.996, train_loss_epoch=0.0207]Epoch 11:  68%|██████▊   | 98/144 [00:02<00:01, 35.12it/s, v_num=73760, train_loss_step=0.0272, val_loss=0.0132, val_acc=0.996, train_loss_epoch=0.0207]Epoch 11:  68%|██████▊   | 98/144 [00:02<00:01, 35.12it/s, v_num=73760, train_loss_step=0.0158, val_loss=0.0132, val_acc=0.996, train_loss_epoch=0.0207]Epoch 11:  69%|██████▉   | 99/144 [00:02<00:01, 35.16it/s, v_num=73760, train_loss_step=0.0158, val_loss=0.0132, val_acc=0.996, train_loss_epoch=0.0207]Epoch 11:  69%|██████▉   | 99/144 [00:02<00:01, 35.16it/s, v_num=73760, train_loss_step=0.0331, val_loss=0.0132, val_acc=0.996, train_loss_epoch=0.0207]Epoch 11:  69%|██████▉   | 100/144 [00:02<00:01, 35.22it/s, v_num=73760, train_loss_step=0.0331, val_loss=0.0132, val_acc=0.996, train_loss_epoch=0.0207]Epoch 11:  69%|██████▉   | 100/144 [00:02<00:01, 35.22it/s, v_num=73760, train_loss_step=0.0264, val_loss=0.0132, val_acc=0.996, train_loss_epoch=0.0207]Epoch 11:  70%|███████   | 101/144 [00:02<00:01, 35.23it/s, v_num=73760, train_loss_step=0.0264, val_loss=0.0132, val_acc=0.996, train_loss_epoch=0.0207]Epoch 11:  70%|███████   | 101/144 [00:02<00:01, 35.23it/s, v_num=73760, train_loss_step=0.0202, val_loss=0.0132, val_acc=0.996, train_loss_epoch=0.0207]Epoch 11:  71%|███████   | 102/144 [00:02<00:01, 35.17it/s, v_num=73760, train_loss_step=0.0202, val_loss=0.0132, val_acc=0.996, train_loss_epoch=0.0207]Epoch 11:  71%|███████   | 102/144 [00:02<00:01, 35.17it/s, v_num=73760, train_loss_step=0.00875, val_loss=0.0132, val_acc=0.996, train_loss_epoch=0.0207]Epoch 11:  72%|███████▏  | 103/144 [00:02<00:01, 35.22it/s, v_num=73760, train_loss_step=0.00875, val_loss=0.0132, val_acc=0.996, train_loss_epoch=0.0207]Epoch 11:  72%|███████▏  | 103/144 [00:02<00:01, 35.22it/s, v_num=73760, train_loss_step=0.00852, val_loss=0.0132, val_acc=0.996, train_loss_epoch=0.0207]Epoch 11:  72%|███████▏  | 104/144 [00:02<00:01, 35.27it/s, v_num=73760, train_loss_step=0.00852, val_loss=0.0132, val_acc=0.996, train_loss_epoch=0.0207]Epoch 11:  72%|███████▏  | 104/144 [00:02<00:01, 35.27it/s, v_num=73760, train_loss_step=0.00978, val_loss=0.0132, val_acc=0.996, train_loss_epoch=0.0207]Epoch 11:  73%|███████▎  | 105/144 [00:02<00:01, 35.29it/s, v_num=73760, train_loss_step=0.00978, val_loss=0.0132, val_acc=0.996, train_loss_epoch=0.0207]Epoch 11:  73%|███████▎  | 105/144 [00:02<00:01, 35.29it/s, v_num=73760, train_loss_step=0.0291, val_loss=0.0132, val_acc=0.996, train_loss_epoch=0.0207] Epoch 11:  74%|███████▎  | 106/144 [00:03<00:01, 35.27it/s, v_num=73760, train_loss_step=0.0291, val_loss=0.0132, val_acc=0.996, train_loss_epoch=0.0207]Epoch 11:  74%|███████▎  | 106/144 [00:03<00:01, 35.27it/s, v_num=73760, train_loss_step=0.0212, val_loss=0.0132, val_acc=0.996, train_loss_epoch=0.0207]Epoch 11:  74%|███████▍  | 107/144 [00:03<00:01, 35.22it/s, v_num=73760, train_loss_step=0.0212, val_loss=0.0132, val_acc=0.996, train_loss_epoch=0.0207]Epoch 11:  74%|███████▍  | 107/144 [00:03<00:01, 35.22it/s, v_num=73760, train_loss_step=0.00923, val_loss=0.0132, val_acc=0.996, train_loss_epoch=0.0207]Epoch 11:  75%|███████▌  | 108/144 [00:03<00:01, 35.26it/s, v_num=73760, train_loss_step=0.00923, val_loss=0.0132, val_acc=0.996, train_loss_epoch=0.0207]Epoch 11:  75%|███████▌  | 108/144 [00:03<00:01, 35.26it/s, v_num=73760, train_loss_step=0.0228, val_loss=0.0132, val_acc=0.996, train_loss_epoch=0.0207] Epoch 11:  76%|███████▌  | 109/144 [00:03<00:00, 35.29it/s, v_num=73760, train_loss_step=0.0228, val_loss=0.0132, val_acc=0.996, train_loss_epoch=0.0207]Epoch 11:  76%|███████▌  | 109/144 [00:03<00:00, 35.29it/s, v_num=73760, train_loss_step=0.00926, val_loss=0.0132, val_acc=0.996, train_loss_epoch=0.0207]Epoch 11:  76%|███████▋  | 110/144 [00:03<00:00, 35.33it/s, v_num=73760, train_loss_step=0.00926, val_loss=0.0132, val_acc=0.996, train_loss_epoch=0.0207]Epoch 11:  76%|███████▋  | 110/144 [00:03<00:00, 35.32it/s, v_num=73760, train_loss_step=0.0166, val_loss=0.0132, val_acc=0.996, train_loss_epoch=0.0207] Epoch 11:  77%|███████▋  | 111/144 [00:03<00:00, 35.32it/s, v_num=73760, train_loss_step=0.0166, val_loss=0.0132, val_acc=0.996, train_loss_epoch=0.0207]Epoch 11:  77%|███████▋  | 111/144 [00:03<00:00, 35.32it/s, v_num=73760, train_loss_step=0.00965, val_loss=0.0132, val_acc=0.996, train_loss_epoch=0.0207]Epoch 11:  78%|███████▊  | 112/144 [00:03<00:00, 35.35it/s, v_num=73760, train_loss_step=0.00965, val_loss=0.0132, val_acc=0.996, train_loss_epoch=0.0207]Epoch 11:  78%|███████▊  | 112/144 [00:03<00:00, 35.35it/s, v_num=73760, train_loss_step=0.00781, val_loss=0.0132, val_acc=0.996, train_loss_epoch=0.0207]Epoch 11:  78%|███████▊  | 113/144 [00:03<00:00, 35.41it/s, v_num=73760, train_loss_step=0.00781, val_loss=0.0132, val_acc=0.996, train_loss_epoch=0.0207]Epoch 11:  78%|███████▊  | 113/144 [00:03<00:00, 35.40it/s, v_num=73760, train_loss_step=0.0337, val_loss=0.0132, val_acc=0.996, train_loss_epoch=0.0207] Epoch 11:  79%|███████▉  | 114/144 [00:03<00:00, 35.45it/s, v_num=73760, train_loss_step=0.0337, val_loss=0.0132, val_acc=0.996, train_loss_epoch=0.0207]Epoch 11:  79%|███████▉  | 114/144 [00:03<00:00, 35.45it/s, v_num=73760, train_loss_step=0.00701, val_loss=0.0132, val_acc=0.996, train_loss_epoch=0.0207]Epoch 11:  80%|███████▉  | 115/144 [00:03<00:00, 35.48it/s, v_num=73760, train_loss_step=0.00701, val_loss=0.0132, val_acc=0.996, train_loss_epoch=0.0207]Epoch 11:  80%|███████▉  | 115/144 [00:03<00:00, 35.47it/s, v_num=73760, train_loss_step=0.00661, val_loss=0.0132, val_acc=0.996, train_loss_epoch=0.0207]Epoch 11:  81%|████████  | 116/144 [00:03<00:00, 35.46it/s, v_num=73760, train_loss_step=0.00661, val_loss=0.0132, val_acc=0.996, train_loss_epoch=0.0207]Epoch 11:  81%|████████  | 116/144 [00:03<00:00, 35.46it/s, v_num=73760, train_loss_step=0.0399, val_loss=0.0132, val_acc=0.996, train_loss_epoch=0.0207] Epoch 11:  81%|████████▏ | 117/144 [00:03<00:00, 35.49it/s, v_num=73760, train_loss_step=0.0399, val_loss=0.0132, val_acc=0.996, train_loss_epoch=0.0207]Epoch 11:  81%|████████▏ | 117/144 [00:03<00:00, 35.49it/s, v_num=73760, train_loss_step=0.00787, val_loss=0.0132, val_acc=0.996, train_loss_epoch=0.0207]Epoch 11:  82%|████████▏ | 118/144 [00:03<00:00, 35.52it/s, v_num=73760, train_loss_step=0.00787, val_loss=0.0132, val_acc=0.996, train_loss_epoch=0.0207]Epoch 11:  82%|████████▏ | 118/144 [00:03<00:00, 35.52it/s, v_num=73760, train_loss_step=0.0109, val_loss=0.0132, val_acc=0.996, train_loss_epoch=0.0207] Epoch 11:  83%|████████▎ | 119/144 [00:03<00:00, 35.56it/s, v_num=73760, train_loss_step=0.0109, val_loss=0.0132, val_acc=0.996, train_loss_epoch=0.0207]Epoch 11:  83%|████████▎ | 119/144 [00:03<00:00, 35.56it/s, v_num=73760, train_loss_step=0.00611, val_loss=0.0132, val_acc=0.996, train_loss_epoch=0.0207]Epoch 11:  83%|████████▎ | 120/144 [00:03<00:00, 35.58it/s, v_num=73760, train_loss_step=0.00611, val_loss=0.0132, val_acc=0.996, train_loss_epoch=0.0207]Epoch 11:  83%|████████▎ | 120/144 [00:03<00:00, 35.58it/s, v_num=73760, train_loss_step=0.00918, val_loss=0.0132, val_acc=0.996, train_loss_epoch=0.0207]Epoch 11:  84%|████████▍ | 121/144 [00:03<00:00, 35.61it/s, v_num=73760, train_loss_step=0.00918, val_loss=0.0132, val_acc=0.996, train_loss_epoch=0.0207]Epoch 11:  84%|████████▍ | 121/144 [00:03<00:00, 35.61it/s, v_num=73760, train_loss_step=0.0104, val_loss=0.0132, val_acc=0.996, train_loss_epoch=0.0207] Epoch 11:  85%|████████▍ | 122/144 [00:03<00:00, 35.64it/s, v_num=73760, train_loss_step=0.0104, val_loss=0.0132, val_acc=0.996, train_loss_epoch=0.0207]Epoch 11:  85%|████████▍ | 122/144 [00:03<00:00, 35.63it/s, v_num=73760, train_loss_step=0.0146, val_loss=0.0132, val_acc=0.996, train_loss_epoch=0.0207]Epoch 11:  85%|████████▌ | 123/144 [00:03<00:00, 35.67it/s, v_num=73760, train_loss_step=0.0146, val_loss=0.0132, val_acc=0.996, train_loss_epoch=0.0207]Epoch 11:  85%|████████▌ | 123/144 [00:03<00:00, 35.66it/s, v_num=73760, train_loss_step=0.00483, val_loss=0.0132, val_acc=0.996, train_loss_epoch=0.0207]Epoch 11:  86%|████████▌ | 124/144 [00:03<00:00, 35.66it/s, v_num=73760, train_loss_step=0.00483, val_loss=0.0132, val_acc=0.996, train_loss_epoch=0.0207]Epoch 11:  86%|████████▌ | 124/144 [00:03<00:00, 35.66it/s, v_num=73760, train_loss_step=0.0118, val_loss=0.0132, val_acc=0.996, train_loss_epoch=0.0207] Epoch 11:  87%|████████▋ | 125/144 [00:03<00:00, 35.69it/s, v_num=73760, train_loss_step=0.0118, val_loss=0.0132, val_acc=0.996, train_loss_epoch=0.0207]Epoch 11:  87%|████████▋ | 125/144 [00:03<00:00, 35.69it/s, v_num=73760, train_loss_step=0.00938, val_loss=0.0132, val_acc=0.996, train_loss_epoch=0.0207]Epoch 11:  88%|████████▊ | 126/144 [00:03<00:00, 35.72it/s, v_num=73760, train_loss_step=0.00938, val_loss=0.0132, val_acc=0.996, train_loss_epoch=0.0207]Epoch 11:  88%|████████▊ | 126/144 [00:03<00:00, 35.72it/s, v_num=73760, train_loss_step=0.00572, val_loss=0.0132, val_acc=0.996, train_loss_epoch=0.0207]Epoch 11:  88%|████████▊ | 127/144 [00:03<00:00, 35.76it/s, v_num=73760, train_loss_step=0.00572, val_loss=0.0132, val_acc=0.996, train_loss_epoch=0.0207]Epoch 11:  88%|████████▊ | 127/144 [00:03<00:00, 35.76it/s, v_num=73760, train_loss_step=0.0143, val_loss=0.0132, val_acc=0.996, train_loss_epoch=0.0207] Epoch 11:  89%|████████▉ | 128/144 [00:03<00:00, 35.75it/s, v_num=73760, train_loss_step=0.0143, val_loss=0.0132, val_acc=0.996, train_loss_epoch=0.0207]Epoch 11:  89%|████████▉ | 128/144 [00:03<00:00, 35.75it/s, v_num=73760, train_loss_step=0.016, val_loss=0.0132, val_acc=0.996, train_loss_epoch=0.0207] Epoch 11:  90%|████████▉ | 129/144 [00:03<00:00, 35.69it/s, v_num=73760, train_loss_step=0.016, val_loss=0.0132, val_acc=0.996, train_loss_epoch=0.0207]Epoch 11:  90%|████████▉ | 129/144 [00:03<00:00, 35.69it/s, v_num=73760, train_loss_step=0.0459, val_loss=0.0132, val_acc=0.996, train_loss_epoch=0.0207]Epoch 11:  90%|█████████ | 130/144 [00:03<00:00, 35.70it/s, v_num=73760, train_loss_step=0.0459, val_loss=0.0132, val_acc=0.996, train_loss_epoch=0.0207]Epoch 11:  90%|█████████ | 130/144 [00:03<00:00, 35.70it/s, v_num=73760, train_loss_step=0.0109, val_loss=0.0132, val_acc=0.996, train_loss_epoch=0.0207]Epoch 11:  91%|█████████ | 131/144 [00:03<00:00, 35.72it/s, v_num=73760, train_loss_step=0.0109, val_loss=0.0132, val_acc=0.996, train_loss_epoch=0.0207]Epoch 11:  91%|█████████ | 131/144 [00:03<00:00, 35.71it/s, v_num=73760, train_loss_step=0.0038, val_loss=0.0132, val_acc=0.996, train_loss_epoch=0.0207]Epoch 11:  92%|█████████▏| 132/144 [00:03<00:00, 35.74it/s, v_num=73760, train_loss_step=0.0038, val_loss=0.0132, val_acc=0.996, train_loss_epoch=0.0207]Epoch 11:  92%|█████████▏| 132/144 [00:03<00:00, 35.73it/s, v_num=73760, train_loss_step=0.00395, val_loss=0.0132, val_acc=0.996, train_loss_epoch=0.0207]Epoch 11:  92%|█████████▏| 133/144 [00:03<00:00, 35.72it/s, v_num=73760, train_loss_step=0.00395, val_loss=0.0132, val_acc=0.996, train_loss_epoch=0.0207]Epoch 11:  92%|█████████▏| 133/144 [00:03<00:00, 35.71it/s, v_num=73760, train_loss_step=0.0064, val_loss=0.0132, val_acc=0.996, train_loss_epoch=0.0207] Epoch 11:  93%|█████████▎| 134/144 [00:03<00:00, 35.74it/s, v_num=73760, train_loss_step=0.0064, val_loss=0.0132, val_acc=0.996, train_loss_epoch=0.0207]Epoch 11:  93%|█████████▎| 134/144 [00:03<00:00, 35.74it/s, v_num=73760, train_loss_step=0.00793, val_loss=0.0132, val_acc=0.996, train_loss_epoch=0.0207]Epoch 11:  94%|█████████▍| 135/144 [00:03<00:00, 35.77it/s, v_num=73760, train_loss_step=0.00793, val_loss=0.0132, val_acc=0.996, train_loss_epoch=0.0207]Epoch 11:  94%|█████████▍| 135/144 [00:03<00:00, 35.77it/s, v_num=73760, train_loss_step=0.0147, val_loss=0.0132, val_acc=0.996, train_loss_epoch=0.0207] Epoch 11:  94%|█████████▍| 136/144 [00:03<00:00, 35.80it/s, v_num=73760, train_loss_step=0.0147, val_loss=0.0132, val_acc=0.996, train_loss_epoch=0.0207]Epoch 11:  94%|█████████▍| 136/144 [00:03<00:00, 35.79it/s, v_num=73760, train_loss_step=0.0362, val_loss=0.0132, val_acc=0.996, train_loss_epoch=0.0207]Epoch 11:  95%|█████████▌| 137/144 [00:03<00:00, 35.78it/s, v_num=73760, train_loss_step=0.0362, val_loss=0.0132, val_acc=0.996, train_loss_epoch=0.0207]Epoch 11:  95%|█████████▌| 137/144 [00:03<00:00, 35.78it/s, v_num=73760, train_loss_step=0.0166, val_loss=0.0132, val_acc=0.996, train_loss_epoch=0.0207]Epoch 11:  96%|█████████▌| 138/144 [00:03<00:00, 35.74it/s, v_num=73760, train_loss_step=0.0166, val_loss=0.0132, val_acc=0.996, train_loss_epoch=0.0207]Epoch 11:  96%|█████████▌| 138/144 [00:03<00:00, 35.74it/s, v_num=73760, train_loss_step=0.00189, val_loss=0.0132, val_acc=0.996, train_loss_epoch=0.0207]Epoch 11:  97%|█████████▋| 139/144 [00:03<00:00, 35.76it/s, v_num=73760, train_loss_step=0.00189, val_loss=0.0132, val_acc=0.996, train_loss_epoch=0.0207]Epoch 11:  97%|█████████▋| 139/144 [00:03<00:00, 35.76it/s, v_num=73760, train_loss_step=0.0255, val_loss=0.0132, val_acc=0.996, train_loss_epoch=0.0207] Epoch 11:  97%|█████████▋| 140/144 [00:03<00:00, 35.79it/s, v_num=73760, train_loss_step=0.0255, val_loss=0.0132, val_acc=0.996, train_loss_epoch=0.0207]Epoch 11:  97%|█████████▋| 140/144 [00:03<00:00, 35.79it/s, v_num=73760, train_loss_step=0.00782, val_loss=0.0132, val_acc=0.996, train_loss_epoch=0.0207]Epoch 11:  98%|█████████▊| 141/144 [00:03<00:00, 35.81it/s, v_num=73760, train_loss_step=0.00782, val_loss=0.0132, val_acc=0.996, train_loss_epoch=0.0207]Epoch 11:  98%|█████████▊| 141/144 [00:03<00:00, 35.81it/s, v_num=73760, train_loss_step=0.0291, val_loss=0.0132, val_acc=0.996, train_loss_epoch=0.0207] Epoch 11:  99%|█████████▊| 142/144 [00:03<00:00, 35.81it/s, v_num=73760, train_loss_step=0.0291, val_loss=0.0132, val_acc=0.996, train_loss_epoch=0.0207]Epoch 11:  99%|█████████▊| 142/144 [00:03<00:00, 35.80it/s, v_num=73760, train_loss_step=0.015, val_loss=0.0132, val_acc=0.996, train_loss_epoch=0.0207] Epoch 11:  99%|█████████▉| 143/144 [00:03<00:00, 35.82it/s, v_num=73760, train_loss_step=0.015, val_loss=0.0132, val_acc=0.996, train_loss_epoch=0.0207]Epoch 11:  99%|█████████▉| 143/144 [00:03<00:00, 35.82it/s, v_num=73760, train_loss_step=0.00513, val_loss=0.0132, val_acc=0.996, train_loss_epoch=0.0207]Epoch 11: 100%|██████████| 144/144 [00:04<00:00, 35.84it/s, v_num=73760, train_loss_step=0.00513, val_loss=0.0132, val_acc=0.996, train_loss_epoch=0.0207]Epoch 11: 100%|██████████| 144/144 [00:04<00:00, 35.84it/s, v_num=73760, train_loss_step=0.00278, val_loss=0.0132, val_acc=0.996, train_loss_epoch=0.0207]
Validation: |          | 0/? [00:00<?, ?it/s][A
Validation:   0%|          | 0/14 [00:00<?, ?it/s][A
Validation DataLoader 0:   0%|          | 0/14 [00:00<?, ?it/s][A
Validation DataLoader 0:   7%|▋         | 1/14 [00:00<00:00, 163.14it/s][A
Validation DataLoader 0:  14%|█▍        | 2/14 [00:00<00:00, 114.72it/s][A
Validation DataLoader 0:  21%|██▏       | 3/14 [00:00<00:00, 92.46it/s] [A
Validation DataLoader 0:  29%|██▊       | 4/14 [00:00<00:00, 94.74it/s][A
Validation DataLoader 0:  36%|███▌      | 5/14 [00:00<00:00, 96.00it/s][A
Validation DataLoader 0:  43%|████▎     | 6/14 [00:00<00:00, 96.38it/s][A
Validation DataLoader 0:  50%|█████     | 7/14 [00:00<00:00, 97.12it/s][A
Validation DataLoader 0:  57%|█████▋    | 8/14 [00:00<00:00, 97.41it/s][A
Validation DataLoader 0:  64%|██████▍   | 9/14 [00:00<00:00, 97.74it/s][A
Validation DataLoader 0:  71%|███████▏  | 10/14 [00:00<00:00, 98.14it/s][A
Validation DataLoader 0:  79%|███████▊  | 11/14 [00:00<00:00, 98.53it/s][A
Validation DataLoader 0:  86%|████████▌ | 12/14 [00:00<00:00, 98.64it/s][A
Validation DataLoader 0:  93%|█████████▎| 13/14 [00:00<00:00, 98.49it/s][A
Validation DataLoader 0: 100%|██████████| 14/14 [00:00<00:00, 95.61it/s][A
                                                                        [AEpoch 11: 100%|██████████| 144/144 [00:04<00:00, 34.37it/s, v_num=73760, train_loss_step=0.00278, val_loss=0.0142, val_acc=0.996, train_loss_epoch=0.0207]Epoch 11: 100%|██████████| 144/144 [00:04<00:00, 34.36it/s, v_num=73760, train_loss_step=0.00278, val_loss=0.0142, val_acc=0.996, train_loss_epoch=0.0152]Epoch 11:   0%|          | 0/144 [00:00<?, ?it/s, v_num=73760, train_loss_step=0.00278, val_loss=0.0142, val_acc=0.996, train_loss_epoch=0.0152]          Epoch 12:   0%|          | 0/144 [00:00<?, ?it/s, v_num=73760, train_loss_step=0.00278, val_loss=0.0142, val_acc=0.996, train_loss_epoch=0.0152]Epoch 12:   1%|          | 1/144 [00:00<00:13, 10.97it/s, v_num=73760, train_loss_step=0.00278, val_loss=0.0142, val_acc=0.996, train_loss_epoch=0.0152]Epoch 12:   1%|          | 1/144 [00:00<00:13, 10.95it/s, v_num=73760, train_loss_step=0.0143, val_loss=0.0142, val_acc=0.996, train_loss_epoch=0.0152] Epoch 12:   1%|▏         | 2/144 [00:00<00:08, 16.96it/s, v_num=73760, train_loss_step=0.0143, val_loss=0.0142, val_acc=0.996, train_loss_epoch=0.0152]Epoch 12:   1%|▏         | 2/144 [00:00<00:08, 16.94it/s, v_num=73760, train_loss_step=0.0386, val_loss=0.0142, val_acc=0.996, train_loss_epoch=0.0152]Epoch 12:   2%|▏         | 3/144 [00:00<00:07, 20.11it/s, v_num=73760, train_loss_step=0.0386, val_loss=0.0142, val_acc=0.996, train_loss_epoch=0.0152]Epoch 12:   2%|▏         | 3/144 [00:00<00:07, 20.09it/s, v_num=73760, train_loss_step=0.0208, val_loss=0.0142, val_acc=0.996, train_loss_epoch=0.0152]Epoch 12:   3%|▎         | 4/144 [00:00<00:06, 22.81it/s, v_num=73760, train_loss_step=0.0208, val_loss=0.0142, val_acc=0.996, train_loss_epoch=0.0152]Epoch 12:   3%|▎         | 4/144 [00:00<00:06, 22.79it/s, v_num=73760, train_loss_step=0.0229, val_loss=0.0142, val_acc=0.996, train_loss_epoch=0.0152]Epoch 12:   3%|▎         | 5/144 [00:00<00:05, 24.95it/s, v_num=73760, train_loss_step=0.0229, val_loss=0.0142, val_acc=0.996, train_loss_epoch=0.0152]Epoch 12:   3%|▎         | 5/144 [00:00<00:05, 24.93it/s, v_num=73760, train_loss_step=0.0131, val_loss=0.0142, val_acc=0.996, train_loss_epoch=0.0152]Epoch 12:   4%|▍         | 6/144 [00:00<00:05, 26.49it/s, v_num=73760, train_loss_step=0.0131, val_loss=0.0142, val_acc=0.996, train_loss_epoch=0.0152]Epoch 12:   4%|▍         | 6/144 [00:00<00:05, 26.47it/s, v_num=73760, train_loss_step=0.0113, val_loss=0.0142, val_acc=0.996, train_loss_epoch=0.0152]Epoch 12:   5%|▍         | 7/144 [00:00<00:04, 27.43it/s, v_num=73760, train_loss_step=0.0113, val_loss=0.0142, val_acc=0.996, train_loss_epoch=0.0152]Epoch 12:   5%|▍         | 7/144 [00:00<00:04, 27.41it/s, v_num=73760, train_loss_step=0.0176, val_loss=0.0142, val_acc=0.996, train_loss_epoch=0.0152]Epoch 12:   6%|▌         | 8/144 [00:00<00:04, 28.42it/s, v_num=73760, train_loss_step=0.0176, val_loss=0.0142, val_acc=0.996, train_loss_epoch=0.0152]Epoch 12:   6%|▌         | 8/144 [00:00<00:04, 28.40it/s, v_num=73760, train_loss_step=0.00904, val_loss=0.0142, val_acc=0.996, train_loss_epoch=0.0152]Epoch 12:   6%|▋         | 9/144 [00:00<00:04, 29.33it/s, v_num=73760, train_loss_step=0.00904, val_loss=0.0142, val_acc=0.996, train_loss_epoch=0.0152]Epoch 12:   6%|▋         | 9/144 [00:00<00:04, 29.32it/s, v_num=73760, train_loss_step=0.0162, val_loss=0.0142, val_acc=0.996, train_loss_epoch=0.0152] Epoch 12:   7%|▋         | 10/144 [00:00<00:04, 28.82it/s, v_num=73760, train_loss_step=0.0162, val_loss=0.0142, val_acc=0.996, train_loss_epoch=0.0152]Epoch 12:   7%|▋         | 10/144 [00:00<00:04, 28.80it/s, v_num=73760, train_loss_step=0.00626, val_loss=0.0142, val_acc=0.996, train_loss_epoch=0.0152]Epoch 12:   8%|▊         | 11/144 [00:00<00:04, 29.30it/s, v_num=73760, train_loss_step=0.00626, val_loss=0.0142, val_acc=0.996, train_loss_epoch=0.0152]Epoch 12:   8%|▊         | 11/144 [00:00<00:04, 29.29it/s, v_num=73760, train_loss_step=0.0114, val_loss=0.0142, val_acc=0.996, train_loss_epoch=0.0152] Epoch 12:   8%|▊         | 12/144 [00:00<00:04, 29.84it/s, v_num=73760, train_loss_step=0.0114, val_loss=0.0142, val_acc=0.996, train_loss_epoch=0.0152]Epoch 12:   8%|▊         | 12/144 [00:00<00:04, 29.83it/s, v_num=73760, train_loss_step=0.015, val_loss=0.0142, val_acc=0.996, train_loss_epoch=0.0152] Epoch 12:   9%|▉         | 13/144 [00:00<00:04, 30.36it/s, v_num=73760, train_loss_step=0.015, val_loss=0.0142, val_acc=0.996, train_loss_epoch=0.0152]Epoch 12:   9%|▉         | 13/144 [00:00<00:04, 30.35it/s, v_num=73760, train_loss_step=0.00626, val_loss=0.0142, val_acc=0.996, train_loss_epoch=0.0152]Epoch 12:  10%|▉         | 14/144 [00:00<00:04, 30.52it/s, v_num=73760, train_loss_step=0.00626, val_loss=0.0142, val_acc=0.996, train_loss_epoch=0.0152]Epoch 12:  10%|▉         | 14/144 [00:00<00:04, 30.51it/s, v_num=73760, train_loss_step=0.00882, val_loss=0.0142, val_acc=0.996, train_loss_epoch=0.0152]Epoch 12:  10%|█         | 15/144 [00:00<00:04, 30.93it/s, v_num=73760, train_loss_step=0.00882, val_loss=0.0142, val_acc=0.996, train_loss_epoch=0.0152]Epoch 12:  10%|█         | 15/144 [00:00<00:04, 30.92it/s, v_num=73760, train_loss_step=0.0129, val_loss=0.0142, val_acc=0.996, train_loss_epoch=0.0152] Epoch 12:  11%|█         | 16/144 [00:00<00:04, 31.24it/s, v_num=73760, train_loss_step=0.0129, val_loss=0.0142, val_acc=0.996, train_loss_epoch=0.0152]Epoch 12:  11%|█         | 16/144 [00:00<00:04, 31.23it/s, v_num=73760, train_loss_step=0.0302, val_loss=0.0142, val_acc=0.996, train_loss_epoch=0.0152]Epoch 12:  12%|█▏        | 17/144 [00:00<00:04, 31.61it/s, v_num=73760, train_loss_step=0.0302, val_loss=0.0142, val_acc=0.996, train_loss_epoch=0.0152]Epoch 12:  12%|█▏        | 17/144 [00:00<00:04, 31.60it/s, v_num=73760, train_loss_step=0.0194, val_loss=0.0142, val_acc=0.996, train_loss_epoch=0.0152]Epoch 12:  12%|█▎        | 18/144 [00:00<00:03, 31.82it/s, v_num=73760, train_loss_step=0.0194, val_loss=0.0142, val_acc=0.996, train_loss_epoch=0.0152]Epoch 12:  12%|█▎        | 18/144 [00:00<00:03, 31.81it/s, v_num=73760, train_loss_step=0.0206, val_loss=0.0142, val_acc=0.996, train_loss_epoch=0.0152]Epoch 12:  13%|█▎        | 19/144 [00:00<00:03, 31.63it/s, v_num=73760, train_loss_step=0.0206, val_loss=0.0142, val_acc=0.996, train_loss_epoch=0.0152]Epoch 12:  13%|█▎        | 19/144 [00:00<00:03, 31.62it/s, v_num=73760, train_loss_step=0.00558, val_loss=0.0142, val_acc=0.996, train_loss_epoch=0.0152]Epoch 12:  14%|█▍        | 20/144 [00:00<00:03, 31.88it/s, v_num=73760, train_loss_step=0.00558, val_loss=0.0142, val_acc=0.996, train_loss_epoch=0.0152]Epoch 12:  14%|█▍        | 20/144 [00:00<00:03, 31.87it/s, v_num=73760, train_loss_step=0.00438, val_loss=0.0142, val_acc=0.996, train_loss_epoch=0.0152]Epoch 12:  15%|█▍        | 21/144 [00:00<00:03, 32.07it/s, v_num=73760, train_loss_step=0.00438, val_loss=0.0142, val_acc=0.996, train_loss_epoch=0.0152]Epoch 12:  15%|█▍        | 21/144 [00:00<00:03, 32.06it/s, v_num=73760, train_loss_step=0.0183, val_loss=0.0142, val_acc=0.996, train_loss_epoch=0.0152] Epoch 12:  15%|█▌        | 22/144 [00:00<00:03, 32.14it/s, v_num=73760, train_loss_step=0.0183, val_loss=0.0142, val_acc=0.996, train_loss_epoch=0.0152]Epoch 12:  15%|█▌        | 22/144 [00:00<00:03, 32.13it/s, v_num=73760, train_loss_step=0.0313, val_loss=0.0142, val_acc=0.996, train_loss_epoch=0.0152]Epoch 12:  16%|█▌        | 23/144 [00:00<00:03, 32.35it/s, v_num=73760, train_loss_step=0.0313, val_loss=0.0142, val_acc=0.996, train_loss_epoch=0.0152]Epoch 12:  16%|█▌        | 23/144 [00:00<00:03, 32.34it/s, v_num=73760, train_loss_step=0.0283, val_loss=0.0142, val_acc=0.996, train_loss_epoch=0.0152]Epoch 12:  17%|█▋        | 24/144 [00:00<00:03, 32.57it/s, v_num=73760, train_loss_step=0.0283, val_loss=0.0142, val_acc=0.996, train_loss_epoch=0.0152]Epoch 12:  17%|█▋        | 24/144 [00:00<00:03, 32.56it/s, v_num=73760, train_loss_step=0.006, val_loss=0.0142, val_acc=0.996, train_loss_epoch=0.0152] Epoch 12:  17%|█▋        | 25/144 [00:00<00:03, 32.73it/s, v_num=73760, train_loss_step=0.006, val_loss=0.0142, val_acc=0.996, train_loss_epoch=0.0152]Epoch 12:  17%|█▋        | 25/144 [00:00<00:03, 32.72it/s, v_num=73760, train_loss_step=0.0137, val_loss=0.0142, val_acc=0.996, train_loss_epoch=0.0152]Epoch 12:  18%|█▊        | 26/144 [00:00<00:03, 32.75it/s, v_num=73760, train_loss_step=0.0137, val_loss=0.0142, val_acc=0.996, train_loss_epoch=0.0152]Epoch 12:  18%|█▊        | 26/144 [00:00<00:03, 32.75it/s, v_num=73760, train_loss_step=0.0258, val_loss=0.0142, val_acc=0.996, train_loss_epoch=0.0152]Epoch 12:  19%|█▉        | 27/144 [00:00<00:03, 32.93it/s, v_num=73760, train_loss_step=0.0258, val_loss=0.0142, val_acc=0.996, train_loss_epoch=0.0152]Epoch 12:  19%|█▉        | 27/144 [00:00<00:03, 32.92it/s, v_num=73760, train_loss_step=0.0203, val_loss=0.0142, val_acc=0.996, train_loss_epoch=0.0152]Epoch 12:  19%|█▉        | 28/144 [00:00<00:03, 33.08it/s, v_num=73760, train_loss_step=0.0203, val_loss=0.0142, val_acc=0.996, train_loss_epoch=0.0152]Epoch 12:  19%|█▉        | 28/144 [00:00<00:03, 33.07it/s, v_num=73760, train_loss_step=0.0325, val_loss=0.0142, val_acc=0.996, train_loss_epoch=0.0152]Epoch 12:  20%|██        | 29/144 [00:00<00:03, 33.17it/s, v_num=73760, train_loss_step=0.0325, val_loss=0.0142, val_acc=0.996, train_loss_epoch=0.0152]Epoch 12:  20%|██        | 29/144 [00:00<00:03, 33.17it/s, v_num=73760, train_loss_step=0.0109, val_loss=0.0142, val_acc=0.996, train_loss_epoch=0.0152]Epoch 12:  21%|██        | 30/144 [00:00<00:03, 33.14it/s, v_num=73760, train_loss_step=0.0109, val_loss=0.0142, val_acc=0.996, train_loss_epoch=0.0152]Epoch 12:  21%|██        | 30/144 [00:00<00:03, 33.13it/s, v_num=73760, train_loss_step=0.00547, val_loss=0.0142, val_acc=0.996, train_loss_epoch=0.0152]Epoch 12:  22%|██▏       | 31/144 [00:00<00:03, 33.26it/s, v_num=73760, train_loss_step=0.00547, val_loss=0.0142, val_acc=0.996, train_loss_epoch=0.0152]Epoch 12:  22%|██▏       | 31/144 [00:00<00:03, 33.25it/s, v_num=73760, train_loss_step=0.0213, val_loss=0.0142, val_acc=0.996, train_loss_epoch=0.0152] Epoch 12:  22%|██▏       | 32/144 [00:00<00:03, 33.36it/s, v_num=73760, train_loss_step=0.0213, val_loss=0.0142, val_acc=0.996, train_loss_epoch=0.0152]Epoch 12:  22%|██▏       | 32/144 [00:00<00:03, 33.35it/s, v_num=73760, train_loss_step=0.00769, val_loss=0.0142, val_acc=0.996, train_loss_epoch=0.0152]Epoch 12:  23%|██▎       | 33/144 [00:00<00:03, 33.47it/s, v_num=73760, train_loss_step=0.00769, val_loss=0.0142, val_acc=0.996, train_loss_epoch=0.0152]Epoch 12:  23%|██▎       | 33/144 [00:00<00:03, 33.47it/s, v_num=73760, train_loss_step=0.0207, val_loss=0.0142, val_acc=0.996, train_loss_epoch=0.0152] Epoch 12:  24%|██▎       | 34/144 [00:01<00:03, 33.49it/s, v_num=73760, train_loss_step=0.0207, val_loss=0.0142, val_acc=0.996, train_loss_epoch=0.0152]Epoch 12:  24%|██▎       | 34/144 [00:01<00:03, 33.49it/s, v_num=73760, train_loss_step=0.00507, val_loss=0.0142, val_acc=0.996, train_loss_epoch=0.0152]Epoch 12:  24%|██▍       | 35/144 [00:01<00:03, 33.54it/s, v_num=73760, train_loss_step=0.00507, val_loss=0.0142, val_acc=0.996, train_loss_epoch=0.0152]Epoch 12:  24%|██▍       | 35/144 [00:01<00:03, 33.53it/s, v_num=73760, train_loss_step=0.0105, val_loss=0.0142, val_acc=0.996, train_loss_epoch=0.0152] Epoch 12:  25%|██▌       | 36/144 [00:01<00:03, 33.66it/s, v_num=73760, train_loss_step=0.0105, val_loss=0.0142, val_acc=0.996, train_loss_epoch=0.0152]Epoch 12:  25%|██▌       | 36/144 [00:01<00:03, 33.66it/s, v_num=73760, train_loss_step=0.0268, val_loss=0.0142, val_acc=0.996, train_loss_epoch=0.0152]Epoch 12:  26%|██▌       | 37/144 [00:01<00:03, 33.79it/s, v_num=73760, train_loss_step=0.0268, val_loss=0.0142, val_acc=0.996, train_loss_epoch=0.0152]Epoch 12:  26%|██▌       | 37/144 [00:01<00:03, 33.79it/s, v_num=73760, train_loss_step=0.0051, val_loss=0.0142, val_acc=0.996, train_loss_epoch=0.0152]Epoch 12:  26%|██▋       | 38/144 [00:01<00:03, 33.78it/s, v_num=73760, train_loss_step=0.0051, val_loss=0.0142, val_acc=0.996, train_loss_epoch=0.0152]Epoch 12:  26%|██▋       | 38/144 [00:01<00:03, 33.77it/s, v_num=73760, train_loss_step=0.0152, val_loss=0.0142, val_acc=0.996, train_loss_epoch=0.0152]Epoch 12:  27%|██▋       | 39/144 [00:01<00:03, 33.86it/s, v_num=73760, train_loss_step=0.0152, val_loss=0.0142, val_acc=0.996, train_loss_epoch=0.0152]Epoch 12:  27%|██▋       | 39/144 [00:01<00:03, 33.85it/s, v_num=73760, train_loss_step=0.00704, val_loss=0.0142, val_acc=0.996, train_loss_epoch=0.0152]Epoch 12:  28%|██▊       | 40/144 [00:01<00:03, 33.98it/s, v_num=73760, train_loss_step=0.00704, val_loss=0.0142, val_acc=0.996, train_loss_epoch=0.0152]Epoch 12:  28%|██▊       | 40/144 [00:01<00:03, 33.97it/s, v_num=73760, train_loss_step=0.00981, val_loss=0.0142, val_acc=0.996, train_loss_epoch=0.0152]Epoch 12:  28%|██▊       | 41/144 [00:01<00:03, 34.06it/s, v_num=73760, train_loss_step=0.00981, val_loss=0.0142, val_acc=0.996, train_loss_epoch=0.0152]Epoch 12:  28%|██▊       | 41/144 [00:01<00:03, 34.06it/s, v_num=73760, train_loss_step=0.0111, val_loss=0.0142, val_acc=0.996, train_loss_epoch=0.0152] Epoch 12:  29%|██▉       | 42/144 [00:01<00:02, 34.07it/s, v_num=73760, train_loss_step=0.0111, val_loss=0.0142, val_acc=0.996, train_loss_epoch=0.0152]Epoch 12:  29%|██▉       | 42/144 [00:01<00:02, 34.06it/s, v_num=73760, train_loss_step=0.00937, val_loss=0.0142, val_acc=0.996, train_loss_epoch=0.0152]Epoch 12:  30%|██▉       | 43/144 [00:01<00:02, 34.12it/s, v_num=73760, train_loss_step=0.00937, val_loss=0.0142, val_acc=0.996, train_loss_epoch=0.0152]Epoch 12:  30%|██▉       | 43/144 [00:01<00:02, 34.12it/s, v_num=73760, train_loss_step=0.0111, val_loss=0.0142, val_acc=0.996, train_loss_epoch=0.0152] Epoch 12:  31%|███       | 44/144 [00:01<00:02, 34.19it/s, v_num=73760, train_loss_step=0.0111, val_loss=0.0142, val_acc=0.996, train_loss_epoch=0.0152]Epoch 12:  31%|███       | 44/144 [00:01<00:02, 34.18it/s, v_num=73760, train_loss_step=0.0226, val_loss=0.0142, val_acc=0.996, train_loss_epoch=0.0152]Epoch 12:  31%|███▏      | 45/144 [00:01<00:02, 34.24it/s, v_num=73760, train_loss_step=0.0226, val_loss=0.0142, val_acc=0.996, train_loss_epoch=0.0152]Epoch 12:  31%|███▏      | 45/144 [00:01<00:02, 34.24it/s, v_num=73760, train_loss_step=0.0166, val_loss=0.0142, val_acc=0.996, train_loss_epoch=0.0152]Epoch 12:  32%|███▏      | 46/144 [00:01<00:02, 34.23it/s, v_num=73760, train_loss_step=0.0166, val_loss=0.0142, val_acc=0.996, train_loss_epoch=0.0152]Epoch 12:  32%|███▏      | 46/144 [00:01<00:02, 34.23it/s, v_num=73760, train_loss_step=0.00174, val_loss=0.0142, val_acc=0.996, train_loss_epoch=0.0152]Epoch 12:  33%|███▎      | 47/144 [00:01<00:02, 34.28it/s, v_num=73760, train_loss_step=0.00174, val_loss=0.0142, val_acc=0.996, train_loss_epoch=0.0152]Epoch 12:  33%|███▎      | 47/144 [00:01<00:02, 34.28it/s, v_num=73760, train_loss_step=0.0107, val_loss=0.0142, val_acc=0.996, train_loss_epoch=0.0152] Epoch 12:  33%|███▎      | 48/144 [00:01<00:02, 34.36it/s, v_num=73760, train_loss_step=0.0107, val_loss=0.0142, val_acc=0.996, train_loss_epoch=0.0152]Epoch 12:  33%|███▎      | 48/144 [00:01<00:02, 34.35it/s, v_num=73760, train_loss_step=0.00303, val_loss=0.0142, val_acc=0.996, train_loss_epoch=0.0152]Epoch 12:  34%|███▍      | 49/144 [00:01<00:02, 34.40it/s, v_num=73760, train_loss_step=0.00303, val_loss=0.0142, val_acc=0.996, train_loss_epoch=0.0152]Epoch 12:  34%|███▍      | 49/144 [00:01<00:02, 34.40it/s, v_num=73760, train_loss_step=0.0249, val_loss=0.0142, val_acc=0.996, train_loss_epoch=0.0152] Epoch 12:  35%|███▍      | 50/144 [00:01<00:02, 34.37it/s, v_num=73760, train_loss_step=0.0249, val_loss=0.0142, val_acc=0.996, train_loss_epoch=0.0152]Epoch 12:  35%|███▍      | 50/144 [00:01<00:02, 34.36it/s, v_num=73760, train_loss_step=0.0225, val_loss=0.0142, val_acc=0.996, train_loss_epoch=0.0152]Epoch 12:  35%|███▌      | 51/144 [00:01<00:02, 34.43it/s, v_num=73760, train_loss_step=0.0225, val_loss=0.0142, val_acc=0.996, train_loss_epoch=0.0152]Epoch 12:  35%|███▌      | 51/144 [00:01<00:02, 34.43it/s, v_num=73760, train_loss_step=0.00525, val_loss=0.0142, val_acc=0.996, train_loss_epoch=0.0152]Epoch 12:  36%|███▌      | 52/144 [00:01<00:02, 34.46it/s, v_num=73760, train_loss_step=0.00525, val_loss=0.0142, val_acc=0.996, train_loss_epoch=0.0152]Epoch 12:  36%|███▌      | 52/144 [00:01<00:02, 34.46it/s, v_num=73760, train_loss_step=0.0126, val_loss=0.0142, val_acc=0.996, train_loss_epoch=0.0152] Epoch 12:  37%|███▋      | 53/144 [00:01<00:02, 34.52it/s, v_num=73760, train_loss_step=0.0126, val_loss=0.0142, val_acc=0.996, train_loss_epoch=0.0152]Epoch 12:  37%|███▋      | 53/144 [00:01<00:02, 34.51it/s, v_num=73760, train_loss_step=0.00936, val_loss=0.0142, val_acc=0.996, train_loss_epoch=0.0152]Epoch 12:  38%|███▊      | 54/144 [00:01<00:02, 34.52it/s, v_num=73760, train_loss_step=0.00936, val_loss=0.0142, val_acc=0.996, train_loss_epoch=0.0152]Epoch 12:  38%|███▊      | 54/144 [00:01<00:02, 34.52it/s, v_num=73760, train_loss_step=0.0265, val_loss=0.0142, val_acc=0.996, train_loss_epoch=0.0152] Epoch 12:  38%|███▊      | 55/144 [00:01<00:02, 34.59it/s, v_num=73760, train_loss_step=0.0265, val_loss=0.0142, val_acc=0.996, train_loss_epoch=0.0152]Epoch 12:  38%|███▊      | 55/144 [00:01<00:02, 34.59it/s, v_num=73760, train_loss_step=0.0236, val_loss=0.0142, val_acc=0.996, train_loss_epoch=0.0152]Epoch 12:  39%|███▉      | 56/144 [00:01<00:02, 34.67it/s, v_num=73760, train_loss_step=0.0236, val_loss=0.0142, val_acc=0.996, train_loss_epoch=0.0152]Epoch 12:  39%|███▉      | 56/144 [00:01<00:02, 34.67it/s, v_num=73760, train_loss_step=0.00746, val_loss=0.0142, val_acc=0.996, train_loss_epoch=0.0152]Epoch 12:  40%|███▉      | 57/144 [00:01<00:02, 34.73it/s, v_num=73760, train_loss_step=0.00746, val_loss=0.0142, val_acc=0.996, train_loss_epoch=0.0152]Epoch 12:  40%|███▉      | 57/144 [00:01<00:02, 34.73it/s, v_num=73760, train_loss_step=0.0132, val_loss=0.0142, val_acc=0.996, train_loss_epoch=0.0152] Epoch 12:  40%|████      | 58/144 [00:01<00:02, 34.73it/s, v_num=73760, train_loss_step=0.0132, val_loss=0.0142, val_acc=0.996, train_loss_epoch=0.0152]Epoch 12:  40%|████      | 58/144 [00:01<00:02, 34.73it/s, v_num=73760, train_loss_step=0.00582, val_loss=0.0142, val_acc=0.996, train_loss_epoch=0.0152]Epoch 12:  41%|████      | 59/144 [00:01<00:02, 34.77it/s, v_num=73760, train_loss_step=0.00582, val_loss=0.0142, val_acc=0.996, train_loss_epoch=0.0152]Epoch 12:  41%|████      | 59/144 [00:01<00:02, 34.77it/s, v_num=73760, train_loss_step=0.00302, val_loss=0.0142, val_acc=0.996, train_loss_epoch=0.0152]Epoch 12:  42%|████▏     | 60/144 [00:01<00:02, 34.83it/s, v_num=73760, train_loss_step=0.00302, val_loss=0.0142, val_acc=0.996, train_loss_epoch=0.0152]Epoch 12:  42%|████▏     | 60/144 [00:01<00:02, 34.83it/s, v_num=73760, train_loss_step=0.00474, val_loss=0.0142, val_acc=0.996, train_loss_epoch=0.0152]Epoch 12:  42%|████▏     | 61/144 [00:01<00:02, 34.88it/s, v_num=73760, train_loss_step=0.00474, val_loss=0.0142, val_acc=0.996, train_loss_epoch=0.0152]Epoch 12:  42%|████▏     | 61/144 [00:01<00:02, 34.87it/s, v_num=73760, train_loss_step=0.0262, val_loss=0.0142, val_acc=0.996, train_loss_epoch=0.0152] Epoch 12:  43%|████▎     | 62/144 [00:01<00:02, 34.74it/s, v_num=73760, train_loss_step=0.0262, val_loss=0.0142, val_acc=0.996, train_loss_epoch=0.0152]Epoch 12:  43%|████▎     | 62/144 [00:01<00:02, 34.73it/s, v_num=73760, train_loss_step=0.0249, val_loss=0.0142, val_acc=0.996, train_loss_epoch=0.0152]Epoch 12:  44%|████▍     | 63/144 [00:01<00:02, 34.70it/s, v_num=73760, train_loss_step=0.0249, val_loss=0.0142, val_acc=0.996, train_loss_epoch=0.0152]Epoch 12:  44%|████▍     | 63/144 [00:01<00:02, 34.70it/s, v_num=73760, train_loss_step=0.0047, val_loss=0.0142, val_acc=0.996, train_loss_epoch=0.0152]Epoch 12:  44%|████▍     | 64/144 [00:01<00:02, 34.75it/s, v_num=73760, train_loss_step=0.0047, val_loss=0.0142, val_acc=0.996, train_loss_epoch=0.0152]Epoch 12:  44%|████▍     | 64/144 [00:01<00:02, 34.75it/s, v_num=73760, train_loss_step=0.0444, val_loss=0.0142, val_acc=0.996, train_loss_epoch=0.0152]Epoch 12:  45%|████▌     | 65/144 [00:01<00:02, 34.79it/s, v_num=73760, train_loss_step=0.0444, val_loss=0.0142, val_acc=0.996, train_loss_epoch=0.0152]Epoch 12:  45%|████▌     | 65/144 [00:01<00:02, 34.79it/s, v_num=73760, train_loss_step=0.0203, val_loss=0.0142, val_acc=0.996, train_loss_epoch=0.0152]Epoch 12:  46%|████▌     | 66/144 [00:01<00:02, 34.73it/s, v_num=73760, train_loss_step=0.0203, val_loss=0.0142, val_acc=0.996, train_loss_epoch=0.0152]Epoch 12:  46%|████▌     | 66/144 [00:01<00:02, 34.73it/s, v_num=73760, train_loss_step=0.0624, val_loss=0.0142, val_acc=0.996, train_loss_epoch=0.0152]Epoch 12:  47%|████▋     | 67/144 [00:01<00:02, 34.79it/s, v_num=73760, train_loss_step=0.0624, val_loss=0.0142, val_acc=0.996, train_loss_epoch=0.0152]Epoch 12:  47%|████▋     | 67/144 [00:01<00:02, 34.79it/s, v_num=73760, train_loss_step=0.00596, val_loss=0.0142, val_acc=0.996, train_loss_epoch=0.0152]Epoch 12:  47%|████▋     | 68/144 [00:01<00:02, 34.85it/s, v_num=73760, train_loss_step=0.00596, val_loss=0.0142, val_acc=0.996, train_loss_epoch=0.0152]Epoch 12:  47%|████▋     | 68/144 [00:01<00:02, 34.85it/s, v_num=73760, train_loss_step=0.0065, val_loss=0.0142, val_acc=0.996, train_loss_epoch=0.0152] Epoch 12:  48%|████▊     | 69/144 [00:01<00:02, 34.89it/s, v_num=73760, train_loss_step=0.0065, val_loss=0.0142, val_acc=0.996, train_loss_epoch=0.0152]Epoch 12:  48%|████▊     | 69/144 [00:01<00:02, 34.89it/s, v_num=73760, train_loss_step=0.00536, val_loss=0.0142, val_acc=0.996, train_loss_epoch=0.0152]Epoch 12:  49%|████▊     | 70/144 [00:02<00:02, 34.85it/s, v_num=73760, train_loss_step=0.00536, val_loss=0.0142, val_acc=0.996, train_loss_epoch=0.0152]Epoch 12:  49%|████▊     | 70/144 [00:02<00:02, 34.85it/s, v_num=73760, train_loss_step=0.012, val_loss=0.0142, val_acc=0.996, train_loss_epoch=0.0152]  Epoch 12:  49%|████▉     | 71/144 [00:02<00:02, 34.77it/s, v_num=73760, train_loss_step=0.012, val_loss=0.0142, val_acc=0.996, train_loss_epoch=0.0152]Epoch 12:  49%|████▉     | 71/144 [00:02<00:02, 34.77it/s, v_num=73760, train_loss_step=0.00575, val_loss=0.0142, val_acc=0.996, train_loss_epoch=0.0152]Epoch 12:  50%|█████     | 72/144 [00:02<00:02, 34.75it/s, v_num=73760, train_loss_step=0.00575, val_loss=0.0142, val_acc=0.996, train_loss_epoch=0.0152]Epoch 12:  50%|█████     | 72/144 [00:02<00:02, 34.75it/s, v_num=73760, train_loss_step=0.00724, val_loss=0.0142, val_acc=0.996, train_loss_epoch=0.0152]Epoch 12:  51%|█████     | 73/144 [00:02<00:02, 34.74it/s, v_num=73760, train_loss_step=0.00724, val_loss=0.0142, val_acc=0.996, train_loss_epoch=0.0152]Epoch 12:  51%|█████     | 73/144 [00:02<00:02, 34.74it/s, v_num=73760, train_loss_step=0.00623, val_loss=0.0142, val_acc=0.996, train_loss_epoch=0.0152]Epoch 12:  51%|█████▏    | 74/144 [00:02<00:02, 34.74it/s, v_num=73760, train_loss_step=0.00623, val_loss=0.0142, val_acc=0.996, train_loss_epoch=0.0152]Epoch 12:  51%|█████▏    | 74/144 [00:02<00:02, 34.73it/s, v_num=73760, train_loss_step=0.0161, val_loss=0.0142, val_acc=0.996, train_loss_epoch=0.0152] Epoch 12:  52%|█████▏    | 75/144 [00:02<00:01, 34.79it/s, v_num=73760, train_loss_step=0.0161, val_loss=0.0142, val_acc=0.996, train_loss_epoch=0.0152]Epoch 12:  52%|█████▏    | 75/144 [00:02<00:01, 34.78it/s, v_num=73760, train_loss_step=0.00874, val_loss=0.0142, val_acc=0.996, train_loss_epoch=0.0152]Epoch 12:  53%|█████▎    | 76/144 [00:02<00:01, 34.82it/s, v_num=73760, train_loss_step=0.00874, val_loss=0.0142, val_acc=0.996, train_loss_epoch=0.0152]Epoch 12:  53%|█████▎    | 76/144 [00:02<00:01, 34.82it/s, v_num=73760, train_loss_step=0.0156, val_loss=0.0142, val_acc=0.996, train_loss_epoch=0.0152] Epoch 12:  53%|█████▎    | 77/144 [00:02<00:01, 34.84it/s, v_num=73760, train_loss_step=0.0156, val_loss=0.0142, val_acc=0.996, train_loss_epoch=0.0152]Epoch 12:  53%|█████▎    | 77/144 [00:02<00:01, 34.84it/s, v_num=73760, train_loss_step=0.0211, val_loss=0.0142, val_acc=0.996, train_loss_epoch=0.0152]Epoch 12:  54%|█████▍    | 78/144 [00:02<00:01, 34.79it/s, v_num=73760, train_loss_step=0.0211, val_loss=0.0142, val_acc=0.996, train_loss_epoch=0.0152]Epoch 12:  54%|█████▍    | 78/144 [00:02<00:01, 34.79it/s, v_num=73760, train_loss_step=0.0327, val_loss=0.0142, val_acc=0.996, train_loss_epoch=0.0152]Epoch 12:  55%|█████▍    | 79/144 [00:02<00:01, 34.82it/s, v_num=73760, train_loss_step=0.0327, val_loss=0.0142, val_acc=0.996, train_loss_epoch=0.0152]Epoch 12:  55%|█████▍    | 79/144 [00:02<00:01, 34.82it/s, v_num=73760, train_loss_step=0.0165, val_loss=0.0142, val_acc=0.996, train_loss_epoch=0.0152]Epoch 12:  56%|█████▌    | 80/144 [00:02<00:01, 34.82it/s, v_num=73760, train_loss_step=0.0165, val_loss=0.0142, val_acc=0.996, train_loss_epoch=0.0152]Epoch 12:  56%|█████▌    | 80/144 [00:02<00:01, 34.82it/s, v_num=73760, train_loss_step=0.00229, val_loss=0.0142, val_acc=0.996, train_loss_epoch=0.0152]Epoch 12:  56%|█████▋    | 81/144 [00:02<00:01, 34.80it/s, v_num=73760, train_loss_step=0.00229, val_loss=0.0142, val_acc=0.996, train_loss_epoch=0.0152]Epoch 12:  56%|█████▋    | 81/144 [00:02<00:01, 34.80it/s, v_num=73760, train_loss_step=0.0342, val_loss=0.0142, val_acc=0.996, train_loss_epoch=0.0152] Epoch 12:  57%|█████▋    | 82/144 [00:02<00:01, 34.76it/s, v_num=73760, train_loss_step=0.0342, val_loss=0.0142, val_acc=0.996, train_loss_epoch=0.0152]Epoch 12:  57%|█████▋    | 82/144 [00:02<00:01, 34.76it/s, v_num=73760, train_loss_step=0.026, val_loss=0.0142, val_acc=0.996, train_loss_epoch=0.0152] Epoch 12:  58%|█████▊    | 83/144 [00:02<00:01, 34.76it/s, v_num=73760, train_loss_step=0.026, val_loss=0.0142, val_acc=0.996, train_loss_epoch=0.0152]Epoch 12:  58%|█████▊    | 83/144 [00:02<00:01, 34.76it/s, v_num=73760, train_loss_step=0.0182, val_loss=0.0142, val_acc=0.996, train_loss_epoch=0.0152]Epoch 12:  58%|█████▊    | 84/144 [00:02<00:01, 34.78it/s, v_num=73760, train_loss_step=0.0182, val_loss=0.0142, val_acc=0.996, train_loss_epoch=0.0152]Epoch 12:  58%|█████▊    | 84/144 [00:02<00:01, 34.78it/s, v_num=73760, train_loss_step=0.0178, val_loss=0.0142, val_acc=0.996, train_loss_epoch=0.0152]Epoch 12:  59%|█████▉    | 85/144 [00:02<00:01, 34.80it/s, v_num=73760, train_loss_step=0.0178, val_loss=0.0142, val_acc=0.996, train_loss_epoch=0.0152]Epoch 12:  59%|█████▉    | 85/144 [00:02<00:01, 34.80it/s, v_num=73760, train_loss_step=0.035, val_loss=0.0142, val_acc=0.996, train_loss_epoch=0.0152] Epoch 12:  60%|█████▉    | 86/144 [00:02<00:01, 34.75it/s, v_num=73760, train_loss_step=0.035, val_loss=0.0142, val_acc=0.996, train_loss_epoch=0.0152]Epoch 12:  60%|█████▉    | 86/144 [00:02<00:01, 34.75it/s, v_num=73760, train_loss_step=0.0382, val_loss=0.0142, val_acc=0.996, train_loss_epoch=0.0152]Epoch 12:  60%|██████    | 87/144 [00:02<00:01, 34.76it/s, v_num=73760, train_loss_step=0.0382, val_loss=0.0142, val_acc=0.996, train_loss_epoch=0.0152]Epoch 12:  60%|██████    | 87/144 [00:02<00:01, 34.75it/s, v_num=73760, train_loss_step=0.00869, val_loss=0.0142, val_acc=0.996, train_loss_epoch=0.0152]Epoch 12:  61%|██████    | 88/144 [00:02<00:01, 34.73it/s, v_num=73760, train_loss_step=0.00869, val_loss=0.0142, val_acc=0.996, train_loss_epoch=0.0152]Epoch 12:  61%|██████    | 88/144 [00:02<00:01, 34.72it/s, v_num=73760, train_loss_step=0.0387, val_loss=0.0142, val_acc=0.996, train_loss_epoch=0.0152] Epoch 12:  62%|██████▏   | 89/144 [00:02<00:01, 34.70it/s, v_num=73760, train_loss_step=0.0387, val_loss=0.0142, val_acc=0.996, train_loss_epoch=0.0152]Epoch 12:  62%|██████▏   | 89/144 [00:02<00:01, 34.70it/s, v_num=73760, train_loss_step=0.0379, val_loss=0.0142, val_acc=0.996, train_loss_epoch=0.0152]Epoch 12:  62%|██████▎   | 90/144 [00:02<00:01, 34.69it/s, v_num=73760, train_loss_step=0.0379, val_loss=0.0142, val_acc=0.996, train_loss_epoch=0.0152]Epoch 12:  62%|██████▎   | 90/144 [00:02<00:01, 34.69it/s, v_num=73760, train_loss_step=0.00385, val_loss=0.0142, val_acc=0.996, train_loss_epoch=0.0152]Epoch 12:  63%|██████▎   | 91/144 [00:02<00:01, 34.72it/s, v_num=73760, train_loss_step=0.00385, val_loss=0.0142, val_acc=0.996, train_loss_epoch=0.0152]Epoch 12:  63%|██████▎   | 91/144 [00:02<00:01, 34.67it/s, v_num=73760, train_loss_step=0.0325, val_loss=0.0142, val_acc=0.996, train_loss_epoch=0.0152] Epoch 12:  64%|██████▍   | 92/144 [00:02<00:01, 34.68it/s, v_num=73760, train_loss_step=0.0325, val_loss=0.0142, val_acc=0.996, train_loss_epoch=0.0152]Epoch 12:  64%|██████▍   | 92/144 [00:02<00:01, 34.68it/s, v_num=73760, train_loss_step=0.0118, val_loss=0.0142, val_acc=0.996, train_loss_epoch=0.0152]Epoch 12:  65%|██████▍   | 93/144 [00:02<00:01, 34.68it/s, v_num=73760, train_loss_step=0.0118, val_loss=0.0142, val_acc=0.996, train_loss_epoch=0.0152]Epoch 12:  65%|██████▍   | 93/144 [00:02<00:01, 34.68it/s, v_num=73760, train_loss_step=0.0197, val_loss=0.0142, val_acc=0.996, train_loss_epoch=0.0152]Epoch 12:  65%|██████▌   | 94/144 [00:02<00:01, 34.66it/s, v_num=73760, train_loss_step=0.0197, val_loss=0.0142, val_acc=0.996, train_loss_epoch=0.0152]Epoch 12:  65%|██████▌   | 94/144 [00:02<00:01, 34.65it/s, v_num=73760, train_loss_step=0.00987, val_loss=0.0142, val_acc=0.996, train_loss_epoch=0.0152]Epoch 12:  66%|██████▌   | 95/144 [00:02<00:01, 34.69it/s, v_num=73760, train_loss_step=0.00987, val_loss=0.0142, val_acc=0.996, train_loss_epoch=0.0152]Epoch 12:  66%|██████▌   | 95/144 [00:02<00:01, 34.68it/s, v_num=73760, train_loss_step=0.00539, val_loss=0.0142, val_acc=0.996, train_loss_epoch=0.0152]Epoch 12:  67%|██████▋   | 96/144 [00:02<00:01, 34.72it/s, v_num=73760, train_loss_step=0.00539, val_loss=0.0142, val_acc=0.996, train_loss_epoch=0.0152]Epoch 12:  67%|██████▋   | 96/144 [00:02<00:01, 34.72it/s, v_num=73760, train_loss_step=0.0232, val_loss=0.0142, val_acc=0.996, train_loss_epoch=0.0152] Epoch 12:  67%|██████▋   | 97/144 [00:02<00:01, 34.77it/s, v_num=73760, train_loss_step=0.0232, val_loss=0.0142, val_acc=0.996, train_loss_epoch=0.0152]Epoch 12:  67%|██████▋   | 97/144 [00:02<00:01, 34.77it/s, v_num=73760, train_loss_step=0.00853, val_loss=0.0142, val_acc=0.996, train_loss_epoch=0.0152]Epoch 12:  68%|██████▊   | 98/144 [00:02<00:01, 34.75it/s, v_num=73760, train_loss_step=0.00853, val_loss=0.0142, val_acc=0.996, train_loss_epoch=0.0152]Epoch 12:  68%|██████▊   | 98/144 [00:02<00:01, 34.75it/s, v_num=73760, train_loss_step=0.00412, val_loss=0.0142, val_acc=0.996, train_loss_epoch=0.0152]Epoch 12:  69%|██████▉   | 99/144 [00:02<00:01, 34.79it/s, v_num=73760, train_loss_step=0.00412, val_loss=0.0142, val_acc=0.996, train_loss_epoch=0.0152]Epoch 12:  69%|██████▉   | 99/144 [00:02<00:01, 34.79it/s, v_num=73760, train_loss_step=0.0167, val_loss=0.0142, val_acc=0.996, train_loss_epoch=0.0152] Epoch 12:  69%|██████▉   | 100/144 [00:02<00:01, 34.85it/s, v_num=73760, train_loss_step=0.0167, val_loss=0.0142, val_acc=0.996, train_loss_epoch=0.0152]Epoch 12:  69%|██████▉   | 100/144 [00:02<00:01, 34.85it/s, v_num=73760, train_loss_step=0.00501, val_loss=0.0142, val_acc=0.996, train_loss_epoch=0.0152]Epoch 12:  70%|███████   | 101/144 [00:02<00:01, 34.90it/s, v_num=73760, train_loss_step=0.00501, val_loss=0.0142, val_acc=0.996, train_loss_epoch=0.0152]Epoch 12:  70%|███████   | 101/144 [00:02<00:01, 34.90it/s, v_num=73760, train_loss_step=0.0189, val_loss=0.0142, val_acc=0.996, train_loss_epoch=0.0152] Epoch 12:  71%|███████   | 102/144 [00:02<00:01, 34.93it/s, v_num=73760, train_loss_step=0.0189, val_loss=0.0142, val_acc=0.996, train_loss_epoch=0.0152]Epoch 12:  71%|███████   | 102/144 [00:02<00:01, 34.92it/s, v_num=73760, train_loss_step=0.00715, val_loss=0.0142, val_acc=0.996, train_loss_epoch=0.0152]Epoch 12:  72%|███████▏  | 103/144 [00:02<00:01, 34.97it/s, v_num=73760, train_loss_step=0.00715, val_loss=0.0142, val_acc=0.996, train_loss_epoch=0.0152]Epoch 12:  72%|███████▏  | 103/144 [00:02<00:01, 34.97it/s, v_num=73760, train_loss_step=0.0124, val_loss=0.0142, val_acc=0.996, train_loss_epoch=0.0152] Epoch 12:  72%|███████▏  | 104/144 [00:02<00:01, 35.02it/s, v_num=73760, train_loss_step=0.0124, val_loss=0.0142, val_acc=0.996, train_loss_epoch=0.0152]Epoch 12:  72%|███████▏  | 104/144 [00:02<00:01, 35.02it/s, v_num=73760, train_loss_step=0.0158, val_loss=0.0142, val_acc=0.996, train_loss_epoch=0.0152]Epoch 12:  73%|███████▎  | 105/144 [00:02<00:01, 35.06it/s, v_num=73760, train_loss_step=0.0158, val_loss=0.0142, val_acc=0.996, train_loss_epoch=0.0152]Epoch 12:  73%|███████▎  | 105/144 [00:02<00:01, 35.06it/s, v_num=73760, train_loss_step=0.00286, val_loss=0.0142, val_acc=0.996, train_loss_epoch=0.0152]Epoch 12:  74%|███████▎  | 106/144 [00:03<00:01, 35.06it/s, v_num=73760, train_loss_step=0.00286, val_loss=0.0142, val_acc=0.996, train_loss_epoch=0.0152]Epoch 12:  74%|███████▎  | 106/144 [00:03<00:01, 35.06it/s, v_num=73760, train_loss_step=0.00561, val_loss=0.0142, val_acc=0.996, train_loss_epoch=0.0152]Epoch 12:  74%|███████▍  | 107/144 [00:03<00:01, 35.12it/s, v_num=73760, train_loss_step=0.00561, val_loss=0.0142, val_acc=0.996, train_loss_epoch=0.0152]Epoch 12:  74%|███████▍  | 107/144 [00:03<00:01, 35.12it/s, v_num=73760, train_loss_step=0.00607, val_loss=0.0142, val_acc=0.996, train_loss_epoch=0.0152]Epoch 12:  75%|███████▌  | 108/144 [00:03<00:01, 35.17it/s, v_num=73760, train_loss_step=0.00607, val_loss=0.0142, val_acc=0.996, train_loss_epoch=0.0152]Epoch 12:  75%|███████▌  | 108/144 [00:03<00:01, 35.15it/s, v_num=73760, train_loss_step=0.0132, val_loss=0.0142, val_acc=0.996, train_loss_epoch=0.0152] Epoch 12:  76%|███████▌  | 109/144 [00:03<00:00, 35.19it/s, v_num=73760, train_loss_step=0.0132, val_loss=0.0142, val_acc=0.996, train_loss_epoch=0.0152]Epoch 12:  76%|███████▌  | 109/144 [00:03<00:00, 35.18it/s, v_num=73760, train_loss_step=0.00805, val_loss=0.0142, val_acc=0.996, train_loss_epoch=0.0152]Epoch 12:  76%|███████▋  | 110/144 [00:03<00:00, 35.18it/s, v_num=73760, train_loss_step=0.00805, val_loss=0.0142, val_acc=0.996, train_loss_epoch=0.0152]Epoch 12:  76%|███████▋  | 110/144 [00:03<00:00, 35.18it/s, v_num=73760, train_loss_step=0.0101, val_loss=0.0142, val_acc=0.996, train_loss_epoch=0.0152] Epoch 12:  77%|███████▋  | 111/144 [00:03<00:00, 35.12it/s, v_num=73760, train_loss_step=0.0101, val_loss=0.0142, val_acc=0.996, train_loss_epoch=0.0152]Epoch 12:  77%|███████▋  | 111/144 [00:03<00:00, 35.12it/s, v_num=73760, train_loss_step=0.0304, val_loss=0.0142, val_acc=0.996, train_loss_epoch=0.0152]Epoch 12:  78%|███████▊  | 112/144 [00:03<00:00, 34.99it/s, v_num=73760, train_loss_step=0.0304, val_loss=0.0142, val_acc=0.996, train_loss_epoch=0.0152]Epoch 12:  78%|███████▊  | 112/144 [00:03<00:00, 34.99it/s, v_num=73760, train_loss_step=0.014, val_loss=0.0142, val_acc=0.996, train_loss_epoch=0.0152] Epoch 12:  78%|███████▊  | 113/144 [00:03<00:00, 35.03it/s, v_num=73760, train_loss_step=0.014, val_loss=0.0142, val_acc=0.996, train_loss_epoch=0.0152]Epoch 12:  78%|███████▊  | 113/144 [00:03<00:00, 35.03it/s, v_num=73760, train_loss_step=0.0146, val_loss=0.0142, val_acc=0.996, train_loss_epoch=0.0152]Epoch 12:  79%|███████▉  | 114/144 [00:03<00:00, 35.07it/s, v_num=73760, train_loss_step=0.0146, val_loss=0.0142, val_acc=0.996, train_loss_epoch=0.0152]Epoch 12:  79%|███████▉  | 114/144 [00:03<00:00, 35.07it/s, v_num=73760, train_loss_step=0.0267, val_loss=0.0142, val_acc=0.996, train_loss_epoch=0.0152]Epoch 12:  80%|███████▉  | 115/144 [00:03<00:00, 35.05it/s, v_num=73760, train_loss_step=0.0267, val_loss=0.0142, val_acc=0.996, train_loss_epoch=0.0152]Epoch 12:  80%|███████▉  | 115/144 [00:03<00:00, 35.04it/s, v_num=73760, train_loss_step=0.0362, val_loss=0.0142, val_acc=0.996, train_loss_epoch=0.0152]Epoch 12:  81%|████████  | 116/144 [00:03<00:00, 35.09it/s, v_num=73760, train_loss_step=0.0362, val_loss=0.0142, val_acc=0.996, train_loss_epoch=0.0152]Epoch 12:  81%|████████  | 116/144 [00:03<00:00, 35.09it/s, v_num=73760, train_loss_step=0.00322, val_loss=0.0142, val_acc=0.996, train_loss_epoch=0.0152]Epoch 12:  81%|████████▏ | 117/144 [00:03<00:00, 35.13it/s, v_num=73760, train_loss_step=0.00322, val_loss=0.0142, val_acc=0.996, train_loss_epoch=0.0152]Epoch 12:  81%|████████▏ | 117/144 [00:03<00:00, 35.13it/s, v_num=73760, train_loss_step=0.0194, val_loss=0.0142, val_acc=0.996, train_loss_epoch=0.0152] Epoch 12:  82%|████████▏ | 118/144 [00:03<00:00, 35.17it/s, v_num=73760, train_loss_step=0.0194, val_loss=0.0142, val_acc=0.996, train_loss_epoch=0.0152]Epoch 12:  82%|████████▏ | 118/144 [00:03<00:00, 35.17it/s, v_num=73760, train_loss_step=0.0136, val_loss=0.0142, val_acc=0.996, train_loss_epoch=0.0152]Epoch 12:  83%|████████▎ | 119/144 [00:03<00:00, 35.19it/s, v_num=73760, train_loss_step=0.0136, val_loss=0.0142, val_acc=0.996, train_loss_epoch=0.0152]Epoch 12:  83%|████████▎ | 119/144 [00:03<00:00, 35.19it/s, v_num=73760, train_loss_step=0.0194, val_loss=0.0142, val_acc=0.996, train_loss_epoch=0.0152]Epoch 12:  83%|████████▎ | 120/144 [00:03<00:00, 35.23it/s, v_num=73760, train_loss_step=0.0194, val_loss=0.0142, val_acc=0.996, train_loss_epoch=0.0152]Epoch 12:  83%|████████▎ | 120/144 [00:03<00:00, 35.22it/s, v_num=73760, train_loss_step=0.0106, val_loss=0.0142, val_acc=0.996, train_loss_epoch=0.0152]Epoch 12:  84%|████████▍ | 121/144 [00:03<00:00, 35.21it/s, v_num=73760, train_loss_step=0.0106, val_loss=0.0142, val_acc=0.996, train_loss_epoch=0.0152]Epoch 12:  84%|████████▍ | 121/144 [00:03<00:00, 35.21it/s, v_num=73760, train_loss_step=0.0115, val_loss=0.0142, val_acc=0.996, train_loss_epoch=0.0152]Epoch 12:  85%|████████▍ | 122/144 [00:03<00:00, 35.15it/s, v_num=73760, train_loss_step=0.0115, val_loss=0.0142, val_acc=0.996, train_loss_epoch=0.0152]Epoch 12:  85%|████████▍ | 122/144 [00:03<00:00, 35.15it/s, v_num=73760, train_loss_step=0.00485, val_loss=0.0142, val_acc=0.996, train_loss_epoch=0.0152]Epoch 12:  85%|████████▌ | 123/144 [00:03<00:00, 35.12it/s, v_num=73760, train_loss_step=0.00485, val_loss=0.0142, val_acc=0.996, train_loss_epoch=0.0152]Epoch 12:  85%|████████▌ | 123/144 [00:03<00:00, 35.12it/s, v_num=73760, train_loss_step=0.0227, val_loss=0.0142, val_acc=0.996, train_loss_epoch=0.0152] Epoch 12:  86%|████████▌ | 124/144 [00:03<00:00, 35.17it/s, v_num=73760, train_loss_step=0.0227, val_loss=0.0142, val_acc=0.996, train_loss_epoch=0.0152]Epoch 12:  86%|████████▌ | 124/144 [00:03<00:00, 35.17it/s, v_num=73760, train_loss_step=0.0552, val_loss=0.0142, val_acc=0.996, train_loss_epoch=0.0152]Epoch 12:  87%|████████▋ | 125/144 [00:03<00:00, 35.21it/s, v_num=73760, train_loss_step=0.0552, val_loss=0.0142, val_acc=0.996, train_loss_epoch=0.0152]Epoch 12:  87%|████████▋ | 125/144 [00:03<00:00, 35.21it/s, v_num=73760, train_loss_step=0.0289, val_loss=0.0142, val_acc=0.996, train_loss_epoch=0.0152]Epoch 12:  88%|████████▊ | 126/144 [00:03<00:00, 35.25it/s, v_num=73760, train_loss_step=0.0289, val_loss=0.0142, val_acc=0.996, train_loss_epoch=0.0152]Epoch 12:  88%|████████▊ | 126/144 [00:03<00:00, 35.25it/s, v_num=73760, train_loss_step=0.00617, val_loss=0.0142, val_acc=0.996, train_loss_epoch=0.0152]Epoch 12:  88%|████████▊ | 127/144 [00:03<00:00, 35.26it/s, v_num=73760, train_loss_step=0.00617, val_loss=0.0142, val_acc=0.996, train_loss_epoch=0.0152]Epoch 12:  88%|████████▊ | 127/144 [00:03<00:00, 35.26it/s, v_num=73760, train_loss_step=0.0103, val_loss=0.0142, val_acc=0.996, train_loss_epoch=0.0152] Epoch 12:  89%|████████▉ | 128/144 [00:03<00:00, 35.30it/s, v_num=73760, train_loss_step=0.0103, val_loss=0.0142, val_acc=0.996, train_loss_epoch=0.0152]Epoch 12:  89%|████████▉ | 128/144 [00:03<00:00, 35.30it/s, v_num=73760, train_loss_step=0.0586, val_loss=0.0142, val_acc=0.996, train_loss_epoch=0.0152]Epoch 12:  90%|████████▉ | 129/144 [00:03<00:00, 35.32it/s, v_num=73760, train_loss_step=0.0586, val_loss=0.0142, val_acc=0.996, train_loss_epoch=0.0152]Epoch 12:  90%|████████▉ | 129/144 [00:03<00:00, 35.32it/s, v_num=73760, train_loss_step=0.00812, val_loss=0.0142, val_acc=0.996, train_loss_epoch=0.0152]Epoch 12:  90%|█████████ | 130/144 [00:03<00:00, 35.34it/s, v_num=73760, train_loss_step=0.00812, val_loss=0.0142, val_acc=0.996, train_loss_epoch=0.0152]Epoch 12:  90%|█████████ | 130/144 [00:03<00:00, 35.33it/s, v_num=73760, train_loss_step=0.0176, val_loss=0.0142, val_acc=0.996, train_loss_epoch=0.0152] Epoch 12:  91%|█████████ | 131/144 [00:03<00:00, 35.26it/s, v_num=73760, train_loss_step=0.0176, val_loss=0.0142, val_acc=0.996, train_loss_epoch=0.0152]Epoch 12:  91%|█████████ | 131/144 [00:03<00:00, 35.26it/s, v_num=73760, train_loss_step=0.0306, val_loss=0.0142, val_acc=0.996, train_loss_epoch=0.0152]Epoch 12:  92%|█████████▏| 132/144 [00:03<00:00, 35.27it/s, v_num=73760, train_loss_step=0.0306, val_loss=0.0142, val_acc=0.996, train_loss_epoch=0.0152]Epoch 12:  92%|█████████▏| 132/144 [00:03<00:00, 35.27it/s, v_num=73760, train_loss_step=0.00656, val_loss=0.0142, val_acc=0.996, train_loss_epoch=0.0152]Epoch 12:  92%|█████████▏| 133/144 [00:03<00:00, 35.29it/s, v_num=73760, train_loss_step=0.00656, val_loss=0.0142, val_acc=0.996, train_loss_epoch=0.0152]Epoch 12:  92%|█████████▏| 133/144 [00:03<00:00, 35.29it/s, v_num=73760, train_loss_step=0.0192, val_loss=0.0142, val_acc=0.996, train_loss_epoch=0.0152] Epoch 12:  93%|█████████▎| 134/144 [00:03<00:00, 35.32it/s, v_num=73760, train_loss_step=0.0192, val_loss=0.0142, val_acc=0.996, train_loss_epoch=0.0152]Epoch 12:  93%|█████████▎| 134/144 [00:03<00:00, 35.32it/s, v_num=73760, train_loss_step=0.0143, val_loss=0.0142, val_acc=0.996, train_loss_epoch=0.0152]Epoch 12:  94%|█████████▍| 135/144 [00:03<00:00, 35.32it/s, v_num=73760, train_loss_step=0.0143, val_loss=0.0142, val_acc=0.996, train_loss_epoch=0.0152]Epoch 12:  94%|█████████▍| 135/144 [00:03<00:00, 35.32it/s, v_num=73760, train_loss_step=0.0333, val_loss=0.0142, val_acc=0.996, train_loss_epoch=0.0152]Epoch 12:  94%|█████████▍| 136/144 [00:03<00:00, 35.34it/s, v_num=73760, train_loss_step=0.0333, val_loss=0.0142, val_acc=0.996, train_loss_epoch=0.0152]Epoch 12:  94%|█████████▍| 136/144 [00:03<00:00, 35.34it/s, v_num=73760, train_loss_step=0.0446, val_loss=0.0142, val_acc=0.996, train_loss_epoch=0.0152]Epoch 12:  95%|█████████▌| 137/144 [00:03<00:00, 35.36it/s, v_num=73760, train_loss_step=0.0446, val_loss=0.0142, val_acc=0.996, train_loss_epoch=0.0152]Epoch 12:  95%|█████████▌| 137/144 [00:03<00:00, 35.36it/s, v_num=73760, train_loss_step=0.0246, val_loss=0.0142, val_acc=0.996, train_loss_epoch=0.0152]Epoch 12:  96%|█████████▌| 138/144 [00:03<00:00, 35.39it/s, v_num=73760, train_loss_step=0.0246, val_loss=0.0142, val_acc=0.996, train_loss_epoch=0.0152]Epoch 12:  96%|█████████▌| 138/144 [00:03<00:00, 35.38it/s, v_num=73760, train_loss_step=0.00993, val_loss=0.0142, val_acc=0.996, train_loss_epoch=0.0152]Epoch 12:  97%|█████████▋| 139/144 [00:03<00:00, 35.36it/s, v_num=73760, train_loss_step=0.00993, val_loss=0.0142, val_acc=0.996, train_loss_epoch=0.0152]Epoch 12:  97%|█████████▋| 139/144 [00:03<00:00, 35.36it/s, v_num=73760, train_loss_step=0.00375, val_loss=0.0142, val_acc=0.996, train_loss_epoch=0.0152]Epoch 12:  97%|█████████▋| 140/144 [00:03<00:00, 35.38it/s, v_num=73760, train_loss_step=0.00375, val_loss=0.0142, val_acc=0.996, train_loss_epoch=0.0152]Epoch 12:  97%|█████████▋| 140/144 [00:03<00:00, 35.38it/s, v_num=73760, train_loss_step=0.00975, val_loss=0.0142, val_acc=0.996, train_loss_epoch=0.0152]Epoch 12:  98%|█████████▊| 141/144 [00:03<00:00, 35.41it/s, v_num=73760, train_loss_step=0.00975, val_loss=0.0142, val_acc=0.996, train_loss_epoch=0.0152]Epoch 12:  98%|█████████▊| 141/144 [00:03<00:00, 35.40it/s, v_num=73760, train_loss_step=0.0131, val_loss=0.0142, val_acc=0.996, train_loss_epoch=0.0152] Epoch 12:  99%|█████████▊| 142/144 [00:04<00:00, 35.43it/s, v_num=73760, train_loss_step=0.0131, val_loss=0.0142, val_acc=0.996, train_loss_epoch=0.0152]Epoch 12:  99%|█████████▊| 142/144 [00:04<00:00, 35.43it/s, v_num=73760, train_loss_step=0.0203, val_loss=0.0142, val_acc=0.996, train_loss_epoch=0.0152]Epoch 12:  99%|█████████▉| 143/144 [00:04<00:00, 35.42it/s, v_num=73760, train_loss_step=0.0203, val_loss=0.0142, val_acc=0.996, train_loss_epoch=0.0152]Epoch 12:  99%|█████████▉| 143/144 [00:04<00:00, 35.41it/s, v_num=73760, train_loss_step=0.0175, val_loss=0.0142, val_acc=0.996, train_loss_epoch=0.0152]Epoch 12: 100%|██████████| 144/144 [00:04<00:00, 35.44it/s, v_num=73760, train_loss_step=0.0175, val_loss=0.0142, val_acc=0.996, train_loss_epoch=0.0152]Epoch 12: 100%|██████████| 144/144 [00:04<00:00, 35.44it/s, v_num=73760, train_loss_step=0.00721, val_loss=0.0142, val_acc=0.996, train_loss_epoch=0.0152]
Validation: |          | 0/? [00:00<?, ?it/s][A
Validation:   0%|          | 0/14 [00:00<?, ?it/s][A
Validation DataLoader 0:   0%|          | 0/14 [00:00<?, ?it/s][A
Validation DataLoader 0:   7%|▋         | 1/14 [00:00<00:00, 126.00it/s][A
Validation DataLoader 0:  14%|█▍        | 2/14 [00:00<00:00, 64.23it/s] [A
Validation DataLoader 0:  21%|██▏       | 3/14 [00:00<00:00, 72.27it/s][A
Validation DataLoader 0:  29%|██▊       | 4/14 [00:00<00:00, 76.35it/s][A
Validation DataLoader 0:  36%|███▌      | 5/14 [00:00<00:00, 72.37it/s][A
Validation DataLoader 0:  43%|████▎     | 6/14 [00:00<00:00, 71.68it/s][A
Validation DataLoader 0:  50%|█████     | 7/14 [00:00<00:00, 72.10it/s][A
Validation DataLoader 0:  57%|█████▋    | 8/14 [00:00<00:00, 74.63it/s][A
Validation DataLoader 0:  64%|██████▍   | 9/14 [00:00<00:00, 76.97it/s][A
Validation DataLoader 0:  71%|███████▏  | 10/14 [00:00<00:00, 78.95it/s][A
Validation DataLoader 0:  79%|███████▊  | 11/14 [00:00<00:00, 80.63it/s][A
Validation DataLoader 0:  86%|████████▌ | 12/14 [00:00<00:00, 81.75it/s][A
Validation DataLoader 0:  93%|█████████▎| 13/14 [00:00<00:00, 82.88it/s][A
Validation DataLoader 0: 100%|██████████| 14/14 [00:00<00:00, 84.03it/s][A
                                                                        [AEpoch 12: 100%|██████████| 144/144 [00:04<00:00, 33.89it/s, v_num=73760, train_loss_step=0.00721, val_loss=0.0194, val_acc=0.995, train_loss_epoch=0.0152]Epoch 12: 100%|██████████| 144/144 [00:04<00:00, 33.88it/s, v_num=73760, train_loss_step=0.00721, val_loss=0.0194, val_acc=0.995, train_loss_epoch=0.0166]Epoch 12:   0%|          | 0/144 [00:00<?, ?it/s, v_num=73760, train_loss_step=0.00721, val_loss=0.0194, val_acc=0.995, train_loss_epoch=0.0166]          Epoch 13:   0%|          | 0/144 [00:00<?, ?it/s, v_num=73760, train_loss_step=0.00721, val_loss=0.0194, val_acc=0.995, train_loss_epoch=0.0166]Epoch 13:   1%|          | 1/144 [00:00<00:11, 12.13it/s, v_num=73760, train_loss_step=0.00721, val_loss=0.0194, val_acc=0.995, train_loss_epoch=0.0166]Epoch 13:   1%|          | 1/144 [00:00<00:11, 12.10it/s, v_num=73760, train_loss_step=0.00633, val_loss=0.0194, val_acc=0.995, train_loss_epoch=0.0166]Epoch 13:   1%|▏         | 2/144 [00:00<00:08, 17.54it/s, v_num=73760, train_loss_step=0.00633, val_loss=0.0194, val_acc=0.995, train_loss_epoch=0.0166]Epoch 13:   1%|▏         | 2/144 [00:00<00:08, 17.52it/s, v_num=73760, train_loss_step=0.00741, val_loss=0.0194, val_acc=0.995, train_loss_epoch=0.0166]Epoch 13:   2%|▏         | 3/144 [00:00<00:06, 20.80it/s, v_num=73760, train_loss_step=0.00741, val_loss=0.0194, val_acc=0.995, train_loss_epoch=0.0166]Epoch 13:   2%|▏         | 3/144 [00:00<00:06, 20.78it/s, v_num=73760, train_loss_step=0.00696, val_loss=0.0194, val_acc=0.995, train_loss_epoch=0.0166]Epoch 13:   3%|▎         | 4/144 [00:00<00:06, 22.98it/s, v_num=73760, train_loss_step=0.00696, val_loss=0.0194, val_acc=0.995, train_loss_epoch=0.0166]Epoch 13:   3%|▎         | 4/144 [00:00<00:06, 22.96it/s, v_num=73760, train_loss_step=0.0178, val_loss=0.0194, val_acc=0.995, train_loss_epoch=0.0166] Epoch 13:   3%|▎         | 5/144 [00:00<00:05, 24.84it/s, v_num=73760, train_loss_step=0.0178, val_loss=0.0194, val_acc=0.995, train_loss_epoch=0.0166]Epoch 13:   3%|▎         | 5/144 [00:00<00:05, 24.82it/s, v_num=73760, train_loss_step=0.0219, val_loss=0.0194, val_acc=0.995, train_loss_epoch=0.0166]Epoch 13:   4%|▍         | 6/144 [00:00<00:05, 26.18it/s, v_num=73760, train_loss_step=0.0219, val_loss=0.0194, val_acc=0.995, train_loss_epoch=0.0166]Epoch 13:   4%|▍         | 6/144 [00:00<00:05, 26.16it/s, v_num=73760, train_loss_step=0.0126, val_loss=0.0194, val_acc=0.995, train_loss_epoch=0.0166]Epoch 13:   5%|▍         | 7/144 [00:00<00:05, 26.90it/s, v_num=73760, train_loss_step=0.0126, val_loss=0.0194, val_acc=0.995, train_loss_epoch=0.0166]Epoch 13:   5%|▍         | 7/144 [00:00<00:05, 26.88it/s, v_num=73760, train_loss_step=0.0187, val_loss=0.0194, val_acc=0.995, train_loss_epoch=0.0166]Epoch 13:   6%|▌         | 8/144 [00:00<00:04, 27.88it/s, v_num=73760, train_loss_step=0.0187, val_loss=0.0194, val_acc=0.995, train_loss_epoch=0.0166]Epoch 13:   6%|▌         | 8/144 [00:00<00:04, 27.87it/s, v_num=73760, train_loss_step=0.0107, val_loss=0.0194, val_acc=0.995, train_loss_epoch=0.0166]Epoch 13:   6%|▋         | 9/144 [00:00<00:04, 28.67it/s, v_num=73760, train_loss_step=0.0107, val_loss=0.0194, val_acc=0.995, train_loss_epoch=0.0166]Epoch 13:   6%|▋         | 9/144 [00:00<00:04, 28.65it/s, v_num=73760, train_loss_step=0.0128, val_loss=0.0194, val_acc=0.995, train_loss_epoch=0.0166]Epoch 13:   7%|▋         | 10/144 [00:00<00:04, 29.25it/s, v_num=73760, train_loss_step=0.0128, val_loss=0.0194, val_acc=0.995, train_loss_epoch=0.0166]Epoch 13:   7%|▋         | 10/144 [00:00<00:04, 29.24it/s, v_num=73760, train_loss_step=0.0194, val_loss=0.0194, val_acc=0.995, train_loss_epoch=0.0166]Epoch 13:   8%|▊         | 11/144 [00:00<00:04, 29.26it/s, v_num=73760, train_loss_step=0.0194, val_loss=0.0194, val_acc=0.995, train_loss_epoch=0.0166]Epoch 13:   8%|▊         | 11/144 [00:00<00:04, 29.25it/s, v_num=73760, train_loss_step=0.00826, val_loss=0.0194, val_acc=0.995, train_loss_epoch=0.0166]Epoch 13:   8%|▊         | 12/144 [00:00<00:04, 29.76it/s, v_num=73760, train_loss_step=0.00826, val_loss=0.0194, val_acc=0.995, train_loss_epoch=0.0166]Epoch 13:   8%|▊         | 12/144 [00:00<00:04, 29.75it/s, v_num=73760, train_loss_step=0.0131, val_loss=0.0194, val_acc=0.995, train_loss_epoch=0.0166] Epoch 13:   9%|▉         | 13/144 [00:00<00:04, 30.18it/s, v_num=73760, train_loss_step=0.0131, val_loss=0.0194, val_acc=0.995, train_loss_epoch=0.0166]Epoch 13:   9%|▉         | 13/144 [00:00<00:04, 30.17it/s, v_num=73760, train_loss_step=0.00441, val_loss=0.0194, val_acc=0.995, train_loss_epoch=0.0166]Epoch 13:  10%|▉         | 14/144 [00:00<00:04, 30.50it/s, v_num=73760, train_loss_step=0.00441, val_loss=0.0194, val_acc=0.995, train_loss_epoch=0.0166]Epoch 13:  10%|▉         | 14/144 [00:00<00:04, 30.49it/s, v_num=73760, train_loss_step=0.0148, val_loss=0.0194, val_acc=0.995, train_loss_epoch=0.0166] Epoch 13:  10%|█         | 15/144 [00:00<00:04, 30.58it/s, v_num=73760, train_loss_step=0.0148, val_loss=0.0194, val_acc=0.995, train_loss_epoch=0.0166]Epoch 13:  10%|█         | 15/144 [00:00<00:04, 30.57it/s, v_num=73760, train_loss_step=0.0138, val_loss=0.0194, val_acc=0.995, train_loss_epoch=0.0166]Epoch 13:  11%|█         | 16/144 [00:00<00:04, 30.82it/s, v_num=73760, train_loss_step=0.0138, val_loss=0.0194, val_acc=0.995, train_loss_epoch=0.0166]Epoch 13:  11%|█         | 16/144 [00:00<00:04, 30.81it/s, v_num=73760, train_loss_step=0.00688, val_loss=0.0194, val_acc=0.995, train_loss_epoch=0.0166]Epoch 13:  12%|█▏        | 17/144 [00:00<00:04, 31.03it/s, v_num=73760, train_loss_step=0.00688, val_loss=0.0194, val_acc=0.995, train_loss_epoch=0.0166]Epoch 13:  12%|█▏        | 17/144 [00:00<00:04, 31.02it/s, v_num=73760, train_loss_step=0.0133, val_loss=0.0194, val_acc=0.995, train_loss_epoch=0.0166] Epoch 13:  12%|█▎        | 18/144 [00:00<00:04, 31.23it/s, v_num=73760, train_loss_step=0.0133, val_loss=0.0194, val_acc=0.995, train_loss_epoch=0.0166]Epoch 13:  12%|█▎        | 18/144 [00:00<00:04, 31.22it/s, v_num=73760, train_loss_step=0.0198, val_loss=0.0194, val_acc=0.995, train_loss_epoch=0.0166]Epoch 13:  13%|█▎        | 19/144 [00:00<00:04, 30.93it/s, v_num=73760, train_loss_step=0.0198, val_loss=0.0194, val_acc=0.995, train_loss_epoch=0.0166]Epoch 13:  13%|█▎        | 19/144 [00:00<00:04, 30.92it/s, v_num=73760, train_loss_step=0.00224, val_loss=0.0194, val_acc=0.995, train_loss_epoch=0.0166]Epoch 13:  14%|█▍        | 20/144 [00:00<00:03, 31.19it/s, v_num=73760, train_loss_step=0.00224, val_loss=0.0194, val_acc=0.995, train_loss_epoch=0.0166]Epoch 13:  14%|█▍        | 20/144 [00:00<00:03, 31.18it/s, v_num=73760, train_loss_step=0.014, val_loss=0.0194, val_acc=0.995, train_loss_epoch=0.0166]  Epoch 13:  15%|█▍        | 21/144 [00:00<00:03, 31.37it/s, v_num=73760, train_loss_step=0.014, val_loss=0.0194, val_acc=0.995, train_loss_epoch=0.0166]Epoch 13:  15%|█▍        | 21/144 [00:00<00:03, 31.36it/s, v_num=73760, train_loss_step=0.00269, val_loss=0.0194, val_acc=0.995, train_loss_epoch=0.0166]Epoch 13:  15%|█▌        | 22/144 [00:00<00:03, 31.48it/s, v_num=73760, train_loss_step=0.00269, val_loss=0.0194, val_acc=0.995, train_loss_epoch=0.0166]Epoch 13:  15%|█▌        | 22/144 [00:00<00:03, 31.47it/s, v_num=73760, train_loss_step=0.0265, val_loss=0.0194, val_acc=0.995, train_loss_epoch=0.0166] Epoch 13:  16%|█▌        | 23/144 [00:00<00:03, 31.50it/s, v_num=73760, train_loss_step=0.0265, val_loss=0.0194, val_acc=0.995, train_loss_epoch=0.0166]Epoch 13:  16%|█▌        | 23/144 [00:00<00:03, 31.49it/s, v_num=73760, train_loss_step=0.00911, val_loss=0.0194, val_acc=0.995, train_loss_epoch=0.0166]Epoch 13:  17%|█▋        | 24/144 [00:00<00:03, 31.66it/s, v_num=73760, train_loss_step=0.00911, val_loss=0.0194, val_acc=0.995, train_loss_epoch=0.0166]Epoch 13:  17%|█▋        | 24/144 [00:00<00:03, 31.66it/s, v_num=73760, train_loss_step=0.0105, val_loss=0.0194, val_acc=0.995, train_loss_epoch=0.0166] Epoch 13:  17%|█▋        | 25/144 [00:00<00:03, 31.69it/s, v_num=73760, train_loss_step=0.0105, val_loss=0.0194, val_acc=0.995, train_loss_epoch=0.0166]Epoch 13:  17%|█▋        | 25/144 [00:00<00:03, 31.69it/s, v_num=73760, train_loss_step=0.010, val_loss=0.0194, val_acc=0.995, train_loss_epoch=0.0166] Epoch 13:  18%|█▊        | 26/144 [00:00<00:03, 31.77it/s, v_num=73760, train_loss_step=0.010, val_loss=0.0194, val_acc=0.995, train_loss_epoch=0.0166]Epoch 13:  18%|█▊        | 26/144 [00:00<00:03, 31.76it/s, v_num=73760, train_loss_step=0.00368, val_loss=0.0194, val_acc=0.995, train_loss_epoch=0.0166]Epoch 13:  19%|█▉        | 27/144 [00:00<00:03, 31.78it/s, v_num=73760, train_loss_step=0.00368, val_loss=0.0194, val_acc=0.995, train_loss_epoch=0.0166]Epoch 13:  19%|█▉        | 27/144 [00:00<00:03, 31.78it/s, v_num=73760, train_loss_step=0.0012, val_loss=0.0194, val_acc=0.995, train_loss_epoch=0.0166] Epoch 13:  19%|█▉        | 28/144 [00:00<00:03, 31.92it/s, v_num=73760, train_loss_step=0.0012, val_loss=0.0194, val_acc=0.995, train_loss_epoch=0.0166]Epoch 13:  19%|█▉        | 28/144 [00:00<00:03, 31.92it/s, v_num=73760, train_loss_step=0.0018, val_loss=0.0194, val_acc=0.995, train_loss_epoch=0.0166]Epoch 13:  20%|██        | 29/144 [00:00<00:03, 32.04it/s, v_num=73760, train_loss_step=0.0018, val_loss=0.0194, val_acc=0.995, train_loss_epoch=0.0166]Epoch 13:  20%|██        | 29/144 [00:00<00:03, 32.04it/s, v_num=73760, train_loss_step=0.00458, val_loss=0.0194, val_acc=0.995, train_loss_epoch=0.0166]Epoch 13:  21%|██        | 30/144 [00:00<00:03, 32.23it/s, v_num=73760, train_loss_step=0.00458, val_loss=0.0194, val_acc=0.995, train_loss_epoch=0.0166]Epoch 13:  21%|██        | 30/144 [00:00<00:03, 32.22it/s, v_num=73760, train_loss_step=0.0062, val_loss=0.0194, val_acc=0.995, train_loss_epoch=0.0166] Epoch 13:  22%|██▏       | 31/144 [00:00<00:03, 32.30it/s, v_num=73760, train_loss_step=0.0062, val_loss=0.0194, val_acc=0.995, train_loss_epoch=0.0166]Epoch 13:  22%|██▏       | 31/144 [00:00<00:03, 32.29it/s, v_num=73760, train_loss_step=0.00467, val_loss=0.0194, val_acc=0.995, train_loss_epoch=0.0166]Epoch 13:  22%|██▏       | 32/144 [00:00<00:03, 32.46it/s, v_num=73760, train_loss_step=0.00467, val_loss=0.0194, val_acc=0.995, train_loss_epoch=0.0166]Epoch 13:  22%|██▏       | 32/144 [00:00<00:03, 32.45it/s, v_num=73760, train_loss_step=0.00378, val_loss=0.0194, val_acc=0.995, train_loss_epoch=0.0166]Epoch 13:  23%|██▎       | 33/144 [00:01<00:03, 32.60it/s, v_num=73760, train_loss_step=0.00378, val_loss=0.0194, val_acc=0.995, train_loss_epoch=0.0166]Epoch 13:  23%|██▎       | 33/144 [00:01<00:03, 32.59it/s, v_num=73760, train_loss_step=0.00611, val_loss=0.0194, val_acc=0.995, train_loss_epoch=0.0166]Epoch 13:  24%|██▎       | 34/144 [00:01<00:03, 32.71it/s, v_num=73760, train_loss_step=0.00611, val_loss=0.0194, val_acc=0.995, train_loss_epoch=0.0166]Epoch 13:  24%|██▎       | 34/144 [00:01<00:03, 32.71it/s, v_num=73760, train_loss_step=0.0163, val_loss=0.0194, val_acc=0.995, train_loss_epoch=0.0166] Epoch 13:  24%|██▍       | 35/144 [00:01<00:03, 32.75it/s, v_num=73760, train_loss_step=0.0163, val_loss=0.0194, val_acc=0.995, train_loss_epoch=0.0166]Epoch 13:  24%|██▍       | 35/144 [00:01<00:03, 32.74it/s, v_num=73760, train_loss_step=0.0227, val_loss=0.0194, val_acc=0.995, train_loss_epoch=0.0166]Epoch 13:  25%|██▌       | 36/144 [00:01<00:03, 32.88it/s, v_num=73760, train_loss_step=0.0227, val_loss=0.0194, val_acc=0.995, train_loss_epoch=0.0166]Epoch 13:  25%|██▌       | 36/144 [00:01<00:03, 32.88it/s, v_num=73760, train_loss_step=0.0203, val_loss=0.0194, val_acc=0.995, train_loss_epoch=0.0166]Epoch 13:  26%|██▌       | 37/144 [00:01<00:03, 32.99it/s, v_num=73760, train_loss_step=0.0203, val_loss=0.0194, val_acc=0.995, train_loss_epoch=0.0166]Epoch 13:  26%|██▌       | 37/144 [00:01<00:03, 32.98it/s, v_num=73760, train_loss_step=0.0152, val_loss=0.0194, val_acc=0.995, train_loss_epoch=0.0166]Epoch 13:  26%|██▋       | 38/144 [00:01<00:03, 33.09it/s, v_num=73760, train_loss_step=0.0152, val_loss=0.0194, val_acc=0.995, train_loss_epoch=0.0166]Epoch 13:  26%|██▋       | 38/144 [00:01<00:03, 33.08it/s, v_num=73760, train_loss_step=0.0172, val_loss=0.0194, val_acc=0.995, train_loss_epoch=0.0166]Epoch 13:  27%|██▋       | 39/144 [00:01<00:03, 33.08it/s, v_num=73760, train_loss_step=0.0172, val_loss=0.0194, val_acc=0.995, train_loss_epoch=0.0166]Epoch 13:  27%|██▋       | 39/144 [00:01<00:03, 33.08it/s, v_num=73760, train_loss_step=0.00344, val_loss=0.0194, val_acc=0.995, train_loss_epoch=0.0166]Epoch 13:  28%|██▊       | 40/144 [00:01<00:03, 33.17it/s, v_num=73760, train_loss_step=0.00344, val_loss=0.0194, val_acc=0.995, train_loss_epoch=0.0166]Epoch 13:  28%|██▊       | 40/144 [00:01<00:03, 33.16it/s, v_num=73760, train_loss_step=0.0117, val_loss=0.0194, val_acc=0.995, train_loss_epoch=0.0166] Epoch 13:  28%|██▊       | 41/144 [00:01<00:03, 33.29it/s, v_num=73760, train_loss_step=0.0117, val_loss=0.0194, val_acc=0.995, train_loss_epoch=0.0166]Epoch 13:  28%|██▊       | 41/144 [00:01<00:03, 33.29it/s, v_num=73760, train_loss_step=0.0139, val_loss=0.0194, val_acc=0.995, train_loss_epoch=0.0166]Epoch 13:  29%|██▉       | 42/144 [00:01<00:03, 33.40it/s, v_num=73760, train_loss_step=0.0139, val_loss=0.0194, val_acc=0.995, train_loss_epoch=0.0166]Epoch 13:  29%|██▉       | 42/144 [00:01<00:03, 33.40it/s, v_num=73760, train_loss_step=0.00987, val_loss=0.0194, val_acc=0.995, train_loss_epoch=0.0166]Epoch 13:  30%|██▉       | 43/144 [00:01<00:03, 33.36it/s, v_num=73760, train_loss_step=0.00987, val_loss=0.0194, val_acc=0.995, train_loss_epoch=0.0166]Epoch 13:  30%|██▉       | 43/144 [00:01<00:03, 33.36it/s, v_num=73760, train_loss_step=0.00786, val_loss=0.0194, val_acc=0.995, train_loss_epoch=0.0166]Epoch 13:  31%|███       | 44/144 [00:01<00:02, 33.44it/s, v_num=73760, train_loss_step=0.00786, val_loss=0.0194, val_acc=0.995, train_loss_epoch=0.0166]Epoch 13:  31%|███       | 44/144 [00:01<00:02, 33.43it/s, v_num=73760, train_loss_step=0.00971, val_loss=0.0194, val_acc=0.995, train_loss_epoch=0.0166]Epoch 13:  31%|███▏      | 45/144 [00:01<00:02, 33.51it/s, v_num=73760, train_loss_step=0.00971, val_loss=0.0194, val_acc=0.995, train_loss_epoch=0.0166]Epoch 13:  31%|███▏      | 45/144 [00:01<00:02, 33.51it/s, v_num=73760, train_loss_step=0.00829, val_loss=0.0194, val_acc=0.995, train_loss_epoch=0.0166]Epoch 13:  32%|███▏      | 46/144 [00:01<00:02, 33.59it/s, v_num=73760, train_loss_step=0.00829, val_loss=0.0194, val_acc=0.995, train_loss_epoch=0.0166]Epoch 13:  32%|███▏      | 46/144 [00:01<00:02, 33.59it/s, v_num=73760, train_loss_step=0.0118, val_loss=0.0194, val_acc=0.995, train_loss_epoch=0.0166] Epoch 13:  33%|███▎      | 47/144 [00:01<00:02, 33.56it/s, v_num=73760, train_loss_step=0.0118, val_loss=0.0194, val_acc=0.995, train_loss_epoch=0.0166]Epoch 13:  33%|███▎      | 47/144 [00:01<00:02, 33.56it/s, v_num=73760, train_loss_step=0.00814, val_loss=0.0194, val_acc=0.995, train_loss_epoch=0.0166]Epoch 13:  33%|███▎      | 48/144 [00:01<00:02, 33.66it/s, v_num=73760, train_loss_step=0.00814, val_loss=0.0194, val_acc=0.995, train_loss_epoch=0.0166]Epoch 13:  33%|███▎      | 48/144 [00:01<00:02, 33.66it/s, v_num=73760, train_loss_step=0.00368, val_loss=0.0194, val_acc=0.995, train_loss_epoch=0.0166]Epoch 13:  34%|███▍      | 49/144 [00:01<00:02, 33.75it/s, v_num=73760, train_loss_step=0.00368, val_loss=0.0194, val_acc=0.995, train_loss_epoch=0.0166]Epoch 13:  34%|███▍      | 49/144 [00:01<00:02, 33.75it/s, v_num=73760, train_loss_step=0.0174, val_loss=0.0194, val_acc=0.995, train_loss_epoch=0.0166] Epoch 13:  35%|███▍      | 50/144 [00:01<00:02, 33.84it/s, v_num=73760, train_loss_step=0.0174, val_loss=0.0194, val_acc=0.995, train_loss_epoch=0.0166]Epoch 13:  35%|███▍      | 50/144 [00:01<00:02, 33.84it/s, v_num=73760, train_loss_step=0.0159, val_loss=0.0194, val_acc=0.995, train_loss_epoch=0.0166]Epoch 13:  35%|███▌      | 51/144 [00:01<00:02, 33.85it/s, v_num=73760, train_loss_step=0.0159, val_loss=0.0194, val_acc=0.995, train_loss_epoch=0.0166]Epoch 13:  35%|███▌      | 51/144 [00:01<00:02, 33.85it/s, v_num=73760, train_loss_step=0.0125, val_loss=0.0194, val_acc=0.995, train_loss_epoch=0.0166]Epoch 13:  36%|███▌      | 52/144 [00:01<00:02, 33.90it/s, v_num=73760, train_loss_step=0.0125, val_loss=0.0194, val_acc=0.995, train_loss_epoch=0.0166]Epoch 13:  36%|███▌      | 52/144 [00:01<00:02, 33.90it/s, v_num=73760, train_loss_step=0.00765, val_loss=0.0194, val_acc=0.995, train_loss_epoch=0.0166]Epoch 13:  37%|███▋      | 53/144 [00:01<00:02, 33.99it/s, v_num=73760, train_loss_step=0.00765, val_loss=0.0194, val_acc=0.995, train_loss_epoch=0.0166]Epoch 13:  37%|███▋      | 53/144 [00:01<00:02, 33.98it/s, v_num=73760, train_loss_step=0.00543, val_loss=0.0194, val_acc=0.995, train_loss_epoch=0.0166]Epoch 13:  38%|███▊      | 54/144 [00:01<00:02, 34.08it/s, v_num=73760, train_loss_step=0.00543, val_loss=0.0194, val_acc=0.995, train_loss_epoch=0.0166]Epoch 13:  38%|███▊      | 54/144 [00:01<00:02, 34.07it/s, v_num=73760, train_loss_step=0.0123, val_loss=0.0194, val_acc=0.995, train_loss_epoch=0.0166] Epoch 13:  38%|███▊      | 55/144 [00:01<00:02, 34.06it/s, v_num=73760, train_loss_step=0.0123, val_loss=0.0194, val_acc=0.995, train_loss_epoch=0.0166]Epoch 13:  38%|███▊      | 55/144 [00:01<00:02, 34.06it/s, v_num=73760, train_loss_step=0.00723, val_loss=0.0194, val_acc=0.995, train_loss_epoch=0.0166]Epoch 13:  39%|███▉      | 56/144 [00:01<00:02, 34.13it/s, v_num=73760, train_loss_step=0.00723, val_loss=0.0194, val_acc=0.995, train_loss_epoch=0.0166]Epoch 13:  39%|███▉      | 56/144 [00:01<00:02, 34.12it/s, v_num=73760, train_loss_step=0.0079, val_loss=0.0194, val_acc=0.995, train_loss_epoch=0.0166] Epoch 13:  40%|███▉      | 57/144 [00:01<00:02, 34.19it/s, v_num=73760, train_loss_step=0.0079, val_loss=0.0194, val_acc=0.995, train_loss_epoch=0.0166]Epoch 13:  40%|███▉      | 57/144 [00:01<00:02, 34.19it/s, v_num=73760, train_loss_step=0.0245, val_loss=0.0194, val_acc=0.995, train_loss_epoch=0.0166]Epoch 13:  40%|████      | 58/144 [00:01<00:02, 34.26it/s, v_num=73760, train_loss_step=0.0245, val_loss=0.0194, val_acc=0.995, train_loss_epoch=0.0166]Epoch 13:  40%|████      | 58/144 [00:01<00:02, 34.26it/s, v_num=73760, train_loss_step=0.0119, val_loss=0.0194, val_acc=0.995, train_loss_epoch=0.0166]Epoch 13:  41%|████      | 59/144 [00:01<00:02, 34.24it/s, v_num=73760, train_loss_step=0.0119, val_loss=0.0194, val_acc=0.995, train_loss_epoch=0.0166]Epoch 13:  41%|████      | 59/144 [00:01<00:02, 34.24it/s, v_num=73760, train_loss_step=0.0136, val_loss=0.0194, val_acc=0.995, train_loss_epoch=0.0166]Epoch 13:  42%|████▏     | 60/144 [00:01<00:02, 34.30it/s, v_num=73760, train_loss_step=0.0136, val_loss=0.0194, val_acc=0.995, train_loss_epoch=0.0166]Epoch 13:  42%|████▏     | 60/144 [00:01<00:02, 34.30it/s, v_num=73760, train_loss_step=0.00522, val_loss=0.0194, val_acc=0.995, train_loss_epoch=0.0166]Epoch 13:  42%|████▏     | 61/144 [00:01<00:02, 34.38it/s, v_num=73760, train_loss_step=0.00522, val_loss=0.0194, val_acc=0.995, train_loss_epoch=0.0166]Epoch 13:  42%|████▏     | 61/144 [00:01<00:02, 34.38it/s, v_num=73760, train_loss_step=0.00425, val_loss=0.0194, val_acc=0.995, train_loss_epoch=0.0166]Epoch 13:  43%|████▎     | 62/144 [00:01<00:02, 34.42it/s, v_num=73760, train_loss_step=0.00425, val_loss=0.0194, val_acc=0.995, train_loss_epoch=0.0166]Epoch 13:  43%|████▎     | 62/144 [00:01<00:02, 34.42it/s, v_num=73760, train_loss_step=0.00374, val_loss=0.0194, val_acc=0.995, train_loss_epoch=0.0166]Epoch 13:  44%|████▍     | 63/144 [00:01<00:02, 34.41it/s, v_num=73760, train_loss_step=0.00374, val_loss=0.0194, val_acc=0.995, train_loss_epoch=0.0166]Epoch 13:  44%|████▍     | 63/144 [00:01<00:02, 34.41it/s, v_num=73760, train_loss_step=0.0237, val_loss=0.0194, val_acc=0.995, train_loss_epoch=0.0166] Epoch 13:  44%|████▍     | 64/144 [00:01<00:02, 34.44it/s, v_num=73760, train_loss_step=0.0237, val_loss=0.0194, val_acc=0.995, train_loss_epoch=0.0166]Epoch 13:  44%|████▍     | 64/144 [00:01<00:02, 34.43it/s, v_num=73760, train_loss_step=0.00913, val_loss=0.0194, val_acc=0.995, train_loss_epoch=0.0166]Epoch 13:  45%|████▌     | 65/144 [00:01<00:02, 34.50it/s, v_num=73760, train_loss_step=0.00913, val_loss=0.0194, val_acc=0.995, train_loss_epoch=0.0166]Epoch 13:  45%|████▌     | 65/144 [00:01<00:02, 34.50it/s, v_num=73760, train_loss_step=0.00635, val_loss=0.0194, val_acc=0.995, train_loss_epoch=0.0166]Epoch 13:  46%|████▌     | 66/144 [00:01<00:02, 34.55it/s, v_num=73760, train_loss_step=0.00635, val_loss=0.0194, val_acc=0.995, train_loss_epoch=0.0166]Epoch 13:  46%|████▌     | 66/144 [00:01<00:02, 34.54it/s, v_num=73760, train_loss_step=0.00659, val_loss=0.0194, val_acc=0.995, train_loss_epoch=0.0166]Epoch 13:  47%|████▋     | 67/144 [00:01<00:02, 34.52it/s, v_num=73760, train_loss_step=0.00659, val_loss=0.0194, val_acc=0.995, train_loss_epoch=0.0166]Epoch 13:  47%|████▋     | 67/144 [00:01<00:02, 34.52it/s, v_num=73760, train_loss_step=0.0121, val_loss=0.0194, val_acc=0.995, train_loss_epoch=0.0166] Epoch 13:  47%|████▋     | 68/144 [00:01<00:02, 34.55it/s, v_num=73760, train_loss_step=0.0121, val_loss=0.0194, val_acc=0.995, train_loss_epoch=0.0166]Epoch 13:  47%|████▋     | 68/144 [00:01<00:02, 34.55it/s, v_num=73760, train_loss_step=0.0101, val_loss=0.0194, val_acc=0.995, train_loss_epoch=0.0166]Epoch 13:  48%|████▊     | 69/144 [00:01<00:02, 34.59it/s, v_num=73760, train_loss_step=0.0101, val_loss=0.0194, val_acc=0.995, train_loss_epoch=0.0166]Epoch 13:  48%|████▊     | 69/144 [00:01<00:02, 34.58it/s, v_num=73760, train_loss_step=0.0121, val_loss=0.0194, val_acc=0.995, train_loss_epoch=0.0166]Epoch 13:  49%|████▊     | 70/144 [00:02<00:02, 34.62it/s, v_num=73760, train_loss_step=0.0121, val_loss=0.0194, val_acc=0.995, train_loss_epoch=0.0166]Epoch 13:  49%|████▊     | 70/144 [00:02<00:02, 34.62it/s, v_num=73760, train_loss_step=0.00181, val_loss=0.0194, val_acc=0.995, train_loss_epoch=0.0166]Epoch 13:  49%|████▉     | 71/144 [00:02<00:02, 34.60it/s, v_num=73760, train_loss_step=0.00181, val_loss=0.0194, val_acc=0.995, train_loss_epoch=0.0166]Epoch 13:  49%|████▉     | 71/144 [00:02<00:02, 34.60it/s, v_num=73760, train_loss_step=0.00898, val_loss=0.0194, val_acc=0.995, train_loss_epoch=0.0166]Epoch 13:  50%|█████     | 72/144 [00:02<00:02, 34.65it/s, v_num=73760, train_loss_step=0.00898, val_loss=0.0194, val_acc=0.995, train_loss_epoch=0.0166]Epoch 13:  50%|█████     | 72/144 [00:02<00:02, 34.65it/s, v_num=73760, train_loss_step=0.0185, val_loss=0.0194, val_acc=0.995, train_loss_epoch=0.0166] Epoch 13:  51%|█████     | 73/144 [00:02<00:02, 34.65it/s, v_num=73760, train_loss_step=0.0185, val_loss=0.0194, val_acc=0.995, train_loss_epoch=0.0166]Epoch 13:  51%|█████     | 73/144 [00:02<00:02, 34.64it/s, v_num=73760, train_loss_step=0.0233, val_loss=0.0194, val_acc=0.995, train_loss_epoch=0.0166]Epoch 13:  51%|█████▏    | 74/144 [00:02<00:02, 34.66it/s, v_num=73760, train_loss_step=0.0233, val_loss=0.0194, val_acc=0.995, train_loss_epoch=0.0166]Epoch 13:  51%|█████▏    | 74/144 [00:02<00:02, 34.66it/s, v_num=73760, train_loss_step=0.015, val_loss=0.0194, val_acc=0.995, train_loss_epoch=0.0166] Epoch 13:  52%|█████▏    | 75/144 [00:02<00:01, 34.65it/s, v_num=73760, train_loss_step=0.015, val_loss=0.0194, val_acc=0.995, train_loss_epoch=0.0166]Epoch 13:  52%|█████▏    | 75/144 [00:02<00:01, 34.65it/s, v_num=73760, train_loss_step=0.0167, val_loss=0.0194, val_acc=0.995, train_loss_epoch=0.0166]Epoch 13:  53%|█████▎    | 76/144 [00:02<00:01, 34.64it/s, v_num=73760, train_loss_step=0.0167, val_loss=0.0194, val_acc=0.995, train_loss_epoch=0.0166]Epoch 13:  53%|█████▎    | 76/144 [00:02<00:01, 34.64it/s, v_num=73760, train_loss_step=0.0131, val_loss=0.0194, val_acc=0.995, train_loss_epoch=0.0166]Epoch 13:  53%|█████▎    | 77/144 [00:02<00:01, 34.69it/s, v_num=73760, train_loss_step=0.0131, val_loss=0.0194, val_acc=0.995, train_loss_epoch=0.0166]Epoch 13:  53%|█████▎    | 77/144 [00:02<00:01, 34.68it/s, v_num=73760, train_loss_step=0.00843, val_loss=0.0194, val_acc=0.995, train_loss_epoch=0.0166]Epoch 13:  54%|█████▍    | 78/144 [00:02<00:01, 34.74it/s, v_num=73760, train_loss_step=0.00843, val_loss=0.0194, val_acc=0.995, train_loss_epoch=0.0166]Epoch 13:  54%|█████▍    | 78/144 [00:02<00:01, 34.74it/s, v_num=73760, train_loss_step=0.00312, val_loss=0.0194, val_acc=0.995, train_loss_epoch=0.0166]Epoch 13:  55%|█████▍    | 79/144 [00:02<00:01, 34.73it/s, v_num=73760, train_loss_step=0.00312, val_loss=0.0194, val_acc=0.995, train_loss_epoch=0.0166]Epoch 13:  55%|█████▍    | 79/144 [00:02<00:01, 34.73it/s, v_num=73760, train_loss_step=0.00375, val_loss=0.0194, val_acc=0.995, train_loss_epoch=0.0166]Epoch 13:  56%|█████▌    | 80/144 [00:02<00:01, 34.75it/s, v_num=73760, train_loss_step=0.00375, val_loss=0.0194, val_acc=0.995, train_loss_epoch=0.0166]Epoch 13:  56%|█████▌    | 80/144 [00:02<00:01, 34.75it/s, v_num=73760, train_loss_step=0.0306, val_loss=0.0194, val_acc=0.995, train_loss_epoch=0.0166] Epoch 13:  56%|█████▋    | 81/144 [00:02<00:01, 34.80it/s, v_num=73760, train_loss_step=0.0306, val_loss=0.0194, val_acc=0.995, train_loss_epoch=0.0166]Epoch 13:  56%|█████▋    | 81/144 [00:02<00:01, 34.80it/s, v_num=73760, train_loss_step=0.0102, val_loss=0.0194, val_acc=0.995, train_loss_epoch=0.0166]Epoch 13:  57%|█████▋    | 82/144 [00:02<00:01, 34.85it/s, v_num=73760, train_loss_step=0.0102, val_loss=0.0194, val_acc=0.995, train_loss_epoch=0.0166]Epoch 13:  57%|█████▋    | 82/144 [00:02<00:01, 34.85it/s, v_num=73760, train_loss_step=0.00666, val_loss=0.0194, val_acc=0.995, train_loss_epoch=0.0166]Epoch 13:  58%|█████▊    | 83/144 [00:02<00:01, 34.80it/s, v_num=73760, train_loss_step=0.00666, val_loss=0.0194, val_acc=0.995, train_loss_epoch=0.0166]Epoch 13:  58%|█████▊    | 83/144 [00:02<00:01, 34.80it/s, v_num=73760, train_loss_step=0.00478, val_loss=0.0194, val_acc=0.995, train_loss_epoch=0.0166]Epoch 13:  58%|█████▊    | 84/144 [00:02<00:01, 34.85it/s, v_num=73760, train_loss_step=0.00478, val_loss=0.0194, val_acc=0.995, train_loss_epoch=0.0166]Epoch 13:  58%|█████▊    | 84/144 [00:02<00:01, 34.85it/s, v_num=73760, train_loss_step=0.0228, val_loss=0.0194, val_acc=0.995, train_loss_epoch=0.0166] Epoch 13:  59%|█████▉    | 85/144 [00:02<00:01, 34.90it/s, v_num=73760, train_loss_step=0.0228, val_loss=0.0194, val_acc=0.995, train_loss_epoch=0.0166]Epoch 13:  59%|█████▉    | 85/144 [00:02<00:01, 34.90it/s, v_num=73760, train_loss_step=0.0231, val_loss=0.0194, val_acc=0.995, train_loss_epoch=0.0166]Epoch 13:  60%|█████▉    | 86/144 [00:02<00:01, 34.91it/s, v_num=73760, train_loss_step=0.0231, val_loss=0.0194, val_acc=0.995, train_loss_epoch=0.0166]Epoch 13:  60%|█████▉    | 86/144 [00:02<00:01, 34.91it/s, v_num=73760, train_loss_step=0.0119, val_loss=0.0194, val_acc=0.995, train_loss_epoch=0.0166]Epoch 13:  60%|██████    | 87/144 [00:02<00:01, 34.88it/s, v_num=73760, train_loss_step=0.0119, val_loss=0.0194, val_acc=0.995, train_loss_epoch=0.0166]Epoch 13:  60%|██████    | 87/144 [00:02<00:01, 34.88it/s, v_num=73760, train_loss_step=0.0245, val_loss=0.0194, val_acc=0.995, train_loss_epoch=0.0166]Epoch 13:  61%|██████    | 88/144 [00:02<00:01, 34.92it/s, v_num=73760, train_loss_step=0.0245, val_loss=0.0194, val_acc=0.995, train_loss_epoch=0.0166]Epoch 13:  61%|██████    | 88/144 [00:02<00:01, 34.91it/s, v_num=73760, train_loss_step=0.0114, val_loss=0.0194, val_acc=0.995, train_loss_epoch=0.0166]Epoch 13:  62%|██████▏   | 89/144 [00:02<00:01, 34.95it/s, v_num=73760, train_loss_step=0.0114, val_loss=0.0194, val_acc=0.995, train_loss_epoch=0.0166]Epoch 13:  62%|██████▏   | 89/144 [00:02<00:01, 34.95it/s, v_num=73760, train_loss_step=0.0164, val_loss=0.0194, val_acc=0.995, train_loss_epoch=0.0166]Epoch 13:  62%|██████▎   | 90/144 [00:02<00:01, 34.97it/s, v_num=73760, train_loss_step=0.0164, val_loss=0.0194, val_acc=0.995, train_loss_epoch=0.0166]Epoch 13:  62%|██████▎   | 90/144 [00:02<00:01, 34.97it/s, v_num=73760, train_loss_step=0.0278, val_loss=0.0194, val_acc=0.995, train_loss_epoch=0.0166]Epoch 13:  63%|██████▎   | 91/144 [00:02<00:01, 34.94it/s, v_num=73760, train_loss_step=0.0278, val_loss=0.0194, val_acc=0.995, train_loss_epoch=0.0166]Epoch 13:  63%|██████▎   | 91/144 [00:02<00:01, 34.94it/s, v_num=73760, train_loss_step=0.014, val_loss=0.0194, val_acc=0.995, train_loss_epoch=0.0166] Epoch 13:  64%|██████▍   | 92/144 [00:02<00:01, 34.98it/s, v_num=73760, train_loss_step=0.014, val_loss=0.0194, val_acc=0.995, train_loss_epoch=0.0166]Epoch 13:  64%|██████▍   | 92/144 [00:02<00:01, 34.98it/s, v_num=73760, train_loss_step=0.00776, val_loss=0.0194, val_acc=0.995, train_loss_epoch=0.0166]Epoch 13:  65%|██████▍   | 93/144 [00:02<00:01, 35.00it/s, v_num=73760, train_loss_step=0.00776, val_loss=0.0194, val_acc=0.995, train_loss_epoch=0.0166]Epoch 13:  65%|██████▍   | 93/144 [00:02<00:01, 35.00it/s, v_num=73760, train_loss_step=0.0111, val_loss=0.0194, val_acc=0.995, train_loss_epoch=0.0166] Epoch 13:  65%|██████▌   | 94/144 [00:02<00:01, 35.04it/s, v_num=73760, train_loss_step=0.0111, val_loss=0.0194, val_acc=0.995, train_loss_epoch=0.0166]Epoch 13:  65%|██████▌   | 94/144 [00:02<00:01, 35.04it/s, v_num=73760, train_loss_step=0.0385, val_loss=0.0194, val_acc=0.995, train_loss_epoch=0.0166]Epoch 13:  66%|██████▌   | 95/144 [00:02<00:01, 35.00it/s, v_num=73760, train_loss_step=0.0385, val_loss=0.0194, val_acc=0.995, train_loss_epoch=0.0166]Epoch 13:  66%|██████▌   | 95/144 [00:02<00:01, 35.00it/s, v_num=73760, train_loss_step=0.0219, val_loss=0.0194, val_acc=0.995, train_loss_epoch=0.0166]Epoch 13:  67%|██████▋   | 96/144 [00:02<00:01, 34.99it/s, v_num=73760, train_loss_step=0.0219, val_loss=0.0194, val_acc=0.995, train_loss_epoch=0.0166]Epoch 13:  67%|██████▋   | 96/144 [00:02<00:01, 34.99it/s, v_num=73760, train_loss_step=0.0333, val_loss=0.0194, val_acc=0.995, train_loss_epoch=0.0166]Epoch 13:  67%|██████▋   | 97/144 [00:02<00:01, 35.04it/s, v_num=73760, train_loss_step=0.0333, val_loss=0.0194, val_acc=0.995, train_loss_epoch=0.0166]Epoch 13:  67%|██████▋   | 97/144 [00:02<00:01, 35.04it/s, v_num=73760, train_loss_step=0.0233, val_loss=0.0194, val_acc=0.995, train_loss_epoch=0.0166]Epoch 13:  68%|██████▊   | 98/144 [00:02<00:01, 35.10it/s, v_num=73760, train_loss_step=0.0233, val_loss=0.0194, val_acc=0.995, train_loss_epoch=0.0166]Epoch 13:  68%|██████▊   | 98/144 [00:02<00:01, 35.09it/s, v_num=73760, train_loss_step=0.0103, val_loss=0.0194, val_acc=0.995, train_loss_epoch=0.0166]Epoch 13:  69%|██████▉   | 99/144 [00:02<00:01, 35.10it/s, v_num=73760, train_loss_step=0.0103, val_loss=0.0194, val_acc=0.995, train_loss_epoch=0.0166]Epoch 13:  69%|██████▉   | 99/144 [00:02<00:01, 35.10it/s, v_num=73760, train_loss_step=0.0324, val_loss=0.0194, val_acc=0.995, train_loss_epoch=0.0166]Epoch 13:  69%|██████▉   | 100/144 [00:02<00:01, 35.15it/s, v_num=73760, train_loss_step=0.0324, val_loss=0.0194, val_acc=0.995, train_loss_epoch=0.0166]Epoch 13:  69%|██████▉   | 100/144 [00:02<00:01, 35.15it/s, v_num=73760, train_loss_step=0.0427, val_loss=0.0194, val_acc=0.995, train_loss_epoch=0.0166]Epoch 13:  70%|███████   | 101/144 [00:02<00:01, 35.20it/s, v_num=73760, train_loss_step=0.0427, val_loss=0.0194, val_acc=0.995, train_loss_epoch=0.0166]Epoch 13:  70%|███████   | 101/144 [00:02<00:01, 35.20it/s, v_num=73760, train_loss_step=0.0243, val_loss=0.0194, val_acc=0.995, train_loss_epoch=0.0166]Epoch 13:  71%|███████   | 102/144 [00:02<00:01, 35.24it/s, v_num=73760, train_loss_step=0.0243, val_loss=0.0194, val_acc=0.995, train_loss_epoch=0.0166]Epoch 13:  71%|███████   | 102/144 [00:02<00:01, 35.24it/s, v_num=73760, train_loss_step=0.0255, val_loss=0.0194, val_acc=0.995, train_loss_epoch=0.0166]Epoch 13:  72%|███████▏  | 103/144 [00:02<00:01, 35.27it/s, v_num=73760, train_loss_step=0.0255, val_loss=0.0194, val_acc=0.995, train_loss_epoch=0.0166]Epoch 13:  72%|███████▏  | 103/144 [00:02<00:01, 35.27it/s, v_num=73760, train_loss_step=0.00796, val_loss=0.0194, val_acc=0.995, train_loss_epoch=0.0166]Epoch 13:  72%|███████▏  | 104/144 [00:02<00:01, 35.19it/s, v_num=73760, train_loss_step=0.00796, val_loss=0.0194, val_acc=0.995, train_loss_epoch=0.0166]Epoch 13:  72%|███████▏  | 104/144 [00:02<00:01, 35.19it/s, v_num=73760, train_loss_step=0.012, val_loss=0.0194, val_acc=0.995, train_loss_epoch=0.0166]  Epoch 13:  73%|███████▎  | 105/144 [00:02<00:01, 35.23it/s, v_num=73760, train_loss_step=0.012, val_loss=0.0194, val_acc=0.995, train_loss_epoch=0.0166]Epoch 13:  73%|███████▎  | 105/144 [00:02<00:01, 35.23it/s, v_num=73760, train_loss_step=0.00151, val_loss=0.0194, val_acc=0.995, train_loss_epoch=0.0166]Epoch 13:  74%|███████▎  | 106/144 [00:03<00:01, 35.26it/s, v_num=73760, train_loss_step=0.00151, val_loss=0.0194, val_acc=0.995, train_loss_epoch=0.0166]Epoch 13:  74%|███████▎  | 106/144 [00:03<00:01, 35.26it/s, v_num=73760, train_loss_step=0.0367, val_loss=0.0194, val_acc=0.995, train_loss_epoch=0.0166] Epoch 13:  74%|███████▍  | 107/144 [00:03<00:01, 35.29it/s, v_num=73760, train_loss_step=0.0367, val_loss=0.0194, val_acc=0.995, train_loss_epoch=0.0166]Epoch 13:  74%|███████▍  | 107/144 [00:03<00:01, 35.29it/s, v_num=73760, train_loss_step=0.0266, val_loss=0.0194, val_acc=0.995, train_loss_epoch=0.0166]Epoch 13:  75%|███████▌  | 108/144 [00:03<00:01, 35.29it/s, v_num=73760, train_loss_step=0.0266, val_loss=0.0194, val_acc=0.995, train_loss_epoch=0.0166]Epoch 13:  75%|███████▌  | 108/144 [00:03<00:01, 35.28it/s, v_num=73760, train_loss_step=0.0219, val_loss=0.0194, val_acc=0.995, train_loss_epoch=0.0166]Epoch 13:  76%|███████▌  | 109/144 [00:03<00:00, 35.31it/s, v_num=73760, train_loss_step=0.0219, val_loss=0.0194, val_acc=0.995, train_loss_epoch=0.0166]Epoch 13:  76%|███████▌  | 109/144 [00:03<00:00, 35.31it/s, v_num=73760, train_loss_step=0.00252, val_loss=0.0194, val_acc=0.995, train_loss_epoch=0.0166]Epoch 13:  76%|███████▋  | 110/144 [00:03<00:00, 35.34it/s, v_num=73760, train_loss_step=0.00252, val_loss=0.0194, val_acc=0.995, train_loss_epoch=0.0166]Epoch 13:  76%|███████▋  | 110/144 [00:03<00:00, 35.33it/s, v_num=73760, train_loss_step=0.0253, val_loss=0.0194, val_acc=0.995, train_loss_epoch=0.0166] Epoch 13:  77%|███████▋  | 111/144 [00:03<00:00, 35.36it/s, v_num=73760, train_loss_step=0.0253, val_loss=0.0194, val_acc=0.995, train_loss_epoch=0.0166]Epoch 13:  77%|███████▋  | 111/144 [00:03<00:00, 35.36it/s, v_num=73760, train_loss_step=0.0191, val_loss=0.0194, val_acc=0.995, train_loss_epoch=0.0166]Epoch 13:  78%|███████▊  | 112/144 [00:03<00:00, 35.36it/s, v_num=73760, train_loss_step=0.0191, val_loss=0.0194, val_acc=0.995, train_loss_epoch=0.0166]Epoch 13:  78%|███████▊  | 112/144 [00:03<00:00, 35.36it/s, v_num=73760, train_loss_step=0.0363, val_loss=0.0194, val_acc=0.995, train_loss_epoch=0.0166]Epoch 13:  78%|███████▊  | 113/144 [00:03<00:00, 35.39it/s, v_num=73760, train_loss_step=0.0363, val_loss=0.0194, val_acc=0.995, train_loss_epoch=0.0166]Epoch 13:  78%|███████▊  | 113/144 [00:03<00:00, 35.39it/s, v_num=73760, train_loss_step=0.0337, val_loss=0.0194, val_acc=0.995, train_loss_epoch=0.0166]Epoch 13:  79%|███████▉  | 114/144 [00:03<00:00, 35.42it/s, v_num=73760, train_loss_step=0.0337, val_loss=0.0194, val_acc=0.995, train_loss_epoch=0.0166]Epoch 13:  79%|███████▉  | 114/144 [00:03<00:00, 35.42it/s, v_num=73760, train_loss_step=0.0103, val_loss=0.0194, val_acc=0.995, train_loss_epoch=0.0166]Epoch 13:  80%|███████▉  | 115/144 [00:03<00:00, 35.46it/s, v_num=73760, train_loss_step=0.0103, val_loss=0.0194, val_acc=0.995, train_loss_epoch=0.0166]Epoch 13:  80%|███████▉  | 115/144 [00:03<00:00, 35.46it/s, v_num=73760, train_loss_step=0.0197, val_loss=0.0194, val_acc=0.995, train_loss_epoch=0.0166]Epoch 13:  81%|████████  | 116/144 [00:03<00:00, 35.44it/s, v_num=73760, train_loss_step=0.0197, val_loss=0.0194, val_acc=0.995, train_loss_epoch=0.0166]Epoch 13:  81%|████████  | 116/144 [00:03<00:00, 35.44it/s, v_num=73760, train_loss_step=0.00611, val_loss=0.0194, val_acc=0.995, train_loss_epoch=0.0166]Epoch 13:  81%|████████▏ | 117/144 [00:03<00:00, 35.38it/s, v_num=73760, train_loss_step=0.00611, val_loss=0.0194, val_acc=0.995, train_loss_epoch=0.0166]Epoch 13:  81%|████████▏ | 117/144 [00:03<00:00, 35.38it/s, v_num=73760, train_loss_step=0.010, val_loss=0.0194, val_acc=0.995, train_loss_epoch=0.0166]  Epoch 13:  82%|████████▏ | 118/144 [00:03<00:00, 35.42it/s, v_num=73760, train_loss_step=0.010, val_loss=0.0194, val_acc=0.995, train_loss_epoch=0.0166]Epoch 13:  82%|████████▏ | 118/144 [00:03<00:00, 35.42it/s, v_num=73760, train_loss_step=0.0151, val_loss=0.0194, val_acc=0.995, train_loss_epoch=0.0166]Epoch 13:  83%|████████▎ | 119/144 [00:03<00:00, 35.46it/s, v_num=73760, train_loss_step=0.0151, val_loss=0.0194, val_acc=0.995, train_loss_epoch=0.0166]Epoch 13:  83%|████████▎ | 119/144 [00:03<00:00, 35.46it/s, v_num=73760, train_loss_step=0.0242, val_loss=0.0194, val_acc=0.995, train_loss_epoch=0.0166]Epoch 13:  83%|████████▎ | 120/144 [00:03<00:00, 35.49it/s, v_num=73760, train_loss_step=0.0242, val_loss=0.0194, val_acc=0.995, train_loss_epoch=0.0166]Epoch 13:  83%|████████▎ | 120/144 [00:03<00:00, 35.49it/s, v_num=73760, train_loss_step=0.00548, val_loss=0.0194, val_acc=0.995, train_loss_epoch=0.0166]Epoch 13:  84%|████████▍ | 121/144 [00:03<00:00, 35.49it/s, v_num=73760, train_loss_step=0.00548, val_loss=0.0194, val_acc=0.995, train_loss_epoch=0.0166]Epoch 13:  84%|████████▍ | 121/144 [00:03<00:00, 35.49it/s, v_num=73760, train_loss_step=0.00428, val_loss=0.0194, val_acc=0.995, train_loss_epoch=0.0166]Epoch 13:  85%|████████▍ | 122/144 [00:03<00:00, 35.53it/s, v_num=73760, train_loss_step=0.00428, val_loss=0.0194, val_acc=0.995, train_loss_epoch=0.0166]Epoch 13:  85%|████████▍ | 122/144 [00:03<00:00, 35.53it/s, v_num=73760, train_loss_step=0.0352, val_loss=0.0194, val_acc=0.995, train_loss_epoch=0.0166] Epoch 13:  85%|████████▌ | 123/144 [00:03<00:00, 35.57it/s, v_num=73760, train_loss_step=0.0352, val_loss=0.0194, val_acc=0.995, train_loss_epoch=0.0166]Epoch 13:  85%|████████▌ | 123/144 [00:03<00:00, 35.57it/s, v_num=73760, train_loss_step=0.0227, val_loss=0.0194, val_acc=0.995, train_loss_epoch=0.0166]Epoch 13:  86%|████████▌ | 124/144 [00:03<00:00, 35.60it/s, v_num=73760, train_loss_step=0.0227, val_loss=0.0194, val_acc=0.995, train_loss_epoch=0.0166]Epoch 13:  86%|████████▌ | 124/144 [00:03<00:00, 35.60it/s, v_num=73760, train_loss_step=0.0136, val_loss=0.0194, val_acc=0.995, train_loss_epoch=0.0166]Epoch 13:  87%|████████▋ | 125/144 [00:03<00:00, 35.60it/s, v_num=73760, train_loss_step=0.0136, val_loss=0.0194, val_acc=0.995, train_loss_epoch=0.0166]Epoch 13:  87%|████████▋ | 125/144 [00:03<00:00, 35.60it/s, v_num=73760, train_loss_step=0.0225, val_loss=0.0194, val_acc=0.995, train_loss_epoch=0.0166]Epoch 13:  88%|████████▊ | 126/144 [00:03<00:00, 35.54it/s, v_num=73760, train_loss_step=0.0225, val_loss=0.0194, val_acc=0.995, train_loss_epoch=0.0166]Epoch 13:  88%|████████▊ | 126/144 [00:03<00:00, 35.54it/s, v_num=73760, train_loss_step=0.0214, val_loss=0.0194, val_acc=0.995, train_loss_epoch=0.0166]Epoch 13:  88%|████████▊ | 127/144 [00:03<00:00, 35.57it/s, v_num=73760, train_loss_step=0.0214, val_loss=0.0194, val_acc=0.995, train_loss_epoch=0.0166]Epoch 13:  88%|████████▊ | 127/144 [00:03<00:00, 35.57it/s, v_num=73760, train_loss_step=0.0288, val_loss=0.0194, val_acc=0.995, train_loss_epoch=0.0166]Epoch 13:  89%|████████▉ | 128/144 [00:03<00:00, 35.60it/s, v_num=73760, train_loss_step=0.0288, val_loss=0.0194, val_acc=0.995, train_loss_epoch=0.0166]Epoch 13:  89%|████████▉ | 128/144 [00:03<00:00, 35.60it/s, v_num=73760, train_loss_step=0.00916, val_loss=0.0194, val_acc=0.995, train_loss_epoch=0.0166]Epoch 13:  90%|████████▉ | 129/144 [00:03<00:00, 35.62it/s, v_num=73760, train_loss_step=0.00916, val_loss=0.0194, val_acc=0.995, train_loss_epoch=0.0166]Epoch 13:  90%|████████▉ | 129/144 [00:03<00:00, 35.62it/s, v_num=73760, train_loss_step=0.020, val_loss=0.0194, val_acc=0.995, train_loss_epoch=0.0166]  Epoch 13:  90%|█████████ | 130/144 [00:03<00:00, 35.60it/s, v_num=73760, train_loss_step=0.020, val_loss=0.0194, val_acc=0.995, train_loss_epoch=0.0166]Epoch 13:  90%|█████████ | 130/144 [00:03<00:00, 35.60it/s, v_num=73760, train_loss_step=0.0305, val_loss=0.0194, val_acc=0.995, train_loss_epoch=0.0166]Epoch 13:  91%|█████████ | 131/144 [00:03<00:00, 35.53it/s, v_num=73760, train_loss_step=0.0305, val_loss=0.0194, val_acc=0.995, train_loss_epoch=0.0166]Epoch 13:  91%|█████████ | 131/144 [00:03<00:00, 35.52it/s, v_num=73760, train_loss_step=0.0263, val_loss=0.0194, val_acc=0.995, train_loss_epoch=0.0166]Epoch 13:  92%|█████████▏| 132/144 [00:03<00:00, 35.55it/s, v_num=73760, train_loss_step=0.0263, val_loss=0.0194, val_acc=0.995, train_loss_epoch=0.0166]Epoch 13:  92%|█████████▏| 132/144 [00:03<00:00, 35.55it/s, v_num=73760, train_loss_step=0.0165, val_loss=0.0194, val_acc=0.995, train_loss_epoch=0.0166]Epoch 13:  92%|█████████▏| 133/144 [00:03<00:00, 35.58it/s, v_num=73760, train_loss_step=0.0165, val_loss=0.0194, val_acc=0.995, train_loss_epoch=0.0166]Epoch 13:  92%|█████████▏| 133/144 [00:03<00:00, 35.58it/s, v_num=73760, train_loss_step=0.0219, val_loss=0.0194, val_acc=0.995, train_loss_epoch=0.0166]Epoch 13:  93%|█████████▎| 134/144 [00:03<00:00, 35.60it/s, v_num=73760, train_loss_step=0.0219, val_loss=0.0194, val_acc=0.995, train_loss_epoch=0.0166]Epoch 13:  93%|█████████▎| 134/144 [00:03<00:00, 35.60it/s, v_num=73760, train_loss_step=0.0156, val_loss=0.0194, val_acc=0.995, train_loss_epoch=0.0166]Epoch 13:  94%|█████████▍| 135/144 [00:03<00:00, 35.60it/s, v_num=73760, train_loss_step=0.0156, val_loss=0.0194, val_acc=0.995, train_loss_epoch=0.0166]Epoch 13:  94%|█████████▍| 135/144 [00:03<00:00, 35.60it/s, v_num=73760, train_loss_step=0.00643, val_loss=0.0194, val_acc=0.995, train_loss_epoch=0.0166]Epoch 13:  94%|█████████▍| 136/144 [00:03<00:00, 35.63it/s, v_num=73760, train_loss_step=0.00643, val_loss=0.0194, val_acc=0.995, train_loss_epoch=0.0166]Epoch 13:  94%|█████████▍| 136/144 [00:03<00:00, 35.62it/s, v_num=73760, train_loss_step=0.00231, val_loss=0.0194, val_acc=0.995, train_loss_epoch=0.0166]Epoch 13:  95%|█████████▌| 137/144 [00:03<00:00, 35.66it/s, v_num=73760, train_loss_step=0.00231, val_loss=0.0194, val_acc=0.995, train_loss_epoch=0.0166]Epoch 13:  95%|█████████▌| 137/144 [00:03<00:00, 35.66it/s, v_num=73760, train_loss_step=0.0194, val_loss=0.0194, val_acc=0.995, train_loss_epoch=0.0166] Epoch 13:  96%|█████████▌| 138/144 [00:03<00:00, 35.68it/s, v_num=73760, train_loss_step=0.0194, val_loss=0.0194, val_acc=0.995, train_loss_epoch=0.0166]Epoch 13:  96%|█████████▌| 138/144 [00:03<00:00, 35.68it/s, v_num=73760, train_loss_step=0.00316, val_loss=0.0194, val_acc=0.995, train_loss_epoch=0.0166]Epoch 13:  97%|█████████▋| 139/144 [00:03<00:00, 35.59it/s, v_num=73760, train_loss_step=0.00316, val_loss=0.0194, val_acc=0.995, train_loss_epoch=0.0166]Epoch 13:  97%|█████████▋| 139/144 [00:03<00:00, 35.59it/s, v_num=73760, train_loss_step=0.0206, val_loss=0.0194, val_acc=0.995, train_loss_epoch=0.0166] Epoch 13:  97%|█████████▋| 140/144 [00:03<00:00, 35.62it/s, v_num=73760, train_loss_step=0.0206, val_loss=0.0194, val_acc=0.995, train_loss_epoch=0.0166]Epoch 13:  97%|█████████▋| 140/144 [00:03<00:00, 35.61it/s, v_num=73760, train_loss_step=0.0139, val_loss=0.0194, val_acc=0.995, train_loss_epoch=0.0166]Epoch 13:  98%|█████████▊| 141/144 [00:03<00:00, 35.65it/s, v_num=73760, train_loss_step=0.0139, val_loss=0.0194, val_acc=0.995, train_loss_epoch=0.0166]Epoch 13:  98%|█████████▊| 141/144 [00:03<00:00, 35.65it/s, v_num=73760, train_loss_step=0.0102, val_loss=0.0194, val_acc=0.995, train_loss_epoch=0.0166]Epoch 13:  99%|█████████▊| 142/144 [00:03<00:00, 35.68it/s, v_num=73760, train_loss_step=0.0102, val_loss=0.0194, val_acc=0.995, train_loss_epoch=0.0166]Epoch 13:  99%|█████████▊| 142/144 [00:03<00:00, 35.68it/s, v_num=73760, train_loss_step=0.0401, val_loss=0.0194, val_acc=0.995, train_loss_epoch=0.0166]Epoch 13:  99%|█████████▉| 143/144 [00:04<00:00, 35.69it/s, v_num=73760, train_loss_step=0.0401, val_loss=0.0194, val_acc=0.995, train_loss_epoch=0.0166]Epoch 13:  99%|█████████▉| 143/144 [00:04<00:00, 35.68it/s, v_num=73760, train_loss_step=0.00369, val_loss=0.0194, val_acc=0.995, train_loss_epoch=0.0166]Epoch 13: 100%|██████████| 144/144 [00:04<00:00, 35.64it/s, v_num=73760, train_loss_step=0.00369, val_loss=0.0194, val_acc=0.995, train_loss_epoch=0.0166]Epoch 13: 100%|██████████| 144/144 [00:04<00:00, 35.64it/s, v_num=73760, train_loss_step=0.0324, val_loss=0.0194, val_acc=0.995, train_loss_epoch=0.0166] 
Validation: |          | 0/? [00:00<?, ?it/s][A
Validation:   0%|          | 0/14 [00:00<?, ?it/s][A
Validation DataLoader 0:   0%|          | 0/14 [00:00<?, ?it/s][A
Validation DataLoader 0:   7%|▋         | 1/14 [00:00<00:00, 133.73it/s][A
Validation DataLoader 0:  14%|█▍        | 2/14 [00:00<00:00, 70.54it/s] [A
Validation DataLoader 0:  21%|██▏       | 3/14 [00:00<00:00, 78.30it/s][A
Validation DataLoader 0:  29%|██▊       | 4/14 [00:00<00:00, 82.72it/s][A
Validation DataLoader 0:  36%|███▌      | 5/14 [00:00<00:00, 85.78it/s][A
Validation DataLoader 0:  43%|████▎     | 6/14 [00:00<00:00, 87.68it/s][A
Validation DataLoader 0:  50%|█████     | 7/14 [00:00<00:00, 88.35it/s][A
Validation DataLoader 0:  57%|█████▋    | 8/14 [00:00<00:00, 84.90it/s][A
Validation DataLoader 0:  64%|██████▍   | 9/14 [00:00<00:00, 86.36it/s][A
Validation DataLoader 0:  71%|███████▏  | 10/14 [00:00<00:00, 87.62it/s][A
Validation DataLoader 0:  79%|███████▊  | 11/14 [00:00<00:00, 88.83it/s][A
Validation DataLoader 0:  86%|████████▌ | 12/14 [00:00<00:00, 89.57it/s][A
Validation DataLoader 0:  93%|█████████▎| 13/14 [00:00<00:00, 90.42it/s][A
Validation DataLoader 0: 100%|██████████| 14/14 [00:00<00:00, 91.11it/s][A
                                                                        [AEpoch 13: 100%|██████████| 144/144 [00:04<00:00, 34.18it/s, v_num=73760, train_loss_step=0.0324, val_loss=0.0213, val_acc=0.994, train_loss_epoch=0.0166]Epoch 13: 100%|██████████| 144/144 [00:04<00:00, 34.17it/s, v_num=73760, train_loss_step=0.0324, val_loss=0.0213, val_acc=0.994, train_loss_epoch=0.0144]Epoch 13:   0%|          | 0/144 [00:00<?, ?it/s, v_num=73760, train_loss_step=0.0324, val_loss=0.0213, val_acc=0.994, train_loss_epoch=0.0144]          Epoch 14:   0%|          | 0/144 [00:00<?, ?it/s, v_num=73760, train_loss_step=0.0324, val_loss=0.0213, val_acc=0.994, train_loss_epoch=0.0144]Epoch 14:   1%|          | 1/144 [00:00<00:12, 11.23it/s, v_num=73760, train_loss_step=0.0324, val_loss=0.0213, val_acc=0.994, train_loss_epoch=0.0144]Epoch 14:   1%|          | 1/144 [00:00<00:12, 11.21it/s, v_num=73760, train_loss_step=0.0268, val_loss=0.0213, val_acc=0.994, train_loss_epoch=0.0144]Epoch 14:   1%|▏         | 2/144 [00:00<00:08, 17.41it/s, v_num=73760, train_loss_step=0.0268, val_loss=0.0213, val_acc=0.994, train_loss_epoch=0.0144]Epoch 14:   1%|▏         | 2/144 [00:00<00:08, 17.38it/s, v_num=73760, train_loss_step=0.0111, val_loss=0.0213, val_acc=0.994, train_loss_epoch=0.0144]Epoch 14:   2%|▏         | 3/144 [00:00<00:06, 20.64it/s, v_num=73760, train_loss_step=0.0111, val_loss=0.0213, val_acc=0.994, train_loss_epoch=0.0144]Epoch 14:   2%|▏         | 3/144 [00:00<00:06, 20.62it/s, v_num=73760, train_loss_step=0.0556, val_loss=0.0213, val_acc=0.994, train_loss_epoch=0.0144]Epoch 14:   3%|▎         | 4/144 [00:00<00:05, 23.34it/s, v_num=73760, train_loss_step=0.0556, val_loss=0.0213, val_acc=0.994, train_loss_epoch=0.0144]Epoch 14:   3%|▎         | 4/144 [00:00<00:06, 23.32it/s, v_num=73760, train_loss_step=0.0416, val_loss=0.0213, val_acc=0.994, train_loss_epoch=0.0144]Epoch 14:   3%|▎         | 5/144 [00:00<00:05, 25.34it/s, v_num=73760, train_loss_step=0.0416, val_loss=0.0213, val_acc=0.994, train_loss_epoch=0.0144]Epoch 14:   3%|▎         | 5/144 [00:00<00:05, 25.32it/s, v_num=73760, train_loss_step=0.0476, val_loss=0.0213, val_acc=0.994, train_loss_epoch=0.0144]Epoch 14:   4%|▍         | 6/144 [00:00<00:05, 26.84it/s, v_num=73760, train_loss_step=0.0476, val_loss=0.0213, val_acc=0.994, train_loss_epoch=0.0144]Epoch 14:   4%|▍         | 6/144 [00:00<00:05, 26.82it/s, v_num=73760, train_loss_step=0.00781, val_loss=0.0213, val_acc=0.994, train_loss_epoch=0.0144]Epoch 14:   5%|▍         | 7/144 [00:00<00:04, 27.74it/s, v_num=73760, train_loss_step=0.00781, val_loss=0.0213, val_acc=0.994, train_loss_epoch=0.0144]Epoch 14:   5%|▍         | 7/144 [00:00<00:04, 27.72it/s, v_num=73760, train_loss_step=0.0147, val_loss=0.0213, val_acc=0.994, train_loss_epoch=0.0144] Epoch 14:   6%|▌         | 8/144 [00:00<00:04, 28.76it/s, v_num=73760, train_loss_step=0.0147, val_loss=0.0213, val_acc=0.994, train_loss_epoch=0.0144]Epoch 14:   6%|▌         | 8/144 [00:00<00:04, 28.75it/s, v_num=73760, train_loss_step=0.00408, val_loss=0.0213, val_acc=0.994, train_loss_epoch=0.0144]Epoch 14:   6%|▋         | 9/144 [00:00<00:04, 29.55it/s, v_num=73760, train_loss_step=0.00408, val_loss=0.0213, val_acc=0.994, train_loss_epoch=0.0144]Epoch 14:   6%|▋         | 9/144 [00:00<00:04, 29.54it/s, v_num=73760, train_loss_step=0.0402, val_loss=0.0213, val_acc=0.994, train_loss_epoch=0.0144] Epoch 14:   7%|▋         | 10/144 [00:00<00:04, 30.32it/s, v_num=73760, train_loss_step=0.0402, val_loss=0.0213, val_acc=0.994, train_loss_epoch=0.0144]Epoch 14:   7%|▋         | 10/144 [00:00<00:04, 30.31it/s, v_num=73760, train_loss_step=0.00847, val_loss=0.0213, val_acc=0.994, train_loss_epoch=0.0144]Epoch 14:   8%|▊         | 11/144 [00:00<00:04, 30.56it/s, v_num=73760, train_loss_step=0.00847, val_loss=0.0213, val_acc=0.994, train_loss_epoch=0.0144]Epoch 14:   8%|▊         | 11/144 [00:00<00:04, 30.54it/s, v_num=73760, train_loss_step=0.00783, val_loss=0.0213, val_acc=0.994, train_loss_epoch=0.0144]Epoch 14:   8%|▊         | 12/144 [00:00<00:04, 30.55it/s, v_num=73760, train_loss_step=0.00783, val_loss=0.0213, val_acc=0.994, train_loss_epoch=0.0144]Epoch 14:   8%|▊         | 12/144 [00:00<00:04, 30.54it/s, v_num=73760, train_loss_step=0.0139, val_loss=0.0213, val_acc=0.994, train_loss_epoch=0.0144] Epoch 14:   9%|▉         | 13/144 [00:00<00:04, 30.86it/s, v_num=73760, train_loss_step=0.0139, val_loss=0.0213, val_acc=0.994, train_loss_epoch=0.0144]Epoch 14:   9%|▉         | 13/144 [00:00<00:04, 30.85it/s, v_num=73760, train_loss_step=0.0304, val_loss=0.0213, val_acc=0.994, train_loss_epoch=0.0144]Epoch 14:  10%|▉         | 14/144 [00:00<00:04, 31.27it/s, v_num=73760, train_loss_step=0.0304, val_loss=0.0213, val_acc=0.994, train_loss_epoch=0.0144]Epoch 14:  10%|▉         | 14/144 [00:00<00:04, 31.26it/s, v_num=73760, train_loss_step=0.00738, val_loss=0.0213, val_acc=0.994, train_loss_epoch=0.0144]Epoch 14:  10%|█         | 15/144 [00:00<00:04, 31.39it/s, v_num=73760, train_loss_step=0.00738, val_loss=0.0213, val_acc=0.994, train_loss_epoch=0.0144]Epoch 14:  10%|█         | 15/144 [00:00<00:04, 31.38it/s, v_num=73760, train_loss_step=0.0229, val_loss=0.0213, val_acc=0.994, train_loss_epoch=0.0144] Epoch 14:  11%|█         | 16/144 [00:00<00:04, 31.70it/s, v_num=73760, train_loss_step=0.0229, val_loss=0.0213, val_acc=0.994, train_loss_epoch=0.0144]Epoch 14:  11%|█         | 16/144 [00:00<00:04, 31.69it/s, v_num=73760, train_loss_step=0.0189, val_loss=0.0213, val_acc=0.994, train_loss_epoch=0.0144]Epoch 14:  12%|█▏        | 17/144 [00:00<00:03, 32.06it/s, v_num=73760, train_loss_step=0.0189, val_loss=0.0213, val_acc=0.994, train_loss_epoch=0.0144]Epoch 14:  12%|█▏        | 17/144 [00:00<00:03, 32.05it/s, v_num=73760, train_loss_step=0.00855, val_loss=0.0213, val_acc=0.994, train_loss_epoch=0.0144]Epoch 14:  12%|█▎        | 18/144 [00:00<00:03, 32.34it/s, v_num=73760, train_loss_step=0.00855, val_loss=0.0213, val_acc=0.994, train_loss_epoch=0.0144]Epoch 14:  12%|█▎        | 18/144 [00:00<00:03, 32.33it/s, v_num=73760, train_loss_step=0.0128, val_loss=0.0213, val_acc=0.994, train_loss_epoch=0.0144] Epoch 14:  13%|█▎        | 19/144 [00:00<00:03, 32.39it/s, v_num=73760, train_loss_step=0.0128, val_loss=0.0213, val_acc=0.994, train_loss_epoch=0.0144]Epoch 14:  13%|█▎        | 19/144 [00:00<00:03, 32.38it/s, v_num=73760, train_loss_step=0.0261, val_loss=0.0213, val_acc=0.994, train_loss_epoch=0.0144]Epoch 14:  14%|█▍        | 20/144 [00:00<00:03, 32.51it/s, v_num=73760, train_loss_step=0.0261, val_loss=0.0213, val_acc=0.994, train_loss_epoch=0.0144]Epoch 14:  14%|█▍        | 20/144 [00:00<00:03, 32.50it/s, v_num=73760, train_loss_step=0.00788, val_loss=0.0213, val_acc=0.994, train_loss_epoch=0.0144]Epoch 14:  15%|█▍        | 21/144 [00:00<00:03, 32.66it/s, v_num=73760, train_loss_step=0.00788, val_loss=0.0213, val_acc=0.994, train_loss_epoch=0.0144]Epoch 14:  15%|█▍        | 21/144 [00:00<00:03, 32.65it/s, v_num=73760, train_loss_step=0.00368, val_loss=0.0213, val_acc=0.994, train_loss_epoch=0.0144]Epoch 14:  15%|█▌        | 22/144 [00:00<00:03, 32.86it/s, v_num=73760, train_loss_step=0.00368, val_loss=0.0213, val_acc=0.994, train_loss_epoch=0.0144]Epoch 14:  15%|█▌        | 22/144 [00:00<00:03, 32.85it/s, v_num=73760, train_loss_step=0.0256, val_loss=0.0213, val_acc=0.994, train_loss_epoch=0.0144] Epoch 14:  16%|█▌        | 23/144 [00:00<00:03, 32.81it/s, v_num=73760, train_loss_step=0.0256, val_loss=0.0213, val_acc=0.994, train_loss_epoch=0.0144]Epoch 14:  16%|█▌        | 23/144 [00:00<00:03, 32.80it/s, v_num=73760, train_loss_step=0.00689, val_loss=0.0213, val_acc=0.994, train_loss_epoch=0.0144]Epoch 14:  17%|█▋        | 24/144 [00:00<00:03, 32.92it/s, v_num=73760, train_loss_step=0.00689, val_loss=0.0213, val_acc=0.994, train_loss_epoch=0.0144]Epoch 14:  17%|█▋        | 24/144 [00:00<00:03, 32.91it/s, v_num=73760, train_loss_step=0.010, val_loss=0.0213, val_acc=0.994, train_loss_epoch=0.0144]  Epoch 14:  17%|█▋        | 25/144 [00:00<00:03, 33.09it/s, v_num=73760, train_loss_step=0.010, val_loss=0.0213, val_acc=0.994, train_loss_epoch=0.0144]Epoch 14:  17%|█▋        | 25/144 [00:00<00:03, 33.08it/s, v_num=73760, train_loss_step=0.00612, val_loss=0.0213, val_acc=0.994, train_loss_epoch=0.0144]Epoch 14:  18%|█▊        | 26/144 [00:00<00:03, 33.23it/s, v_num=73760, train_loss_step=0.00612, val_loss=0.0213, val_acc=0.994, train_loss_epoch=0.0144]Epoch 14:  18%|█▊        | 26/144 [00:00<00:03, 33.22it/s, v_num=73760, train_loss_step=0.00174, val_loss=0.0213, val_acc=0.994, train_loss_epoch=0.0144]Epoch 14:  19%|█▉        | 27/144 [00:00<00:03, 33.26it/s, v_num=73760, train_loss_step=0.00174, val_loss=0.0213, val_acc=0.994, train_loss_epoch=0.0144]Epoch 14:  19%|█▉        | 27/144 [00:00<00:03, 33.26it/s, v_num=73760, train_loss_step=0.00536, val_loss=0.0213, val_acc=0.994, train_loss_epoch=0.0144]Epoch 14:  19%|█▉        | 28/144 [00:00<00:03, 33.37it/s, v_num=73760, train_loss_step=0.00536, val_loss=0.0213, val_acc=0.994, train_loss_epoch=0.0144]Epoch 14:  19%|█▉        | 28/144 [00:00<00:03, 33.36it/s, v_num=73760, train_loss_step=0.0382, val_loss=0.0213, val_acc=0.994, train_loss_epoch=0.0144] Epoch 14:  20%|██        | 29/144 [00:00<00:03, 33.54it/s, v_num=73760, train_loss_step=0.0382, val_loss=0.0213, val_acc=0.994, train_loss_epoch=0.0144]Epoch 14:  20%|██        | 29/144 [00:00<00:03, 33.54it/s, v_num=73760, train_loss_step=0.0246, val_loss=0.0213, val_acc=0.994, train_loss_epoch=0.0144]Epoch 14:  21%|██        | 30/144 [00:00<00:03, 33.67it/s, v_num=73760, train_loss_step=0.0246, val_loss=0.0213, val_acc=0.994, train_loss_epoch=0.0144]Epoch 14:  21%|██        | 30/144 [00:00<00:03, 33.67it/s, v_num=73760, train_loss_step=0.00212, val_loss=0.0213, val_acc=0.994, train_loss_epoch=0.0144]Epoch 14:  22%|██▏       | 31/144 [00:00<00:03, 33.71it/s, v_num=73760, train_loss_step=0.00212, val_loss=0.0213, val_acc=0.994, train_loss_epoch=0.0144]Epoch 14:  22%|██▏       | 31/144 [00:00<00:03, 33.70it/s, v_num=73760, train_loss_step=0.00786, val_loss=0.0213, val_acc=0.994, train_loss_epoch=0.0144]Epoch 14:  22%|██▏       | 32/144 [00:00<00:03, 33.86it/s, v_num=73760, train_loss_step=0.00786, val_loss=0.0213, val_acc=0.994, train_loss_epoch=0.0144]Epoch 14:  22%|██▏       | 32/144 [00:00<00:03, 33.86it/s, v_num=73760, train_loss_step=0.017, val_loss=0.0213, val_acc=0.994, train_loss_epoch=0.0144]  Epoch 14:  23%|██▎       | 33/144 [00:00<00:03, 33.98it/s, v_num=73760, train_loss_step=0.017, val_loss=0.0213, val_acc=0.994, train_loss_epoch=0.0144]Epoch 14:  23%|██▎       | 33/144 [00:00<00:03, 33.98it/s, v_num=73760, train_loss_step=0.0103, val_loss=0.0213, val_acc=0.994, train_loss_epoch=0.0144]Epoch 14:  24%|██▎       | 34/144 [00:00<00:03, 34.10it/s, v_num=73760, train_loss_step=0.0103, val_loss=0.0213, val_acc=0.994, train_loss_epoch=0.0144]Epoch 14:  24%|██▎       | 34/144 [00:00<00:03, 34.09it/s, v_num=73760, train_loss_step=0.0163, val_loss=0.0213, val_acc=0.994, train_loss_epoch=0.0144]Epoch 14:  24%|██▍       | 35/144 [00:01<00:03, 34.07it/s, v_num=73760, train_loss_step=0.0163, val_loss=0.0213, val_acc=0.994, train_loss_epoch=0.0144]Epoch 14:  24%|██▍       | 35/144 [00:01<00:03, 34.07it/s, v_num=73760, train_loss_step=0.0102, val_loss=0.0213, val_acc=0.994, train_loss_epoch=0.0144]Epoch 14:  25%|██▌       | 36/144 [00:01<00:03, 34.18it/s, v_num=73760, train_loss_step=0.0102, val_loss=0.0213, val_acc=0.994, train_loss_epoch=0.0144]Epoch 14:  25%|██▌       | 36/144 [00:01<00:03, 34.18it/s, v_num=73760, train_loss_step=0.00528, val_loss=0.0213, val_acc=0.994, train_loss_epoch=0.0144]Epoch 14:  26%|██▌       | 37/144 [00:01<00:03, 34.28it/s, v_num=73760, train_loss_step=0.00528, val_loss=0.0213, val_acc=0.994, train_loss_epoch=0.0144]Epoch 14:  26%|██▌       | 37/144 [00:01<00:03, 34.27it/s, v_num=73760, train_loss_step=0.031, val_loss=0.0213, val_acc=0.994, train_loss_epoch=0.0144]  Epoch 14:  26%|██▋       | 38/144 [00:01<00:03, 34.37it/s, v_num=73760, train_loss_step=0.031, val_loss=0.0213, val_acc=0.994, train_loss_epoch=0.0144]Epoch 14:  26%|██▋       | 38/144 [00:01<00:03, 34.36it/s, v_num=73760, train_loss_step=0.0224, val_loss=0.0213, val_acc=0.994, train_loss_epoch=0.0144]Epoch 14:  27%|██▋       | 39/144 [00:01<00:03, 34.32it/s, v_num=73760, train_loss_step=0.0224, val_loss=0.0213, val_acc=0.994, train_loss_epoch=0.0144]Epoch 14:  27%|██▋       | 39/144 [00:01<00:03, 34.32it/s, v_num=73760, train_loss_step=0.0152, val_loss=0.0213, val_acc=0.994, train_loss_epoch=0.0144]Epoch 14:  28%|██▊       | 40/144 [00:01<00:03, 34.43it/s, v_num=73760, train_loss_step=0.0152, val_loss=0.0213, val_acc=0.994, train_loss_epoch=0.0144]Epoch 14:  28%|██▊       | 40/144 [00:01<00:03, 34.42it/s, v_num=73760, train_loss_step=0.0246, val_loss=0.0213, val_acc=0.994, train_loss_epoch=0.0144]Epoch 14:  28%|██▊       | 41/144 [00:01<00:02, 34.54it/s, v_num=73760, train_loss_step=0.0246, val_loss=0.0213, val_acc=0.994, train_loss_epoch=0.0144]Epoch 14:  28%|██▊       | 41/144 [00:01<00:02, 34.53it/s, v_num=73760, train_loss_step=0.00818, val_loss=0.0213, val_acc=0.994, train_loss_epoch=0.0144]Epoch 14:  29%|██▉       | 42/144 [00:01<00:02, 34.64it/s, v_num=73760, train_loss_step=0.00818, val_loss=0.0213, val_acc=0.994, train_loss_epoch=0.0144]Epoch 14:  29%|██▉       | 42/144 [00:01<00:02, 34.63it/s, v_num=73760, train_loss_step=0.0129, val_loss=0.0213, val_acc=0.994, train_loss_epoch=0.0144] Epoch 14:  30%|██▉       | 43/144 [00:01<00:02, 34.53it/s, v_num=73760, train_loss_step=0.0129, val_loss=0.0213, val_acc=0.994, train_loss_epoch=0.0144]Epoch 14:  30%|██▉       | 43/144 [00:01<00:02, 34.53it/s, v_num=73760, train_loss_step=0.0108, val_loss=0.0213, val_acc=0.994, train_loss_epoch=0.0144]Epoch 14:  31%|███       | 44/144 [00:01<00:02, 34.61it/s, v_num=73760, train_loss_step=0.0108, val_loss=0.0213, val_acc=0.994, train_loss_epoch=0.0144]Epoch 14:  31%|███       | 44/144 [00:01<00:02, 34.61it/s, v_num=73760, train_loss_step=0.00952, val_loss=0.0213, val_acc=0.994, train_loss_epoch=0.0144]Epoch 14:  31%|███▏      | 45/144 [00:01<00:02, 34.67it/s, v_num=73760, train_loss_step=0.00952, val_loss=0.0213, val_acc=0.994, train_loss_epoch=0.0144]Epoch 14:  31%|███▏      | 45/144 [00:01<00:02, 34.67it/s, v_num=73760, train_loss_step=0.011, val_loss=0.0213, val_acc=0.994, train_loss_epoch=0.0144]  Epoch 14:  32%|███▏      | 46/144 [00:01<00:02, 34.73it/s, v_num=73760, train_loss_step=0.011, val_loss=0.0213, val_acc=0.994, train_loss_epoch=0.0144]Epoch 14:  32%|███▏      | 46/144 [00:01<00:02, 34.73it/s, v_num=73760, train_loss_step=0.0285, val_loss=0.0213, val_acc=0.994, train_loss_epoch=0.0144]Epoch 14:  33%|███▎      | 47/144 [00:01<00:02, 34.65it/s, v_num=73760, train_loss_step=0.0285, val_loss=0.0213, val_acc=0.994, train_loss_epoch=0.0144]Epoch 14:  33%|███▎      | 47/144 [00:01<00:02, 34.64it/s, v_num=73760, train_loss_step=0.00692, val_loss=0.0213, val_acc=0.994, train_loss_epoch=0.0144]Epoch 14:  33%|███▎      | 48/144 [00:01<00:02, 34.72it/s, v_num=73760, train_loss_step=0.00692, val_loss=0.0213, val_acc=0.994, train_loss_epoch=0.0144]Epoch 14:  33%|███▎      | 48/144 [00:01<00:02, 34.72it/s, v_num=73760, train_loss_step=0.00803, val_loss=0.0213, val_acc=0.994, train_loss_epoch=0.0144]Epoch 14:  34%|███▍      | 49/144 [00:01<00:02, 34.78it/s, v_num=73760, train_loss_step=0.00803, val_loss=0.0213, val_acc=0.994, train_loss_epoch=0.0144]Epoch 14:  34%|███▍      | 49/144 [00:01<00:02, 34.78it/s, v_num=73760, train_loss_step=0.00324, val_loss=0.0213, val_acc=0.994, train_loss_epoch=0.0144]Epoch 14:  35%|███▍      | 50/144 [00:01<00:02, 34.83it/s, v_num=73760, train_loss_step=0.00324, val_loss=0.0213, val_acc=0.994, train_loss_epoch=0.0144]Epoch 14:  35%|███▍      | 50/144 [00:01<00:02, 34.82it/s, v_num=73760, train_loss_step=0.00559, val_loss=0.0213, val_acc=0.994, train_loss_epoch=0.0144]Epoch 14:  35%|███▌      | 51/144 [00:01<00:02, 34.80it/s, v_num=73760, train_loss_step=0.00559, val_loss=0.0213, val_acc=0.994, train_loss_epoch=0.0144]Epoch 14:  35%|███▌      | 51/144 [00:01<00:02, 34.79it/s, v_num=73760, train_loss_step=0.0106, val_loss=0.0213, val_acc=0.994, train_loss_epoch=0.0144] Epoch 14:  36%|███▌      | 52/144 [00:01<00:02, 34.86it/s, v_num=73760, train_loss_step=0.0106, val_loss=0.0213, val_acc=0.994, train_loss_epoch=0.0144]Epoch 14:  36%|███▌      | 52/144 [00:01<00:02, 34.86it/s, v_num=73760, train_loss_step=0.00583, val_loss=0.0213, val_acc=0.994, train_loss_epoch=0.0144]Epoch 14:  37%|███▋      | 53/144 [00:01<00:02, 34.91it/s, v_num=73760, train_loss_step=0.00583, val_loss=0.0213, val_acc=0.994, train_loss_epoch=0.0144]Epoch 14:  37%|███▋      | 53/144 [00:01<00:02, 34.91it/s, v_num=73760, train_loss_step=0.00389, val_loss=0.0213, val_acc=0.994, train_loss_epoch=0.0144]Epoch 14:  38%|███▊      | 54/144 [00:01<00:02, 34.97it/s, v_num=73760, train_loss_step=0.00389, val_loss=0.0213, val_acc=0.994, train_loss_epoch=0.0144]Epoch 14:  38%|███▊      | 54/144 [00:01<00:02, 34.96it/s, v_num=73760, train_loss_step=0.00297, val_loss=0.0213, val_acc=0.994, train_loss_epoch=0.0144]Epoch 14:  38%|███▊      | 55/144 [00:01<00:02, 34.95it/s, v_num=73760, train_loss_step=0.00297, val_loss=0.0213, val_acc=0.994, train_loss_epoch=0.0144]Epoch 14:  38%|███▊      | 55/144 [00:01<00:02, 34.94it/s, v_num=73760, train_loss_step=0.0158, val_loss=0.0213, val_acc=0.994, train_loss_epoch=0.0144] Epoch 14:  39%|███▉      | 56/144 [00:01<00:02, 35.01it/s, v_num=73760, train_loss_step=0.0158, val_loss=0.0213, val_acc=0.994, train_loss_epoch=0.0144]Epoch 14:  39%|███▉      | 56/144 [00:01<00:02, 35.01it/s, v_num=73760, train_loss_step=0.00415, val_loss=0.0213, val_acc=0.994, train_loss_epoch=0.0144]Epoch 14:  40%|███▉      | 57/144 [00:01<00:02, 35.08it/s, v_num=73760, train_loss_step=0.00415, val_loss=0.0213, val_acc=0.994, train_loss_epoch=0.0144]Epoch 14:  40%|███▉      | 57/144 [00:01<00:02, 35.08it/s, v_num=73760, train_loss_step=0.00456, val_loss=0.0213, val_acc=0.994, train_loss_epoch=0.0144]Epoch 14:  40%|████      | 58/144 [00:01<00:02, 35.15it/s, v_num=73760, train_loss_step=0.00456, val_loss=0.0213, val_acc=0.994, train_loss_epoch=0.0144]Epoch 14:  40%|████      | 58/144 [00:01<00:02, 35.15it/s, v_num=73760, train_loss_step=0.00575, val_loss=0.0213, val_acc=0.994, train_loss_epoch=0.0144]Epoch 14:  41%|████      | 59/144 [00:01<00:02, 35.08it/s, v_num=73760, train_loss_step=0.00575, val_loss=0.0213, val_acc=0.994, train_loss_epoch=0.0144]Epoch 14:  41%|████      | 59/144 [00:01<00:02, 35.07it/s, v_num=73760, train_loss_step=0.0181, val_loss=0.0213, val_acc=0.994, train_loss_epoch=0.0144] Epoch 14:  42%|████▏     | 60/144 [00:01<00:02, 35.12it/s, v_num=73760, train_loss_step=0.0181, val_loss=0.0213, val_acc=0.994, train_loss_epoch=0.0144]Epoch 14:  42%|████▏     | 60/144 [00:01<00:02, 35.12it/s, v_num=73760, train_loss_step=0.0131, val_loss=0.0213, val_acc=0.994, train_loss_epoch=0.0144]Epoch 14:  42%|████▏     | 61/144 [00:01<00:02, 35.20it/s, v_num=73760, train_loss_step=0.0131, val_loss=0.0213, val_acc=0.994, train_loss_epoch=0.0144]Epoch 14:  42%|████▏     | 61/144 [00:01<00:02, 35.20it/s, v_num=73760, train_loss_step=0.00758, val_loss=0.0213, val_acc=0.994, train_loss_epoch=0.0144]Epoch 14:  43%|████▎     | 62/144 [00:01<00:02, 35.25it/s, v_num=73760, train_loss_step=0.00758, val_loss=0.0213, val_acc=0.994, train_loss_epoch=0.0144]Epoch 14:  43%|████▎     | 62/144 [00:01<00:02, 35.25it/s, v_num=73760, train_loss_step=0.00262, val_loss=0.0213, val_acc=0.994, train_loss_epoch=0.0144]Epoch 14:  44%|████▍     | 63/144 [00:01<00:02, 35.24it/s, v_num=73760, train_loss_step=0.00262, val_loss=0.0213, val_acc=0.994, train_loss_epoch=0.0144]Epoch 14:  44%|████▍     | 63/144 [00:01<00:02, 35.24it/s, v_num=73760, train_loss_step=0.00491, val_loss=0.0213, val_acc=0.994, train_loss_epoch=0.0144]Epoch 14:  44%|████▍     | 64/144 [00:01<00:02, 35.29it/s, v_num=73760, train_loss_step=0.00491, val_loss=0.0213, val_acc=0.994, train_loss_epoch=0.0144]Epoch 14:  44%|████▍     | 64/144 [00:01<00:02, 35.28it/s, v_num=73760, train_loss_step=0.00328, val_loss=0.0213, val_acc=0.994, train_loss_epoch=0.0144]Epoch 14:  45%|████▌     | 65/144 [00:01<00:02, 35.34it/s, v_num=73760, train_loss_step=0.00328, val_loss=0.0213, val_acc=0.994, train_loss_epoch=0.0144]Epoch 14:  45%|████▌     | 65/144 [00:01<00:02, 35.34it/s, v_num=73760, train_loss_step=0.000894, val_loss=0.0213, val_acc=0.994, train_loss_epoch=0.0144]Epoch 14:  46%|████▌     | 66/144 [00:01<00:02, 35.32it/s, v_num=73760, train_loss_step=0.000894, val_loss=0.0213, val_acc=0.994, train_loss_epoch=0.0144]Epoch 14:  46%|████▌     | 66/144 [00:01<00:02, 35.32it/s, v_num=73760, train_loss_step=0.00888, val_loss=0.0213, val_acc=0.994, train_loss_epoch=0.0144] Epoch 14:  47%|████▋     | 67/144 [00:01<00:02, 35.28it/s, v_num=73760, train_loss_step=0.00888, val_loss=0.0213, val_acc=0.994, train_loss_epoch=0.0144]Epoch 14:  47%|████▋     | 67/144 [00:01<00:02, 35.28it/s, v_num=73760, train_loss_step=0.00597, val_loss=0.0213, val_acc=0.994, train_loss_epoch=0.0144]Epoch 14:  47%|████▋     | 68/144 [00:01<00:02, 35.34it/s, v_num=73760, train_loss_step=0.00597, val_loss=0.0213, val_acc=0.994, train_loss_epoch=0.0144]Epoch 14:  47%|████▋     | 68/144 [00:01<00:02, 35.34it/s, v_num=73760, train_loss_step=0.0295, val_loss=0.0213, val_acc=0.994, train_loss_epoch=0.0144] Epoch 14:  48%|████▊     | 69/144 [00:01<00:02, 35.38it/s, v_num=73760, train_loss_step=0.0295, val_loss=0.0213, val_acc=0.994, train_loss_epoch=0.0144]Epoch 14:  48%|████▊     | 69/144 [00:01<00:02, 35.38it/s, v_num=73760, train_loss_step=0.0146, val_loss=0.0213, val_acc=0.994, train_loss_epoch=0.0144]Epoch 14:  49%|████▊     | 70/144 [00:01<00:02, 35.44it/s, v_num=73760, train_loss_step=0.0146, val_loss=0.0213, val_acc=0.994, train_loss_epoch=0.0144]Epoch 14:  49%|████▊     | 70/144 [00:01<00:02, 35.44it/s, v_num=73760, train_loss_step=0.0127, val_loss=0.0213, val_acc=0.994, train_loss_epoch=0.0144]Epoch 14:  49%|████▉     | 71/144 [00:02<00:02, 35.41it/s, v_num=73760, train_loss_step=0.0127, val_loss=0.0213, val_acc=0.994, train_loss_epoch=0.0144]Epoch 14:  49%|████▉     | 71/144 [00:02<00:02, 35.40it/s, v_num=73760, train_loss_step=0.0268, val_loss=0.0213, val_acc=0.994, train_loss_epoch=0.0144]Epoch 14:  50%|█████     | 72/144 [00:02<00:02, 35.45it/s, v_num=73760, train_loss_step=0.0268, val_loss=0.0213, val_acc=0.994, train_loss_epoch=0.0144]Epoch 14:  50%|█████     | 72/144 [00:02<00:02, 35.45it/s, v_num=73760, train_loss_step=0.0131, val_loss=0.0213, val_acc=0.994, train_loss_epoch=0.0144]Epoch 14:  51%|█████     | 73/144 [00:02<00:02, 35.49it/s, v_num=73760, train_loss_step=0.0131, val_loss=0.0213, val_acc=0.994, train_loss_epoch=0.0144]Epoch 14:  51%|█████     | 73/144 [00:02<00:02, 35.49it/s, v_num=73760, train_loss_step=0.00674, val_loss=0.0213, val_acc=0.994, train_loss_epoch=0.0144]Epoch 14:  51%|█████▏    | 74/144 [00:02<00:01, 35.53it/s, v_num=73760, train_loss_step=0.00674, val_loss=0.0213, val_acc=0.994, train_loss_epoch=0.0144]Epoch 14:  51%|█████▏    | 74/144 [00:02<00:01, 35.53it/s, v_num=73760, train_loss_step=0.0178, val_loss=0.0213, val_acc=0.994, train_loss_epoch=0.0144] Epoch 14:  52%|█████▏    | 75/144 [00:02<00:01, 35.48it/s, v_num=73760, train_loss_step=0.0178, val_loss=0.0213, val_acc=0.994, train_loss_epoch=0.0144]Epoch 14:  52%|█████▏    | 75/144 [00:02<00:01, 35.47it/s, v_num=73760, train_loss_step=0.00752, val_loss=0.0213, val_acc=0.994, train_loss_epoch=0.0144]Epoch 14:  53%|█████▎    | 76/144 [00:02<00:01, 35.51it/s, v_num=73760, train_loss_step=0.00752, val_loss=0.0213, val_acc=0.994, train_loss_epoch=0.0144]Epoch 14:  53%|█████▎    | 76/144 [00:02<00:01, 35.51it/s, v_num=73760, train_loss_step=0.0158, val_loss=0.0213, val_acc=0.994, train_loss_epoch=0.0144] Epoch 14:  53%|█████▎    | 77/144 [00:02<00:01, 35.54it/s, v_num=73760, train_loss_step=0.0158, val_loss=0.0213, val_acc=0.994, train_loss_epoch=0.0144]Epoch 14:  53%|█████▎    | 77/144 [00:02<00:01, 35.54it/s, v_num=73760, train_loss_step=0.0164, val_loss=0.0213, val_acc=0.994, train_loss_epoch=0.0144]Epoch 14:  54%|█████▍    | 78/144 [00:02<00:01, 35.59it/s, v_num=73760, train_loss_step=0.0164, val_loss=0.0213, val_acc=0.994, train_loss_epoch=0.0144]Epoch 14:  54%|█████▍    | 78/144 [00:02<00:01, 35.59it/s, v_num=73760, train_loss_step=0.0109, val_loss=0.0213, val_acc=0.994, train_loss_epoch=0.0144]Epoch 14:  55%|█████▍    | 79/144 [00:02<00:01, 35.55it/s, v_num=73760, train_loss_step=0.0109, val_loss=0.0213, val_acc=0.994, train_loss_epoch=0.0144]Epoch 14:  55%|█████▍    | 79/144 [00:02<00:01, 35.54it/s, v_num=73760, train_loss_step=0.0179, val_loss=0.0213, val_acc=0.994, train_loss_epoch=0.0144]Epoch 14:  56%|█████▌    | 80/144 [00:02<00:01, 35.59it/s, v_num=73760, train_loss_step=0.0179, val_loss=0.0213, val_acc=0.994, train_loss_epoch=0.0144]Epoch 14:  56%|█████▌    | 80/144 [00:02<00:01, 35.59it/s, v_num=73760, train_loss_step=0.0229, val_loss=0.0213, val_acc=0.994, train_loss_epoch=0.0144]Epoch 14:  56%|█████▋    | 81/144 [00:02<00:01, 35.63it/s, v_num=73760, train_loss_step=0.0229, val_loss=0.0213, val_acc=0.994, train_loss_epoch=0.0144]Epoch 14:  56%|█████▋    | 81/144 [00:02<00:01, 35.62it/s, v_num=73760, train_loss_step=0.00915, val_loss=0.0213, val_acc=0.994, train_loss_epoch=0.0144]Epoch 14:  57%|█████▋    | 82/144 [00:02<00:01, 35.66it/s, v_num=73760, train_loss_step=0.00915, val_loss=0.0213, val_acc=0.994, train_loss_epoch=0.0144]Epoch 14:  57%|█████▋    | 82/144 [00:02<00:01, 35.66it/s, v_num=73760, train_loss_step=0.00158, val_loss=0.0213, val_acc=0.994, train_loss_epoch=0.0144]Epoch 14:  58%|█████▊    | 83/144 [00:02<00:01, 35.61it/s, v_num=73760, train_loss_step=0.00158, val_loss=0.0213, val_acc=0.994, train_loss_epoch=0.0144]Epoch 14:  58%|█████▊    | 83/144 [00:02<00:01, 35.60it/s, v_num=73760, train_loss_step=0.0285, val_loss=0.0213, val_acc=0.994, train_loss_epoch=0.0144] Epoch 14:  58%|█████▊    | 84/144 [00:02<00:01, 35.64it/s, v_num=73760, train_loss_step=0.0285, val_loss=0.0213, val_acc=0.994, train_loss_epoch=0.0144]Epoch 14:  58%|█████▊    | 84/144 [00:02<00:01, 35.64it/s, v_num=73760, train_loss_step=0.0213, val_loss=0.0213, val_acc=0.994, train_loss_epoch=0.0144]Epoch 14:  59%|█████▉    | 85/144 [00:02<00:01, 35.67it/s, v_num=73760, train_loss_step=0.0213, val_loss=0.0213, val_acc=0.994, train_loss_epoch=0.0144]Epoch 14:  59%|█████▉    | 85/144 [00:02<00:01, 35.67it/s, v_num=73760, train_loss_step=0.0117, val_loss=0.0213, val_acc=0.994, train_loss_epoch=0.0144]Epoch 14:  60%|█████▉    | 86/144 [00:02<00:01, 35.69it/s, v_num=73760, train_loss_step=0.0117, val_loss=0.0213, val_acc=0.994, train_loss_epoch=0.0144]Epoch 14:  60%|█████▉    | 86/144 [00:02<00:01, 35.69it/s, v_num=73760, train_loss_step=0.0152, val_loss=0.0213, val_acc=0.994, train_loss_epoch=0.0144]Epoch 14:  60%|██████    | 87/144 [00:02<00:01, 35.68it/s, v_num=73760, train_loss_step=0.0152, val_loss=0.0213, val_acc=0.994, train_loss_epoch=0.0144]Epoch 14:  60%|██████    | 87/144 [00:02<00:01, 35.68it/s, v_num=73760, train_loss_step=0.0215, val_loss=0.0213, val_acc=0.994, train_loss_epoch=0.0144]Epoch 14:  61%|██████    | 88/144 [00:02<00:01, 35.71it/s, v_num=73760, train_loss_step=0.0215, val_loss=0.0213, val_acc=0.994, train_loss_epoch=0.0144]Epoch 14:  61%|██████    | 88/144 [00:02<00:01, 35.71it/s, v_num=73760, train_loss_step=0.0167, val_loss=0.0213, val_acc=0.994, train_loss_epoch=0.0144]Epoch 14:  62%|██████▏   | 89/144 [00:02<00:01, 35.71it/s, v_num=73760, train_loss_step=0.0167, val_loss=0.0213, val_acc=0.994, train_loss_epoch=0.0144]Epoch 14:  62%|██████▏   | 89/144 [00:02<00:01, 35.71it/s, v_num=73760, train_loss_step=0.00199, val_loss=0.0213, val_acc=0.994, train_loss_epoch=0.0144]Epoch 14:  62%|██████▎   | 90/144 [00:02<00:01, 35.72it/s, v_num=73760, train_loss_step=0.00199, val_loss=0.0213, val_acc=0.994, train_loss_epoch=0.0144]Epoch 14:  62%|██████▎   | 90/144 [00:02<00:01, 35.72it/s, v_num=73760, train_loss_step=0.0139, val_loss=0.0213, val_acc=0.994, train_loss_epoch=0.0144] Epoch 14:  63%|██████▎   | 91/144 [00:02<00:01, 35.69it/s, v_num=73760, train_loss_step=0.0139, val_loss=0.0213, val_acc=0.994, train_loss_epoch=0.0144]Epoch 14:  63%|██████▎   | 91/144 [00:02<00:01, 35.69it/s, v_num=73760, train_loss_step=0.0173, val_loss=0.0213, val_acc=0.994, train_loss_epoch=0.0144]Epoch 14:  64%|██████▍   | 92/144 [00:02<00:01, 35.73it/s, v_num=73760, train_loss_step=0.0173, val_loss=0.0213, val_acc=0.994, train_loss_epoch=0.0144]Epoch 14:  64%|██████▍   | 92/144 [00:02<00:01, 35.73it/s, v_num=73760, train_loss_step=0.00663, val_loss=0.0213, val_acc=0.994, train_loss_epoch=0.0144]Epoch 14:  65%|██████▍   | 93/144 [00:02<00:01, 35.75it/s, v_num=73760, train_loss_step=0.00663, val_loss=0.0213, val_acc=0.994, train_loss_epoch=0.0144]Epoch 14:  65%|██████▍   | 93/144 [00:02<00:01, 35.75it/s, v_num=73760, train_loss_step=0.00477, val_loss=0.0213, val_acc=0.994, train_loss_epoch=0.0144]Epoch 14:  65%|██████▌   | 94/144 [00:02<00:01, 35.78it/s, v_num=73760, train_loss_step=0.00477, val_loss=0.0213, val_acc=0.994, train_loss_epoch=0.0144]Epoch 14:  65%|██████▌   | 94/144 [00:02<00:01, 35.78it/s, v_num=73760, train_loss_step=0.00971, val_loss=0.0213, val_acc=0.994, train_loss_epoch=0.0144]Epoch 14:  66%|██████▌   | 95/144 [00:02<00:01, 35.73it/s, v_num=73760, train_loss_step=0.00971, val_loss=0.0213, val_acc=0.994, train_loss_epoch=0.0144]Epoch 14:  66%|██████▌   | 95/144 [00:02<00:01, 35.73it/s, v_num=73760, train_loss_step=0.00476, val_loss=0.0213, val_acc=0.994, train_loss_epoch=0.0144]Epoch 14:  67%|██████▋   | 96/144 [00:02<00:01, 35.75it/s, v_num=73760, train_loss_step=0.00476, val_loss=0.0213, val_acc=0.994, train_loss_epoch=0.0144]Epoch 14:  67%|██████▋   | 96/144 [00:02<00:01, 35.75it/s, v_num=73760, train_loss_step=0.0107, val_loss=0.0213, val_acc=0.994, train_loss_epoch=0.0144] Epoch 14:  67%|██████▋   | 97/144 [00:02<00:01, 35.79it/s, v_num=73760, train_loss_step=0.0107, val_loss=0.0213, val_acc=0.994, train_loss_epoch=0.0144]Epoch 14:  67%|██████▋   | 97/144 [00:02<00:01, 35.79it/s, v_num=73760, train_loss_step=0.00639, val_loss=0.0213, val_acc=0.994, train_loss_epoch=0.0144]Epoch 14:  68%|██████▊   | 98/144 [00:02<00:01, 35.83it/s, v_num=73760, train_loss_step=0.00639, val_loss=0.0213, val_acc=0.994, train_loss_epoch=0.0144]Epoch 14:  68%|██████▊   | 98/144 [00:02<00:01, 35.83it/s, v_num=73760, train_loss_step=0.00603, val_loss=0.0213, val_acc=0.994, train_loss_epoch=0.0144]Epoch 14:  69%|██████▉   | 99/144 [00:02<00:01, 35.80it/s, v_num=73760, train_loss_step=0.00603, val_loss=0.0213, val_acc=0.994, train_loss_epoch=0.0144]Epoch 14:  69%|██████▉   | 99/144 [00:02<00:01, 35.79it/s, v_num=73760, train_loss_step=0.00501, val_loss=0.0213, val_acc=0.994, train_loss_epoch=0.0144]Epoch 14:  69%|██████▉   | 100/144 [00:02<00:01, 35.85it/s, v_num=73760, train_loss_step=0.00501, val_loss=0.0213, val_acc=0.994, train_loss_epoch=0.0144]Epoch 14:  69%|██████▉   | 100/144 [00:02<00:01, 35.84it/s, v_num=73760, train_loss_step=0.0196, val_loss=0.0213, val_acc=0.994, train_loss_epoch=0.0144] Epoch 14:  70%|███████   | 101/144 [00:02<00:01, 35.89it/s, v_num=73760, train_loss_step=0.0196, val_loss=0.0213, val_acc=0.994, train_loss_epoch=0.0144]Epoch 14:  70%|███████   | 101/144 [00:02<00:01, 35.89it/s, v_num=73760, train_loss_step=0.00474, val_loss=0.0213, val_acc=0.994, train_loss_epoch=0.0144]Epoch 14:  71%|███████   | 102/144 [00:02<00:01, 35.94it/s, v_num=73760, train_loss_step=0.00474, val_loss=0.0213, val_acc=0.994, train_loss_epoch=0.0144]Epoch 14:  71%|███████   | 102/144 [00:02<00:01, 35.93it/s, v_num=73760, train_loss_step=0.013, val_loss=0.0213, val_acc=0.994, train_loss_epoch=0.0144]  Epoch 14:  72%|███████▏  | 103/144 [00:02<00:01, 35.96it/s, v_num=73760, train_loss_step=0.013, val_loss=0.0213, val_acc=0.994, train_loss_epoch=0.0144]Epoch 14:  72%|███████▏  | 103/144 [00:02<00:01, 35.96it/s, v_num=73760, train_loss_step=0.00367, val_loss=0.0213, val_acc=0.994, train_loss_epoch=0.0144]Epoch 14:  72%|███████▏  | 104/144 [00:02<00:01, 35.86it/s, v_num=73760, train_loss_step=0.00367, val_loss=0.0213, val_acc=0.994, train_loss_epoch=0.0144]Epoch 14:  72%|███████▏  | 104/144 [00:02<00:01, 35.86it/s, v_num=73760, train_loss_step=0.00654, val_loss=0.0213, val_acc=0.994, train_loss_epoch=0.0144]Epoch 14:  73%|███████▎  | 105/144 [00:02<00:01, 35.89it/s, v_num=73760, train_loss_step=0.00654, val_loss=0.0213, val_acc=0.994, train_loss_epoch=0.0144]Epoch 14:  73%|███████▎  | 105/144 [00:02<00:01, 35.89it/s, v_num=73760, train_loss_step=0.0122, val_loss=0.0213, val_acc=0.994, train_loss_epoch=0.0144] Epoch 14:  74%|███████▎  | 106/144 [00:02<00:01, 35.92it/s, v_num=73760, train_loss_step=0.0122, val_loss=0.0213, val_acc=0.994, train_loss_epoch=0.0144]Epoch 14:  74%|███████▎  | 106/144 [00:02<00:01, 35.91it/s, v_num=73760, train_loss_step=0.0125, val_loss=0.0213, val_acc=0.994, train_loss_epoch=0.0144]Epoch 14:  74%|███████▍  | 107/144 [00:02<00:01, 35.96it/s, v_num=73760, train_loss_step=0.0125, val_loss=0.0213, val_acc=0.994, train_loss_epoch=0.0144]Epoch 14:  74%|███████▍  | 107/144 [00:02<00:01, 35.95it/s, v_num=73760, train_loss_step=0.00574, val_loss=0.0213, val_acc=0.994, train_loss_epoch=0.0144]Epoch 14:  75%|███████▌  | 108/144 [00:03<00:01, 35.94it/s, v_num=73760, train_loss_step=0.00574, val_loss=0.0213, val_acc=0.994, train_loss_epoch=0.0144]Epoch 14:  75%|███████▌  | 108/144 [00:03<00:01, 35.94it/s, v_num=73760, train_loss_step=0.0108, val_loss=0.0213, val_acc=0.994, train_loss_epoch=0.0144] Epoch 14:  76%|███████▌  | 109/144 [00:03<00:00, 35.97it/s, v_num=73760, train_loss_step=0.0108, val_loss=0.0213, val_acc=0.994, train_loss_epoch=0.0144]Epoch 14:  76%|███████▌  | 109/144 [00:03<00:00, 35.97it/s, v_num=73760, train_loss_step=0.00174, val_loss=0.0213, val_acc=0.994, train_loss_epoch=0.0144]Epoch 14:  76%|███████▋  | 110/144 [00:03<00:00, 36.00it/s, v_num=73760, train_loss_step=0.00174, val_loss=0.0213, val_acc=0.994, train_loss_epoch=0.0144]Epoch 14:  76%|███████▋  | 110/144 [00:03<00:00, 36.00it/s, v_num=73760, train_loss_step=0.0116, val_loss=0.0213, val_acc=0.994, train_loss_epoch=0.0144] Epoch 14:  77%|███████▋  | 111/144 [00:03<00:00, 36.05it/s, v_num=73760, train_loss_step=0.0116, val_loss=0.0213, val_acc=0.994, train_loss_epoch=0.0144]Epoch 14:  77%|███████▋  | 111/144 [00:03<00:00, 36.05it/s, v_num=73760, train_loss_step=0.0135, val_loss=0.0213, val_acc=0.994, train_loss_epoch=0.0144]Epoch 14:  78%|███████▊  | 112/144 [00:03<00:00, 36.02it/s, v_num=73760, train_loss_step=0.0135, val_loss=0.0213, val_acc=0.994, train_loss_epoch=0.0144]Epoch 14:  78%|███████▊  | 112/144 [00:03<00:00, 36.02it/s, v_num=73760, train_loss_step=0.00783, val_loss=0.0213, val_acc=0.994, train_loss_epoch=0.0144]Epoch 14:  78%|███████▊  | 113/144 [00:03<00:00, 35.99it/s, v_num=73760, train_loss_step=0.00783, val_loss=0.0213, val_acc=0.994, train_loss_epoch=0.0144]Epoch 14:  78%|███████▊  | 113/144 [00:03<00:00, 35.99it/s, v_num=73760, train_loss_step=0.0228, val_loss=0.0213, val_acc=0.994, train_loss_epoch=0.0144] Epoch 14:  79%|███████▉  | 114/144 [00:03<00:00, 36.02it/s, v_num=73760, train_loss_step=0.0228, val_loss=0.0213, val_acc=0.994, train_loss_epoch=0.0144]Epoch 14:  79%|███████▉  | 114/144 [00:03<00:00, 36.02it/s, v_num=73760, train_loss_step=0.0309, val_loss=0.0213, val_acc=0.994, train_loss_epoch=0.0144]Epoch 14:  80%|███████▉  | 115/144 [00:03<00:00, 36.06it/s, v_num=73760, train_loss_step=0.0309, val_loss=0.0213, val_acc=0.994, train_loss_epoch=0.0144]Epoch 14:  80%|███████▉  | 115/144 [00:03<00:00, 36.05it/s, v_num=73760, train_loss_step=0.00708, val_loss=0.0213, val_acc=0.994, train_loss_epoch=0.0144]Epoch 14:  81%|████████  | 116/144 [00:03<00:00, 36.08it/s, v_num=73760, train_loss_step=0.00708, val_loss=0.0213, val_acc=0.994, train_loss_epoch=0.0144]Epoch 14:  81%|████████  | 116/144 [00:03<00:00, 36.08it/s, v_num=73760, train_loss_step=0.00577, val_loss=0.0213, val_acc=0.994, train_loss_epoch=0.0144]Epoch 14:  81%|████████▏ | 117/144 [00:03<00:00, 36.07it/s, v_num=73760, train_loss_step=0.00577, val_loss=0.0213, val_acc=0.994, train_loss_epoch=0.0144]Epoch 14:  81%|████████▏ | 117/144 [00:03<00:00, 36.06it/s, v_num=73760, train_loss_step=0.00288, val_loss=0.0213, val_acc=0.994, train_loss_epoch=0.0144]Epoch 14:  82%|████████▏ | 118/144 [00:03<00:00, 36.11it/s, v_num=73760, train_loss_step=0.00288, val_loss=0.0213, val_acc=0.994, train_loss_epoch=0.0144]Epoch 14:  82%|████████▏ | 118/144 [00:03<00:00, 36.11it/s, v_num=73760, train_loss_step=0.0092, val_loss=0.0213, val_acc=0.994, train_loss_epoch=0.0144] Epoch 14:  83%|████████▎ | 119/144 [00:03<00:00, 36.15it/s, v_num=73760, train_loss_step=0.0092, val_loss=0.0213, val_acc=0.994, train_loss_epoch=0.0144]Epoch 14:  83%|████████▎ | 119/144 [00:03<00:00, 36.15it/s, v_num=73760, train_loss_step=0.0196, val_loss=0.0213, val_acc=0.994, train_loss_epoch=0.0144]Epoch 14:  83%|████████▎ | 120/144 [00:03<00:00, 36.17it/s, v_num=73760, train_loss_step=0.0196, val_loss=0.0213, val_acc=0.994, train_loss_epoch=0.0144]Epoch 14:  83%|████████▎ | 120/144 [00:03<00:00, 36.17it/s, v_num=73760, train_loss_step=0.00434, val_loss=0.0213, val_acc=0.994, train_loss_epoch=0.0144]Epoch 14:  84%|████████▍ | 121/144 [00:03<00:00, 36.17it/s, v_num=73760, train_loss_step=0.00434, val_loss=0.0213, val_acc=0.994, train_loss_epoch=0.0144]Epoch 14:  84%|████████▍ | 121/144 [00:03<00:00, 36.17it/s, v_num=73760, train_loss_step=0.00318, val_loss=0.0213, val_acc=0.994, train_loss_epoch=0.0144]Epoch 14:  85%|████████▍ | 122/144 [00:03<00:00, 36.20it/s, v_num=73760, train_loss_step=0.00318, val_loss=0.0213, val_acc=0.994, train_loss_epoch=0.0144]Epoch 14:  85%|████████▍ | 122/144 [00:03<00:00, 36.20it/s, v_num=73760, train_loss_step=0.0121, val_loss=0.0213, val_acc=0.994, train_loss_epoch=0.0144] Epoch 14:  85%|████████▌ | 123/144 [00:03<00:00, 36.24it/s, v_num=73760, train_loss_step=0.0121, val_loss=0.0213, val_acc=0.994, train_loss_epoch=0.0144]Epoch 14:  85%|████████▌ | 123/144 [00:03<00:00, 36.23it/s, v_num=73760, train_loss_step=0.0299, val_loss=0.0213, val_acc=0.994, train_loss_epoch=0.0144]Epoch 14:  86%|████████▌ | 124/144 [00:03<00:00, 36.26it/s, v_num=73760, train_loss_step=0.0299, val_loss=0.0213, val_acc=0.994, train_loss_epoch=0.0144]Epoch 14:  86%|████████▌ | 124/144 [00:03<00:00, 36.26it/s, v_num=73760, train_loss_step=0.0018, val_loss=0.0213, val_acc=0.994, train_loss_epoch=0.0144]Epoch 14:  87%|████████▋ | 125/144 [00:03<00:00, 36.23it/s, v_num=73760, train_loss_step=0.0018, val_loss=0.0213, val_acc=0.994, train_loss_epoch=0.0144]Epoch 14:  87%|████████▋ | 125/144 [00:03<00:00, 36.23it/s, v_num=73760, train_loss_step=0.0032, val_loss=0.0213, val_acc=0.994, train_loss_epoch=0.0144]Epoch 14:  88%|████████▊ | 126/144 [00:03<00:00, 36.20it/s, v_num=73760, train_loss_step=0.0032, val_loss=0.0213, val_acc=0.994, train_loss_epoch=0.0144]Epoch 14:  88%|████████▊ | 126/144 [00:03<00:00, 36.20it/s, v_num=73760, train_loss_step=0.0204, val_loss=0.0213, val_acc=0.994, train_loss_epoch=0.0144]Epoch 14:  88%|████████▊ | 127/144 [00:03<00:00, 36.23it/s, v_num=73760, train_loss_step=0.0204, val_loss=0.0213, val_acc=0.994, train_loss_epoch=0.0144]Epoch 14:  88%|████████▊ | 127/144 [00:03<00:00, 36.23it/s, v_num=73760, train_loss_step=0.00648, val_loss=0.0213, val_acc=0.994, train_loss_epoch=0.0144]Epoch 14:  89%|████████▉ | 128/144 [00:03<00:00, 36.26it/s, v_num=73760, train_loss_step=0.00648, val_loss=0.0213, val_acc=0.994, train_loss_epoch=0.0144]Epoch 14:  89%|████████▉ | 128/144 [00:03<00:00, 36.26it/s, v_num=73760, train_loss_step=0.00709, val_loss=0.0213, val_acc=0.994, train_loss_epoch=0.0144]Epoch 14:  90%|████████▉ | 129/144 [00:03<00:00, 36.28it/s, v_num=73760, train_loss_step=0.00709, val_loss=0.0213, val_acc=0.994, train_loss_epoch=0.0144]Epoch 14:  90%|████████▉ | 129/144 [00:03<00:00, 36.28it/s, v_num=73760, train_loss_step=0.00063, val_loss=0.0213, val_acc=0.994, train_loss_epoch=0.0144]Epoch 14:  90%|█████████ | 130/144 [00:03<00:00, 36.24it/s, v_num=73760, train_loss_step=0.00063, val_loss=0.0213, val_acc=0.994, train_loss_epoch=0.0144]Epoch 14:  90%|█████████ | 130/144 [00:03<00:00, 36.24it/s, v_num=73760, train_loss_step=0.00279, val_loss=0.0213, val_acc=0.994, train_loss_epoch=0.0144]Epoch 14:  91%|█████████ | 131/144 [00:03<00:00, 36.17it/s, v_num=73760, train_loss_step=0.00279, val_loss=0.0213, val_acc=0.994, train_loss_epoch=0.0144]Epoch 14:  91%|█████████ | 131/144 [00:03<00:00, 36.16it/s, v_num=73760, train_loss_step=0.00286, val_loss=0.0213, val_acc=0.994, train_loss_epoch=0.0144]Epoch 14:  92%|█████████▏| 132/144 [00:03<00:00, 36.19it/s, v_num=73760, train_loss_step=0.00286, val_loss=0.0213, val_acc=0.994, train_loss_epoch=0.0144]Epoch 14:  92%|█████████▏| 132/144 [00:03<00:00, 36.19it/s, v_num=73760, train_loss_step=0.00148, val_loss=0.0213, val_acc=0.994, train_loss_epoch=0.0144]Epoch 14:  92%|█████████▏| 133/144 [00:03<00:00, 36.22it/s, v_num=73760, train_loss_step=0.00148, val_loss=0.0213, val_acc=0.994, train_loss_epoch=0.0144]Epoch 14:  92%|█████████▏| 133/144 [00:03<00:00, 36.22it/s, v_num=73760, train_loss_step=0.0152, val_loss=0.0213, val_acc=0.994, train_loss_epoch=0.0144] Epoch 14:  93%|█████████▎| 134/144 [00:03<00:00, 36.20it/s, v_num=73760, train_loss_step=0.0152, val_loss=0.0213, val_acc=0.994, train_loss_epoch=0.0144]Epoch 14:  93%|█████████▎| 134/144 [00:03<00:00, 36.20it/s, v_num=73760, train_loss_step=0.00621, val_loss=0.0213, val_acc=0.994, train_loss_epoch=0.0144]Epoch 14:  94%|█████████▍| 135/144 [00:03<00:00, 36.22it/s, v_num=73760, train_loss_step=0.00621, val_loss=0.0213, val_acc=0.994, train_loss_epoch=0.0144]Epoch 14:  94%|█████████▍| 135/144 [00:03<00:00, 36.22it/s, v_num=73760, train_loss_step=0.00565, val_loss=0.0213, val_acc=0.994, train_loss_epoch=0.0144]Epoch 14:  94%|█████████▍| 136/144 [00:03<00:00, 36.25it/s, v_num=73760, train_loss_step=0.00565, val_loss=0.0213, val_acc=0.994, train_loss_epoch=0.0144]Epoch 14:  94%|█████████▍| 136/144 [00:03<00:00, 36.25it/s, v_num=73760, train_loss_step=0.00353, val_loss=0.0213, val_acc=0.994, train_loss_epoch=0.0144]Epoch 14:  95%|█████████▌| 137/144 [00:03<00:00, 36.26it/s, v_num=73760, train_loss_step=0.00353, val_loss=0.0213, val_acc=0.994, train_loss_epoch=0.0144]Epoch 14:  95%|█████████▌| 137/144 [00:03<00:00, 36.25it/s, v_num=73760, train_loss_step=0.00617, val_loss=0.0213, val_acc=0.994, train_loss_epoch=0.0144]Epoch 14:  96%|█████████▌| 138/144 [00:03<00:00, 36.23it/s, v_num=73760, train_loss_step=0.00617, val_loss=0.0213, val_acc=0.994, train_loss_epoch=0.0144]Epoch 14:  96%|█████████▌| 138/144 [00:03<00:00, 36.23it/s, v_num=73760, train_loss_step=0.00363, val_loss=0.0213, val_acc=0.994, train_loss_epoch=0.0144]Epoch 14:  97%|█████████▋| 139/144 [00:03<00:00, 36.26it/s, v_num=73760, train_loss_step=0.00363, val_loss=0.0213, val_acc=0.994, train_loss_epoch=0.0144]Epoch 14:  97%|█████████▋| 139/144 [00:03<00:00, 36.26it/s, v_num=73760, train_loss_step=0.0185, val_loss=0.0213, val_acc=0.994, train_loss_epoch=0.0144] Epoch 14:  97%|█████████▋| 140/144 [00:03<00:00, 36.30it/s, v_num=73760, train_loss_step=0.0185, val_loss=0.0213, val_acc=0.994, train_loss_epoch=0.0144]Epoch 14:  97%|█████████▋| 140/144 [00:03<00:00, 36.29it/s, v_num=73760, train_loss_step=0.00462, val_loss=0.0213, val_acc=0.994, train_loss_epoch=0.0144]Epoch 14:  98%|█████████▊| 141/144 [00:03<00:00, 36.33it/s, v_num=73760, train_loss_step=0.00462, val_loss=0.0213, val_acc=0.994, train_loss_epoch=0.0144]Epoch 14:  98%|█████████▊| 141/144 [00:03<00:00, 36.33it/s, v_num=73760, train_loss_step=0.00666, val_loss=0.0213, val_acc=0.994, train_loss_epoch=0.0144]Epoch 14:  99%|█████████▊| 142/144 [00:03<00:00, 36.33it/s, v_num=73760, train_loss_step=0.00666, val_loss=0.0213, val_acc=0.994, train_loss_epoch=0.0144]Epoch 14:  99%|█████████▊| 142/144 [00:03<00:00, 36.33it/s, v_num=73760, train_loss_step=0.00434, val_loss=0.0213, val_acc=0.994, train_loss_epoch=0.0144]Epoch 14:  99%|█████████▉| 143/144 [00:03<00:00, 36.30it/s, v_num=73760, train_loss_step=0.00434, val_loss=0.0213, val_acc=0.994, train_loss_epoch=0.0144]Epoch 14:  99%|█████████▉| 143/144 [00:03<00:00, 36.29it/s, v_num=73760, train_loss_step=0.0328, val_loss=0.0213, val_acc=0.994, train_loss_epoch=0.0144] Epoch 14: 100%|██████████| 144/144 [00:03<00:00, 36.33it/s, v_num=73760, train_loss_step=0.0328, val_loss=0.0213, val_acc=0.994, train_loss_epoch=0.0144]Epoch 14: 100%|██████████| 144/144 [00:03<00:00, 36.33it/s, v_num=73760, train_loss_step=0.00956, val_loss=0.0213, val_acc=0.994, train_loss_epoch=0.0144]
Validation: |          | 0/? [00:00<?, ?it/s][A
Validation:   0%|          | 0/14 [00:00<?, ?it/s][A
Validation DataLoader 0:   0%|          | 0/14 [00:00<?, ?it/s][A
Validation DataLoader 0:   7%|▋         | 1/14 [00:00<00:00, 105.42it/s][A
Validation DataLoader 0:  14%|█▍        | 2/14 [00:00<00:00, 80.77it/s] [A
Validation DataLoader 0:  21%|██▏       | 3/14 [00:00<00:00, 85.95it/s][A
Validation DataLoader 0:  29%|██▊       | 4/14 [00:00<00:00, 88.90it/s][A
Validation DataLoader 0:  36%|███▌      | 5/14 [00:00<00:00, 81.89it/s][A
Validation DataLoader 0:  43%|████▎     | 6/14 [00:00<00:00, 78.81it/s][A
Validation DataLoader 0:  50%|█████     | 7/14 [00:00<00:00, 77.08it/s][A
Validation DataLoader 0:  57%|█████▋    | 8/14 [00:00<00:00, 75.81it/s][A
Validation DataLoader 0:  64%|██████▍   | 9/14 [00:00<00:00, 74.88it/s][A
Validation DataLoader 0:  71%|███████▏  | 10/14 [00:00<00:00, 74.25it/s][A
Validation DataLoader 0:  79%|███████▊  | 11/14 [00:00<00:00, 73.63it/s][A
Validation DataLoader 0:  86%|████████▌ | 12/14 [00:00<00:00, 73.59it/s][A
Validation DataLoader 0:  93%|█████████▎| 13/14 [00:00<00:00, 75.26it/s][A
Validation DataLoader 0: 100%|██████████| 14/14 [00:00<00:00, 76.75it/s][A
                                                                        [AEpoch 14: 100%|██████████| 144/144 [00:04<00:00, 34.55it/s, v_num=73760, train_loss_step=0.00956, val_loss=0.0116, val_acc=0.996, train_loss_epoch=0.0144]Epoch 14: 100%|██████████| 144/144 [00:04<00:00, 34.54it/s, v_num=73760, train_loss_step=0.00956, val_loss=0.0116, val_acc=0.996, train_loss_epoch=0.0124][2025-09-09 04:09:19,992] [INFO] [logging.py:107:log_dist] [Rank 0] [Torch] Checkpoint checkpoint is begin to save!
[2025-09-09 04:09:19,995] [INFO] [logging.py:107:log_dist] [Rank 0] Saving model checkpoint: deepspeed_logs/lightning_logs/version_73760/checkpoints/deepspeed-epoch=14-val_acc=1.00.ckpt/checkpoint/zero_pp_rank_0_mp_rank_00_model_states.pt
Epoch 14:   0%|          | 0/144 [00:00<?, ?it/s, v_num=73760, train_loss_step=0.00956, val_loss=0.0116, val_acc=0.996, train_loss_epoch=0.0124]          Epoch 15:   0%|          | 0/144 [00:00<?, ?it/s, v_num=73760, train_loss_step=0.00956, val_loss=0.0116, val_acc=0.996, train_loss_epoch=0.0124]Epoch 15:   1%|          | 1/144 [00:00<00:10, 13.97it/s, v_num=73760, train_loss_step=0.00956, val_loss=0.0116, val_acc=0.996, train_loss_epoch=0.0124]Epoch 15:   1%|          | 1/144 [00:00<00:10, 13.94it/s, v_num=73760, train_loss_step=0.0147, val_loss=0.0116, val_acc=0.996, train_loss_epoch=0.0124] Epoch 15:   1%|▏         | 2/144 [00:00<00:07, 19.66it/s, v_num=73760, train_loss_step=0.0147, val_loss=0.0116, val_acc=0.996, train_loss_epoch=0.0124]Epoch 15:   1%|▏         | 2/144 [00:00<00:07, 19.63it/s, v_num=73760, train_loss_step=0.0097, val_loss=0.0116, val_acc=0.996, train_loss_epoch=0.0124]Epoch 15:   2%|▏         | 3/144 [00:00<00:06, 23.07it/s, v_num=73760, train_loss_step=0.0097, val_loss=0.0116, val_acc=0.996, train_loss_epoch=0.0124]Epoch 15:   2%|▏         | 3/144 [00:00<00:06, 23.04it/s, v_num=73760, train_loss_step=0.00443, val_loss=0.0116, val_acc=0.996, train_loss_epoch=0.0124]Epoch 15:   3%|▎         | 4/144 [00:00<00:05, 24.74it/s, v_num=73760, train_loss_step=0.00443, val_loss=0.0116, val_acc=0.996, train_loss_epoch=0.0124]Epoch 15:   3%|▎         | 4/144 [00:00<00:05, 24.71it/s, v_num=73760, train_loss_step=0.0211, val_loss=0.0116, val_acc=0.996, train_loss_epoch=0.0124] Epoch 15:   3%|▎         | 5/144 [00:00<00:05, 26.27it/s, v_num=73760, train_loss_step=0.0211, val_loss=0.0116, val_acc=0.996, train_loss_epoch=0.0124]Epoch 15:   3%|▎         | 5/144 [00:00<00:05, 26.24it/s, v_num=73760, train_loss_step=0.011, val_loss=0.0116, val_acc=0.996, train_loss_epoch=0.0124] Epoch 15:   4%|▍         | 6/144 [00:00<00:05, 27.46it/s, v_num=73760, train_loss_step=0.011, val_loss=0.0116, val_acc=0.996, train_loss_epoch=0.0124]Epoch 15:   4%|▍         | 6/144 [00:00<00:05, 27.44it/s, v_num=73760, train_loss_step=0.00571, val_loss=0.0116, val_acc=0.996, train_loss_epoch=0.0124]Epoch 15:   5%|▍         | 7/144 [00:00<00:04, 28.52it/s, v_num=73760, train_loss_step=0.00571, val_loss=0.0116, val_acc=0.996, train_loss_epoch=0.0124]Epoch 15:   5%|▍         | 7/144 [00:00<00:04, 28.51it/s, v_num=73760, train_loss_step=0.00987, val_loss=0.0116, val_acc=0.996, train_loss_epoch=0.0124]Epoch 15:   6%|▌         | 8/144 [00:00<00:04, 29.16it/s, v_num=73760, train_loss_step=0.00987, val_loss=0.0116, val_acc=0.996, train_loss_epoch=0.0124]Epoch 15:   6%|▌         | 8/144 [00:00<00:04, 29.15it/s, v_num=73760, train_loss_step=0.0062, val_loss=0.0116, val_acc=0.996, train_loss_epoch=0.0124] Epoch 15:   6%|▋         | 9/144 [00:00<00:04, 29.56it/s, v_num=73760, train_loss_step=0.0062, val_loss=0.0116, val_acc=0.996, train_loss_epoch=0.0124]Epoch 15:   6%|▋         | 9/144 [00:00<00:04, 29.54it/s, v_num=73760, train_loss_step=0.0306, val_loss=0.0116, val_acc=0.996, train_loss_epoch=0.0124]Epoch 15:   7%|▋         | 10/144 [00:00<00:04, 30.16it/s, v_num=73760, train_loss_step=0.0306, val_loss=0.0116, val_acc=0.996, train_loss_epoch=0.0124]Epoch 15:   7%|▋         | 10/144 [00:00<00:04, 30.15it/s, v_num=73760, train_loss_step=0.0182, val_loss=0.0116, val_acc=0.996, train_loss_epoch=0.0124]Epoch 15:   8%|▊         | 11/144 [00:00<00:04, 30.67it/s, v_num=73760, train_loss_step=0.0182, val_loss=0.0116, val_acc=0.996, train_loss_epoch=0.0124]Epoch 15:   8%|▊         | 11/144 [00:00<00:04, 30.65it/s, v_num=73760, train_loss_step=0.0471, val_loss=0.0116, val_acc=0.996, train_loss_epoch=0.0124]Epoch 15:   8%|▊         | 12/144 [00:00<00:04, 31.13it/s, v_num=73760, train_loss_step=0.0471, val_loss=0.0116, val_acc=0.996, train_loss_epoch=0.0124]Epoch 15:   8%|▊         | 12/144 [00:00<00:04, 31.11it/s, v_num=73760, train_loss_step=0.0193, val_loss=0.0116, val_acc=0.996, train_loss_epoch=0.0124]Epoch 15:   9%|▉         | 13/144 [00:00<00:04, 31.40it/s, v_num=73760, train_loss_step=0.0193, val_loss=0.0116, val_acc=0.996, train_loss_epoch=0.0124]Epoch 15:   9%|▉         | 13/144 [00:00<00:04, 31.39it/s, v_num=73760, train_loss_step=0.0111, val_loss=0.0116, val_acc=0.996, train_loss_epoch=0.0124]Epoch 15:  10%|▉         | 14/144 [00:00<00:04, 31.83it/s, v_num=73760, train_loss_step=0.0111, val_loss=0.0116, val_acc=0.996, train_loss_epoch=0.0124]Epoch 15:  10%|▉         | 14/144 [00:00<00:04, 31.82it/s, v_num=73760, train_loss_step=0.0166, val_loss=0.0116, val_acc=0.996, train_loss_epoch=0.0124]Epoch 15:  10%|█         | 15/144 [00:00<00:04, 32.25it/s, v_num=73760, train_loss_step=0.0166, val_loss=0.0116, val_acc=0.996, train_loss_epoch=0.0124]Epoch 15:  10%|█         | 15/144 [00:00<00:04, 32.24it/s, v_num=73760, train_loss_step=0.0171, val_loss=0.0116, val_acc=0.996, train_loss_epoch=0.0124]Epoch 15:  11%|█         | 16/144 [00:00<00:03, 32.45it/s, v_num=73760, train_loss_step=0.0171, val_loss=0.0116, val_acc=0.996, train_loss_epoch=0.0124]Epoch 15:  11%|█         | 16/144 [00:00<00:03, 32.43it/s, v_num=73760, train_loss_step=0.0126, val_loss=0.0116, val_acc=0.996, train_loss_epoch=0.0124]Epoch 15:  12%|█▏        | 17/144 [00:00<00:03, 32.46it/s, v_num=73760, train_loss_step=0.0126, val_loss=0.0116, val_acc=0.996, train_loss_epoch=0.0124]Epoch 15:  12%|█▏        | 17/144 [00:00<00:03, 32.44it/s, v_num=73760, train_loss_step=0.031, val_loss=0.0116, val_acc=0.996, train_loss_epoch=0.0124] Epoch 15:  12%|█▎        | 18/144 [00:00<00:03, 32.75it/s, v_num=73760, train_loss_step=0.031, val_loss=0.0116, val_acc=0.996, train_loss_epoch=0.0124]Epoch 15:  12%|█▎        | 18/144 [00:00<00:03, 32.74it/s, v_num=73760, train_loss_step=0.0101, val_loss=0.0116, val_acc=0.996, train_loss_epoch=0.0124]Epoch 15:  13%|█▎        | 19/144 [00:00<00:03, 32.96it/s, v_num=73760, train_loss_step=0.0101, val_loss=0.0116, val_acc=0.996, train_loss_epoch=0.0124]Epoch 15:  13%|█▎        | 19/144 [00:00<00:03, 32.95it/s, v_num=73760, train_loss_step=0.0268, val_loss=0.0116, val_acc=0.996, train_loss_epoch=0.0124]Epoch 15:  14%|█▍        | 20/144 [00:00<00:03, 33.16it/s, v_num=73760, train_loss_step=0.0268, val_loss=0.0116, val_acc=0.996, train_loss_epoch=0.0124]Epoch 15:  14%|█▍        | 20/144 [00:00<00:03, 33.15it/s, v_num=73760, train_loss_step=0.00998, val_loss=0.0116, val_acc=0.996, train_loss_epoch=0.0124]Epoch 15:  15%|█▍        | 21/144 [00:00<00:03, 33.03it/s, v_num=73760, train_loss_step=0.00998, val_loss=0.0116, val_acc=0.996, train_loss_epoch=0.0124]Epoch 15:  15%|█▍        | 21/144 [00:00<00:03, 33.02it/s, v_num=73760, train_loss_step=0.0113, val_loss=0.0116, val_acc=0.996, train_loss_epoch=0.0124] Epoch 15:  15%|█▌        | 22/144 [00:00<00:03, 33.18it/s, v_num=73760, train_loss_step=0.0113, val_loss=0.0116, val_acc=0.996, train_loss_epoch=0.0124]Epoch 15:  15%|█▌        | 22/144 [00:00<00:03, 33.17it/s, v_num=73760, train_loss_step=0.00584, val_loss=0.0116, val_acc=0.996, train_loss_epoch=0.0124]Epoch 15:  16%|█▌        | 23/144 [00:00<00:03, 33.34it/s, v_num=73760, train_loss_step=0.00584, val_loss=0.0116, val_acc=0.996, train_loss_epoch=0.0124]Epoch 15:  16%|█▌        | 23/144 [00:00<00:03, 33.33it/s, v_num=73760, train_loss_step=0.0156, val_loss=0.0116, val_acc=0.996, train_loss_epoch=0.0124] Epoch 15:  17%|█▋        | 24/144 [00:00<00:03, 33.45it/s, v_num=73760, train_loss_step=0.0156, val_loss=0.0116, val_acc=0.996, train_loss_epoch=0.0124]Epoch 15:  17%|█▋        | 24/144 [00:00<00:03, 33.45it/s, v_num=73760, train_loss_step=0.023, val_loss=0.0116, val_acc=0.996, train_loss_epoch=0.0124] Epoch 15:  17%|█▋        | 25/144 [00:00<00:03, 33.37it/s, v_num=73760, train_loss_step=0.023, val_loss=0.0116, val_acc=0.996, train_loss_epoch=0.0124]Epoch 15:  17%|█▋        | 25/144 [00:00<00:03, 33.37it/s, v_num=73760, train_loss_step=0.0253, val_loss=0.0116, val_acc=0.996, train_loss_epoch=0.0124]Epoch 15:  18%|█▊        | 26/144 [00:00<00:03, 33.45it/s, v_num=73760, train_loss_step=0.0253, val_loss=0.0116, val_acc=0.996, train_loss_epoch=0.0124]Epoch 15:  18%|█▊        | 26/144 [00:00<00:03, 33.44it/s, v_num=73760, train_loss_step=0.0152, val_loss=0.0116, val_acc=0.996, train_loss_epoch=0.0124]Epoch 15:  19%|█▉        | 27/144 [00:00<00:03, 33.53it/s, v_num=73760, train_loss_step=0.0152, val_loss=0.0116, val_acc=0.996, train_loss_epoch=0.0124]Epoch 15:  19%|█▉        | 27/144 [00:00<00:03, 33.52it/s, v_num=73760, train_loss_step=0.00985, val_loss=0.0116, val_acc=0.996, train_loss_epoch=0.0124]Epoch 15:  19%|█▉        | 28/144 [00:00<00:03, 33.65it/s, v_num=73760, train_loss_step=0.00985, val_loss=0.0116, val_acc=0.996, train_loss_epoch=0.0124]Epoch 15:  19%|█▉        | 28/144 [00:00<00:03, 33.64it/s, v_num=73760, train_loss_step=0.00689, val_loss=0.0116, val_acc=0.996, train_loss_epoch=0.0124]Epoch 15:  20%|██        | 29/144 [00:00<00:03, 33.66it/s, v_num=73760, train_loss_step=0.00689, val_loss=0.0116, val_acc=0.996, train_loss_epoch=0.0124]Epoch 15:  20%|██        | 29/144 [00:00<00:03, 33.65it/s, v_num=73760, train_loss_step=0.0195, val_loss=0.0116, val_acc=0.996, train_loss_epoch=0.0124] Epoch 15:  21%|██        | 30/144 [00:00<00:03, 33.81it/s, v_num=73760, train_loss_step=0.0195, val_loss=0.0116, val_acc=0.996, train_loss_epoch=0.0124]Epoch 15:  21%|██        | 30/144 [00:00<00:03, 33.80it/s, v_num=73760, train_loss_step=0.0389, val_loss=0.0116, val_acc=0.996, train_loss_epoch=0.0124]Epoch 15:  22%|██▏       | 31/144 [00:00<00:03, 33.93it/s, v_num=73760, train_loss_step=0.0389, val_loss=0.0116, val_acc=0.996, train_loss_epoch=0.0124]Epoch 15:  22%|██▏       | 31/144 [00:00<00:03, 33.92it/s, v_num=73760, train_loss_step=0.0302, val_loss=0.0116, val_acc=0.996, train_loss_epoch=0.0124]Epoch 15:  22%|██▏       | 32/144 [00:00<00:03, 34.04it/s, v_num=73760, train_loss_step=0.0302, val_loss=0.0116, val_acc=0.996, train_loss_epoch=0.0124]Epoch 15:  22%|██▏       | 32/144 [00:00<00:03, 34.04it/s, v_num=73760, train_loss_step=0.0142, val_loss=0.0116, val_acc=0.996, train_loss_epoch=0.0124]Epoch 15:  23%|██▎       | 33/144 [00:00<00:03, 34.02it/s, v_num=73760, train_loss_step=0.0142, val_loss=0.0116, val_acc=0.996, train_loss_epoch=0.0124]Epoch 15:  23%|██▎       | 33/144 [00:00<00:03, 34.01it/s, v_num=73760, train_loss_step=0.0155, val_loss=0.0116, val_acc=0.996, train_loss_epoch=0.0124]Epoch 15:  24%|██▎       | 34/144 [00:00<00:03, 34.13it/s, v_num=73760, train_loss_step=0.0155, val_loss=0.0116, val_acc=0.996, train_loss_epoch=0.0124]Epoch 15:  24%|██▎       | 34/144 [00:00<00:03, 34.12it/s, v_num=73760, train_loss_step=0.0288, val_loss=0.0116, val_acc=0.996, train_loss_epoch=0.0124]Epoch 15:  24%|██▍       | 35/144 [00:01<00:03, 34.13it/s, v_num=73760, train_loss_step=0.0288, val_loss=0.0116, val_acc=0.996, train_loss_epoch=0.0124]Epoch 15:  24%|██▍       | 35/144 [00:01<00:03, 34.13it/s, v_num=73760, train_loss_step=0.0346, val_loss=0.0116, val_acc=0.996, train_loss_epoch=0.0124]Epoch 15:  25%|██▌       | 36/144 [00:01<00:03, 34.17it/s, v_num=73760, train_loss_step=0.0346, val_loss=0.0116, val_acc=0.996, train_loss_epoch=0.0124]Epoch 15:  25%|██▌       | 36/144 [00:01<00:03, 34.17it/s, v_num=73760, train_loss_step=0.0027, val_loss=0.0116, val_acc=0.996, train_loss_epoch=0.0124]Epoch 15:  26%|██▌       | 37/144 [00:01<00:03, 34.05it/s, v_num=73760, train_loss_step=0.0027, val_loss=0.0116, val_acc=0.996, train_loss_epoch=0.0124]Epoch 15:  26%|██▌       | 37/144 [00:01<00:03, 34.05it/s, v_num=73760, train_loss_step=0.0276, val_loss=0.0116, val_acc=0.996, train_loss_epoch=0.0124]Epoch 15:  26%|██▋       | 38/144 [00:01<00:03, 33.96it/s, v_num=73760, train_loss_step=0.0276, val_loss=0.0116, val_acc=0.996, train_loss_epoch=0.0124]Epoch 15:  26%|██▋       | 38/144 [00:01<00:03, 33.96it/s, v_num=73760, train_loss_step=0.0134, val_loss=0.0116, val_acc=0.996, train_loss_epoch=0.0124]Epoch 15:  27%|██▋       | 39/144 [00:01<00:03, 33.94it/s, v_num=73760, train_loss_step=0.0134, val_loss=0.0116, val_acc=0.996, train_loss_epoch=0.0124]Epoch 15:  27%|██▋       | 39/144 [00:01<00:03, 33.93it/s, v_num=73760, train_loss_step=0.0261, val_loss=0.0116, val_acc=0.996, train_loss_epoch=0.0124]Epoch 15:  28%|██▊       | 40/144 [00:01<00:03, 34.03it/s, v_num=73760, train_loss_step=0.0261, val_loss=0.0116, val_acc=0.996, train_loss_epoch=0.0124]Epoch 15:  28%|██▊       | 40/144 [00:01<00:03, 34.02it/s, v_num=73760, train_loss_step=0.0176, val_loss=0.0116, val_acc=0.996, train_loss_epoch=0.0124]Epoch 15:  28%|██▊       | 41/144 [00:01<00:03, 34.02it/s, v_num=73760, train_loss_step=0.0176, val_loss=0.0116, val_acc=0.996, train_loss_epoch=0.0124]Epoch 15:  28%|██▊       | 41/144 [00:01<00:03, 34.02it/s, v_num=73760, train_loss_step=0.00152, val_loss=0.0116, val_acc=0.996, train_loss_epoch=0.0124]Epoch 15:  29%|██▉       | 42/144 [00:01<00:02, 34.09it/s, v_num=73760, train_loss_step=0.00152, val_loss=0.0116, val_acc=0.996, train_loss_epoch=0.0124]Epoch 15:  29%|██▉       | 42/144 [00:01<00:02, 34.08it/s, v_num=73760, train_loss_step=0.0105, val_loss=0.0116, val_acc=0.996, train_loss_epoch=0.0124] Epoch 15:  30%|██▉       | 43/144 [00:01<00:02, 34.14it/s, v_num=73760, train_loss_step=0.0105, val_loss=0.0116, val_acc=0.996, train_loss_epoch=0.0124]Epoch 15:  30%|██▉       | 43/144 [00:01<00:02, 34.14it/s, v_num=73760, train_loss_step=0.00212, val_loss=0.0116, val_acc=0.996, train_loss_epoch=0.0124]Epoch 15:  31%|███       | 44/144 [00:01<00:02, 34.21it/s, v_num=73760, train_loss_step=0.00212, val_loss=0.0116, val_acc=0.996, train_loss_epoch=0.0124]Epoch 15:  31%|███       | 44/144 [00:01<00:02, 34.21it/s, v_num=73760, train_loss_step=0.00883, val_loss=0.0116, val_acc=0.996, train_loss_epoch=0.0124]Epoch 15:  31%|███▏      | 45/144 [00:01<00:02, 34.17it/s, v_num=73760, train_loss_step=0.00883, val_loss=0.0116, val_acc=0.996, train_loss_epoch=0.0124]Epoch 15:  31%|███▏      | 45/144 [00:01<00:02, 34.17it/s, v_num=73760, train_loss_step=0.00356, val_loss=0.0116, val_acc=0.996, train_loss_epoch=0.0124]Epoch 15:  32%|███▏      | 46/144 [00:01<00:02, 34.21it/s, v_num=73760, train_loss_step=0.00356, val_loss=0.0116, val_acc=0.996, train_loss_epoch=0.0124]Epoch 15:  32%|███▏      | 46/144 [00:01<00:02, 34.20it/s, v_num=73760, train_loss_step=0.00309, val_loss=0.0116, val_acc=0.996, train_loss_epoch=0.0124]Epoch 15:  33%|███▎      | 47/144 [00:01<00:02, 34.28it/s, v_num=73760, train_loss_step=0.00309, val_loss=0.0116, val_acc=0.996, train_loss_epoch=0.0124]Epoch 15:  33%|███▎      | 47/144 [00:01<00:02, 34.28it/s, v_num=73760, train_loss_step=0.0343, val_loss=0.0116, val_acc=0.996, train_loss_epoch=0.0124] Epoch 15:  33%|███▎      | 48/144 [00:01<00:02, 34.37it/s, v_num=73760, train_loss_step=0.0343, val_loss=0.0116, val_acc=0.996, train_loss_epoch=0.0124]Epoch 15:  33%|███▎      | 48/144 [00:01<00:02, 34.37it/s, v_num=73760, train_loss_step=0.0322, val_loss=0.0116, val_acc=0.996, train_loss_epoch=0.0124]Epoch 15:  34%|███▍      | 49/144 [00:01<00:02, 34.35it/s, v_num=73760, train_loss_step=0.0322, val_loss=0.0116, val_acc=0.996, train_loss_epoch=0.0124]Epoch 15:  34%|███▍      | 49/144 [00:01<00:02, 34.34it/s, v_num=73760, train_loss_step=0.0297, val_loss=0.0116, val_acc=0.996, train_loss_epoch=0.0124]Epoch 15:  35%|███▍      | 50/144 [00:01<00:02, 34.40it/s, v_num=73760, train_loss_step=0.0297, val_loss=0.0116, val_acc=0.996, train_loss_epoch=0.0124]Epoch 15:  35%|███▍      | 50/144 [00:01<00:02, 34.40it/s, v_num=73760, train_loss_step=0.00221, val_loss=0.0116, val_acc=0.996, train_loss_epoch=0.0124]Epoch 15:  35%|███▌      | 51/144 [00:01<00:02, 34.45it/s, v_num=73760, train_loss_step=0.00221, val_loss=0.0116, val_acc=0.996, train_loss_epoch=0.0124]Epoch 15:  35%|███▌      | 51/144 [00:01<00:02, 34.44it/s, v_num=73760, train_loss_step=0.0256, val_loss=0.0116, val_acc=0.996, train_loss_epoch=0.0124] Epoch 15:  36%|███▌      | 52/144 [00:01<00:02, 34.49it/s, v_num=73760, train_loss_step=0.0256, val_loss=0.0116, val_acc=0.996, train_loss_epoch=0.0124]Epoch 15:  36%|███▌      | 52/144 [00:01<00:02, 34.49it/s, v_num=73760, train_loss_step=0.0264, val_loss=0.0116, val_acc=0.996, train_loss_epoch=0.0124]Epoch 15:  37%|███▋      | 53/144 [00:01<00:02, 34.49it/s, v_num=73760, train_loss_step=0.0264, val_loss=0.0116, val_acc=0.996, train_loss_epoch=0.0124]Epoch 15:  37%|███▋      | 53/144 [00:01<00:02, 34.48it/s, v_num=73760, train_loss_step=0.0655, val_loss=0.0116, val_acc=0.996, train_loss_epoch=0.0124]Epoch 15:  38%|███▊      | 54/144 [00:01<00:02, 34.43it/s, v_num=73760, train_loss_step=0.0655, val_loss=0.0116, val_acc=0.996, train_loss_epoch=0.0124]Epoch 15:  38%|███▊      | 54/144 [00:01<00:02, 34.42it/s, v_num=73760, train_loss_step=0.0195, val_loss=0.0116, val_acc=0.996, train_loss_epoch=0.0124]Epoch 15:  38%|███▊      | 55/144 [00:01<00:02, 34.33it/s, v_num=73760, train_loss_step=0.0195, val_loss=0.0116, val_acc=0.996, train_loss_epoch=0.0124]Epoch 15:  38%|███▊      | 55/144 [00:01<00:02, 34.32it/s, v_num=73760, train_loss_step=0.0102, val_loss=0.0116, val_acc=0.996, train_loss_epoch=0.0124]Epoch 15:  39%|███▉      | 56/144 [00:01<00:02, 34.29it/s, v_num=73760, train_loss_step=0.0102, val_loss=0.0116, val_acc=0.996, train_loss_epoch=0.0124]Epoch 15:  39%|███▉      | 56/144 [00:01<00:02, 34.29it/s, v_num=73760, train_loss_step=0.0094, val_loss=0.0116, val_acc=0.996, train_loss_epoch=0.0124]Epoch 15:  40%|███▉      | 57/144 [00:01<00:02, 34.31it/s, v_num=73760, train_loss_step=0.0094, val_loss=0.0116, val_acc=0.996, train_loss_epoch=0.0124]Epoch 15:  40%|███▉      | 57/144 [00:01<00:02, 34.31it/s, v_num=73760, train_loss_step=0.0137, val_loss=0.0116, val_acc=0.996, train_loss_epoch=0.0124]Epoch 15:  40%|████      | 58/144 [00:01<00:02, 34.27it/s, v_num=73760, train_loss_step=0.0137, val_loss=0.0116, val_acc=0.996, train_loss_epoch=0.0124]Epoch 15:  40%|████      | 58/144 [00:01<00:02, 34.27it/s, v_num=73760, train_loss_step=0.00725, val_loss=0.0116, val_acc=0.996, train_loss_epoch=0.0124]Epoch 15:  41%|████      | 59/144 [00:01<00:02, 34.33it/s, v_num=73760, train_loss_step=0.00725, val_loss=0.0116, val_acc=0.996, train_loss_epoch=0.0124]Epoch 15:  41%|████      | 59/144 [00:01<00:02, 34.32it/s, v_num=73760, train_loss_step=0.0155, val_loss=0.0116, val_acc=0.996, train_loss_epoch=0.0124] Epoch 15:  42%|████▏     | 60/144 [00:01<00:02, 34.33it/s, v_num=73760, train_loss_step=0.0155, val_loss=0.0116, val_acc=0.996, train_loss_epoch=0.0124]Epoch 15:  42%|████▏     | 60/144 [00:01<00:02, 34.33it/s, v_num=73760, train_loss_step=0.0422, val_loss=0.0116, val_acc=0.996, train_loss_epoch=0.0124]Epoch 15:  42%|████▏     | 61/144 [00:01<00:02, 34.37it/s, v_num=73760, train_loss_step=0.0422, val_loss=0.0116, val_acc=0.996, train_loss_epoch=0.0124]Epoch 15:  42%|████▏     | 61/144 [00:01<00:02, 34.36it/s, v_num=73760, train_loss_step=0.00817, val_loss=0.0116, val_acc=0.996, train_loss_epoch=0.0124]Epoch 15:  43%|████▎     | 62/144 [00:01<00:02, 34.40it/s, v_num=73760, train_loss_step=0.00817, val_loss=0.0116, val_acc=0.996, train_loss_epoch=0.0124]Epoch 15:  43%|████▎     | 62/144 [00:01<00:02, 34.39it/s, v_num=73760, train_loss_step=0.0345, val_loss=0.0116, val_acc=0.996, train_loss_epoch=0.0124] Epoch 15:  44%|████▍     | 63/144 [00:01<00:02, 34.25it/s, v_num=73760, train_loss_step=0.0345, val_loss=0.0116, val_acc=0.996, train_loss_epoch=0.0124]Epoch 15:  44%|████▍     | 63/144 [00:01<00:02, 34.24it/s, v_num=73760, train_loss_step=0.00849, val_loss=0.0116, val_acc=0.996, train_loss_epoch=0.0124]Epoch 15:  44%|████▍     | 64/144 [00:01<00:02, 34.21it/s, v_num=73760, train_loss_step=0.00849, val_loss=0.0116, val_acc=0.996, train_loss_epoch=0.0124]Epoch 15:  44%|████▍     | 64/144 [00:01<00:02, 34.21it/s, v_num=73760, train_loss_step=0.00998, val_loss=0.0116, val_acc=0.996, train_loss_epoch=0.0124]Epoch 15:  45%|████▌     | 65/144 [00:01<00:02, 34.25it/s, v_num=73760, train_loss_step=0.00998, val_loss=0.0116, val_acc=0.996, train_loss_epoch=0.0124]Epoch 15:  45%|████▌     | 65/144 [00:01<00:02, 34.25it/s, v_num=73760, train_loss_step=0.0135, val_loss=0.0116, val_acc=0.996, train_loss_epoch=0.0124] Epoch 15:  46%|████▌     | 66/144 [00:01<00:02, 34.28it/s, v_num=73760, train_loss_step=0.0135, val_loss=0.0116, val_acc=0.996, train_loss_epoch=0.0124]Epoch 15:  46%|████▌     | 66/144 [00:01<00:02, 34.28it/s, v_num=73760, train_loss_step=0.00714, val_loss=0.0116, val_acc=0.996, train_loss_epoch=0.0124]Epoch 15:  47%|████▋     | 67/144 [00:01<00:02, 34.32it/s, v_num=73760, train_loss_step=0.00714, val_loss=0.0116, val_acc=0.996, train_loss_epoch=0.0124]Epoch 15:  47%|████▋     | 67/144 [00:01<00:02, 34.32it/s, v_num=73760, train_loss_step=0.014, val_loss=0.0116, val_acc=0.996, train_loss_epoch=0.0124]  Epoch 15:  47%|████▋     | 68/144 [00:01<00:02, 34.29it/s, v_num=73760, train_loss_step=0.014, val_loss=0.0116, val_acc=0.996, train_loss_epoch=0.0124]Epoch 15:  47%|████▋     | 68/144 [00:01<00:02, 34.29it/s, v_num=73760, train_loss_step=0.006, val_loss=0.0116, val_acc=0.996, train_loss_epoch=0.0124]Epoch 15:  48%|████▊     | 69/144 [00:02<00:02, 34.31it/s, v_num=73760, train_loss_step=0.006, val_loss=0.0116, val_acc=0.996, train_loss_epoch=0.0124]Epoch 15:  48%|████▊     | 69/144 [00:02<00:02, 34.30it/s, v_num=73760, train_loss_step=0.014, val_loss=0.0116, val_acc=0.996, train_loss_epoch=0.0124]Epoch 15:  49%|████▊     | 70/144 [00:02<00:02, 34.34it/s, v_num=73760, train_loss_step=0.014, val_loss=0.0116, val_acc=0.996, train_loss_epoch=0.0124]Epoch 15:  49%|████▊     | 70/144 [00:02<00:02, 34.34it/s, v_num=73760, train_loss_step=0.00988, val_loss=0.0116, val_acc=0.996, train_loss_epoch=0.0124]Epoch 15:  49%|████▉     | 71/144 [00:02<00:02, 34.37it/s, v_num=73760, train_loss_step=0.00988, val_loss=0.0116, val_acc=0.996, train_loss_epoch=0.0124]Epoch 15:  49%|████▉     | 71/144 [00:02<00:02, 34.36it/s, v_num=73760, train_loss_step=0.0104, val_loss=0.0116, val_acc=0.996, train_loss_epoch=0.0124] Epoch 15:  50%|█████     | 72/144 [00:02<00:02, 34.37it/s, v_num=73760, train_loss_step=0.0104, val_loss=0.0116, val_acc=0.996, train_loss_epoch=0.0124]Epoch 15:  50%|█████     | 72/144 [00:02<00:02, 34.37it/s, v_num=73760, train_loss_step=0.0126, val_loss=0.0116, val_acc=0.996, train_loss_epoch=0.0124]Epoch 15:  51%|█████     | 73/144 [00:02<00:02, 34.39it/s, v_num=73760, train_loss_step=0.0126, val_loss=0.0116, val_acc=0.996, train_loss_epoch=0.0124]Epoch 15:  51%|█████     | 73/144 [00:02<00:02, 34.39it/s, v_num=73760, train_loss_step=0.00571, val_loss=0.0116, val_acc=0.996, train_loss_epoch=0.0124]Epoch 15:  51%|█████▏    | 74/144 [00:02<00:02, 34.43it/s, v_num=73760, train_loss_step=0.00571, val_loss=0.0116, val_acc=0.996, train_loss_epoch=0.0124]Epoch 15:  51%|█████▏    | 74/144 [00:02<00:02, 34.43it/s, v_num=73760, train_loss_step=0.00326, val_loss=0.0116, val_acc=0.996, train_loss_epoch=0.0124]Epoch 15:  52%|█████▏    | 75/144 [00:02<00:02, 34.37it/s, v_num=73760, train_loss_step=0.00326, val_loss=0.0116, val_acc=0.996, train_loss_epoch=0.0124]Epoch 15:  52%|█████▏    | 75/144 [00:02<00:02, 34.37it/s, v_num=73760, train_loss_step=0.0231, val_loss=0.0116, val_acc=0.996, train_loss_epoch=0.0124] Epoch 15:  53%|█████▎    | 76/144 [00:02<00:01, 34.35it/s, v_num=73760, train_loss_step=0.0231, val_loss=0.0116, val_acc=0.996, train_loss_epoch=0.0124]Epoch 15:  53%|█████▎    | 76/144 [00:02<00:01, 34.35it/s, v_num=73760, train_loss_step=0.00843, val_loss=0.0116, val_acc=0.996, train_loss_epoch=0.0124]Epoch 15:  53%|█████▎    | 77/144 [00:02<00:01, 34.38it/s, v_num=73760, train_loss_step=0.00843, val_loss=0.0116, val_acc=0.996, train_loss_epoch=0.0124]Epoch 15:  53%|█████▎    | 77/144 [00:02<00:01, 34.38it/s, v_num=73760, train_loss_step=0.00647, val_loss=0.0116, val_acc=0.996, train_loss_epoch=0.0124]Epoch 15:  54%|█████▍    | 78/144 [00:02<00:01, 34.43it/s, v_num=73760, train_loss_step=0.00647, val_loss=0.0116, val_acc=0.996, train_loss_epoch=0.0124]Epoch 15:  54%|█████▍    | 78/144 [00:02<00:01, 34.43it/s, v_num=73760, train_loss_step=0.0191, val_loss=0.0116, val_acc=0.996, train_loss_epoch=0.0124] Epoch 15:  55%|█████▍    | 79/144 [00:02<00:01, 34.48it/s, v_num=73760, train_loss_step=0.0191, val_loss=0.0116, val_acc=0.996, train_loss_epoch=0.0124]Epoch 15:  55%|█████▍    | 79/144 [00:02<00:01, 34.47it/s, v_num=73760, train_loss_step=0.00403, val_loss=0.0116, val_acc=0.996, train_loss_epoch=0.0124]Epoch 15:  56%|█████▌    | 80/144 [00:02<00:01, 34.48it/s, v_num=73760, train_loss_step=0.00403, val_loss=0.0116, val_acc=0.996, train_loss_epoch=0.0124]Epoch 15:  56%|█████▌    | 80/144 [00:02<00:01, 34.48it/s, v_num=73760, train_loss_step=0.00569, val_loss=0.0116, val_acc=0.996, train_loss_epoch=0.0124]Epoch 15:  56%|█████▋    | 81/144 [00:02<00:01, 34.49it/s, v_num=73760, train_loss_step=0.00569, val_loss=0.0116, val_acc=0.996, train_loss_epoch=0.0124]Epoch 15:  56%|█████▋    | 81/144 [00:02<00:01, 34.48it/s, v_num=73760, train_loss_step=0.00682, val_loss=0.0116, val_acc=0.996, train_loss_epoch=0.0124]Epoch 15:  57%|█████▋    | 82/144 [00:02<00:01, 34.52it/s, v_num=73760, train_loss_step=0.00682, val_loss=0.0116, val_acc=0.996, train_loss_epoch=0.0124]Epoch 15:  57%|█████▋    | 82/144 [00:02<00:01, 34.52it/s, v_num=73760, train_loss_step=0.019, val_loss=0.0116, val_acc=0.996, train_loss_epoch=0.0124]  Epoch 15:  58%|█████▊    | 83/144 [00:02<00:01, 34.58it/s, v_num=73760, train_loss_step=0.019, val_loss=0.0116, val_acc=0.996, train_loss_epoch=0.0124]Epoch 15:  58%|█████▊    | 83/144 [00:02<00:01, 34.57it/s, v_num=73760, train_loss_step=0.0109, val_loss=0.0116, val_acc=0.996, train_loss_epoch=0.0124]Epoch 15:  58%|█████▊    | 84/144 [00:02<00:01, 34.56it/s, v_num=73760, train_loss_step=0.0109, val_loss=0.0116, val_acc=0.996, train_loss_epoch=0.0124]Epoch 15:  58%|█████▊    | 84/144 [00:02<00:01, 34.56it/s, v_num=73760, train_loss_step=0.00659, val_loss=0.0116, val_acc=0.996, train_loss_epoch=0.0124]Epoch 15:  59%|█████▉    | 85/144 [00:02<00:01, 34.60it/s, v_num=73760, train_loss_step=0.00659, val_loss=0.0116, val_acc=0.996, train_loss_epoch=0.0124]Epoch 15:  59%|█████▉    | 85/144 [00:02<00:01, 34.59it/s, v_num=73760, train_loss_step=0.0106, val_loss=0.0116, val_acc=0.996, train_loss_epoch=0.0124] Epoch 15:  60%|█████▉    | 86/144 [00:02<00:01, 34.60it/s, v_num=73760, train_loss_step=0.0106, val_loss=0.0116, val_acc=0.996, train_loss_epoch=0.0124]Epoch 15:  60%|█████▉    | 86/144 [00:02<00:01, 34.60it/s, v_num=73760, train_loss_step=0.00671, val_loss=0.0116, val_acc=0.996, train_loss_epoch=0.0124]Epoch 15:  60%|██████    | 87/144 [00:02<00:01, 34.62it/s, v_num=73760, train_loss_step=0.00671, val_loss=0.0116, val_acc=0.996, train_loss_epoch=0.0124]Epoch 15:  60%|██████    | 87/144 [00:02<00:01, 34.62it/s, v_num=73760, train_loss_step=0.0124, val_loss=0.0116, val_acc=0.996, train_loss_epoch=0.0124] Epoch 15:  61%|██████    | 88/144 [00:02<00:01, 34.60it/s, v_num=73760, train_loss_step=0.0124, val_loss=0.0116, val_acc=0.996, train_loss_epoch=0.0124]Epoch 15:  61%|██████    | 88/144 [00:02<00:01, 34.60it/s, v_num=73760, train_loss_step=0.0242, val_loss=0.0116, val_acc=0.996, train_loss_epoch=0.0124]Epoch 15:  62%|██████▏   | 89/144 [00:02<00:01, 34.62it/s, v_num=73760, train_loss_step=0.0242, val_loss=0.0116, val_acc=0.996, train_loss_epoch=0.0124]Epoch 15:  62%|██████▏   | 89/144 [00:02<00:01, 34.62it/s, v_num=73760, train_loss_step=0.00154, val_loss=0.0116, val_acc=0.996, train_loss_epoch=0.0124]Epoch 15:  62%|██████▎   | 90/144 [00:02<00:01, 34.65it/s, v_num=73760, train_loss_step=0.00154, val_loss=0.0116, val_acc=0.996, train_loss_epoch=0.0124]Epoch 15:  62%|██████▎   | 90/144 [00:02<00:01, 34.65it/s, v_num=73760, train_loss_step=0.00542, val_loss=0.0116, val_acc=0.996, train_loss_epoch=0.0124]Epoch 15:  63%|██████▎   | 91/144 [00:02<00:01, 34.66it/s, v_num=73760, train_loss_step=0.00542, val_loss=0.0116, val_acc=0.996, train_loss_epoch=0.0124]Epoch 15:  63%|██████▎   | 91/144 [00:02<00:01, 34.66it/s, v_num=73760, train_loss_step=0.0112, val_loss=0.0116, val_acc=0.996, train_loss_epoch=0.0124] Epoch 15:  64%|██████▍   | 92/144 [00:02<00:01, 34.64it/s, v_num=73760, train_loss_step=0.0112, val_loss=0.0116, val_acc=0.996, train_loss_epoch=0.0124]Epoch 15:  64%|██████▍   | 92/144 [00:02<00:01, 34.64it/s, v_num=73760, train_loss_step=0.00425, val_loss=0.0116, val_acc=0.996, train_loss_epoch=0.0124]Epoch 15:  65%|██████▍   | 93/144 [00:02<00:01, 34.59it/s, v_num=73760, train_loss_step=0.00425, val_loss=0.0116, val_acc=0.996, train_loss_epoch=0.0124]Epoch 15:  65%|██████▍   | 93/144 [00:02<00:01, 34.59it/s, v_num=73760, train_loss_step=0.0259, val_loss=0.0116, val_acc=0.996, train_loss_epoch=0.0124] Epoch 15:  65%|██████▌   | 94/144 [00:02<00:01, 34.62it/s, v_num=73760, train_loss_step=0.0259, val_loss=0.0116, val_acc=0.996, train_loss_epoch=0.0124]Epoch 15:  65%|██████▌   | 94/144 [00:02<00:01, 34.62it/s, v_num=73760, train_loss_step=0.00638, val_loss=0.0116, val_acc=0.996, train_loss_epoch=0.0124]Epoch 15:  66%|██████▌   | 95/144 [00:02<00:01, 34.63it/s, v_num=73760, train_loss_step=0.00638, val_loss=0.0116, val_acc=0.996, train_loss_epoch=0.0124]Epoch 15:  66%|██████▌   | 95/144 [00:02<00:01, 34.62it/s, v_num=73760, train_loss_step=0.00437, val_loss=0.0116, val_acc=0.996, train_loss_epoch=0.0124]Epoch 15:  67%|██████▋   | 96/144 [00:02<00:01, 34.62it/s, v_num=73760, train_loss_step=0.00437, val_loss=0.0116, val_acc=0.996, train_loss_epoch=0.0124]Epoch 15:  67%|██████▋   | 96/144 [00:02<00:01, 34.62it/s, v_num=73760, train_loss_step=0.0396, val_loss=0.0116, val_acc=0.996, train_loss_epoch=0.0124] Epoch 15:  67%|██████▋   | 97/144 [00:02<00:01, 34.67it/s, v_num=73760, train_loss_step=0.0396, val_loss=0.0116, val_acc=0.996, train_loss_epoch=0.0124]Epoch 15:  67%|██████▋   | 97/144 [00:02<00:01, 34.67it/s, v_num=73760, train_loss_step=0.0183, val_loss=0.0116, val_acc=0.996, train_loss_epoch=0.0124]Epoch 15:  68%|██████▊   | 98/144 [00:02<00:01, 34.71it/s, v_num=73760, train_loss_step=0.0183, val_loss=0.0116, val_acc=0.996, train_loss_epoch=0.0124]Epoch 15:  68%|██████▊   | 98/144 [00:02<00:01, 34.71it/s, v_num=73760, train_loss_step=0.0157, val_loss=0.0116, val_acc=0.996, train_loss_epoch=0.0124]Epoch 15:  69%|██████▉   | 99/144 [00:02<00:01, 34.76it/s, v_num=73760, train_loss_step=0.0157, val_loss=0.0116, val_acc=0.996, train_loss_epoch=0.0124]Epoch 15:  69%|██████▉   | 99/144 [00:02<00:01, 34.76it/s, v_num=73760, train_loss_step=0.0095, val_loss=0.0116, val_acc=0.996, train_loss_epoch=0.0124]Epoch 15:  69%|██████▉   | 100/144 [00:02<00:01, 34.77it/s, v_num=73760, train_loss_step=0.0095, val_loss=0.0116, val_acc=0.996, train_loss_epoch=0.0124]Epoch 15:  69%|██████▉   | 100/144 [00:02<00:01, 34.77it/s, v_num=73760, train_loss_step=0.0146, val_loss=0.0116, val_acc=0.996, train_loss_epoch=0.0124]Epoch 15:  70%|███████   | 101/144 [00:02<00:01, 34.81it/s, v_num=73760, train_loss_step=0.0146, val_loss=0.0116, val_acc=0.996, train_loss_epoch=0.0124]Epoch 15:  70%|███████   | 101/144 [00:02<00:01, 34.81it/s, v_num=73760, train_loss_step=0.0277, val_loss=0.0116, val_acc=0.996, train_loss_epoch=0.0124]Epoch 15:  71%|███████   | 102/144 [00:02<00:01, 34.85it/s, v_num=73760, train_loss_step=0.0277, val_loss=0.0116, val_acc=0.996, train_loss_epoch=0.0124]Epoch 15:  71%|███████   | 102/144 [00:02<00:01, 34.85it/s, v_num=73760, train_loss_step=0.0514, val_loss=0.0116, val_acc=0.996, train_loss_epoch=0.0124]Epoch 15:  72%|███████▏  | 103/144 [00:02<00:01, 34.89it/s, v_num=73760, train_loss_step=0.0514, val_loss=0.0116, val_acc=0.996, train_loss_epoch=0.0124]Epoch 15:  72%|███████▏  | 103/144 [00:02<00:01, 34.88it/s, v_num=73760, train_loss_step=0.00939, val_loss=0.0116, val_acc=0.996, train_loss_epoch=0.0124]Epoch 15:  72%|███████▏  | 104/144 [00:02<00:01, 34.89it/s, v_num=73760, train_loss_step=0.00939, val_loss=0.0116, val_acc=0.996, train_loss_epoch=0.0124]Epoch 15:  72%|███████▏  | 104/144 [00:02<00:01, 34.89it/s, v_num=73760, train_loss_step=0.00552, val_loss=0.0116, val_acc=0.996, train_loss_epoch=0.0124]Epoch 15:  73%|███████▎  | 105/144 [00:03<00:01, 34.93it/s, v_num=73760, train_loss_step=0.00552, val_loss=0.0116, val_acc=0.996, train_loss_epoch=0.0124]Epoch 15:  73%|███████▎  | 105/144 [00:03<00:01, 34.93it/s, v_num=73760, train_loss_step=0.0269, val_loss=0.0116, val_acc=0.996, train_loss_epoch=0.0124] Epoch 15:  74%|███████▎  | 106/144 [00:03<00:01, 34.98it/s, v_num=73760, train_loss_step=0.0269, val_loss=0.0116, val_acc=0.996, train_loss_epoch=0.0124]Epoch 15:  74%|███████▎  | 106/144 [00:03<00:01, 34.97it/s, v_num=73760, train_loss_step=0.00423, val_loss=0.0116, val_acc=0.996, train_loss_epoch=0.0124]Epoch 15:  74%|███████▍  | 107/144 [00:03<00:01, 35.01it/s, v_num=73760, train_loss_step=0.00423, val_loss=0.0116, val_acc=0.996, train_loss_epoch=0.0124]Epoch 15:  74%|███████▍  | 107/144 [00:03<00:01, 35.01it/s, v_num=73760, train_loss_step=0.0117, val_loss=0.0116, val_acc=0.996, train_loss_epoch=0.0124] Epoch 15:  75%|███████▌  | 108/144 [00:03<00:01, 35.01it/s, v_num=73760, train_loss_step=0.0117, val_loss=0.0116, val_acc=0.996, train_loss_epoch=0.0124]Epoch 15:  75%|███████▌  | 108/144 [00:03<00:01, 35.01it/s, v_num=73760, train_loss_step=0.0131, val_loss=0.0116, val_acc=0.996, train_loss_epoch=0.0124]Epoch 15:  76%|███████▌  | 109/144 [00:03<00:00, 35.01it/s, v_num=73760, train_loss_step=0.0131, val_loss=0.0116, val_acc=0.996, train_loss_epoch=0.0124]Epoch 15:  76%|███████▌  | 109/144 [00:03<00:00, 35.00it/s, v_num=73760, train_loss_step=0.0378, val_loss=0.0116, val_acc=0.996, train_loss_epoch=0.0124]Epoch 15:  76%|███████▋  | 110/144 [00:03<00:00, 35.04it/s, v_num=73760, train_loss_step=0.0378, val_loss=0.0116, val_acc=0.996, train_loss_epoch=0.0124]Epoch 15:  76%|███████▋  | 110/144 [00:03<00:00, 35.04it/s, v_num=73760, train_loss_step=0.0297, val_loss=0.0116, val_acc=0.996, train_loss_epoch=0.0124]Epoch 15:  77%|███████▋  | 111/144 [00:03<00:00, 35.07it/s, v_num=73760, train_loss_step=0.0297, val_loss=0.0116, val_acc=0.996, train_loss_epoch=0.0124]Epoch 15:  77%|███████▋  | 111/144 [00:03<00:00, 35.07it/s, v_num=73760, train_loss_step=0.00437, val_loss=0.0116, val_acc=0.996, train_loss_epoch=0.0124]Epoch 15:  78%|███████▊  | 112/144 [00:03<00:00, 35.11it/s, v_num=73760, train_loss_step=0.00437, val_loss=0.0116, val_acc=0.996, train_loss_epoch=0.0124]Epoch 15:  78%|███████▊  | 112/144 [00:03<00:00, 35.11it/s, v_num=73760, train_loss_step=0.0126, val_loss=0.0116, val_acc=0.996, train_loss_epoch=0.0124] Epoch 15:  78%|███████▊  | 113/144 [00:03<00:00, 35.00it/s, v_num=73760, train_loss_step=0.0126, val_loss=0.0116, val_acc=0.996, train_loss_epoch=0.0124]Epoch 15:  78%|███████▊  | 113/144 [00:03<00:00, 35.00it/s, v_num=73760, train_loss_step=0.0285, val_loss=0.0116, val_acc=0.996, train_loss_epoch=0.0124]Epoch 15:  79%|███████▉  | 114/144 [00:03<00:00, 35.02it/s, v_num=73760, train_loss_step=0.0285, val_loss=0.0116, val_acc=0.996, train_loss_epoch=0.0124]Epoch 15:  79%|███████▉  | 114/144 [00:03<00:00, 35.02it/s, v_num=73760, train_loss_step=0.0137, val_loss=0.0116, val_acc=0.996, train_loss_epoch=0.0124]Epoch 15:  80%|███████▉  | 115/144 [00:03<00:00, 35.06it/s, v_num=73760, train_loss_step=0.0137, val_loss=0.0116, val_acc=0.996, train_loss_epoch=0.0124]Epoch 15:  80%|███████▉  | 115/144 [00:03<00:00, 35.06it/s, v_num=73760, train_loss_step=0.00829, val_loss=0.0116, val_acc=0.996, train_loss_epoch=0.0124]Epoch 15:  81%|████████  | 116/144 [00:03<00:00, 35.10it/s, v_num=73760, train_loss_step=0.00829, val_loss=0.0116, val_acc=0.996, train_loss_epoch=0.0124]Epoch 15:  81%|████████  | 116/144 [00:03<00:00, 35.10it/s, v_num=73760, train_loss_step=0.00922, val_loss=0.0116, val_acc=0.996, train_loss_epoch=0.0124]Epoch 15:  81%|████████▏ | 117/144 [00:03<00:00, 35.08it/s, v_num=73760, train_loss_step=0.00922, val_loss=0.0116, val_acc=0.996, train_loss_epoch=0.0124]Epoch 15:  81%|████████▏ | 117/144 [00:03<00:00, 35.08it/s, v_num=73760, train_loss_step=0.0107, val_loss=0.0116, val_acc=0.996, train_loss_epoch=0.0124] Epoch 15:  82%|████████▏ | 118/144 [00:03<00:00, 35.11it/s, v_num=73760, train_loss_step=0.0107, val_loss=0.0116, val_acc=0.996, train_loss_epoch=0.0124]Epoch 15:  82%|████████▏ | 118/144 [00:03<00:00, 35.11it/s, v_num=73760, train_loss_step=0.00631, val_loss=0.0116, val_acc=0.996, train_loss_epoch=0.0124]Epoch 15:  83%|████████▎ | 119/144 [00:03<00:00, 35.15it/s, v_num=73760, train_loss_step=0.00631, val_loss=0.0116, val_acc=0.996, train_loss_epoch=0.0124]Epoch 15:  83%|████████▎ | 119/144 [00:03<00:00, 35.15it/s, v_num=73760, train_loss_step=0.0138, val_loss=0.0116, val_acc=0.996, train_loss_epoch=0.0124] Epoch 15:  83%|████████▎ | 120/144 [00:03<00:00, 35.18it/s, v_num=73760, train_loss_step=0.0138, val_loss=0.0116, val_acc=0.996, train_loss_epoch=0.0124]Epoch 15:  83%|████████▎ | 120/144 [00:03<00:00, 35.18it/s, v_num=73760, train_loss_step=0.00148, val_loss=0.0116, val_acc=0.996, train_loss_epoch=0.0124]Epoch 15:  84%|████████▍ | 121/144 [00:03<00:00, 35.15it/s, v_num=73760, train_loss_step=0.00148, val_loss=0.0116, val_acc=0.996, train_loss_epoch=0.0124]Epoch 15:  84%|████████▍ | 121/144 [00:03<00:00, 35.15it/s, v_num=73760, train_loss_step=0.00396, val_loss=0.0116, val_acc=0.996, train_loss_epoch=0.0124]Epoch 15:  85%|████████▍ | 122/144 [00:03<00:00, 35.08it/s, v_num=73760, train_loss_step=0.00396, val_loss=0.0116, val_acc=0.996, train_loss_epoch=0.0124]Epoch 15:  85%|████████▍ | 122/144 [00:03<00:00, 35.08it/s, v_num=73760, train_loss_step=0.00294, val_loss=0.0116, val_acc=0.996, train_loss_epoch=0.0124]Epoch 15:  85%|████████▌ | 123/144 [00:03<00:00, 35.12it/s, v_num=73760, train_loss_step=0.00294, val_loss=0.0116, val_acc=0.996, train_loss_epoch=0.0124]Epoch 15:  85%|████████▌ | 123/144 [00:03<00:00, 35.12it/s, v_num=73760, train_loss_step=0.00436, val_loss=0.0116, val_acc=0.996, train_loss_epoch=0.0124]Epoch 15:  86%|████████▌ | 124/144 [00:03<00:00, 35.16it/s, v_num=73760, train_loss_step=0.00436, val_loss=0.0116, val_acc=0.996, train_loss_epoch=0.0124]Epoch 15:  86%|████████▌ | 124/144 [00:03<00:00, 35.16it/s, v_num=73760, train_loss_step=0.00254, val_loss=0.0116, val_acc=0.996, train_loss_epoch=0.0124]Epoch 15:  87%|████████▋ | 125/144 [00:03<00:00, 35.19it/s, v_num=73760, train_loss_step=0.00254, val_loss=0.0116, val_acc=0.996, train_loss_epoch=0.0124]Epoch 15:  87%|████████▋ | 125/144 [00:03<00:00, 35.19it/s, v_num=73760, train_loss_step=0.00158, val_loss=0.0116, val_acc=0.996, train_loss_epoch=0.0124]Epoch 15:  88%|████████▊ | 126/144 [00:03<00:00, 35.19it/s, v_num=73760, train_loss_step=0.00158, val_loss=0.0116, val_acc=0.996, train_loss_epoch=0.0124]Epoch 15:  88%|████████▊ | 126/144 [00:03<00:00, 35.19it/s, v_num=73760, train_loss_step=0.0118, val_loss=0.0116, val_acc=0.996, train_loss_epoch=0.0124] Epoch 15:  88%|████████▊ | 127/144 [00:03<00:00, 35.15it/s, v_num=73760, train_loss_step=0.0118, val_loss=0.0116, val_acc=0.996, train_loss_epoch=0.0124]Epoch 15:  88%|████████▊ | 127/144 [00:03<00:00, 35.14it/s, v_num=73760, train_loss_step=0.00461, val_loss=0.0116, val_acc=0.996, train_loss_epoch=0.0124]Epoch 15:  89%|████████▉ | 128/144 [00:03<00:00, 35.19it/s, v_num=73760, train_loss_step=0.00461, val_loss=0.0116, val_acc=0.996, train_loss_epoch=0.0124]Epoch 15:  89%|████████▉ | 128/144 [00:03<00:00, 35.18it/s, v_num=73760, train_loss_step=0.00476, val_loss=0.0116, val_acc=0.996, train_loss_epoch=0.0124]Epoch 15:  90%|████████▉ | 129/144 [00:03<00:00, 35.20it/s, v_num=73760, train_loss_step=0.00476, val_loss=0.0116, val_acc=0.996, train_loss_epoch=0.0124]Epoch 15:  90%|████████▉ | 129/144 [00:03<00:00, 35.20it/s, v_num=73760, train_loss_step=0.00387, val_loss=0.0116, val_acc=0.996, train_loss_epoch=0.0124]Epoch 15:  90%|█████████ | 130/144 [00:03<00:00, 35.24it/s, v_num=73760, train_loss_step=0.00387, val_loss=0.0116, val_acc=0.996, train_loss_epoch=0.0124]Epoch 15:  90%|█████████ | 130/144 [00:03<00:00, 35.24it/s, v_num=73760, train_loss_step=0.00836, val_loss=0.0116, val_acc=0.996, train_loss_epoch=0.0124]Epoch 15:  91%|█████████ | 131/144 [00:03<00:00, 35.24it/s, v_num=73760, train_loss_step=0.00836, val_loss=0.0116, val_acc=0.996, train_loss_epoch=0.0124]Epoch 15:  91%|█████████ | 131/144 [00:03<00:00, 35.24it/s, v_num=73760, train_loss_step=0.0114, val_loss=0.0116, val_acc=0.996, train_loss_epoch=0.0124] Epoch 15:  92%|█████████▏| 132/144 [00:03<00:00, 35.28it/s, v_num=73760, train_loss_step=0.0114, val_loss=0.0116, val_acc=0.996, train_loss_epoch=0.0124]Epoch 15:  92%|█████████▏| 132/144 [00:03<00:00, 35.27it/s, v_num=73760, train_loss_step=0.0188, val_loss=0.0116, val_acc=0.996, train_loss_epoch=0.0124]Epoch 15:  92%|█████████▏| 133/144 [00:03<00:00, 35.31it/s, v_num=73760, train_loss_step=0.0188, val_loss=0.0116, val_acc=0.996, train_loss_epoch=0.0124]Epoch 15:  92%|█████████▏| 133/144 [00:03<00:00, 35.31it/s, v_num=73760, train_loss_step=0.0181, val_loss=0.0116, val_acc=0.996, train_loss_epoch=0.0124]Epoch 15:  93%|█████████▎| 134/144 [00:03<00:00, 35.34it/s, v_num=73760, train_loss_step=0.0181, val_loss=0.0116, val_acc=0.996, train_loss_epoch=0.0124]Epoch 15:  93%|█████████▎| 134/144 [00:03<00:00, 35.34it/s, v_num=73760, train_loss_step=0.0113, val_loss=0.0116, val_acc=0.996, train_loss_epoch=0.0124]Epoch 15:  94%|█████████▍| 135/144 [00:03<00:00, 35.35it/s, v_num=73760, train_loss_step=0.0113, val_loss=0.0116, val_acc=0.996, train_loss_epoch=0.0124]Epoch 15:  94%|█████████▍| 135/144 [00:03<00:00, 35.35it/s, v_num=73760, train_loss_step=0.028, val_loss=0.0116, val_acc=0.996, train_loss_epoch=0.0124] Epoch 15:  94%|█████████▍| 136/144 [00:03<00:00, 35.30it/s, v_num=73760, train_loss_step=0.028, val_loss=0.0116, val_acc=0.996, train_loss_epoch=0.0124]Epoch 15:  94%|█████████▍| 136/144 [00:03<00:00, 35.30it/s, v_num=73760, train_loss_step=0.0225, val_loss=0.0116, val_acc=0.996, train_loss_epoch=0.0124]Epoch 15:  95%|█████████▌| 137/144 [00:03<00:00, 35.34it/s, v_num=73760, train_loss_step=0.0225, val_loss=0.0116, val_acc=0.996, train_loss_epoch=0.0124]Epoch 15:  95%|█████████▌| 137/144 [00:03<00:00, 35.33it/s, v_num=73760, train_loss_step=0.00257, val_loss=0.0116, val_acc=0.996, train_loss_epoch=0.0124]Epoch 15:  96%|█████████▌| 138/144 [00:03<00:00, 35.38it/s, v_num=73760, train_loss_step=0.00257, val_loss=0.0116, val_acc=0.996, train_loss_epoch=0.0124]Epoch 15:  96%|█████████▌| 138/144 [00:03<00:00, 35.37it/s, v_num=73760, train_loss_step=0.00065, val_loss=0.0116, val_acc=0.996, train_loss_epoch=0.0124]Epoch 15:  97%|█████████▋| 139/144 [00:03<00:00, 35.40it/s, v_num=73760, train_loss_step=0.00065, val_loss=0.0116, val_acc=0.996, train_loss_epoch=0.0124]Epoch 15:  97%|█████████▋| 139/144 [00:03<00:00, 35.40it/s, v_num=73760, train_loss_step=0.018, val_loss=0.0116, val_acc=0.996, train_loss_epoch=0.0124]  Epoch 15:  97%|█████████▋| 140/144 [00:03<00:00, 35.41it/s, v_num=73760, train_loss_step=0.018, val_loss=0.0116, val_acc=0.996, train_loss_epoch=0.0124]Epoch 15:  97%|█████████▋| 140/144 [00:03<00:00, 35.41it/s, v_num=73760, train_loss_step=0.00771, val_loss=0.0116, val_acc=0.996, train_loss_epoch=0.0124]Epoch 15:  98%|█████████▊| 141/144 [00:03<00:00, 35.39it/s, v_num=73760, train_loss_step=0.00771, val_loss=0.0116, val_acc=0.996, train_loss_epoch=0.0124]Epoch 15:  98%|█████████▊| 141/144 [00:03<00:00, 35.39it/s, v_num=73760, train_loss_step=0.0138, val_loss=0.0116, val_acc=0.996, train_loss_epoch=0.0124] Epoch 15:  99%|█████████▊| 142/144 [00:04<00:00, 35.40it/s, v_num=73760, train_loss_step=0.0138, val_loss=0.0116, val_acc=0.996, train_loss_epoch=0.0124]Epoch 15:  99%|█████████▊| 142/144 [00:04<00:00, 35.39it/s, v_num=73760, train_loss_step=0.00519, val_loss=0.0116, val_acc=0.996, train_loss_epoch=0.0124]Epoch 15:  99%|█████████▉| 143/144 [00:04<00:00, 35.43it/s, v_num=73760, train_loss_step=0.00519, val_loss=0.0116, val_acc=0.996, train_loss_epoch=0.0124]Epoch 15:  99%|█████████▉| 143/144 [00:04<00:00, 35.43it/s, v_num=73760, train_loss_step=0.00367, val_loss=0.0116, val_acc=0.996, train_loss_epoch=0.0124]Epoch 15: 100%|██████████| 144/144 [00:04<00:00, 35.46it/s, v_num=73760, train_loss_step=0.00367, val_loss=0.0116, val_acc=0.996, train_loss_epoch=0.0124]Epoch 15: 100%|██████████| 144/144 [00:04<00:00, 35.46it/s, v_num=73760, train_loss_step=0.00261, val_loss=0.0116, val_acc=0.996, train_loss_epoch=0.0124]
Validation: |          | 0/? [00:00<?, ?it/s][A
Validation:   0%|          | 0/14 [00:00<?, ?it/s][A
Validation DataLoader 0:   0%|          | 0/14 [00:00<?, ?it/s][A
Validation DataLoader 0:   7%|▋         | 1/14 [00:00<00:00, 109.25it/s][A
Validation DataLoader 0:  14%|█▍        | 2/14 [00:00<00:00, 80.45it/s] [A
Validation DataLoader 0:  21%|██▏       | 3/14 [00:00<00:00, 85.81it/s][A
Validation DataLoader 0:  29%|██▊       | 4/14 [00:00<00:00, 88.38it/s][A
Validation DataLoader 0:  36%|███▌      | 5/14 [00:00<00:00, 90.49it/s][A
Validation DataLoader 0:  43%|████▎     | 6/14 [00:00<00:00, 92.09it/s][A
Validation DataLoader 0:  50%|█████     | 7/14 [00:00<00:00, 93.27it/s][A
Validation DataLoader 0:  57%|█████▋    | 8/14 [00:00<00:00, 93.72it/s][A
Validation DataLoader 0:  64%|██████▍   | 9/14 [00:00<00:00, 89.98it/s][A
Validation DataLoader 0:  71%|███████▏  | 10/14 [00:00<00:00, 87.14it/s][A
Validation DataLoader 0:  79%|███████▊  | 11/14 [00:00<00:00, 84.95it/s][A
Validation DataLoader 0:  86%|████████▌ | 12/14 [00:00<00:00, 83.24it/s][A
Validation DataLoader 0:  93%|█████████▎| 13/14 [00:00<00:00, 81.88it/s][A
Validation DataLoader 0: 100%|██████████| 14/14 [00:00<00:00, 80.67it/s][A
                                                                        [AEpoch 15: 100%|██████████| 144/144 [00:04<00:00, 33.82it/s, v_num=73760, train_loss_step=0.00261, val_loss=0.00955, val_acc=0.997, train_loss_epoch=0.0124]Epoch 15: 100%|██████████| 144/144 [00:04<00:00, 33.81it/s, v_num=73760, train_loss_step=0.00261, val_loss=0.00955, val_acc=0.997, train_loss_epoch=0.0146]Epoch 15:   0%|          | 0/144 [00:00<?, ?it/s, v_num=73760, train_loss_step=0.00261, val_loss=0.00955, val_acc=0.997, train_loss_epoch=0.0146]          Epoch 16:   0%|          | 0/144 [00:00<?, ?it/s, v_num=73760, train_loss_step=0.00261, val_loss=0.00955, val_acc=0.997, train_loss_epoch=0.0146]Epoch 16:   1%|          | 1/144 [00:00<00:11, 12.39it/s, v_num=73760, train_loss_step=0.00261, val_loss=0.00955, val_acc=0.997, train_loss_epoch=0.0146]Epoch 16:   1%|          | 1/144 [00:00<00:11, 12.37it/s, v_num=73760, train_loss_step=0.00522, val_loss=0.00955, val_acc=0.997, train_loss_epoch=0.0146]Epoch 16:   1%|▏         | 2/144 [00:00<00:07, 18.10it/s, v_num=73760, train_loss_step=0.00522, val_loss=0.00955, val_acc=0.997, train_loss_epoch=0.0146]Epoch 16:   1%|▏         | 2/144 [00:00<00:07, 18.08it/s, v_num=73760, train_loss_step=0.0113, val_loss=0.00955, val_acc=0.997, train_loss_epoch=0.0146] Epoch 16:   2%|▏         | 3/144 [00:00<00:06, 20.96it/s, v_num=73760, train_loss_step=0.0113, val_loss=0.00955, val_acc=0.997, train_loss_epoch=0.0146]Epoch 16:   2%|▏         | 3/144 [00:00<00:06, 20.94it/s, v_num=73760, train_loss_step=0.00411, val_loss=0.00955, val_acc=0.997, train_loss_epoch=0.0146]Epoch 16:   3%|▎         | 4/144 [00:00<00:06, 23.26it/s, v_num=73760, train_loss_step=0.00411, val_loss=0.00955, val_acc=0.997, train_loss_epoch=0.0146]Epoch 16:   3%|▎         | 4/144 [00:00<00:06, 23.24it/s, v_num=73760, train_loss_step=0.00668, val_loss=0.00955, val_acc=0.997, train_loss_epoch=0.0146]Epoch 16:   3%|▎         | 5/144 [00:00<00:05, 24.87it/s, v_num=73760, train_loss_step=0.00668, val_loss=0.00955, val_acc=0.997, train_loss_epoch=0.0146]Epoch 16:   3%|▎         | 5/144 [00:00<00:05, 24.85it/s, v_num=73760, train_loss_step=0.00928, val_loss=0.00955, val_acc=0.997, train_loss_epoch=0.0146]Epoch 16:   4%|▍         | 6/144 [00:00<00:05, 25.79it/s, v_num=73760, train_loss_step=0.00928, val_loss=0.00955, val_acc=0.997, train_loss_epoch=0.0146]Epoch 16:   4%|▍         | 6/144 [00:00<00:05, 25.78it/s, v_num=73760, train_loss_step=0.0225, val_loss=0.00955, val_acc=0.997, train_loss_epoch=0.0146] Epoch 16:   5%|▍         | 7/144 [00:00<00:05, 26.68it/s, v_num=73760, train_loss_step=0.0225, val_loss=0.00955, val_acc=0.997, train_loss_epoch=0.0146]Epoch 16:   5%|▍         | 7/144 [00:00<00:05, 26.66it/s, v_num=73760, train_loss_step=0.0155, val_loss=0.00955, val_acc=0.997, train_loss_epoch=0.0146]Epoch 16:   6%|▌         | 8/144 [00:00<00:04, 27.74it/s, v_num=73760, train_loss_step=0.0155, val_loss=0.00955, val_acc=0.997, train_loss_epoch=0.0146]Epoch 16:   6%|▌         | 8/144 [00:00<00:04, 27.72it/s, v_num=73760, train_loss_step=0.00348, val_loss=0.00955, val_acc=0.997, train_loss_epoch=0.0146]Epoch 16:   6%|▋         | 9/144 [00:00<00:04, 28.49it/s, v_num=73760, train_loss_step=0.00348, val_loss=0.00955, val_acc=0.997, train_loss_epoch=0.0146]Epoch 16:   6%|▋         | 9/144 [00:00<00:04, 28.47it/s, v_num=73760, train_loss_step=0.0137, val_loss=0.00955, val_acc=0.997, train_loss_epoch=0.0146] Epoch 16:   7%|▋         | 10/144 [00:00<00:04, 29.16it/s, v_num=73760, train_loss_step=0.0137, val_loss=0.00955, val_acc=0.997, train_loss_epoch=0.0146]Epoch 16:   7%|▋         | 10/144 [00:00<00:04, 29.15it/s, v_num=73760, train_loss_step=0.00691, val_loss=0.00955, val_acc=0.997, train_loss_epoch=0.0146]Epoch 16:   8%|▊         | 11/144 [00:00<00:04, 29.42it/s, v_num=73760, train_loss_step=0.00691, val_loss=0.00955, val_acc=0.997, train_loss_epoch=0.0146]Epoch 16:   8%|▊         | 11/144 [00:00<00:04, 29.40it/s, v_num=73760, train_loss_step=0.00301, val_loss=0.00955, val_acc=0.997, train_loss_epoch=0.0146]Epoch 16:   8%|▊         | 12/144 [00:00<00:04, 29.96it/s, v_num=73760, train_loss_step=0.00301, val_loss=0.00955, val_acc=0.997, train_loss_epoch=0.0146]Epoch 16:   8%|▊         | 12/144 [00:00<00:04, 29.95it/s, v_num=73760, train_loss_step=0.00567, val_loss=0.00955, val_acc=0.997, train_loss_epoch=0.0146]Epoch 16:   9%|▉         | 13/144 [00:00<00:04, 30.46it/s, v_num=73760, train_loss_step=0.00567, val_loss=0.00955, val_acc=0.997, train_loss_epoch=0.0146]Epoch 16:   9%|▉         | 13/144 [00:00<00:04, 30.45it/s, v_num=73760, train_loss_step=0.00353, val_loss=0.00955, val_acc=0.997, train_loss_epoch=0.0146]Epoch 16:  10%|▉         | 14/144 [00:00<00:04, 30.84it/s, v_num=73760, train_loss_step=0.00353, val_loss=0.00955, val_acc=0.997, train_loss_epoch=0.0146]Epoch 16:  10%|▉         | 14/144 [00:00<00:04, 30.83it/s, v_num=73760, train_loss_step=0.00577, val_loss=0.00955, val_acc=0.997, train_loss_epoch=0.0146]Epoch 16:  10%|█         | 15/144 [00:00<00:04, 31.02it/s, v_num=73760, train_loss_step=0.00577, val_loss=0.00955, val_acc=0.997, train_loss_epoch=0.0146]Epoch 16:  10%|█         | 15/144 [00:00<00:04, 31.01it/s, v_num=73760, train_loss_step=0.000792, val_loss=0.00955, val_acc=0.997, train_loss_epoch=0.0146]Epoch 16:  11%|█         | 16/144 [00:00<00:04, 31.35it/s, v_num=73760, train_loss_step=0.000792, val_loss=0.00955, val_acc=0.997, train_loss_epoch=0.0146]Epoch 16:  11%|█         | 16/144 [00:00<00:04, 31.34it/s, v_num=73760, train_loss_step=0.0149, val_loss=0.00955, val_acc=0.997, train_loss_epoch=0.0146]  Epoch 16:  12%|█▏        | 17/144 [00:00<00:04, 31.67it/s, v_num=73760, train_loss_step=0.0149, val_loss=0.00955, val_acc=0.997, train_loss_epoch=0.0146]Epoch 16:  12%|█▏        | 17/144 [00:00<00:04, 31.66it/s, v_num=73760, train_loss_step=0.00442, val_loss=0.00955, val_acc=0.997, train_loss_epoch=0.0146]Epoch 16:  12%|█▎        | 18/144 [00:00<00:03, 31.87it/s, v_num=73760, train_loss_step=0.00442, val_loss=0.00955, val_acc=0.997, train_loss_epoch=0.0146]Epoch 16:  12%|█▎        | 18/144 [00:00<00:03, 31.86it/s, v_num=73760, train_loss_step=0.00506, val_loss=0.00955, val_acc=0.997, train_loss_epoch=0.0146]Epoch 16:  13%|█▎        | 19/144 [00:00<00:03, 31.98it/s, v_num=73760, train_loss_step=0.00506, val_loss=0.00955, val_acc=0.997, train_loss_epoch=0.0146]Epoch 16:  13%|█▎        | 19/144 [00:00<00:03, 31.97it/s, v_num=73760, train_loss_step=0.00667, val_loss=0.00955, val_acc=0.997, train_loss_epoch=0.0146]Epoch 16:  14%|█▍        | 20/144 [00:00<00:03, 32.25it/s, v_num=73760, train_loss_step=0.00667, val_loss=0.00955, val_acc=0.997, train_loss_epoch=0.0146]Epoch 16:  14%|█▍        | 20/144 [00:00<00:03, 32.24it/s, v_num=73760, train_loss_step=0.0215, val_loss=0.00955, val_acc=0.997, train_loss_epoch=0.0146] Epoch 16:  15%|█▍        | 21/144 [00:00<00:03, 32.49it/s, v_num=73760, train_loss_step=0.0215, val_loss=0.00955, val_acc=0.997, train_loss_epoch=0.0146]Epoch 16:  15%|█▍        | 21/144 [00:00<00:03, 32.48it/s, v_num=73760, train_loss_step=0.00113, val_loss=0.00955, val_acc=0.997, train_loss_epoch=0.0146]Epoch 16:  15%|█▌        | 22/144 [00:00<00:03, 32.67it/s, v_num=73760, train_loss_step=0.00113, val_loss=0.00955, val_acc=0.997, train_loss_epoch=0.0146]Epoch 16:  15%|█▌        | 22/144 [00:00<00:03, 32.66it/s, v_num=73760, train_loss_step=0.0223, val_loss=0.00955, val_acc=0.997, train_loss_epoch=0.0146] Epoch 16:  16%|█▌        | 23/144 [00:00<00:03, 32.74it/s, v_num=73760, train_loss_step=0.0223, val_loss=0.00955, val_acc=0.997, train_loss_epoch=0.0146]Epoch 16:  16%|█▌        | 23/144 [00:00<00:03, 32.73it/s, v_num=73760, train_loss_step=0.012, val_loss=0.00955, val_acc=0.997, train_loss_epoch=0.0146] Epoch 16:  17%|█▋        | 24/144 [00:00<00:03, 32.95it/s, v_num=73760, train_loss_step=0.012, val_loss=0.00955, val_acc=0.997, train_loss_epoch=0.0146]Epoch 16:  17%|█▋        | 24/144 [00:00<00:03, 32.94it/s, v_num=73760, train_loss_step=0.00492, val_loss=0.00955, val_acc=0.997, train_loss_epoch=0.0146]Epoch 16:  17%|█▋        | 25/144 [00:00<00:03, 33.14it/s, v_num=73760, train_loss_step=0.00492, val_loss=0.00955, val_acc=0.997, train_loss_epoch=0.0146]Epoch 16:  17%|█▋        | 25/144 [00:00<00:03, 33.13it/s, v_num=73760, train_loss_step=0.0182, val_loss=0.00955, val_acc=0.997, train_loss_epoch=0.0146] Epoch 16:  18%|█▊        | 26/144 [00:00<00:03, 33.22it/s, v_num=73760, train_loss_step=0.0182, val_loss=0.00955, val_acc=0.997, train_loss_epoch=0.0146]Epoch 16:  18%|█▊        | 26/144 [00:00<00:03, 33.22it/s, v_num=73760, train_loss_step=0.00253, val_loss=0.00955, val_acc=0.997, train_loss_epoch=0.0146]Epoch 16:  19%|█▉        | 27/144 [00:00<00:03, 33.21it/s, v_num=73760, train_loss_step=0.00253, val_loss=0.00955, val_acc=0.997, train_loss_epoch=0.0146]Epoch 16:  19%|█▉        | 27/144 [00:00<00:03, 33.21it/s, v_num=73760, train_loss_step=0.00203, val_loss=0.00955, val_acc=0.997, train_loss_epoch=0.0146]Epoch 16:  19%|█▉        | 28/144 [00:00<00:03, 33.31it/s, v_num=73760, train_loss_step=0.00203, val_loss=0.00955, val_acc=0.997, train_loss_epoch=0.0146]Epoch 16:  19%|█▉        | 28/144 [00:00<00:03, 33.30it/s, v_num=73760, train_loss_step=0.00889, val_loss=0.00955, val_acc=0.997, train_loss_epoch=0.0146]Epoch 16:  20%|██        | 29/144 [00:00<00:03, 33.43it/s, v_num=73760, train_loss_step=0.00889, val_loss=0.00955, val_acc=0.997, train_loss_epoch=0.0146]Epoch 16:  20%|██        | 29/144 [00:00<00:03, 33.43it/s, v_num=73760, train_loss_step=0.00337, val_loss=0.00955, val_acc=0.997, train_loss_epoch=0.0146]Epoch 16:  21%|██        | 30/144 [00:00<00:03, 33.55it/s, v_num=73760, train_loss_step=0.00337, val_loss=0.00955, val_acc=0.997, train_loss_epoch=0.0146]Epoch 16:  21%|██        | 30/144 [00:00<00:03, 33.54it/s, v_num=73760, train_loss_step=0.0109, val_loss=0.00955, val_acc=0.997, train_loss_epoch=0.0146] Epoch 16:  22%|██▏       | 31/144 [00:00<00:03, 33.56it/s, v_num=73760, train_loss_step=0.0109, val_loss=0.00955, val_acc=0.997, train_loss_epoch=0.0146]Epoch 16:  22%|██▏       | 31/144 [00:00<00:03, 33.55it/s, v_num=73760, train_loss_step=0.0223, val_loss=0.00955, val_acc=0.997, train_loss_epoch=0.0146]Epoch 16:  22%|██▏       | 32/144 [00:00<00:03, 33.66it/s, v_num=73760, train_loss_step=0.0223, val_loss=0.00955, val_acc=0.997, train_loss_epoch=0.0146]Epoch 16:  22%|██▏       | 32/144 [00:00<00:03, 33.65it/s, v_num=73760, train_loss_step=0.0303, val_loss=0.00955, val_acc=0.997, train_loss_epoch=0.0146]Epoch 16:  23%|██▎       | 33/144 [00:00<00:03, 33.75it/s, v_num=73760, train_loss_step=0.0303, val_loss=0.00955, val_acc=0.997, train_loss_epoch=0.0146]Epoch 16:  23%|██▎       | 33/144 [00:00<00:03, 33.74it/s, v_num=73760, train_loss_step=0.0125, val_loss=0.00955, val_acc=0.997, train_loss_epoch=0.0146]Epoch 16:  24%|██▎       | 34/144 [00:01<00:03, 33.82it/s, v_num=73760, train_loss_step=0.0125, val_loss=0.00955, val_acc=0.997, train_loss_epoch=0.0146]Epoch 16:  24%|██▎       | 34/144 [00:01<00:03, 33.82it/s, v_num=73760, train_loss_step=0.0118, val_loss=0.00955, val_acc=0.997, train_loss_epoch=0.0146]Epoch 16:  24%|██▍       | 35/144 [00:01<00:03, 33.81it/s, v_num=73760, train_loss_step=0.0118, val_loss=0.00955, val_acc=0.997, train_loss_epoch=0.0146]Epoch 16:  24%|██▍       | 35/144 [00:01<00:03, 33.80it/s, v_num=73760, train_loss_step=0.00883, val_loss=0.00955, val_acc=0.997, train_loss_epoch=0.0146]Epoch 16:  25%|██▌       | 36/144 [00:01<00:03, 33.91it/s, v_num=73760, train_loss_step=0.00883, val_loss=0.00955, val_acc=0.997, train_loss_epoch=0.0146]Epoch 16:  25%|██▌       | 36/144 [00:01<00:03, 33.90it/s, v_num=73760, train_loss_step=0.0272, val_loss=0.00955, val_acc=0.997, train_loss_epoch=0.0146] Epoch 16:  26%|██▌       | 37/144 [00:01<00:03, 33.99it/s, v_num=73760, train_loss_step=0.0272, val_loss=0.00955, val_acc=0.997, train_loss_epoch=0.0146]Epoch 16:  26%|██▌       | 37/144 [00:01<00:03, 33.98it/s, v_num=73760, train_loss_step=0.017, val_loss=0.00955, val_acc=0.997, train_loss_epoch=0.0146] Epoch 16:  26%|██▋       | 38/144 [00:01<00:03, 34.05it/s, v_num=73760, train_loss_step=0.017, val_loss=0.00955, val_acc=0.997, train_loss_epoch=0.0146]Epoch 16:  26%|██▋       | 38/144 [00:01<00:03, 34.05it/s, v_num=73760, train_loss_step=0.00447, val_loss=0.00955, val_acc=0.997, train_loss_epoch=0.0146]Epoch 16:  27%|██▋       | 39/144 [00:01<00:03, 34.06it/s, v_num=73760, train_loss_step=0.00447, val_loss=0.00955, val_acc=0.997, train_loss_epoch=0.0146]Epoch 16:  27%|██▋       | 39/144 [00:01<00:03, 34.06it/s, v_num=73760, train_loss_step=0.0198, val_loss=0.00955, val_acc=0.997, train_loss_epoch=0.0146] Epoch 16:  28%|██▊       | 40/144 [00:01<00:03, 34.12it/s, v_num=73760, train_loss_step=0.0198, val_loss=0.00955, val_acc=0.997, train_loss_epoch=0.0146]Epoch 16:  28%|██▊       | 40/144 [00:01<00:03, 34.11it/s, v_num=73760, train_loss_step=0.00449, val_loss=0.00955, val_acc=0.997, train_loss_epoch=0.0146]Epoch 16:  28%|██▊       | 41/144 [00:01<00:03, 34.16it/s, v_num=73760, train_loss_step=0.00449, val_loss=0.00955, val_acc=0.997, train_loss_epoch=0.0146]Epoch 16:  28%|██▊       | 41/144 [00:01<00:03, 34.15it/s, v_num=73760, train_loss_step=0.0384, val_loss=0.00955, val_acc=0.997, train_loss_epoch=0.0146] Epoch 16:  29%|██▉       | 42/144 [00:01<00:02, 34.20it/s, v_num=73760, train_loss_step=0.0384, val_loss=0.00955, val_acc=0.997, train_loss_epoch=0.0146]Epoch 16:  29%|██▉       | 42/144 [00:01<00:02, 34.20it/s, v_num=73760, train_loss_step=0.00771, val_loss=0.00955, val_acc=0.997, train_loss_epoch=0.0146]Epoch 16:  30%|██▉       | 43/144 [00:01<00:02, 34.16it/s, v_num=73760, train_loss_step=0.00771, val_loss=0.00955, val_acc=0.997, train_loss_epoch=0.0146]Epoch 16:  30%|██▉       | 43/144 [00:01<00:02, 34.15it/s, v_num=73760, train_loss_step=0.00716, val_loss=0.00955, val_acc=0.997, train_loss_epoch=0.0146]Epoch 16:  31%|███       | 44/144 [00:01<00:02, 34.17it/s, v_num=73760, train_loss_step=0.00716, val_loss=0.00955, val_acc=0.997, train_loss_epoch=0.0146]Epoch 16:  31%|███       | 44/144 [00:01<00:02, 34.17it/s, v_num=73760, train_loss_step=0.00336, val_loss=0.00955, val_acc=0.997, train_loss_epoch=0.0146]Epoch 16:  31%|███▏      | 45/144 [00:01<00:02, 33.97it/s, v_num=73760, train_loss_step=0.00336, val_loss=0.00955, val_acc=0.997, train_loss_epoch=0.0146]Epoch 16:  31%|███▏      | 45/144 [00:01<00:02, 33.96it/s, v_num=73760, train_loss_step=0.0103, val_loss=0.00955, val_acc=0.997, train_loss_epoch=0.0146] Epoch 16:  32%|███▏      | 46/144 [00:01<00:02, 33.92it/s, v_num=73760, train_loss_step=0.0103, val_loss=0.00955, val_acc=0.997, train_loss_epoch=0.0146]Epoch 16:  32%|███▏      | 46/144 [00:01<00:02, 33.92it/s, v_num=73760, train_loss_step=0.0171, val_loss=0.00955, val_acc=0.997, train_loss_epoch=0.0146]Epoch 16:  33%|███▎      | 47/144 [00:01<00:02, 33.97it/s, v_num=73760, train_loss_step=0.0171, val_loss=0.00955, val_acc=0.997, train_loss_epoch=0.0146]Epoch 16:  33%|███▎      | 47/144 [00:01<00:02, 33.96it/s, v_num=73760, train_loss_step=0.00907, val_loss=0.00955, val_acc=0.997, train_loss_epoch=0.0146]Epoch 16:  33%|███▎      | 48/144 [00:01<00:02, 34.01it/s, v_num=73760, train_loss_step=0.00907, val_loss=0.00955, val_acc=0.997, train_loss_epoch=0.0146]Epoch 16:  33%|███▎      | 48/144 [00:01<00:02, 34.00it/s, v_num=73760, train_loss_step=0.00793, val_loss=0.00955, val_acc=0.997, train_loss_epoch=0.0146]Epoch 16:  34%|███▍      | 49/144 [00:01<00:02, 34.07it/s, v_num=73760, train_loss_step=0.00793, val_loss=0.00955, val_acc=0.997, train_loss_epoch=0.0146]Epoch 16:  34%|███▍      | 49/144 [00:01<00:02, 34.06it/s, v_num=73760, train_loss_step=0.0185, val_loss=0.00955, val_acc=0.997, train_loss_epoch=0.0146] Epoch 16:  35%|███▍      | 50/144 [00:01<00:02, 34.04it/s, v_num=73760, train_loss_step=0.0185, val_loss=0.00955, val_acc=0.997, train_loss_epoch=0.0146]Epoch 16:  35%|███▍      | 50/144 [00:01<00:02, 34.04it/s, v_num=73760, train_loss_step=0.0284, val_loss=0.00955, val_acc=0.997, train_loss_epoch=0.0146]Epoch 16:  35%|███▌      | 51/144 [00:01<00:02, 34.04it/s, v_num=73760, train_loss_step=0.0284, val_loss=0.00955, val_acc=0.997, train_loss_epoch=0.0146]Epoch 16:  35%|███▌      | 51/144 [00:01<00:02, 34.04it/s, v_num=73760, train_loss_step=0.00867, val_loss=0.00955, val_acc=0.997, train_loss_epoch=0.0146]Epoch 16:  36%|███▌      | 52/144 [00:01<00:02, 34.09it/s, v_num=73760, train_loss_step=0.00867, val_loss=0.00955, val_acc=0.997, train_loss_epoch=0.0146]Epoch 16:  36%|███▌      | 52/144 [00:01<00:02, 34.09it/s, v_num=73760, train_loss_step=0.0302, val_loss=0.00955, val_acc=0.997, train_loss_epoch=0.0146] Epoch 16:  37%|███▋      | 53/144 [00:01<00:02, 34.14it/s, v_num=73760, train_loss_step=0.0302, val_loss=0.00955, val_acc=0.997, train_loss_epoch=0.0146]Epoch 16:  37%|███▋      | 53/144 [00:01<00:02, 34.14it/s, v_num=73760, train_loss_step=0.041, val_loss=0.00955, val_acc=0.997, train_loss_epoch=0.0146] Epoch 16:  38%|███▊      | 54/144 [00:01<00:02, 34.10it/s, v_num=73760, train_loss_step=0.041, val_loss=0.00955, val_acc=0.997, train_loss_epoch=0.0146]Epoch 16:  38%|███▊      | 54/144 [00:01<00:02, 34.09it/s, v_num=73760, train_loss_step=0.0067, val_loss=0.00955, val_acc=0.997, train_loss_epoch=0.0146]Epoch 16:  38%|███▊      | 55/144 [00:01<00:02, 34.16it/s, v_num=73760, train_loss_step=0.0067, val_loss=0.00955, val_acc=0.997, train_loss_epoch=0.0146]Epoch 16:  38%|███▊      | 55/144 [00:01<00:02, 34.16it/s, v_num=73760, train_loss_step=0.0101, val_loss=0.00955, val_acc=0.997, train_loss_epoch=0.0146]Epoch 16:  39%|███▉      | 56/144 [00:01<00:02, 34.24it/s, v_num=73760, train_loss_step=0.0101, val_loss=0.00955, val_acc=0.997, train_loss_epoch=0.0146]Epoch 16:  39%|███▉      | 56/144 [00:01<00:02, 34.23it/s, v_num=73760, train_loss_step=0.0157, val_loss=0.00955, val_acc=0.997, train_loss_epoch=0.0146]Epoch 16:  40%|███▉      | 57/144 [00:01<00:02, 34.27it/s, v_num=73760, train_loss_step=0.0157, val_loss=0.00955, val_acc=0.997, train_loss_epoch=0.0146]Epoch 16:  40%|███▉      | 57/144 [00:01<00:02, 34.27it/s, v_num=73760, train_loss_step=0.00784, val_loss=0.00955, val_acc=0.997, train_loss_epoch=0.0146]Epoch 16:  40%|████      | 58/144 [00:01<00:02, 34.26it/s, v_num=73760, train_loss_step=0.00784, val_loss=0.00955, val_acc=0.997, train_loss_epoch=0.0146]Epoch 16:  40%|████      | 58/144 [00:01<00:02, 34.25it/s, v_num=73760, train_loss_step=0.0111, val_loss=0.00955, val_acc=0.997, train_loss_epoch=0.0146] Epoch 16:  41%|████      | 59/144 [00:01<00:02, 34.31it/s, v_num=73760, train_loss_step=0.0111, val_loss=0.00955, val_acc=0.997, train_loss_epoch=0.0146]Epoch 16:  41%|████      | 59/144 [00:01<00:02, 34.31it/s, v_num=73760, train_loss_step=0.0121, val_loss=0.00955, val_acc=0.997, train_loss_epoch=0.0146]Epoch 16:  42%|████▏     | 60/144 [00:01<00:02, 34.33it/s, v_num=73760, train_loss_step=0.0121, val_loss=0.00955, val_acc=0.997, train_loss_epoch=0.0146]Epoch 16:  42%|████▏     | 60/144 [00:01<00:02, 34.33it/s, v_num=73760, train_loss_step=0.0356, val_loss=0.00955, val_acc=0.997, train_loss_epoch=0.0146]Epoch 16:  42%|████▏     | 61/144 [00:01<00:02, 34.30it/s, v_num=73760, train_loss_step=0.0356, val_loss=0.00955, val_acc=0.997, train_loss_epoch=0.0146]Epoch 16:  42%|████▏     | 61/144 [00:01<00:02, 34.29it/s, v_num=73760, train_loss_step=0.00607, val_loss=0.00955, val_acc=0.997, train_loss_epoch=0.0146]Epoch 16:  43%|████▎     | 62/144 [00:01<00:02, 34.30it/s, v_num=73760, train_loss_step=0.00607, val_loss=0.00955, val_acc=0.997, train_loss_epoch=0.0146]Epoch 16:  43%|████▎     | 62/144 [00:01<00:02, 34.30it/s, v_num=73760, train_loss_step=0.00823, val_loss=0.00955, val_acc=0.997, train_loss_epoch=0.0146]Epoch 16:  44%|████▍     | 63/144 [00:01<00:02, 34.35it/s, v_num=73760, train_loss_step=0.00823, val_loss=0.00955, val_acc=0.997, train_loss_epoch=0.0146]Epoch 16:  44%|████▍     | 63/144 [00:01<00:02, 34.35it/s, v_num=73760, train_loss_step=0.0291, val_loss=0.00955, val_acc=0.997, train_loss_epoch=0.0146] Epoch 16:  44%|████▍     | 64/144 [00:01<00:02, 34.40it/s, v_num=73760, train_loss_step=0.0291, val_loss=0.00955, val_acc=0.997, train_loss_epoch=0.0146]Epoch 16:  44%|████▍     | 64/144 [00:01<00:02, 34.39it/s, v_num=73760, train_loss_step=0.0105, val_loss=0.00955, val_acc=0.997, train_loss_epoch=0.0146]Epoch 16:  45%|████▌     | 65/144 [00:01<00:02, 34.40it/s, v_num=73760, train_loss_step=0.0105, val_loss=0.00955, val_acc=0.997, train_loss_epoch=0.0146]Epoch 16:  45%|████▌     | 65/144 [00:01<00:02, 34.40it/s, v_num=73760, train_loss_step=0.0157, val_loss=0.00955, val_acc=0.997, train_loss_epoch=0.0146]Epoch 16:  46%|████▌     | 66/144 [00:01<00:02, 34.40it/s, v_num=73760, train_loss_step=0.0157, val_loss=0.00955, val_acc=0.997, train_loss_epoch=0.0146]Epoch 16:  46%|████▌     | 66/144 [00:01<00:02, 34.39it/s, v_num=73760, train_loss_step=0.00473, val_loss=0.00955, val_acc=0.997, train_loss_epoch=0.0146]Epoch 16:  47%|████▋     | 67/144 [00:01<00:02, 34.46it/s, v_num=73760, train_loss_step=0.00473, val_loss=0.00955, val_acc=0.997, train_loss_epoch=0.0146]Epoch 16:  47%|████▋     | 67/144 [00:01<00:02, 34.45it/s, v_num=73760, train_loss_step=0.0362, val_loss=0.00955, val_acc=0.997, train_loss_epoch=0.0146] Epoch 16:  47%|████▋     | 68/144 [00:01<00:02, 34.52it/s, v_num=73760, train_loss_step=0.0362, val_loss=0.00955, val_acc=0.997, train_loss_epoch=0.0146]Epoch 16:  47%|████▋     | 68/144 [00:01<00:02, 34.51it/s, v_num=73760, train_loss_step=0.00983, val_loss=0.00955, val_acc=0.997, train_loss_epoch=0.0146]Epoch 16:  48%|████▊     | 69/144 [00:01<00:02, 34.53it/s, v_num=73760, train_loss_step=0.00983, val_loss=0.00955, val_acc=0.997, train_loss_epoch=0.0146]Epoch 16:  48%|████▊     | 69/144 [00:01<00:02, 34.53it/s, v_num=73760, train_loss_step=0.0242, val_loss=0.00955, val_acc=0.997, train_loss_epoch=0.0146] Epoch 16:  49%|████▊     | 70/144 [00:02<00:02, 34.52it/s, v_num=73760, train_loss_step=0.0242, val_loss=0.00955, val_acc=0.997, train_loss_epoch=0.0146]Epoch 16:  49%|████▊     | 70/144 [00:02<00:02, 34.52it/s, v_num=73760, train_loss_step=0.0163, val_loss=0.00955, val_acc=0.997, train_loss_epoch=0.0146]Epoch 16:  49%|████▉     | 71/144 [00:02<00:02, 34.58it/s, v_num=73760, train_loss_step=0.0163, val_loss=0.00955, val_acc=0.997, train_loss_epoch=0.0146]Epoch 16:  49%|████▉     | 71/144 [00:02<00:02, 34.57it/s, v_num=73760, train_loss_step=0.0202, val_loss=0.00955, val_acc=0.997, train_loss_epoch=0.0146]Epoch 16:  50%|█████     | 72/144 [00:02<00:02, 34.62it/s, v_num=73760, train_loss_step=0.0202, val_loss=0.00955, val_acc=0.997, train_loss_epoch=0.0146]Epoch 16:  50%|█████     | 72/144 [00:02<00:02, 34.62it/s, v_num=73760, train_loss_step=0.00554, val_loss=0.00955, val_acc=0.997, train_loss_epoch=0.0146]Epoch 16:  51%|█████     | 73/144 [00:02<00:02, 34.66it/s, v_num=73760, train_loss_step=0.00554, val_loss=0.00955, val_acc=0.997, train_loss_epoch=0.0146]Epoch 16:  51%|█████     | 73/144 [00:02<00:02, 34.65it/s, v_num=73760, train_loss_step=0.019, val_loss=0.00955, val_acc=0.997, train_loss_epoch=0.0146]  Epoch 16:  51%|█████▏    | 74/144 [00:02<00:02, 34.65it/s, v_num=73760, train_loss_step=0.019, val_loss=0.00955, val_acc=0.997, train_loss_epoch=0.0146]Epoch 16:  51%|█████▏    | 74/144 [00:02<00:02, 34.65it/s, v_num=73760, train_loss_step=0.00407, val_loss=0.00955, val_acc=0.997, train_loss_epoch=0.0146]Epoch 16:  52%|█████▏    | 75/144 [00:02<00:01, 34.68it/s, v_num=73760, train_loss_step=0.00407, val_loss=0.00955, val_acc=0.997, train_loss_epoch=0.0146]Epoch 16:  52%|█████▏    | 75/144 [00:02<00:01, 34.68it/s, v_num=73760, train_loss_step=0.0201, val_loss=0.00955, val_acc=0.997, train_loss_epoch=0.0146] Epoch 16:  53%|█████▎    | 76/144 [00:02<00:01, 34.72it/s, v_num=73760, train_loss_step=0.0201, val_loss=0.00955, val_acc=0.997, train_loss_epoch=0.0146]Epoch 16:  53%|█████▎    | 76/144 [00:02<00:01, 34.72it/s, v_num=73760, train_loss_step=0.0206, val_loss=0.00955, val_acc=0.997, train_loss_epoch=0.0146]Epoch 16:  53%|█████▎    | 77/144 [00:02<00:01, 34.75it/s, v_num=73760, train_loss_step=0.0206, val_loss=0.00955, val_acc=0.997, train_loss_epoch=0.0146]Epoch 16:  53%|█████▎    | 77/144 [00:02<00:01, 34.75it/s, v_num=73760, train_loss_step=0.0203, val_loss=0.00955, val_acc=0.997, train_loss_epoch=0.0146]Epoch 16:  54%|█████▍    | 78/144 [00:02<00:01, 34.67it/s, v_num=73760, train_loss_step=0.0203, val_loss=0.00955, val_acc=0.997, train_loss_epoch=0.0146]Epoch 16:  54%|█████▍    | 78/144 [00:02<00:01, 34.66it/s, v_num=73760, train_loss_step=0.010, val_loss=0.00955, val_acc=0.997, train_loss_epoch=0.0146] Epoch 16:  55%|█████▍    | 79/144 [00:02<00:01, 34.70it/s, v_num=73760, train_loss_step=0.010, val_loss=0.00955, val_acc=0.997, train_loss_epoch=0.0146]Epoch 16:  55%|█████▍    | 79/144 [00:02<00:01, 34.70it/s, v_num=73760, train_loss_step=0.00621, val_loss=0.00955, val_acc=0.997, train_loss_epoch=0.0146]Epoch 16:  56%|█████▌    | 80/144 [00:02<00:01, 34.75it/s, v_num=73760, train_loss_step=0.00621, val_loss=0.00955, val_acc=0.997, train_loss_epoch=0.0146]Epoch 16:  56%|█████▌    | 80/144 [00:02<00:01, 34.75it/s, v_num=73760, train_loss_step=0.0194, val_loss=0.00955, val_acc=0.997, train_loss_epoch=0.0146] Epoch 16:  56%|█████▋    | 81/144 [00:02<00:01, 34.79it/s, v_num=73760, train_loss_step=0.0194, val_loss=0.00955, val_acc=0.997, train_loss_epoch=0.0146]Epoch 16:  56%|█████▋    | 81/144 [00:02<00:01, 34.79it/s, v_num=73760, train_loss_step=0.00845, val_loss=0.00955, val_acc=0.997, train_loss_epoch=0.0146]Epoch 16:  57%|█████▋    | 82/144 [00:02<00:01, 34.80it/s, v_num=73760, train_loss_step=0.00845, val_loss=0.00955, val_acc=0.997, train_loss_epoch=0.0146]Epoch 16:  57%|█████▋    | 82/144 [00:02<00:01, 34.80it/s, v_num=73760, train_loss_step=0.032, val_loss=0.00955, val_acc=0.997, train_loss_epoch=0.0146]  Epoch 16:  58%|█████▊    | 83/144 [00:02<00:01, 34.85it/s, v_num=73760, train_loss_step=0.032, val_loss=0.00955, val_acc=0.997, train_loss_epoch=0.0146]Epoch 16:  58%|█████▊    | 83/144 [00:02<00:01, 34.85it/s, v_num=73760, train_loss_step=0.00799, val_loss=0.00955, val_acc=0.997, train_loss_epoch=0.0146]Epoch 16:  58%|█████▊    | 84/144 [00:02<00:01, 34.88it/s, v_num=73760, train_loss_step=0.00799, val_loss=0.00955, val_acc=0.997, train_loss_epoch=0.0146]Epoch 16:  58%|█████▊    | 84/144 [00:02<00:01, 34.88it/s, v_num=73760, train_loss_step=0.0129, val_loss=0.00955, val_acc=0.997, train_loss_epoch=0.0146] Epoch 16:  59%|█████▉    | 85/144 [00:02<00:01, 34.91it/s, v_num=73760, train_loss_step=0.0129, val_loss=0.00955, val_acc=0.997, train_loss_epoch=0.0146]Epoch 16:  59%|█████▉    | 85/144 [00:02<00:01, 34.91it/s, v_num=73760, train_loss_step=0.0125, val_loss=0.00955, val_acc=0.997, train_loss_epoch=0.0146]Epoch 16:  60%|█████▉    | 86/144 [00:02<00:01, 34.89it/s, v_num=73760, train_loss_step=0.0125, val_loss=0.00955, val_acc=0.997, train_loss_epoch=0.0146]Epoch 16:  60%|█████▉    | 86/144 [00:02<00:01, 34.88it/s, v_num=73760, train_loss_step=0.0244, val_loss=0.00955, val_acc=0.997, train_loss_epoch=0.0146]Epoch 16:  60%|██████    | 87/144 [00:02<00:01, 34.92it/s, v_num=73760, train_loss_step=0.0244, val_loss=0.00955, val_acc=0.997, train_loss_epoch=0.0146]Epoch 16:  60%|██████    | 87/144 [00:02<00:01, 34.92it/s, v_num=73760, train_loss_step=0.0116, val_loss=0.00955, val_acc=0.997, train_loss_epoch=0.0146]Epoch 16:  61%|██████    | 88/144 [00:02<00:01, 34.96it/s, v_num=73760, train_loss_step=0.0116, val_loss=0.00955, val_acc=0.997, train_loss_epoch=0.0146]Epoch 16:  61%|██████    | 88/144 [00:02<00:01, 34.96it/s, v_num=73760, train_loss_step=0.0198, val_loss=0.00955, val_acc=0.997, train_loss_epoch=0.0146]Epoch 16:  62%|██████▏   | 89/144 [00:02<00:01, 34.98it/s, v_num=73760, train_loss_step=0.0198, val_loss=0.00955, val_acc=0.997, train_loss_epoch=0.0146]Epoch 16:  62%|██████▏   | 89/144 [00:02<00:01, 34.98it/s, v_num=73760, train_loss_step=0.00655, val_loss=0.00955, val_acc=0.997, train_loss_epoch=0.0146]Epoch 16:  62%|██████▎   | 90/144 [00:02<00:01, 34.96it/s, v_num=73760, train_loss_step=0.00655, val_loss=0.00955, val_acc=0.997, train_loss_epoch=0.0146]Epoch 16:  62%|██████▎   | 90/144 [00:02<00:01, 34.96it/s, v_num=73760, train_loss_step=0.0135, val_loss=0.00955, val_acc=0.997, train_loss_epoch=0.0146] Epoch 16:  63%|██████▎   | 91/144 [00:02<00:01, 35.01it/s, v_num=73760, train_loss_step=0.0135, val_loss=0.00955, val_acc=0.997, train_loss_epoch=0.0146]Epoch 16:  63%|██████▎   | 91/144 [00:02<00:01, 35.00it/s, v_num=73760, train_loss_step=0.0169, val_loss=0.00955, val_acc=0.997, train_loss_epoch=0.0146]Epoch 16:  64%|██████▍   | 92/144 [00:02<00:01, 35.01it/s, v_num=73760, train_loss_step=0.0169, val_loss=0.00955, val_acc=0.997, train_loss_epoch=0.0146]Epoch 16:  64%|██████▍   | 92/144 [00:02<00:01, 35.01it/s, v_num=73760, train_loss_step=0.00765, val_loss=0.00955, val_acc=0.997, train_loss_epoch=0.0146]Epoch 16:  65%|██████▍   | 93/144 [00:02<00:01, 35.05it/s, v_num=73760, train_loss_step=0.00765, val_loss=0.00955, val_acc=0.997, train_loss_epoch=0.0146]Epoch 16:  65%|██████▍   | 93/144 [00:02<00:01, 35.05it/s, v_num=73760, train_loss_step=0.00639, val_loss=0.00955, val_acc=0.997, train_loss_epoch=0.0146]Epoch 16:  65%|██████▌   | 94/144 [00:02<00:01, 35.04it/s, v_num=73760, train_loss_step=0.00639, val_loss=0.00955, val_acc=0.997, train_loss_epoch=0.0146]Epoch 16:  65%|██████▌   | 94/144 [00:02<00:01, 35.04it/s, v_num=73760, train_loss_step=0.0113, val_loss=0.00955, val_acc=0.997, train_loss_epoch=0.0146] Epoch 16:  66%|██████▌   | 95/144 [00:02<00:01, 35.08it/s, v_num=73760, train_loss_step=0.0113, val_loss=0.00955, val_acc=0.997, train_loss_epoch=0.0146]Epoch 16:  66%|██████▌   | 95/144 [00:02<00:01, 35.08it/s, v_num=73760, train_loss_step=0.0354, val_loss=0.00955, val_acc=0.997, train_loss_epoch=0.0146]Epoch 16:  67%|██████▋   | 96/144 [00:02<00:01, 35.11it/s, v_num=73760, train_loss_step=0.0354, val_loss=0.00955, val_acc=0.997, train_loss_epoch=0.0146]Epoch 16:  67%|██████▋   | 96/144 [00:02<00:01, 35.11it/s, v_num=73760, train_loss_step=0.00973, val_loss=0.00955, val_acc=0.997, train_loss_epoch=0.0146]Epoch 16:  67%|██████▋   | 97/144 [00:02<00:01, 35.16it/s, v_num=73760, train_loss_step=0.00973, val_loss=0.00955, val_acc=0.997, train_loss_epoch=0.0146]Epoch 16:  67%|██████▋   | 97/144 [00:02<00:01, 35.16it/s, v_num=73760, train_loss_step=0.0216, val_loss=0.00955, val_acc=0.997, train_loss_epoch=0.0146] Epoch 16:  68%|██████▊   | 98/144 [00:02<00:01, 35.17it/s, v_num=73760, train_loss_step=0.0216, val_loss=0.00955, val_acc=0.997, train_loss_epoch=0.0146]Epoch 16:  68%|██████▊   | 98/144 [00:02<00:01, 35.17it/s, v_num=73760, train_loss_step=0.0177, val_loss=0.00955, val_acc=0.997, train_loss_epoch=0.0146]Epoch 16:  69%|██████▉   | 99/144 [00:02<00:01, 35.23it/s, v_num=73760, train_loss_step=0.0177, val_loss=0.00955, val_acc=0.997, train_loss_epoch=0.0146]Epoch 16:  69%|██████▉   | 99/144 [00:02<00:01, 35.22it/s, v_num=73760, train_loss_step=0.0422, val_loss=0.00955, val_acc=0.997, train_loss_epoch=0.0146]Epoch 16:  69%|██████▉   | 100/144 [00:02<00:01, 35.26it/s, v_num=73760, train_loss_step=0.0422, val_loss=0.00955, val_acc=0.997, train_loss_epoch=0.0146]Epoch 16:  69%|██████▉   | 100/144 [00:02<00:01, 35.26it/s, v_num=73760, train_loss_step=0.00886, val_loss=0.00955, val_acc=0.997, train_loss_epoch=0.0146]Epoch 16:  70%|███████   | 101/144 [00:02<00:01, 35.31it/s, v_num=73760, train_loss_step=0.00886, val_loss=0.00955, val_acc=0.997, train_loss_epoch=0.0146]Epoch 16:  70%|███████   | 101/144 [00:02<00:01, 35.31it/s, v_num=73760, train_loss_step=0.00327, val_loss=0.00955, val_acc=0.997, train_loss_epoch=0.0146]Epoch 16:  71%|███████   | 102/144 [00:02<00:01, 35.31it/s, v_num=73760, train_loss_step=0.00327, val_loss=0.00955, val_acc=0.997, train_loss_epoch=0.0146]Epoch 16:  71%|███████   | 102/144 [00:02<00:01, 35.31it/s, v_num=73760, train_loss_step=0.0405, val_loss=0.00955, val_acc=0.997, train_loss_epoch=0.0146] Epoch 16:  72%|███████▏  | 103/144 [00:02<00:01, 35.25it/s, v_num=73760, train_loss_step=0.0405, val_loss=0.00955, val_acc=0.997, train_loss_epoch=0.0146]Epoch 16:  72%|███████▏  | 103/144 [00:02<00:01, 35.25it/s, v_num=73760, train_loss_step=0.0172, val_loss=0.00955, val_acc=0.997, train_loss_epoch=0.0146]Epoch 16:  72%|███████▏  | 104/144 [00:02<00:01, 35.29it/s, v_num=73760, train_loss_step=0.0172, val_loss=0.00955, val_acc=0.997, train_loss_epoch=0.0146]Epoch 16:  72%|███████▏  | 104/144 [00:02<00:01, 35.29it/s, v_num=73760, train_loss_step=0.00396, val_loss=0.00955, val_acc=0.997, train_loss_epoch=0.0146]Epoch 16:  73%|███████▎  | 105/144 [00:02<00:01, 35.34it/s, v_num=73760, train_loss_step=0.00396, val_loss=0.00955, val_acc=0.997, train_loss_epoch=0.0146]Epoch 16:  73%|███████▎  | 105/144 [00:02<00:01, 35.33it/s, v_num=73760, train_loss_step=0.0116, val_loss=0.00955, val_acc=0.997, train_loss_epoch=0.0146] Epoch 16:  74%|███████▎  | 106/144 [00:02<00:01, 35.38it/s, v_num=73760, train_loss_step=0.0116, val_loss=0.00955, val_acc=0.997, train_loss_epoch=0.0146]Epoch 16:  74%|███████▎  | 106/144 [00:02<00:01, 35.38it/s, v_num=73760, train_loss_step=0.0469, val_loss=0.00955, val_acc=0.997, train_loss_epoch=0.0146]Epoch 16:  74%|███████▍  | 107/144 [00:03<00:01, 35.37it/s, v_num=73760, train_loss_step=0.0469, val_loss=0.00955, val_acc=0.997, train_loss_epoch=0.0146]Epoch 16:  74%|███████▍  | 107/144 [00:03<00:01, 35.37it/s, v_num=73760, train_loss_step=0.018, val_loss=0.00955, val_acc=0.997, train_loss_epoch=0.0146] Epoch 16:  75%|███████▌  | 108/144 [00:03<00:01, 35.35it/s, v_num=73760, train_loss_step=0.018, val_loss=0.00955, val_acc=0.997, train_loss_epoch=0.0146]Epoch 16:  75%|███████▌  | 108/144 [00:03<00:01, 35.35it/s, v_num=73760, train_loss_step=0.00593, val_loss=0.00955, val_acc=0.997, train_loss_epoch=0.0146]Epoch 16:  76%|███████▌  | 109/144 [00:03<00:00, 35.34it/s, v_num=73760, train_loss_step=0.00593, val_loss=0.00955, val_acc=0.997, train_loss_epoch=0.0146]Epoch 16:  76%|███████▌  | 109/144 [00:03<00:00, 35.34it/s, v_num=73760, train_loss_step=0.00758, val_loss=0.00955, val_acc=0.997, train_loss_epoch=0.0146]Epoch 16:  76%|███████▋  | 110/144 [00:03<00:00, 35.32it/s, v_num=73760, train_loss_step=0.00758, val_loss=0.00955, val_acc=0.997, train_loss_epoch=0.0146]Epoch 16:  76%|███████▋  | 110/144 [00:03<00:00, 35.32it/s, v_num=73760, train_loss_step=0.024, val_loss=0.00955, val_acc=0.997, train_loss_epoch=0.0146]  Epoch 16:  77%|███████▋  | 111/144 [00:03<00:00, 35.35it/s, v_num=73760, train_loss_step=0.024, val_loss=0.00955, val_acc=0.997, train_loss_epoch=0.0146]Epoch 16:  77%|███████▋  | 111/144 [00:03<00:00, 35.35it/s, v_num=73760, train_loss_step=0.00666, val_loss=0.00955, val_acc=0.997, train_loss_epoch=0.0146]Epoch 16:  78%|███████▊  | 112/144 [00:03<00:00, 35.34it/s, v_num=73760, train_loss_step=0.00666, val_loss=0.00955, val_acc=0.997, train_loss_epoch=0.0146]Epoch 16:  78%|███████▊  | 112/144 [00:03<00:00, 35.34it/s, v_num=73760, train_loss_step=0.0201, val_loss=0.00955, val_acc=0.997, train_loss_epoch=0.0146] Epoch 16:  78%|███████▊  | 113/144 [00:03<00:00, 35.37it/s, v_num=73760, train_loss_step=0.0201, val_loss=0.00955, val_acc=0.997, train_loss_epoch=0.0146]Epoch 16:  78%|███████▊  | 113/144 [00:03<00:00, 35.37it/s, v_num=73760, train_loss_step=0.0171, val_loss=0.00955, val_acc=0.997, train_loss_epoch=0.0146]Epoch 16:  79%|███████▉  | 114/144 [00:03<00:00, 35.40it/s, v_num=73760, train_loss_step=0.0171, val_loss=0.00955, val_acc=0.997, train_loss_epoch=0.0146]Epoch 16:  79%|███████▉  | 114/144 [00:03<00:00, 35.40it/s, v_num=73760, train_loss_step=0.018, val_loss=0.00955, val_acc=0.997, train_loss_epoch=0.0146] Epoch 16:  80%|███████▉  | 115/144 [00:03<00:00, 35.45it/s, v_num=73760, train_loss_step=0.018, val_loss=0.00955, val_acc=0.997, train_loss_epoch=0.0146]Epoch 16:  80%|███████▉  | 115/144 [00:03<00:00, 35.44it/s, v_num=73760, train_loss_step=0.00129, val_loss=0.00955, val_acc=0.997, train_loss_epoch=0.0146]Epoch 16:  81%|████████  | 116/144 [00:03<00:00, 35.45it/s, v_num=73760, train_loss_step=0.00129, val_loss=0.00955, val_acc=0.997, train_loss_epoch=0.0146]Epoch 16:  81%|████████  | 116/144 [00:03<00:00, 35.44it/s, v_num=73760, train_loss_step=0.00675, val_loss=0.00955, val_acc=0.997, train_loss_epoch=0.0146]Epoch 16:  81%|████████▏ | 117/144 [00:03<00:00, 35.48it/s, v_num=73760, train_loss_step=0.00675, val_loss=0.00955, val_acc=0.997, train_loss_epoch=0.0146]Epoch 16:  81%|████████▏ | 117/144 [00:03<00:00, 35.48it/s, v_num=73760, train_loss_step=0.0491, val_loss=0.00955, val_acc=0.997, train_loss_epoch=0.0146] Epoch 16:  82%|████████▏ | 118/144 [00:03<00:00, 35.48it/s, v_num=73760, train_loss_step=0.0491, val_loss=0.00955, val_acc=0.997, train_loss_epoch=0.0146]Epoch 16:  82%|████████▏ | 118/144 [00:03<00:00, 35.48it/s, v_num=73760, train_loss_step=0.0319, val_loss=0.00955, val_acc=0.997, train_loss_epoch=0.0146]Epoch 16:  83%|████████▎ | 119/144 [00:03<00:00, 35.52it/s, v_num=73760, train_loss_step=0.0319, val_loss=0.00955, val_acc=0.997, train_loss_epoch=0.0146]Epoch 16:  83%|████████▎ | 119/144 [00:03<00:00, 35.52it/s, v_num=73760, train_loss_step=0.0109, val_loss=0.00955, val_acc=0.997, train_loss_epoch=0.0146]Epoch 16:  83%|████████▎ | 120/144 [00:03<00:00, 35.41it/s, v_num=73760, train_loss_step=0.0109, val_loss=0.00955, val_acc=0.997, train_loss_epoch=0.0146]Epoch 16:  83%|████████▎ | 120/144 [00:03<00:00, 35.41it/s, v_num=73760, train_loss_step=0.0164, val_loss=0.00955, val_acc=0.997, train_loss_epoch=0.0146]Epoch 16:  84%|████████▍ | 121/144 [00:03<00:00, 35.37it/s, v_num=73760, train_loss_step=0.0164, val_loss=0.00955, val_acc=0.997, train_loss_epoch=0.0146]Epoch 16:  84%|████████▍ | 121/144 [00:03<00:00, 35.37it/s, v_num=73760, train_loss_step=0.00202, val_loss=0.00955, val_acc=0.997, train_loss_epoch=0.0146]Epoch 16:  85%|████████▍ | 122/144 [00:03<00:00, 35.41it/s, v_num=73760, train_loss_step=0.00202, val_loss=0.00955, val_acc=0.997, train_loss_epoch=0.0146]Epoch 16:  85%|████████▍ | 122/144 [00:03<00:00, 35.41it/s, v_num=73760, train_loss_step=0.0123, val_loss=0.00955, val_acc=0.997, train_loss_epoch=0.0146] Epoch 16:  85%|████████▌ | 123/144 [00:03<00:00, 35.44it/s, v_num=73760, train_loss_step=0.0123, val_loss=0.00955, val_acc=0.997, train_loss_epoch=0.0146]Epoch 16:  85%|████████▌ | 123/144 [00:03<00:00, 35.44it/s, v_num=73760, train_loss_step=0.0198, val_loss=0.00955, val_acc=0.997, train_loss_epoch=0.0146]Epoch 16:  86%|████████▌ | 124/144 [00:03<00:00, 35.47it/s, v_num=73760, train_loss_step=0.0198, val_loss=0.00955, val_acc=0.997, train_loss_epoch=0.0146]Epoch 16:  86%|████████▌ | 124/144 [00:03<00:00, 35.47it/s, v_num=73760, train_loss_step=0.028, val_loss=0.00955, val_acc=0.997, train_loss_epoch=0.0146] Epoch 16:  87%|████████▋ | 125/144 [00:03<00:00, 35.46it/s, v_num=73760, train_loss_step=0.028, val_loss=0.00955, val_acc=0.997, train_loss_epoch=0.0146]Epoch 16:  87%|████████▋ | 125/144 [00:03<00:00, 35.46it/s, v_num=73760, train_loss_step=0.00863, val_loss=0.00955, val_acc=0.997, train_loss_epoch=0.0146]Epoch 16:  88%|████████▊ | 126/144 [00:03<00:00, 35.40it/s, v_num=73760, train_loss_step=0.00863, val_loss=0.00955, val_acc=0.997, train_loss_epoch=0.0146]Epoch 16:  88%|████████▊ | 126/144 [00:03<00:00, 35.39it/s, v_num=73760, train_loss_step=0.0139, val_loss=0.00955, val_acc=0.997, train_loss_epoch=0.0146] Epoch 16:  88%|████████▊ | 127/144 [00:03<00:00, 35.44it/s, v_num=73760, train_loss_step=0.0139, val_loss=0.00955, val_acc=0.997, train_loss_epoch=0.0146]Epoch 16:  88%|████████▊ | 127/144 [00:03<00:00, 35.43it/s, v_num=73760, train_loss_step=0.00596, val_loss=0.00955, val_acc=0.997, train_loss_epoch=0.0146]Epoch 16:  89%|████████▉ | 128/144 [00:03<00:00, 35.47it/s, v_num=73760, train_loss_step=0.00596, val_loss=0.00955, val_acc=0.997, train_loss_epoch=0.0146]Epoch 16:  89%|████████▉ | 128/144 [00:03<00:00, 35.46it/s, v_num=73760, train_loss_step=0.0167, val_loss=0.00955, val_acc=0.997, train_loss_epoch=0.0146] Epoch 16:  90%|████████▉ | 129/144 [00:03<00:00, 35.50it/s, v_num=73760, train_loss_step=0.0167, val_loss=0.00955, val_acc=0.997, train_loss_epoch=0.0146]Epoch 16:  90%|████████▉ | 129/144 [00:03<00:00, 35.50it/s, v_num=73760, train_loss_step=0.00402, val_loss=0.00955, val_acc=0.997, train_loss_epoch=0.0146]Epoch 16:  90%|█████████ | 130/144 [00:03<00:00, 35.49it/s, v_num=73760, train_loss_step=0.00402, val_loss=0.00955, val_acc=0.997, train_loss_epoch=0.0146]Epoch 16:  90%|█████████ | 130/144 [00:03<00:00, 35.49it/s, v_num=73760, train_loss_step=0.0155, val_loss=0.00955, val_acc=0.997, train_loss_epoch=0.0146] Epoch 16:  91%|█████████ | 131/144 [00:03<00:00, 35.49it/s, v_num=73760, train_loss_step=0.0155, val_loss=0.00955, val_acc=0.997, train_loss_epoch=0.0146]Epoch 16:  91%|█████████ | 131/144 [00:03<00:00, 35.48it/s, v_num=73760, train_loss_step=0.0152, val_loss=0.00955, val_acc=0.997, train_loss_epoch=0.0146]Epoch 16:  92%|█████████▏| 132/144 [00:03<00:00, 35.53it/s, v_num=73760, train_loss_step=0.0152, val_loss=0.00955, val_acc=0.997, train_loss_epoch=0.0146]Epoch 16:  92%|█████████▏| 132/144 [00:03<00:00, 35.52it/s, v_num=73760, train_loss_step=0.00832, val_loss=0.00955, val_acc=0.997, train_loss_epoch=0.0146]Epoch 16:  92%|█████████▏| 133/144 [00:03<00:00, 35.56it/s, v_num=73760, train_loss_step=0.00832, val_loss=0.00955, val_acc=0.997, train_loss_epoch=0.0146]Epoch 16:  92%|█████████▏| 133/144 [00:03<00:00, 35.56it/s, v_num=73760, train_loss_step=0.00751, val_loss=0.00955, val_acc=0.997, train_loss_epoch=0.0146]Epoch 16:  93%|█████████▎| 134/144 [00:03<00:00, 35.60it/s, v_num=73760, train_loss_step=0.00751, val_loss=0.00955, val_acc=0.997, train_loss_epoch=0.0146]Epoch 16:  93%|█████████▎| 134/144 [00:03<00:00, 35.59it/s, v_num=73760, train_loss_step=0.0102, val_loss=0.00955, val_acc=0.997, train_loss_epoch=0.0146] Epoch 16:  94%|█████████▍| 135/144 [00:03<00:00, 35.59it/s, v_num=73760, train_loss_step=0.0102, val_loss=0.00955, val_acc=0.997, train_loss_epoch=0.0146]Epoch 16:  94%|█████████▍| 135/144 [00:03<00:00, 35.58it/s, v_num=73760, train_loss_step=0.013, val_loss=0.00955, val_acc=0.997, train_loss_epoch=0.0146] Epoch 16:  94%|█████████▍| 136/144 [00:03<00:00, 35.62it/s, v_num=73760, train_loss_step=0.013, val_loss=0.00955, val_acc=0.997, train_loss_epoch=0.0146]Epoch 16:  94%|█████████▍| 136/144 [00:03<00:00, 35.62it/s, v_num=73760, train_loss_step=0.0126, val_loss=0.00955, val_acc=0.997, train_loss_epoch=0.0146]Epoch 16:  95%|█████████▌| 137/144 [00:03<00:00, 35.64it/s, v_num=73760, train_loss_step=0.0126, val_loss=0.00955, val_acc=0.997, train_loss_epoch=0.0146]Epoch 16:  95%|█████████▌| 137/144 [00:03<00:00, 35.64it/s, v_num=73760, train_loss_step=0.00843, val_loss=0.00955, val_acc=0.997, train_loss_epoch=0.0146]Epoch 16:  96%|█████████▌| 138/144 [00:03<00:00, 35.67it/s, v_num=73760, train_loss_step=0.00843, val_loss=0.00955, val_acc=0.997, train_loss_epoch=0.0146]Epoch 16:  96%|█████████▌| 138/144 [00:03<00:00, 35.66it/s, v_num=73760, train_loss_step=0.00949, val_loss=0.00955, val_acc=0.997, train_loss_epoch=0.0146]Epoch 16:  97%|█████████▋| 139/144 [00:03<00:00, 35.66it/s, v_num=73760, train_loss_step=0.00949, val_loss=0.00955, val_acc=0.997, train_loss_epoch=0.0146]Epoch 16:  97%|█████████▋| 139/144 [00:03<00:00, 35.66it/s, v_num=73760, train_loss_step=0.00918, val_loss=0.00955, val_acc=0.997, train_loss_epoch=0.0146]Epoch 16:  97%|█████████▋| 140/144 [00:03<00:00, 35.71it/s, v_num=73760, train_loss_step=0.00918, val_loss=0.00955, val_acc=0.997, train_loss_epoch=0.0146]Epoch 16:  97%|█████████▋| 140/144 [00:03<00:00, 35.70it/s, v_num=73760, train_loss_step=0.00301, val_loss=0.00955, val_acc=0.997, train_loss_epoch=0.0146]Epoch 16:  98%|█████████▊| 141/144 [00:03<00:00, 35.74it/s, v_num=73760, train_loss_step=0.00301, val_loss=0.00955, val_acc=0.997, train_loss_epoch=0.0146]Epoch 16:  98%|█████████▊| 141/144 [00:03<00:00, 35.74it/s, v_num=73760, train_loss_step=0.0117, val_loss=0.00955, val_acc=0.997, train_loss_epoch=0.0146] Epoch 16:  99%|█████████▊| 142/144 [00:03<00:00, 35.78it/s, v_num=73760, train_loss_step=0.0117, val_loss=0.00955, val_acc=0.997, train_loss_epoch=0.0146]Epoch 16:  99%|█████████▊| 142/144 [00:03<00:00, 35.78it/s, v_num=73760, train_loss_step=0.0146, val_loss=0.00955, val_acc=0.997, train_loss_epoch=0.0146]Epoch 16:  99%|█████████▉| 143/144 [00:03<00:00, 35.81it/s, v_num=73760, train_loss_step=0.0146, val_loss=0.00955, val_acc=0.997, train_loss_epoch=0.0146]Epoch 16:  99%|█████████▉| 143/144 [00:03<00:00, 35.81it/s, v_num=73760, train_loss_step=0.003, val_loss=0.00955, val_acc=0.997, train_loss_epoch=0.0146] Epoch 16: 100%|██████████| 144/144 [00:04<00:00, 35.77it/s, v_num=73760, train_loss_step=0.003, val_loss=0.00955, val_acc=0.997, train_loss_epoch=0.0146]Epoch 16: 100%|██████████| 144/144 [00:04<00:00, 35.76it/s, v_num=73760, train_loss_step=0.00275, val_loss=0.00955, val_acc=0.997, train_loss_epoch=0.0146]
Validation: |          | 0/? [00:00<?, ?it/s][A
Validation:   0%|          | 0/14 [00:00<?, ?it/s][A
Validation DataLoader 0:   0%|          | 0/14 [00:00<?, ?it/s][A
Validation DataLoader 0:   7%|▋         | 1/14 [00:00<00:00, 137.83it/s][A
Validation DataLoader 0:  14%|█▍        | 2/14 [00:00<00:00, 69.71it/s] [A
Validation DataLoader 0:  21%|██▏       | 3/14 [00:00<00:00, 77.48it/s][A
Validation DataLoader 0:  29%|██▊       | 4/14 [00:00<00:00, 81.93it/s][A
Validation DataLoader 0:  36%|███▌      | 5/14 [00:00<00:00, 84.64it/s][A
Validation DataLoader 0:  43%|████▎     | 6/14 [00:00<00:00, 86.67it/s][A
Validation DataLoader 0:  50%|█████     | 7/14 [00:00<00:00, 87.00it/s][A
Validation DataLoader 0:  57%|█████▋    | 8/14 [00:00<00:00, 84.18it/s][A
Validation DataLoader 0:  64%|██████▍   | 9/14 [00:00<00:00, 82.05it/s][A
Validation DataLoader 0:  71%|███████▏  | 10/14 [00:00<00:00, 80.45it/s][A
Validation DataLoader 0:  79%|███████▊  | 11/14 [00:00<00:00, 78.95it/s][A
Validation DataLoader 0:  86%|████████▌ | 12/14 [00:00<00:00, 78.58it/s][A
Validation DataLoader 0:  93%|█████████▎| 13/14 [00:00<00:00, 79.91it/s][A
Validation DataLoader 0: 100%|██████████| 14/14 [00:00<00:00, 80.98it/s][A
                                                                        [AEpoch 16: 100%|██████████| 144/144 [00:04<00:00, 34.14it/s, v_num=73760, train_loss_step=0.00275, val_loss=0.0154, val_acc=0.997, train_loss_epoch=0.0146] Epoch 16: 100%|██████████| 144/144 [00:04<00:00, 34.13it/s, v_num=73760, train_loss_step=0.00275, val_loss=0.0154, val_acc=0.997, train_loss_epoch=0.0139]Epoch 16:   0%|          | 0/144 [00:00<?, ?it/s, v_num=73760, train_loss_step=0.00275, val_loss=0.0154, val_acc=0.997, train_loss_epoch=0.0139]          Epoch 17:   0%|          | 0/144 [00:00<?, ?it/s, v_num=73760, train_loss_step=0.00275, val_loss=0.0154, val_acc=0.997, train_loss_epoch=0.0139]Epoch 17:   1%|          | 1/144 [00:00<00:12, 11.46it/s, v_num=73760, train_loss_step=0.00275, val_loss=0.0154, val_acc=0.997, train_loss_epoch=0.0139]Epoch 17:   1%|          | 1/144 [00:00<00:12, 11.43it/s, v_num=73760, train_loss_step=0.0336, val_loss=0.0154, val_acc=0.997, train_loss_epoch=0.0139] Epoch 17:   1%|▏         | 2/144 [00:00<00:08, 16.68it/s, v_num=73760, train_loss_step=0.0336, val_loss=0.0154, val_acc=0.997, train_loss_epoch=0.0139]Epoch 17:   1%|▏         | 2/144 [00:00<00:08, 16.66it/s, v_num=73760, train_loss_step=0.00765, val_loss=0.0154, val_acc=0.997, train_loss_epoch=0.0139]Epoch 17:   2%|▏         | 3/144 [00:00<00:06, 20.17it/s, v_num=73760, train_loss_step=0.00765, val_loss=0.0154, val_acc=0.997, train_loss_epoch=0.0139]Epoch 17:   2%|▏         | 3/144 [00:00<00:06, 20.15it/s, v_num=73760, train_loss_step=0.0168, val_loss=0.0154, val_acc=0.997, train_loss_epoch=0.0139] Epoch 17:   3%|▎         | 4/144 [00:00<00:06, 22.59it/s, v_num=73760, train_loss_step=0.0168, val_loss=0.0154, val_acc=0.997, train_loss_epoch=0.0139]Epoch 17:   3%|▎         | 4/144 [00:00<00:06, 22.56it/s, v_num=73760, train_loss_step=0.00553, val_loss=0.0154, val_acc=0.997, train_loss_epoch=0.0139]Epoch 17:   3%|▎         | 5/144 [00:00<00:05, 23.89it/s, v_num=73760, train_loss_step=0.00553, val_loss=0.0154, val_acc=0.997, train_loss_epoch=0.0139]Epoch 17:   3%|▎         | 5/144 [00:00<00:05, 23.87it/s, v_num=73760, train_loss_step=0.00686, val_loss=0.0154, val_acc=0.997, train_loss_epoch=0.0139]Epoch 17:   4%|▍         | 6/144 [00:00<00:05, 25.50it/s, v_num=73760, train_loss_step=0.00686, val_loss=0.0154, val_acc=0.997, train_loss_epoch=0.0139]Epoch 17:   4%|▍         | 6/144 [00:00<00:05, 25.48it/s, v_num=73760, train_loss_step=0.00167, val_loss=0.0154, val_acc=0.997, train_loss_epoch=0.0139]Epoch 17:   5%|▍         | 7/144 [00:00<00:05, 26.63it/s, v_num=73760, train_loss_step=0.00167, val_loss=0.0154, val_acc=0.997, train_loss_epoch=0.0139]Epoch 17:   5%|▍         | 7/144 [00:00<00:05, 26.60it/s, v_num=73760, train_loss_step=0.00518, val_loss=0.0154, val_acc=0.997, train_loss_epoch=0.0139]Epoch 17:   6%|▌         | 8/144 [00:00<00:04, 27.66it/s, v_num=73760, train_loss_step=0.00518, val_loss=0.0154, val_acc=0.997, train_loss_epoch=0.0139]Epoch 17:   6%|▌         | 8/144 [00:00<00:04, 27.64it/s, v_num=73760, train_loss_step=0.0182, val_loss=0.0154, val_acc=0.997, train_loss_epoch=0.0139] Epoch 17:   6%|▋         | 9/144 [00:00<00:04, 28.31it/s, v_num=73760, train_loss_step=0.0182, val_loss=0.0154, val_acc=0.997, train_loss_epoch=0.0139]Epoch 17:   6%|▋         | 9/144 [00:00<00:04, 28.30it/s, v_num=73760, train_loss_step=0.00464, val_loss=0.0154, val_acc=0.997, train_loss_epoch=0.0139]Epoch 17:   7%|▋         | 10/144 [00:00<00:04, 29.10it/s, v_num=73760, train_loss_step=0.00464, val_loss=0.0154, val_acc=0.997, train_loss_epoch=0.0139]Epoch 17:   7%|▋         | 10/144 [00:00<00:04, 29.09it/s, v_num=73760, train_loss_step=0.00225, val_loss=0.0154, val_acc=0.997, train_loss_epoch=0.0139]Epoch 17:   8%|▊         | 11/144 [00:00<00:04, 29.69it/s, v_num=73760, train_loss_step=0.00225, val_loss=0.0154, val_acc=0.997, train_loss_epoch=0.0139]Epoch 17:   8%|▊         | 11/144 [00:00<00:04, 29.68it/s, v_num=73760, train_loss_step=0.0146, val_loss=0.0154, val_acc=0.997, train_loss_epoch=0.0139] Epoch 17:   8%|▊         | 12/144 [00:00<00:04, 30.06it/s, v_num=73760, train_loss_step=0.0146, val_loss=0.0154, val_acc=0.997, train_loss_epoch=0.0139]Epoch 17:   8%|▊         | 12/144 [00:00<00:04, 30.05it/s, v_num=73760, train_loss_step=0.00454, val_loss=0.0154, val_acc=0.997, train_loss_epoch=0.0139]Epoch 17:   9%|▉         | 13/144 [00:00<00:04, 30.31it/s, v_num=73760, train_loss_step=0.00454, val_loss=0.0154, val_acc=0.997, train_loss_epoch=0.0139]Epoch 17:   9%|▉         | 13/144 [00:00<00:04, 30.30it/s, v_num=73760, train_loss_step=0.00923, val_loss=0.0154, val_acc=0.997, train_loss_epoch=0.0139]Epoch 17:  10%|▉         | 14/144 [00:00<00:04, 30.79it/s, v_num=73760, train_loss_step=0.00923, val_loss=0.0154, val_acc=0.997, train_loss_epoch=0.0139]Epoch 17:  10%|▉         | 14/144 [00:00<00:04, 30.78it/s, v_num=73760, train_loss_step=0.0072, val_loss=0.0154, val_acc=0.997, train_loss_epoch=0.0139] Epoch 17:  10%|█         | 15/144 [00:00<00:04, 31.22it/s, v_num=73760, train_loss_step=0.0072, val_loss=0.0154, val_acc=0.997, train_loss_epoch=0.0139]Epoch 17:  10%|█         | 15/144 [00:00<00:04, 31.21it/s, v_num=73760, train_loss_step=0.0142, val_loss=0.0154, val_acc=0.997, train_loss_epoch=0.0139]Epoch 17:  11%|█         | 16/144 [00:00<00:04, 31.68it/s, v_num=73760, train_loss_step=0.0142, val_loss=0.0154, val_acc=0.997, train_loss_epoch=0.0139]Epoch 17:  11%|█         | 16/144 [00:00<00:04, 31.67it/s, v_num=73760, train_loss_step=0.00676, val_loss=0.0154, val_acc=0.997, train_loss_epoch=0.0139]Epoch 17:  12%|█▏        | 17/144 [00:00<00:03, 31.84it/s, v_num=73760, train_loss_step=0.00676, val_loss=0.0154, val_acc=0.997, train_loss_epoch=0.0139]Epoch 17:  12%|█▏        | 17/144 [00:00<00:03, 31.83it/s, v_num=73760, train_loss_step=0.00175, val_loss=0.0154, val_acc=0.997, train_loss_epoch=0.0139]Epoch 17:  12%|█▎        | 18/144 [00:00<00:03, 32.04it/s, v_num=73760, train_loss_step=0.00175, val_loss=0.0154, val_acc=0.997, train_loss_epoch=0.0139]Epoch 17:  12%|█▎        | 18/144 [00:00<00:03, 32.03it/s, v_num=73760, train_loss_step=0.0119, val_loss=0.0154, val_acc=0.997, train_loss_epoch=0.0139] Epoch 17:  13%|█▎        | 19/144 [00:00<00:03, 32.22it/s, v_num=73760, train_loss_step=0.0119, val_loss=0.0154, val_acc=0.997, train_loss_epoch=0.0139]Epoch 17:  13%|█▎        | 19/144 [00:00<00:03, 32.21it/s, v_num=73760, train_loss_step=0.00711, val_loss=0.0154, val_acc=0.997, train_loss_epoch=0.0139]Epoch 17:  14%|█▍        | 20/144 [00:00<00:03, 32.40it/s, v_num=73760, train_loss_step=0.00711, val_loss=0.0154, val_acc=0.997, train_loss_epoch=0.0139]Epoch 17:  14%|█▍        | 20/144 [00:00<00:03, 32.39it/s, v_num=73760, train_loss_step=0.0128, val_loss=0.0154, val_acc=0.997, train_loss_epoch=0.0139] Epoch 17:  15%|█▍        | 21/144 [00:00<00:03, 32.45it/s, v_num=73760, train_loss_step=0.0128, val_loss=0.0154, val_acc=0.997, train_loss_epoch=0.0139]Epoch 17:  15%|█▍        | 21/144 [00:00<00:03, 32.45it/s, v_num=73760, train_loss_step=0.0196, val_loss=0.0154, val_acc=0.997, train_loss_epoch=0.0139]Epoch 17:  15%|█▌        | 22/144 [00:00<00:03, 32.59it/s, v_num=73760, train_loss_step=0.0196, val_loss=0.0154, val_acc=0.997, train_loss_epoch=0.0139]Epoch 17:  15%|█▌        | 22/144 [00:00<00:03, 32.59it/s, v_num=73760, train_loss_step=0.0114, val_loss=0.0154, val_acc=0.997, train_loss_epoch=0.0139]Epoch 17:  16%|█▌        | 23/144 [00:00<00:03, 32.74it/s, v_num=73760, train_loss_step=0.0114, val_loss=0.0154, val_acc=0.997, train_loss_epoch=0.0139]Epoch 17:  16%|█▌        | 23/144 [00:00<00:03, 32.73it/s, v_num=73760, train_loss_step=0.00298, val_loss=0.0154, val_acc=0.997, train_loss_epoch=0.0139]Epoch 17:  17%|█▋        | 24/144 [00:00<00:03, 32.88it/s, v_num=73760, train_loss_step=0.00298, val_loss=0.0154, val_acc=0.997, train_loss_epoch=0.0139]Epoch 17:  17%|█▋        | 24/144 [00:00<00:03, 32.87it/s, v_num=73760, train_loss_step=0.0162, val_loss=0.0154, val_acc=0.997, train_loss_epoch=0.0139] Epoch 17:  17%|█▋        | 25/144 [00:00<00:03, 32.92it/s, v_num=73760, train_loss_step=0.0162, val_loss=0.0154, val_acc=0.997, train_loss_epoch=0.0139]Epoch 17:  17%|█▋        | 25/144 [00:00<00:03, 32.91it/s, v_num=73760, train_loss_step=0.0131, val_loss=0.0154, val_acc=0.997, train_loss_epoch=0.0139]Epoch 17:  18%|█▊        | 26/144 [00:00<00:03, 33.04it/s, v_num=73760, train_loss_step=0.0131, val_loss=0.0154, val_acc=0.997, train_loss_epoch=0.0139]Epoch 17:  18%|█▊        | 26/144 [00:00<00:03, 33.03it/s, v_num=73760, train_loss_step=0.0065, val_loss=0.0154, val_acc=0.997, train_loss_epoch=0.0139]Epoch 17:  19%|█▉        | 27/144 [00:00<00:03, 33.10it/s, v_num=73760, train_loss_step=0.0065, val_loss=0.0154, val_acc=0.997, train_loss_epoch=0.0139]Epoch 17:  19%|█▉        | 27/144 [00:00<00:03, 33.09it/s, v_num=73760, train_loss_step=0.00773, val_loss=0.0154, val_acc=0.997, train_loss_epoch=0.0139]Epoch 17:  19%|█▉        | 28/144 [00:00<00:03, 33.11it/s, v_num=73760, train_loss_step=0.00773, val_loss=0.0154, val_acc=0.997, train_loss_epoch=0.0139]Epoch 17:  19%|█▉        | 28/144 [00:00<00:03, 33.11it/s, v_num=73760, train_loss_step=0.0314, val_loss=0.0154, val_acc=0.997, train_loss_epoch=0.0139] Epoch 17:  20%|██        | 29/144 [00:00<00:03, 33.09it/s, v_num=73760, train_loss_step=0.0314, val_loss=0.0154, val_acc=0.997, train_loss_epoch=0.0139]Epoch 17:  20%|██        | 29/144 [00:00<00:03, 33.08it/s, v_num=73760, train_loss_step=0.00385, val_loss=0.0154, val_acc=0.997, train_loss_epoch=0.0139]Epoch 17:  21%|██        | 30/144 [00:00<00:03, 33.19it/s, v_num=73760, train_loss_step=0.00385, val_loss=0.0154, val_acc=0.997, train_loss_epoch=0.0139]Epoch 17:  21%|██        | 30/144 [00:00<00:03, 33.18it/s, v_num=73760, train_loss_step=0.0102, val_loss=0.0154, val_acc=0.997, train_loss_epoch=0.0139] Epoch 17:  22%|██▏       | 31/144 [00:00<00:03, 33.23it/s, v_num=73760, train_loss_step=0.0102, val_loss=0.0154, val_acc=0.997, train_loss_epoch=0.0139]Epoch 17:  22%|██▏       | 31/144 [00:00<00:03, 33.23it/s, v_num=73760, train_loss_step=0.0108, val_loss=0.0154, val_acc=0.997, train_loss_epoch=0.0139]Epoch 17:  22%|██▏       | 32/144 [00:00<00:03, 33.30it/s, v_num=73760, train_loss_step=0.0108, val_loss=0.0154, val_acc=0.997, train_loss_epoch=0.0139]Epoch 17:  22%|██▏       | 32/144 [00:00<00:03, 33.30it/s, v_num=73760, train_loss_step=0.00888, val_loss=0.0154, val_acc=0.997, train_loss_epoch=0.0139]Epoch 17:  23%|██▎       | 33/144 [00:00<00:03, 33.30it/s, v_num=73760, train_loss_step=0.00888, val_loss=0.0154, val_acc=0.997, train_loss_epoch=0.0139]Epoch 17:  23%|██▎       | 33/144 [00:00<00:03, 33.30it/s, v_num=73760, train_loss_step=0.00799, val_loss=0.0154, val_acc=0.997, train_loss_epoch=0.0139]Epoch 17:  24%|██▎       | 34/144 [00:01<00:03, 33.45it/s, v_num=73760, train_loss_step=0.00799, val_loss=0.0154, val_acc=0.997, train_loss_epoch=0.0139]Epoch 17:  24%|██▎       | 34/144 [00:01<00:03, 33.44it/s, v_num=73760, train_loss_step=0.0197, val_loss=0.0154, val_acc=0.997, train_loss_epoch=0.0139] Epoch 17:  24%|██▍       | 35/144 [00:01<00:03, 33.60it/s, v_num=73760, train_loss_step=0.0197, val_loss=0.0154, val_acc=0.997, train_loss_epoch=0.0139]Epoch 17:  24%|██▍       | 35/144 [00:01<00:03, 33.59it/s, v_num=73760, train_loss_step=0.00488, val_loss=0.0154, val_acc=0.997, train_loss_epoch=0.0139]Epoch 17:  25%|██▌       | 36/144 [00:01<00:03, 33.70it/s, v_num=73760, train_loss_step=0.00488, val_loss=0.0154, val_acc=0.997, train_loss_epoch=0.0139]Epoch 17:  25%|██▌       | 36/144 [00:01<00:03, 33.70it/s, v_num=73760, train_loss_step=0.010, val_loss=0.0154, val_acc=0.997, train_loss_epoch=0.0139]  Epoch 17:  26%|██▌       | 37/144 [00:01<00:03, 33.73it/s, v_num=73760, train_loss_step=0.010, val_loss=0.0154, val_acc=0.997, train_loss_epoch=0.0139]Epoch 17:  26%|██▌       | 37/144 [00:01<00:03, 33.73it/s, v_num=73760, train_loss_step=0.00164, val_loss=0.0154, val_acc=0.997, train_loss_epoch=0.0139]Epoch 17:  26%|██▋       | 38/144 [00:01<00:03, 33.83it/s, v_num=73760, train_loss_step=0.00164, val_loss=0.0154, val_acc=0.997, train_loss_epoch=0.0139]Epoch 17:  26%|██▋       | 38/144 [00:01<00:03, 33.82it/s, v_num=73760, train_loss_step=0.0183, val_loss=0.0154, val_acc=0.997, train_loss_epoch=0.0139] Epoch 17:  27%|██▋       | 39/144 [00:01<00:03, 33.94it/s, v_num=73760, train_loss_step=0.0183, val_loss=0.0154, val_acc=0.997, train_loss_epoch=0.0139]Epoch 17:  27%|██▋       | 39/144 [00:01<00:03, 33.94it/s, v_num=73760, train_loss_step=0.00643, val_loss=0.0154, val_acc=0.997, train_loss_epoch=0.0139]Epoch 17:  28%|██▊       | 40/144 [00:01<00:03, 34.01it/s, v_num=73760, train_loss_step=0.00643, val_loss=0.0154, val_acc=0.997, train_loss_epoch=0.0139]Epoch 17:  28%|██▊       | 40/144 [00:01<00:03, 34.00it/s, v_num=73760, train_loss_step=0.00764, val_loss=0.0154, val_acc=0.997, train_loss_epoch=0.0139]Epoch 17:  28%|██▊       | 41/144 [00:01<00:03, 34.03it/s, v_num=73760, train_loss_step=0.00764, val_loss=0.0154, val_acc=0.997, train_loss_epoch=0.0139]Epoch 17:  28%|██▊       | 41/144 [00:01<00:03, 34.03it/s, v_num=73760, train_loss_step=0.00401, val_loss=0.0154, val_acc=0.997, train_loss_epoch=0.0139]Epoch 17:  29%|██▉       | 42/144 [00:01<00:02, 34.14it/s, v_num=73760, train_loss_step=0.00401, val_loss=0.0154, val_acc=0.997, train_loss_epoch=0.0139]Epoch 17:  29%|██▉       | 42/144 [00:01<00:02, 34.13it/s, v_num=73760, train_loss_step=0.00623, val_loss=0.0154, val_acc=0.997, train_loss_epoch=0.0139]Epoch 17:  30%|██▉       | 43/144 [00:01<00:02, 34.21it/s, v_num=73760, train_loss_step=0.00623, val_loss=0.0154, val_acc=0.997, train_loss_epoch=0.0139]Epoch 17:  30%|██▉       | 43/144 [00:01<00:02, 34.21it/s, v_num=73760, train_loss_step=0.0258, val_loss=0.0154, val_acc=0.997, train_loss_epoch=0.0139] Epoch 17:  31%|███       | 44/144 [00:01<00:02, 34.29it/s, v_num=73760, train_loss_step=0.0258, val_loss=0.0154, val_acc=0.997, train_loss_epoch=0.0139]Epoch 17:  31%|███       | 44/144 [00:01<00:02, 34.28it/s, v_num=73760, train_loss_step=0.0168, val_loss=0.0154, val_acc=0.997, train_loss_epoch=0.0139]Epoch 17:  31%|███▏      | 45/144 [00:01<00:02, 34.28it/s, v_num=73760, train_loss_step=0.0168, val_loss=0.0154, val_acc=0.997, train_loss_epoch=0.0139]Epoch 17:  31%|███▏      | 45/144 [00:01<00:02, 34.27it/s, v_num=73760, train_loss_step=0.00871, val_loss=0.0154, val_acc=0.997, train_loss_epoch=0.0139]Epoch 17:  32%|███▏      | 46/144 [00:01<00:02, 34.36it/s, v_num=73760, train_loss_step=0.00871, val_loss=0.0154, val_acc=0.997, train_loss_epoch=0.0139]Epoch 17:  32%|███▏      | 46/144 [00:01<00:02, 34.36it/s, v_num=73760, train_loss_step=0.00694, val_loss=0.0154, val_acc=0.997, train_loss_epoch=0.0139]Epoch 17:  33%|███▎      | 47/144 [00:01<00:02, 34.41it/s, v_num=73760, train_loss_step=0.00694, val_loss=0.0154, val_acc=0.997, train_loss_epoch=0.0139]Epoch 17:  33%|███▎      | 47/144 [00:01<00:02, 34.40it/s, v_num=73760, train_loss_step=0.0186, val_loss=0.0154, val_acc=0.997, train_loss_epoch=0.0139] Epoch 17:  33%|███▎      | 48/144 [00:01<00:02, 34.49it/s, v_num=73760, train_loss_step=0.0186, val_loss=0.0154, val_acc=0.997, train_loss_epoch=0.0139]Epoch 17:  33%|███▎      | 48/144 [00:01<00:02, 34.48it/s, v_num=73760, train_loss_step=0.00928, val_loss=0.0154, val_acc=0.997, train_loss_epoch=0.0139]Epoch 17:  34%|███▍      | 49/144 [00:01<00:02, 34.50it/s, v_num=73760, train_loss_step=0.00928, val_loss=0.0154, val_acc=0.997, train_loss_epoch=0.0139]Epoch 17:  34%|███▍      | 49/144 [00:01<00:02, 34.50it/s, v_num=73760, train_loss_step=0.0296, val_loss=0.0154, val_acc=0.997, train_loss_epoch=0.0139] Epoch 17:  35%|███▍      | 50/144 [00:01<00:02, 34.58it/s, v_num=73760, train_loss_step=0.0296, val_loss=0.0154, val_acc=0.997, train_loss_epoch=0.0139]Epoch 17:  35%|███▍      | 50/144 [00:01<00:02, 34.58it/s, v_num=73760, train_loss_step=0.0231, val_loss=0.0154, val_acc=0.997, train_loss_epoch=0.0139]Epoch 17:  35%|███▌      | 51/144 [00:01<00:02, 34.63it/s, v_num=73760, train_loss_step=0.0231, val_loss=0.0154, val_acc=0.997, train_loss_epoch=0.0139]Epoch 17:  35%|███▌      | 51/144 [00:01<00:02, 34.62it/s, v_num=73760, train_loss_step=0.00587, val_loss=0.0154, val_acc=0.997, train_loss_epoch=0.0139]Epoch 17:  36%|███▌      | 52/144 [00:01<00:02, 34.67it/s, v_num=73760, train_loss_step=0.00587, val_loss=0.0154, val_acc=0.997, train_loss_epoch=0.0139]Epoch 17:  36%|███▌      | 52/144 [00:01<00:02, 34.66it/s, v_num=73760, train_loss_step=0.00432, val_loss=0.0154, val_acc=0.997, train_loss_epoch=0.0139]Epoch 17:  37%|███▋      | 53/144 [00:01<00:02, 34.65it/s, v_num=73760, train_loss_step=0.00432, val_loss=0.0154, val_acc=0.997, train_loss_epoch=0.0139]Epoch 17:  37%|███▋      | 53/144 [00:01<00:02, 34.64it/s, v_num=73760, train_loss_step=0.013, val_loss=0.0154, val_acc=0.997, train_loss_epoch=0.0139]  Epoch 17:  38%|███▊      | 54/144 [00:01<00:02, 34.71it/s, v_num=73760, train_loss_step=0.013, val_loss=0.0154, val_acc=0.997, train_loss_epoch=0.0139]Epoch 17:  38%|███▊      | 54/144 [00:01<00:02, 34.70it/s, v_num=73760, train_loss_step=0.0174, val_loss=0.0154, val_acc=0.997, train_loss_epoch=0.0139]Epoch 17:  38%|███▊      | 55/144 [00:01<00:02, 34.77it/s, v_num=73760, train_loss_step=0.0174, val_loss=0.0154, val_acc=0.997, train_loss_epoch=0.0139]Epoch 17:  38%|███▊      | 55/144 [00:01<00:02, 34.76it/s, v_num=73760, train_loss_step=0.00276, val_loss=0.0154, val_acc=0.997, train_loss_epoch=0.0139]Epoch 17:  39%|███▉      | 56/144 [00:01<00:02, 34.83it/s, v_num=73760, train_loss_step=0.00276, val_loss=0.0154, val_acc=0.997, train_loss_epoch=0.0139]Epoch 17:  39%|███▉      | 56/144 [00:01<00:02, 34.83it/s, v_num=73760, train_loss_step=0.00433, val_loss=0.0154, val_acc=0.997, train_loss_epoch=0.0139]Epoch 17:  40%|███▉      | 57/144 [00:01<00:02, 34.80it/s, v_num=73760, train_loss_step=0.00433, val_loss=0.0154, val_acc=0.997, train_loss_epoch=0.0139]Epoch 17:  40%|███▉      | 57/144 [00:01<00:02, 34.79it/s, v_num=73760, train_loss_step=0.0025, val_loss=0.0154, val_acc=0.997, train_loss_epoch=0.0139] Epoch 17:  40%|████      | 58/144 [00:01<00:02, 34.83it/s, v_num=73760, train_loss_step=0.0025, val_loss=0.0154, val_acc=0.997, train_loss_epoch=0.0139]Epoch 17:  40%|████      | 58/144 [00:01<00:02, 34.83it/s, v_num=73760, train_loss_step=0.0281, val_loss=0.0154, val_acc=0.997, train_loss_epoch=0.0139]Epoch 17:  41%|████      | 59/144 [00:01<00:02, 34.86it/s, v_num=73760, train_loss_step=0.0281, val_loss=0.0154, val_acc=0.997, train_loss_epoch=0.0139]Epoch 17:  41%|████      | 59/144 [00:01<00:02, 34.86it/s, v_num=73760, train_loss_step=0.0219, val_loss=0.0154, val_acc=0.997, train_loss_epoch=0.0139]Epoch 17:  42%|████▏     | 60/144 [00:01<00:02, 34.90it/s, v_num=73760, train_loss_step=0.0219, val_loss=0.0154, val_acc=0.997, train_loss_epoch=0.0139]Epoch 17:  42%|████▏     | 60/144 [00:01<00:02, 34.89it/s, v_num=73760, train_loss_step=0.00489, val_loss=0.0154, val_acc=0.997, train_loss_epoch=0.0139]Epoch 17:  42%|████▏     | 61/144 [00:01<00:02, 34.88it/s, v_num=73760, train_loss_step=0.00489, val_loss=0.0154, val_acc=0.997, train_loss_epoch=0.0139]Epoch 17:  42%|████▏     | 61/144 [00:01<00:02, 34.88it/s, v_num=73760, train_loss_step=0.00761, val_loss=0.0154, val_acc=0.997, train_loss_epoch=0.0139]Epoch 17:  43%|████▎     | 62/144 [00:01<00:02, 34.93it/s, v_num=73760, train_loss_step=0.00761, val_loss=0.0154, val_acc=0.997, train_loss_epoch=0.0139]Epoch 17:  43%|████▎     | 62/144 [00:01<00:02, 34.92it/s, v_num=73760, train_loss_step=0.030, val_loss=0.0154, val_acc=0.997, train_loss_epoch=0.0139]  Epoch 17:  44%|████▍     | 63/144 [00:01<00:02, 34.96it/s, v_num=73760, train_loss_step=0.030, val_loss=0.0154, val_acc=0.997, train_loss_epoch=0.0139]Epoch 17:  44%|████▍     | 63/144 [00:01<00:02, 34.96it/s, v_num=73760, train_loss_step=0.0019, val_loss=0.0154, val_acc=0.997, train_loss_epoch=0.0139]Epoch 17:  44%|████▍     | 64/144 [00:01<00:02, 34.97it/s, v_num=73760, train_loss_step=0.0019, val_loss=0.0154, val_acc=0.997, train_loss_epoch=0.0139]Epoch 17:  44%|████▍     | 64/144 [00:01<00:02, 34.97it/s, v_num=73760, train_loss_step=0.00738, val_loss=0.0154, val_acc=0.997, train_loss_epoch=0.0139]Epoch 17:  45%|████▌     | 65/144 [00:01<00:02, 34.98it/s, v_num=73760, train_loss_step=0.00738, val_loss=0.0154, val_acc=0.997, train_loss_epoch=0.0139]Epoch 17:  45%|████▌     | 65/144 [00:01<00:02, 34.97it/s, v_num=73760, train_loss_step=0.0243, val_loss=0.0154, val_acc=0.997, train_loss_epoch=0.0139] Epoch 17:  46%|████▌     | 66/144 [00:01<00:02, 35.00it/s, v_num=73760, train_loss_step=0.0243, val_loss=0.0154, val_acc=0.997, train_loss_epoch=0.0139]Epoch 17:  46%|████▌     | 66/144 [00:01<00:02, 35.00it/s, v_num=73760, train_loss_step=0.022, val_loss=0.0154, val_acc=0.997, train_loss_epoch=0.0139] Epoch 17:  47%|████▋     | 67/144 [00:01<00:02, 34.88it/s, v_num=73760, train_loss_step=0.022, val_loss=0.0154, val_acc=0.997, train_loss_epoch=0.0139]Epoch 17:  47%|████▋     | 67/144 [00:01<00:02, 34.88it/s, v_num=73760, train_loss_step=0.00279, val_loss=0.0154, val_acc=0.997, train_loss_epoch=0.0139]Epoch 17:  47%|████▋     | 68/144 [00:01<00:02, 34.88it/s, v_num=73760, train_loss_step=0.00279, val_loss=0.0154, val_acc=0.997, train_loss_epoch=0.0139]Epoch 17:  47%|████▋     | 68/144 [00:01<00:02, 34.88it/s, v_num=73760, train_loss_step=0.0165, val_loss=0.0154, val_acc=0.997, train_loss_epoch=0.0139] Epoch 17:  48%|████▊     | 69/144 [00:01<00:02, 34.85it/s, v_num=73760, train_loss_step=0.0165, val_loss=0.0154, val_acc=0.997, train_loss_epoch=0.0139]Epoch 17:  48%|████▊     | 69/144 [00:01<00:02, 34.85it/s, v_num=73760, train_loss_step=0.0204, val_loss=0.0154, val_acc=0.997, train_loss_epoch=0.0139]Epoch 17:  49%|████▊     | 70/144 [00:02<00:02, 34.91it/s, v_num=73760, train_loss_step=0.0204, val_loss=0.0154, val_acc=0.997, train_loss_epoch=0.0139]Epoch 17:  49%|████▊     | 70/144 [00:02<00:02, 34.90it/s, v_num=73760, train_loss_step=0.0174, val_loss=0.0154, val_acc=0.997, train_loss_epoch=0.0139]Epoch 17:  49%|████▉     | 71/144 [00:02<00:02, 34.95it/s, v_num=73760, train_loss_step=0.0174, val_loss=0.0154, val_acc=0.997, train_loss_epoch=0.0139]Epoch 17:  49%|████▉     | 71/144 [00:02<00:02, 34.95it/s, v_num=73760, train_loss_step=0.0125, val_loss=0.0154, val_acc=0.997, train_loss_epoch=0.0139]Epoch 17:  50%|█████     | 72/144 [00:02<00:02, 35.01it/s, v_num=73760, train_loss_step=0.0125, val_loss=0.0154, val_acc=0.997, train_loss_epoch=0.0139]Epoch 17:  50%|█████     | 72/144 [00:02<00:02, 35.01it/s, v_num=73760, train_loss_step=0.00991, val_loss=0.0154, val_acc=0.997, train_loss_epoch=0.0139]Epoch 17:  51%|█████     | 73/144 [00:02<00:02, 34.98it/s, v_num=73760, train_loss_step=0.00991, val_loss=0.0154, val_acc=0.997, train_loss_epoch=0.0139]Epoch 17:  51%|█████     | 73/144 [00:02<00:02, 34.98it/s, v_num=73760, train_loss_step=0.00258, val_loss=0.0154, val_acc=0.997, train_loss_epoch=0.0139]Epoch 17:  51%|█████▏    | 74/144 [00:02<00:01, 35.03it/s, v_num=73760, train_loss_step=0.00258, val_loss=0.0154, val_acc=0.997, train_loss_epoch=0.0139]Epoch 17:  51%|█████▏    | 74/144 [00:02<00:01, 35.03it/s, v_num=73760, train_loss_step=0.0144, val_loss=0.0154, val_acc=0.997, train_loss_epoch=0.0139] Epoch 17:  52%|█████▏    | 75/144 [00:02<00:01, 35.05it/s, v_num=73760, train_loss_step=0.0144, val_loss=0.0154, val_acc=0.997, train_loss_epoch=0.0139]Epoch 17:  52%|█████▏    | 75/144 [00:02<00:01, 35.05it/s, v_num=73760, train_loss_step=0.00683, val_loss=0.0154, val_acc=0.997, train_loss_epoch=0.0139]Epoch 17:  53%|█████▎    | 76/144 [00:02<00:01, 35.08it/s, v_num=73760, train_loss_step=0.00683, val_loss=0.0154, val_acc=0.997, train_loss_epoch=0.0139]Epoch 17:  53%|█████▎    | 76/144 [00:02<00:01, 35.07it/s, v_num=73760, train_loss_step=0.0229, val_loss=0.0154, val_acc=0.997, train_loss_epoch=0.0139] Epoch 17:  53%|█████▎    | 77/144 [00:02<00:01, 35.06it/s, v_num=73760, train_loss_step=0.0229, val_loss=0.0154, val_acc=0.997, train_loss_epoch=0.0139]Epoch 17:  53%|█████▎    | 77/144 [00:02<00:01, 35.06it/s, v_num=73760, train_loss_step=0.00881, val_loss=0.0154, val_acc=0.997, train_loss_epoch=0.0139]Epoch 17:  54%|█████▍    | 78/144 [00:02<00:01, 35.12it/s, v_num=73760, train_loss_step=0.00881, val_loss=0.0154, val_acc=0.997, train_loss_epoch=0.0139]Epoch 17:  54%|█████▍    | 78/144 [00:02<00:01, 35.12it/s, v_num=73760, train_loss_step=0.0225, val_loss=0.0154, val_acc=0.997, train_loss_epoch=0.0139] Epoch 17:  55%|█████▍    | 79/144 [00:02<00:01, 35.16it/s, v_num=73760, train_loss_step=0.0225, val_loss=0.0154, val_acc=0.997, train_loss_epoch=0.0139]Epoch 17:  55%|█████▍    | 79/144 [00:02<00:01, 35.16it/s, v_num=73760, train_loss_step=0.0178, val_loss=0.0154, val_acc=0.997, train_loss_epoch=0.0139]Epoch 17:  56%|█████▌    | 80/144 [00:02<00:01, 35.22it/s, v_num=73760, train_loss_step=0.0178, val_loss=0.0154, val_acc=0.997, train_loss_epoch=0.0139]Epoch 17:  56%|█████▌    | 80/144 [00:02<00:01, 35.22it/s, v_num=73760, train_loss_step=0.0161, val_loss=0.0154, val_acc=0.997, train_loss_epoch=0.0139]Epoch 17:  56%|█████▋    | 81/144 [00:02<00:01, 35.17it/s, v_num=73760, train_loss_step=0.0161, val_loss=0.0154, val_acc=0.997, train_loss_epoch=0.0139]Epoch 17:  56%|█████▋    | 81/144 [00:02<00:01, 35.16it/s, v_num=73760, train_loss_step=0.00778, val_loss=0.0154, val_acc=0.997, train_loss_epoch=0.0139]Epoch 17:  57%|█████▋    | 82/144 [00:02<00:01, 35.22it/s, v_num=73760, train_loss_step=0.00778, val_loss=0.0154, val_acc=0.997, train_loss_epoch=0.0139]Epoch 17:  57%|█████▋    | 82/144 [00:02<00:01, 35.22it/s, v_num=73760, train_loss_step=0.0128, val_loss=0.0154, val_acc=0.997, train_loss_epoch=0.0139] Epoch 17:  58%|█████▊    | 83/144 [00:02<00:01, 35.21it/s, v_num=73760, train_loss_step=0.0128, val_loss=0.0154, val_acc=0.997, train_loss_epoch=0.0139]Epoch 17:  58%|█████▊    | 83/144 [00:02<00:01, 35.20it/s, v_num=73760, train_loss_step=0.00169, val_loss=0.0154, val_acc=0.997, train_loss_epoch=0.0139]Epoch 17:  58%|█████▊    | 84/144 [00:02<00:01, 35.23it/s, v_num=73760, train_loss_step=0.00169, val_loss=0.0154, val_acc=0.997, train_loss_epoch=0.0139]Epoch 17:  58%|█████▊    | 84/144 [00:02<00:01, 35.23it/s, v_num=73760, train_loss_step=0.0165, val_loss=0.0154, val_acc=0.997, train_loss_epoch=0.0139] Epoch 17:  59%|█████▉    | 85/144 [00:02<00:01, 35.21it/s, v_num=73760, train_loss_step=0.0165, val_loss=0.0154, val_acc=0.997, train_loss_epoch=0.0139]Epoch 17:  59%|█████▉    | 85/144 [00:02<00:01, 35.20it/s, v_num=73760, train_loss_step=0.00944, val_loss=0.0154, val_acc=0.997, train_loss_epoch=0.0139]Epoch 17:  60%|█████▉    | 86/144 [00:02<00:01, 35.23it/s, v_num=73760, train_loss_step=0.00944, val_loss=0.0154, val_acc=0.997, train_loss_epoch=0.0139]Epoch 17:  60%|█████▉    | 86/144 [00:02<00:01, 35.23it/s, v_num=73760, train_loss_step=0.0186, val_loss=0.0154, val_acc=0.997, train_loss_epoch=0.0139] Epoch 17:  60%|██████    | 87/144 [00:02<00:01, 35.26it/s, v_num=73760, train_loss_step=0.0186, val_loss=0.0154, val_acc=0.997, train_loss_epoch=0.0139]Epoch 17:  60%|██████    | 87/144 [00:02<00:01, 35.26it/s, v_num=73760, train_loss_step=0.00397, val_loss=0.0154, val_acc=0.997, train_loss_epoch=0.0139]Epoch 17:  61%|██████    | 88/144 [00:02<00:01, 35.30it/s, v_num=73760, train_loss_step=0.00397, val_loss=0.0154, val_acc=0.997, train_loss_epoch=0.0139]Epoch 17:  61%|██████    | 88/144 [00:02<00:01, 35.30it/s, v_num=73760, train_loss_step=0.0243, val_loss=0.0154, val_acc=0.997, train_loss_epoch=0.0139] Epoch 17:  62%|██████▏   | 89/144 [00:02<00:01, 35.27it/s, v_num=73760, train_loss_step=0.0243, val_loss=0.0154, val_acc=0.997, train_loss_epoch=0.0139]Epoch 17:  62%|██████▏   | 89/144 [00:02<00:01, 35.26it/s, v_num=73760, train_loss_step=0.0181, val_loss=0.0154, val_acc=0.997, train_loss_epoch=0.0139]Epoch 17:  62%|██████▎   | 90/144 [00:02<00:01, 35.26it/s, v_num=73760, train_loss_step=0.0181, val_loss=0.0154, val_acc=0.997, train_loss_epoch=0.0139]Epoch 17:  62%|██████▎   | 90/144 [00:02<00:01, 35.26it/s, v_num=73760, train_loss_step=0.0227, val_loss=0.0154, val_acc=0.997, train_loss_epoch=0.0139]Epoch 17:  63%|██████▎   | 91/144 [00:02<00:01, 35.23it/s, v_num=73760, train_loss_step=0.0227, val_loss=0.0154, val_acc=0.997, train_loss_epoch=0.0139]Epoch 17:  63%|██████▎   | 91/144 [00:02<00:01, 35.23it/s, v_num=73760, train_loss_step=0.0181, val_loss=0.0154, val_acc=0.997, train_loss_epoch=0.0139]Epoch 17:  64%|██████▍   | 92/144 [00:02<00:01, 35.21it/s, v_num=73760, train_loss_step=0.0181, val_loss=0.0154, val_acc=0.997, train_loss_epoch=0.0139]Epoch 17:  64%|██████▍   | 92/144 [00:02<00:01, 35.21it/s, v_num=73760, train_loss_step=0.00731, val_loss=0.0154, val_acc=0.997, train_loss_epoch=0.0139]Epoch 17:  65%|██████▍   | 93/144 [00:02<00:01, 35.18it/s, v_num=73760, train_loss_step=0.00731, val_loss=0.0154, val_acc=0.997, train_loss_epoch=0.0139]Epoch 17:  65%|██████▍   | 93/144 [00:02<00:01, 35.18it/s, v_num=73760, train_loss_step=0.00445, val_loss=0.0154, val_acc=0.997, train_loss_epoch=0.0139]Epoch 17:  65%|██████▌   | 94/144 [00:02<00:01, 35.21it/s, v_num=73760, train_loss_step=0.00445, val_loss=0.0154, val_acc=0.997, train_loss_epoch=0.0139]Epoch 17:  65%|██████▌   | 94/144 [00:02<00:01, 35.21it/s, v_num=73760, train_loss_step=0.018, val_loss=0.0154, val_acc=0.997, train_loss_epoch=0.0139]  Epoch 17:  66%|██████▌   | 95/144 [00:02<00:01, 35.24it/s, v_num=73760, train_loss_step=0.018, val_loss=0.0154, val_acc=0.997, train_loss_epoch=0.0139]Epoch 17:  66%|██████▌   | 95/144 [00:02<00:01, 35.24it/s, v_num=73760, train_loss_step=0.0277, val_loss=0.0154, val_acc=0.997, train_loss_epoch=0.0139]Epoch 17:  67%|██████▋   | 96/144 [00:02<00:01, 35.26it/s, v_num=73760, train_loss_step=0.0277, val_loss=0.0154, val_acc=0.997, train_loss_epoch=0.0139]Epoch 17:  67%|██████▋   | 96/144 [00:02<00:01, 35.26it/s, v_num=73760, train_loss_step=0.0257, val_loss=0.0154, val_acc=0.997, train_loss_epoch=0.0139]Epoch 17:  67%|██████▋   | 97/144 [00:02<00:01, 35.25it/s, v_num=73760, train_loss_step=0.0257, val_loss=0.0154, val_acc=0.997, train_loss_epoch=0.0139]Epoch 17:  67%|██████▋   | 97/144 [00:02<00:01, 35.25it/s, v_num=73760, train_loss_step=0.0067, val_loss=0.0154, val_acc=0.997, train_loss_epoch=0.0139]Epoch 17:  68%|██████▊   | 98/144 [00:02<00:01, 35.29it/s, v_num=73760, train_loss_step=0.0067, val_loss=0.0154, val_acc=0.997, train_loss_epoch=0.0139]Epoch 17:  68%|██████▊   | 98/144 [00:02<00:01, 35.29it/s, v_num=73760, train_loss_step=0.00792, val_loss=0.0154, val_acc=0.997, train_loss_epoch=0.0139]Epoch 17:  69%|██████▉   | 99/144 [00:02<00:01, 35.34it/s, v_num=73760, train_loss_step=0.00792, val_loss=0.0154, val_acc=0.997, train_loss_epoch=0.0139]Epoch 17:  69%|██████▉   | 99/144 [00:02<00:01, 35.34it/s, v_num=73760, train_loss_step=0.0165, val_loss=0.0154, val_acc=0.997, train_loss_epoch=0.0139] Epoch 17:  69%|██████▉   | 100/144 [00:02<00:01, 35.37it/s, v_num=73760, train_loss_step=0.0165, val_loss=0.0154, val_acc=0.997, train_loss_epoch=0.0139]Epoch 17:  69%|██████▉   | 100/144 [00:02<00:01, 35.37it/s, v_num=73760, train_loss_step=0.0128, val_loss=0.0154, val_acc=0.997, train_loss_epoch=0.0139]Epoch 17:  70%|███████   | 101/144 [00:02<00:01, 35.34it/s, v_num=73760, train_loss_step=0.0128, val_loss=0.0154, val_acc=0.997, train_loss_epoch=0.0139]Epoch 17:  70%|███████   | 101/144 [00:02<00:01, 35.34it/s, v_num=73760, train_loss_step=0.018, val_loss=0.0154, val_acc=0.997, train_loss_epoch=0.0139] Epoch 17:  71%|███████   | 102/144 [00:02<00:01, 35.38it/s, v_num=73760, train_loss_step=0.018, val_loss=0.0154, val_acc=0.997, train_loss_epoch=0.0139]Epoch 17:  71%|███████   | 102/144 [00:02<00:01, 35.38it/s, v_num=73760, train_loss_step=0.0108, val_loss=0.0154, val_acc=0.997, train_loss_epoch=0.0139]Epoch 17:  72%|███████▏  | 103/144 [00:02<00:01, 35.42it/s, v_num=73760, train_loss_step=0.0108, val_loss=0.0154, val_acc=0.997, train_loss_epoch=0.0139]Epoch 17:  72%|███████▏  | 103/144 [00:02<00:01, 35.42it/s, v_num=73760, train_loss_step=0.0118, val_loss=0.0154, val_acc=0.997, train_loss_epoch=0.0139]Epoch 17:  72%|███████▏  | 104/144 [00:02<00:01, 35.45it/s, v_num=73760, train_loss_step=0.0118, val_loss=0.0154, val_acc=0.997, train_loss_epoch=0.0139]Epoch 17:  72%|███████▏  | 104/144 [00:02<00:01, 35.45it/s, v_num=73760, train_loss_step=0.00453, val_loss=0.0154, val_acc=0.997, train_loss_epoch=0.0139]Epoch 17:  73%|███████▎  | 105/144 [00:02<00:01, 35.45it/s, v_num=73760, train_loss_step=0.00453, val_loss=0.0154, val_acc=0.997, train_loss_epoch=0.0139]Epoch 17:  73%|███████▎  | 105/144 [00:02<00:01, 35.45it/s, v_num=73760, train_loss_step=0.0138, val_loss=0.0154, val_acc=0.997, train_loss_epoch=0.0139] Epoch 17:  74%|███████▎  | 106/144 [00:02<00:01, 35.49it/s, v_num=73760, train_loss_step=0.0138, val_loss=0.0154, val_acc=0.997, train_loss_epoch=0.0139]Epoch 17:  74%|███████▎  | 106/144 [00:02<00:01, 35.49it/s, v_num=73760, train_loss_step=0.0155, val_loss=0.0154, val_acc=0.997, train_loss_epoch=0.0139]Epoch 17:  74%|███████▍  | 107/144 [00:03<00:01, 35.54it/s, v_num=73760, train_loss_step=0.0155, val_loss=0.0154, val_acc=0.997, train_loss_epoch=0.0139]Epoch 17:  74%|███████▍  | 107/144 [00:03<00:01, 35.54it/s, v_num=73760, train_loss_step=0.0256, val_loss=0.0154, val_acc=0.997, train_loss_epoch=0.0139]Epoch 17:  75%|███████▌  | 108/144 [00:03<00:01, 35.57it/s, v_num=73760, train_loss_step=0.0256, val_loss=0.0154, val_acc=0.997, train_loss_epoch=0.0139]Epoch 17:  75%|███████▌  | 108/144 [00:03<00:01, 35.57it/s, v_num=73760, train_loss_step=0.0031, val_loss=0.0154, val_acc=0.997, train_loss_epoch=0.0139]Epoch 17:  76%|███████▌  | 109/144 [00:03<00:00, 35.40it/s, v_num=73760, train_loss_step=0.0031, val_loss=0.0154, val_acc=0.997, train_loss_epoch=0.0139]Epoch 17:  76%|███████▌  | 109/144 [00:03<00:00, 35.39it/s, v_num=73760, train_loss_step=0.00804, val_loss=0.0154, val_acc=0.997, train_loss_epoch=0.0139]Epoch 17:  76%|███████▋  | 110/144 [00:03<00:00, 35.43it/s, v_num=73760, train_loss_step=0.00804, val_loss=0.0154, val_acc=0.997, train_loss_epoch=0.0139]Epoch 17:  76%|███████▋  | 110/144 [00:03<00:00, 35.43it/s, v_num=73760, train_loss_step=0.0138, val_loss=0.0154, val_acc=0.997, train_loss_epoch=0.0139] Epoch 17:  77%|███████▋  | 111/144 [00:03<00:00, 35.42it/s, v_num=73760, train_loss_step=0.0138, val_loss=0.0154, val_acc=0.997, train_loss_epoch=0.0139]Epoch 17:  77%|███████▋  | 111/144 [00:03<00:00, 35.42it/s, v_num=73760, train_loss_step=0.0184, val_loss=0.0154, val_acc=0.997, train_loss_epoch=0.0139]Epoch 17:  78%|███████▊  | 112/144 [00:03<00:00, 35.44it/s, v_num=73760, train_loss_step=0.0184, val_loss=0.0154, val_acc=0.997, train_loss_epoch=0.0139]Epoch 17:  78%|███████▊  | 112/144 [00:03<00:00, 35.44it/s, v_num=73760, train_loss_step=0.0081, val_loss=0.0154, val_acc=0.997, train_loss_epoch=0.0139]Epoch 17:  78%|███████▊  | 113/144 [00:03<00:00, 35.42it/s, v_num=73760, train_loss_step=0.0081, val_loss=0.0154, val_acc=0.997, train_loss_epoch=0.0139]Epoch 17:  78%|███████▊  | 113/144 [00:03<00:00, 35.41it/s, v_num=73760, train_loss_step=0.0147, val_loss=0.0154, val_acc=0.997, train_loss_epoch=0.0139]Epoch 17:  79%|███████▉  | 114/144 [00:03<00:00, 35.45it/s, v_num=73760, train_loss_step=0.0147, val_loss=0.0154, val_acc=0.997, train_loss_epoch=0.0139]Epoch 17:  79%|███████▉  | 114/144 [00:03<00:00, 35.45it/s, v_num=73760, train_loss_step=0.0207, val_loss=0.0154, val_acc=0.997, train_loss_epoch=0.0139]Epoch 17:  80%|███████▉  | 115/144 [00:03<00:00, 35.48it/s, v_num=73760, train_loss_step=0.0207, val_loss=0.0154, val_acc=0.997, train_loss_epoch=0.0139]Epoch 17:  80%|███████▉  | 115/144 [00:03<00:00, 35.48it/s, v_num=73760, train_loss_step=0.0364, val_loss=0.0154, val_acc=0.997, train_loss_epoch=0.0139]Epoch 17:  81%|████████  | 116/144 [00:03<00:00, 35.49it/s, v_num=73760, train_loss_step=0.0364, val_loss=0.0154, val_acc=0.997, train_loss_epoch=0.0139]Epoch 17:  81%|████████  | 116/144 [00:03<00:00, 35.49it/s, v_num=73760, train_loss_step=0.00472, val_loss=0.0154, val_acc=0.997, train_loss_epoch=0.0139]Epoch 17:  81%|████████▏ | 117/144 [00:03<00:00, 35.46it/s, v_num=73760, train_loss_step=0.00472, val_loss=0.0154, val_acc=0.997, train_loss_epoch=0.0139]Epoch 17:  81%|████████▏ | 117/144 [00:03<00:00, 35.46it/s, v_num=73760, train_loss_step=0.00948, val_loss=0.0154, val_acc=0.997, train_loss_epoch=0.0139]Epoch 17:  82%|████████▏ | 118/144 [00:03<00:00, 35.51it/s, v_num=73760, train_loss_step=0.00948, val_loss=0.0154, val_acc=0.997, train_loss_epoch=0.0139]Epoch 17:  82%|████████▏ | 118/144 [00:03<00:00, 35.51it/s, v_num=73760, train_loss_step=0.00877, val_loss=0.0154, val_acc=0.997, train_loss_epoch=0.0139]Epoch 17:  83%|████████▎ | 119/144 [00:03<00:00, 35.56it/s, v_num=73760, train_loss_step=0.00877, val_loss=0.0154, val_acc=0.997, train_loss_epoch=0.0139]Epoch 17:  83%|████████▎ | 119/144 [00:03<00:00, 35.56it/s, v_num=73760, train_loss_step=0.0234, val_loss=0.0154, val_acc=0.997, train_loss_epoch=0.0139] Epoch 17:  83%|████████▎ | 120/144 [00:03<00:00, 35.60it/s, v_num=73760, train_loss_step=0.0234, val_loss=0.0154, val_acc=0.997, train_loss_epoch=0.0139]Epoch 17:  83%|████████▎ | 120/144 [00:03<00:00, 35.60it/s, v_num=73760, train_loss_step=0.00711, val_loss=0.0154, val_acc=0.997, train_loss_epoch=0.0139]Epoch 17:  84%|████████▍ | 121/144 [00:03<00:00, 35.63it/s, v_num=73760, train_loss_step=0.00711, val_loss=0.0154, val_acc=0.997, train_loss_epoch=0.0139]Epoch 17:  84%|████████▍ | 121/144 [00:03<00:00, 35.63it/s, v_num=73760, train_loss_step=0.00625, val_loss=0.0154, val_acc=0.997, train_loss_epoch=0.0139]Epoch 17:  85%|████████▍ | 122/144 [00:03<00:00, 35.54it/s, v_num=73760, train_loss_step=0.00625, val_loss=0.0154, val_acc=0.997, train_loss_epoch=0.0139]Epoch 17:  85%|████████▍ | 122/144 [00:03<00:00, 35.54it/s, v_num=73760, train_loss_step=0.0175, val_loss=0.0154, val_acc=0.997, train_loss_epoch=0.0139] Epoch 17:  85%|████████▌ | 123/144 [00:03<00:00, 35.55it/s, v_num=73760, train_loss_step=0.0175, val_loss=0.0154, val_acc=0.997, train_loss_epoch=0.0139]Epoch 17:  85%|████████▌ | 123/144 [00:03<00:00, 35.55it/s, v_num=73760, train_loss_step=0.00344, val_loss=0.0154, val_acc=0.997, train_loss_epoch=0.0139]Epoch 17:  86%|████████▌ | 124/144 [00:03<00:00, 35.59it/s, v_num=73760, train_loss_step=0.00344, val_loss=0.0154, val_acc=0.997, train_loss_epoch=0.0139]Epoch 17:  86%|████████▌ | 124/144 [00:03<00:00, 35.58it/s, v_num=73760, train_loss_step=0.015, val_loss=0.0154, val_acc=0.997, train_loss_epoch=0.0139]  Epoch 17:  87%|████████▋ | 125/144 [00:03<00:00, 35.61it/s, v_num=73760, train_loss_step=0.015, val_loss=0.0154, val_acc=0.997, train_loss_epoch=0.0139]Epoch 17:  87%|████████▋ | 125/144 [00:03<00:00, 35.61it/s, v_num=73760, train_loss_step=0.00351, val_loss=0.0154, val_acc=0.997, train_loss_epoch=0.0139]Epoch 17:  88%|████████▊ | 126/144 [00:03<00:00, 35.60it/s, v_num=73760, train_loss_step=0.00351, val_loss=0.0154, val_acc=0.997, train_loss_epoch=0.0139]Epoch 17:  88%|████████▊ | 126/144 [00:03<00:00, 35.60it/s, v_num=73760, train_loss_step=0.0145, val_loss=0.0154, val_acc=0.997, train_loss_epoch=0.0139] Epoch 17:  88%|████████▊ | 127/144 [00:03<00:00, 35.63it/s, v_num=73760, train_loss_step=0.0145, val_loss=0.0154, val_acc=0.997, train_loss_epoch=0.0139]Epoch 17:  88%|████████▊ | 127/144 [00:03<00:00, 35.63it/s, v_num=73760, train_loss_step=0.0376, val_loss=0.0154, val_acc=0.997, train_loss_epoch=0.0139]Epoch 17:  89%|████████▉ | 128/144 [00:03<00:00, 35.66it/s, v_num=73760, train_loss_step=0.0376, val_loss=0.0154, val_acc=0.997, train_loss_epoch=0.0139]Epoch 17:  89%|████████▉ | 128/144 [00:03<00:00, 35.66it/s, v_num=73760, train_loss_step=0.00831, val_loss=0.0154, val_acc=0.997, train_loss_epoch=0.0139]Epoch 17:  90%|████████▉ | 129/144 [00:03<00:00, 35.70it/s, v_num=73760, train_loss_step=0.00831, val_loss=0.0154, val_acc=0.997, train_loss_epoch=0.0139]Epoch 17:  90%|████████▉ | 129/144 [00:03<00:00, 35.69it/s, v_num=73760, train_loss_step=0.00429, val_loss=0.0154, val_acc=0.997, train_loss_epoch=0.0139]Epoch 17:  90%|█████████ | 130/144 [00:03<00:00, 35.68it/s, v_num=73760, train_loss_step=0.00429, val_loss=0.0154, val_acc=0.997, train_loss_epoch=0.0139]Epoch 17:  90%|█████████ | 130/144 [00:03<00:00, 35.68it/s, v_num=73760, train_loss_step=0.0221, val_loss=0.0154, val_acc=0.997, train_loss_epoch=0.0139] Epoch 17:  91%|█████████ | 131/144 [00:03<00:00, 35.67it/s, v_num=73760, train_loss_step=0.0221, val_loss=0.0154, val_acc=0.997, train_loss_epoch=0.0139]Epoch 17:  91%|█████████ | 131/144 [00:03<00:00, 35.67it/s, v_num=73760, train_loss_step=0.00791, val_loss=0.0154, val_acc=0.997, train_loss_epoch=0.0139]Epoch 17:  92%|█████████▏| 132/144 [00:03<00:00, 35.70it/s, v_num=73760, train_loss_step=0.00791, val_loss=0.0154, val_acc=0.997, train_loss_epoch=0.0139]Epoch 17:  92%|█████████▏| 132/144 [00:03<00:00, 35.70it/s, v_num=73760, train_loss_step=0.0421, val_loss=0.0154, val_acc=0.997, train_loss_epoch=0.0139] Epoch 17:  92%|█████████▏| 133/144 [00:03<00:00, 35.73it/s, v_num=73760, train_loss_step=0.0421, val_loss=0.0154, val_acc=0.997, train_loss_epoch=0.0139]Epoch 17:  92%|█████████▏| 133/144 [00:03<00:00, 35.73it/s, v_num=73760, train_loss_step=0.0263, val_loss=0.0154, val_acc=0.997, train_loss_epoch=0.0139]Epoch 17:  93%|█████████▎| 134/144 [00:03<00:00, 35.76it/s, v_num=73760, train_loss_step=0.0263, val_loss=0.0154, val_acc=0.997, train_loss_epoch=0.0139]Epoch 17:  93%|█████████▎| 134/144 [00:03<00:00, 35.76it/s, v_num=73760, train_loss_step=0.00946, val_loss=0.0154, val_acc=0.997, train_loss_epoch=0.0139]Epoch 17:  94%|█████████▍| 135/144 [00:03<00:00, 35.74it/s, v_num=73760, train_loss_step=0.00946, val_loss=0.0154, val_acc=0.997, train_loss_epoch=0.0139]Epoch 17:  94%|█████████▍| 135/144 [00:03<00:00, 35.74it/s, v_num=73760, train_loss_step=0.022, val_loss=0.0154, val_acc=0.997, train_loss_epoch=0.0139]  Epoch 17:  94%|█████████▍| 136/144 [00:03<00:00, 35.78it/s, v_num=73760, train_loss_step=0.022, val_loss=0.0154, val_acc=0.997, train_loss_epoch=0.0139]Epoch 17:  94%|█████████▍| 136/144 [00:03<00:00, 35.77it/s, v_num=73760, train_loss_step=0.00141, val_loss=0.0154, val_acc=0.997, train_loss_epoch=0.0139]Epoch 17:  95%|█████████▌| 137/144 [00:03<00:00, 35.80it/s, v_num=73760, train_loss_step=0.00141, val_loss=0.0154, val_acc=0.997, train_loss_epoch=0.0139]Epoch 17:  95%|█████████▌| 137/144 [00:03<00:00, 35.79it/s, v_num=73760, train_loss_step=0.00639, val_loss=0.0154, val_acc=0.997, train_loss_epoch=0.0139]Epoch 17:  96%|█████████▌| 138/144 [00:03<00:00, 35.82it/s, v_num=73760, train_loss_step=0.00639, val_loss=0.0154, val_acc=0.997, train_loss_epoch=0.0139]Epoch 17:  96%|█████████▌| 138/144 [00:03<00:00, 35.82it/s, v_num=73760, train_loss_step=0.00732, val_loss=0.0154, val_acc=0.997, train_loss_epoch=0.0139]Epoch 17:  97%|█████████▋| 139/144 [00:03<00:00, 35.78it/s, v_num=73760, train_loss_step=0.00732, val_loss=0.0154, val_acc=0.997, train_loss_epoch=0.0139]Epoch 17:  97%|█████████▋| 139/144 [00:03<00:00, 35.78it/s, v_num=73760, train_loss_step=0.00293, val_loss=0.0154, val_acc=0.997, train_loss_epoch=0.0139]Epoch 17:  97%|█████████▋| 140/144 [00:03<00:00, 35.72it/s, v_num=73760, train_loss_step=0.00293, val_loss=0.0154, val_acc=0.997, train_loss_epoch=0.0139]Epoch 17:  97%|█████████▋| 140/144 [00:03<00:00, 35.72it/s, v_num=73760, train_loss_step=0.0213, val_loss=0.0154, val_acc=0.997, train_loss_epoch=0.0139] Epoch 17:  98%|█████████▊| 141/144 [00:03<00:00, 35.75it/s, v_num=73760, train_loss_step=0.0213, val_loss=0.0154, val_acc=0.997, train_loss_epoch=0.0139]Epoch 17:  98%|█████████▊| 141/144 [00:03<00:00, 35.75it/s, v_num=73760, train_loss_step=0.00305, val_loss=0.0154, val_acc=0.997, train_loss_epoch=0.0139]Epoch 17:  99%|█████████▊| 142/144 [00:03<00:00, 35.79it/s, v_num=73760, train_loss_step=0.00305, val_loss=0.0154, val_acc=0.997, train_loss_epoch=0.0139]Epoch 17:  99%|█████████▊| 142/144 [00:03<00:00, 35.78it/s, v_num=73760, train_loss_step=0.00951, val_loss=0.0154, val_acc=0.997, train_loss_epoch=0.0139]Epoch 17:  99%|█████████▉| 143/144 [00:03<00:00, 35.82it/s, v_num=73760, train_loss_step=0.00951, val_loss=0.0154, val_acc=0.997, train_loss_epoch=0.0139]Epoch 17:  99%|█████████▉| 143/144 [00:03<00:00, 35.81it/s, v_num=73760, train_loss_step=0.0072, val_loss=0.0154, val_acc=0.997, train_loss_epoch=0.0139] Epoch 17: 100%|██████████| 144/144 [00:04<00:00, 35.84it/s, v_num=73760, train_loss_step=0.0072, val_loss=0.0154, val_acc=0.997, train_loss_epoch=0.0139]Epoch 17: 100%|██████████| 144/144 [00:04<00:00, 35.83it/s, v_num=73760, train_loss_step=0.0035, val_loss=0.0154, val_acc=0.997, train_loss_epoch=0.0139]
Validation: |          | 0/? [00:00<?, ?it/s][A
Validation:   0%|          | 0/14 [00:00<?, ?it/s][A
Validation DataLoader 0:   0%|          | 0/14 [00:00<?, ?it/s][A
Validation DataLoader 0:   7%|▋         | 1/14 [00:00<00:00, 123.34it/s][A
Validation DataLoader 0:  14%|█▍        | 2/14 [00:00<00:00, 55.53it/s] [A
Validation DataLoader 0:  21%|██▏       | 3/14 [00:00<00:00, 65.38it/s][A
Validation DataLoader 0:  29%|██▊       | 4/14 [00:00<00:00, 71.56it/s][A
Validation DataLoader 0:  36%|███▌      | 5/14 [00:00<00:00, 75.91it/s][A
Validation DataLoader 0:  43%|████▎     | 6/14 [00:00<00:00, 78.58it/s][A
Validation DataLoader 0:  50%|█████     | 7/14 [00:00<00:00, 81.10it/s][A
Validation DataLoader 0:  57%|█████▋    | 8/14 [00:00<00:00, 78.95it/s][A
Validation DataLoader 0:  64%|██████▍   | 9/14 [00:00<00:00, 81.08it/s][A
Validation DataLoader 0:  71%|███████▏  | 10/14 [00:00<00:00, 82.41it/s][A
Validation DataLoader 0:  79%|███████▊  | 11/14 [00:00<00:00, 82.89it/s][A
Validation DataLoader 0:  86%|████████▌ | 12/14 [00:00<00:00, 84.00it/s][A
Validation DataLoader 0:  93%|█████████▎| 13/14 [00:00<00:00, 85.13it/s][A
Validation DataLoader 0: 100%|██████████| 14/14 [00:00<00:00, 85.87it/s][A
                                                                        [AEpoch 17: 100%|██████████| 144/144 [00:04<00:00, 34.27it/s, v_num=73760, train_loss_step=0.0035, val_loss=0.0112, val_acc=0.996, train_loss_epoch=0.0139]Epoch 17: 100%|██████████| 144/144 [00:04<00:00, 34.26it/s, v_num=73760, train_loss_step=0.0035, val_loss=0.0112, val_acc=0.996, train_loss_epoch=0.0126]Epoch 17:   0%|          | 0/144 [00:00<?, ?it/s, v_num=73760, train_loss_step=0.0035, val_loss=0.0112, val_acc=0.996, train_loss_epoch=0.0126]          Epoch 18:   0%|          | 0/144 [00:00<?, ?it/s, v_num=73760, train_loss_step=0.0035, val_loss=0.0112, val_acc=0.996, train_loss_epoch=0.0126]Epoch 18:   1%|          | 1/144 [00:00<00:11, 12.30it/s, v_num=73760, train_loss_step=0.0035, val_loss=0.0112, val_acc=0.996, train_loss_epoch=0.0126]Epoch 18:   1%|          | 1/144 [00:00<00:11, 12.28it/s, v_num=73760, train_loss_step=0.00877, val_loss=0.0112, val_acc=0.996, train_loss_epoch=0.0126]Epoch 18:   1%|▏         | 2/144 [00:00<00:07, 17.79it/s, v_num=73760, train_loss_step=0.00877, val_loss=0.0112, val_acc=0.996, train_loss_epoch=0.0126]Epoch 18:   1%|▏         | 2/144 [00:00<00:07, 17.77it/s, v_num=73760, train_loss_step=0.0346, val_loss=0.0112, val_acc=0.996, train_loss_epoch=0.0126] Epoch 18:   2%|▏         | 3/144 [00:00<00:06, 20.84it/s, v_num=73760, train_loss_step=0.0346, val_loss=0.0112, val_acc=0.996, train_loss_epoch=0.0126]Epoch 18:   2%|▏         | 3/144 [00:00<00:06, 20.82it/s, v_num=73760, train_loss_step=0.00114, val_loss=0.0112, val_acc=0.996, train_loss_epoch=0.0126]Epoch 18:   3%|▎         | 4/144 [00:00<00:06, 23.29it/s, v_num=73760, train_loss_step=0.00114, val_loss=0.0112, val_acc=0.996, train_loss_epoch=0.0126]Epoch 18:   3%|▎         | 4/144 [00:00<00:06, 23.26it/s, v_num=73760, train_loss_step=0.0338, val_loss=0.0112, val_acc=0.996, train_loss_epoch=0.0126] Epoch 18:   3%|▎         | 5/144 [00:00<00:05, 25.28it/s, v_num=73760, train_loss_step=0.0338, val_loss=0.0112, val_acc=0.996, train_loss_epoch=0.0126]Epoch 18:   3%|▎         | 5/144 [00:00<00:05, 25.26it/s, v_num=73760, train_loss_step=0.0152, val_loss=0.0112, val_acc=0.996, train_loss_epoch=0.0126]Epoch 18:   4%|▍         | 6/144 [00:00<00:05, 26.78it/s, v_num=73760, train_loss_step=0.0152, val_loss=0.0112, val_acc=0.996, train_loss_epoch=0.0126]Epoch 18:   4%|▍         | 6/144 [00:00<00:05, 26.76it/s, v_num=73760, train_loss_step=0.0313, val_loss=0.0112, val_acc=0.996, train_loss_epoch=0.0126]Epoch 18:   5%|▍         | 7/144 [00:00<00:04, 27.64it/s, v_num=73760, train_loss_step=0.0313, val_loss=0.0112, val_acc=0.996, train_loss_epoch=0.0126]Epoch 18:   5%|▍         | 7/144 [00:00<00:04, 27.62it/s, v_num=73760, train_loss_step=0.0113, val_loss=0.0112, val_acc=0.996, train_loss_epoch=0.0126]Epoch 18:   6%|▌         | 8/144 [00:00<00:04, 28.45it/s, v_num=73760, train_loss_step=0.0113, val_loss=0.0112, val_acc=0.996, train_loss_epoch=0.0126]Epoch 18:   6%|▌         | 8/144 [00:00<00:04, 28.44it/s, v_num=73760, train_loss_step=0.015, val_loss=0.0112, val_acc=0.996, train_loss_epoch=0.0126] Epoch 18:   6%|▋         | 9/144 [00:00<00:04, 29.16it/s, v_num=73760, train_loss_step=0.015, val_loss=0.0112, val_acc=0.996, train_loss_epoch=0.0126]Epoch 18:   6%|▋         | 9/144 [00:00<00:04, 29.15it/s, v_num=73760, train_loss_step=0.0129, val_loss=0.0112, val_acc=0.996, train_loss_epoch=0.0126]Epoch 18:   7%|▋         | 10/144 [00:00<00:04, 29.70it/s, v_num=73760, train_loss_step=0.0129, val_loss=0.0112, val_acc=0.996, train_loss_epoch=0.0126]Epoch 18:   7%|▋         | 10/144 [00:00<00:04, 29.68it/s, v_num=73760, train_loss_step=0.00965, val_loss=0.0112, val_acc=0.996, train_loss_epoch=0.0126]Epoch 18:   8%|▊         | 11/144 [00:00<00:04, 29.97it/s, v_num=73760, train_loss_step=0.00965, val_loss=0.0112, val_acc=0.996, train_loss_epoch=0.0126]Epoch 18:   8%|▊         | 11/144 [00:00<00:04, 29.96it/s, v_num=73760, train_loss_step=0.0218, val_loss=0.0112, val_acc=0.996, train_loss_epoch=0.0126] Epoch 18:   8%|▊         | 12/144 [00:00<00:04, 30.53it/s, v_num=73760, train_loss_step=0.0218, val_loss=0.0112, val_acc=0.996, train_loss_epoch=0.0126]Epoch 18:   8%|▊         | 12/144 [00:00<00:04, 30.52it/s, v_num=73760, train_loss_step=0.0396, val_loss=0.0112, val_acc=0.996, train_loss_epoch=0.0126]Epoch 18:   9%|▉         | 13/144 [00:00<00:04, 31.01it/s, v_num=73760, train_loss_step=0.0396, val_loss=0.0112, val_acc=0.996, train_loss_epoch=0.0126]Epoch 18:   9%|▉         | 13/144 [00:00<00:04, 31.00it/s, v_num=73760, train_loss_step=0.0082, val_loss=0.0112, val_acc=0.996, train_loss_epoch=0.0126]Epoch 18:  10%|▉         | 14/144 [00:00<00:04, 31.35it/s, v_num=73760, train_loss_step=0.0082, val_loss=0.0112, val_acc=0.996, train_loss_epoch=0.0126]Epoch 18:  10%|▉         | 14/144 [00:00<00:04, 31.34it/s, v_num=73760, train_loss_step=0.0235, val_loss=0.0112, val_acc=0.996, train_loss_epoch=0.0126]Epoch 18:  10%|█         | 15/144 [00:00<00:04, 31.50it/s, v_num=73760, train_loss_step=0.0235, val_loss=0.0112, val_acc=0.996, train_loss_epoch=0.0126]Epoch 18:  10%|█         | 15/144 [00:00<00:04, 31.49it/s, v_num=73760, train_loss_step=0.00245, val_loss=0.0112, val_acc=0.996, train_loss_epoch=0.0126]Epoch 18:  11%|█         | 16/144 [00:00<00:04, 31.85it/s, v_num=73760, train_loss_step=0.00245, val_loss=0.0112, val_acc=0.996, train_loss_epoch=0.0126]Epoch 18:  11%|█         | 16/144 [00:00<00:04, 31.84it/s, v_num=73760, train_loss_step=0.0294, val_loss=0.0112, val_acc=0.996, train_loss_epoch=0.0126] Epoch 18:  12%|█▏        | 17/144 [00:00<00:03, 32.20it/s, v_num=73760, train_loss_step=0.0294, val_loss=0.0112, val_acc=0.996, train_loss_epoch=0.0126]Epoch 18:  12%|█▏        | 17/144 [00:00<00:03, 32.19it/s, v_num=73760, train_loss_step=0.0078, val_loss=0.0112, val_acc=0.996, train_loss_epoch=0.0126]Epoch 18:  12%|█▎        | 18/144 [00:00<00:03, 32.46it/s, v_num=73760, train_loss_step=0.0078, val_loss=0.0112, val_acc=0.996, train_loss_epoch=0.0126]Epoch 18:  12%|█▎        | 18/144 [00:00<00:03, 32.45it/s, v_num=73760, train_loss_step=0.00359, val_loss=0.0112, val_acc=0.996, train_loss_epoch=0.0126]Epoch 18:  13%|█▎        | 19/144 [00:00<00:03, 32.51it/s, v_num=73760, train_loss_step=0.00359, val_loss=0.0112, val_acc=0.996, train_loss_epoch=0.0126]Epoch 18:  13%|█▎        | 19/144 [00:00<00:03, 32.50it/s, v_num=73760, train_loss_step=0.00364, val_loss=0.0112, val_acc=0.996, train_loss_epoch=0.0126]Epoch 18:  14%|█▍        | 20/144 [00:00<00:03, 32.80it/s, v_num=73760, train_loss_step=0.00364, val_loss=0.0112, val_acc=0.996, train_loss_epoch=0.0126]Epoch 18:  14%|█▍        | 20/144 [00:00<00:03, 32.79it/s, v_num=73760, train_loss_step=0.019, val_loss=0.0112, val_acc=0.996, train_loss_epoch=0.0126]  Epoch 18:  15%|█▍        | 21/144 [00:00<00:03, 33.10it/s, v_num=73760, train_loss_step=0.019, val_loss=0.0112, val_acc=0.996, train_loss_epoch=0.0126]Epoch 18:  15%|█▍        | 21/144 [00:00<00:03, 33.09it/s, v_num=73760, train_loss_step=0.00689, val_loss=0.0112, val_acc=0.996, train_loss_epoch=0.0126]Epoch 18:  15%|█▌        | 22/144 [00:00<00:03, 33.33it/s, v_num=73760, train_loss_step=0.00689, val_loss=0.0112, val_acc=0.996, train_loss_epoch=0.0126]Epoch 18:  15%|█▌        | 22/144 [00:00<00:03, 33.32it/s, v_num=73760, train_loss_step=0.0113, val_loss=0.0112, val_acc=0.996, train_loss_epoch=0.0126] Epoch 18:  16%|█▌        | 23/144 [00:00<00:03, 33.17it/s, v_num=73760, train_loss_step=0.0113, val_loss=0.0112, val_acc=0.996, train_loss_epoch=0.0126]Epoch 18:  16%|█▌        | 23/144 [00:00<00:03, 33.16it/s, v_num=73760, train_loss_step=0.0105, val_loss=0.0112, val_acc=0.996, train_loss_epoch=0.0126]Epoch 18:  17%|█▋        | 24/144 [00:00<00:03, 33.42it/s, v_num=73760, train_loss_step=0.0105, val_loss=0.0112, val_acc=0.996, train_loss_epoch=0.0126]Epoch 18:  17%|█▋        | 24/144 [00:00<00:03, 33.41it/s, v_num=73760, train_loss_step=0.00934, val_loss=0.0112, val_acc=0.996, train_loss_epoch=0.0126]Epoch 18:  17%|█▋        | 25/144 [00:00<00:03, 33.56it/s, v_num=73760, train_loss_step=0.00934, val_loss=0.0112, val_acc=0.996, train_loss_epoch=0.0126]Epoch 18:  17%|█▋        | 25/144 [00:00<00:03, 33.55it/s, v_num=73760, train_loss_step=0.0241, val_loss=0.0112, val_acc=0.996, train_loss_epoch=0.0126] Epoch 18:  18%|█▊        | 26/144 [00:00<00:03, 33.71it/s, v_num=73760, train_loss_step=0.0241, val_loss=0.0112, val_acc=0.996, train_loss_epoch=0.0126]Epoch 18:  18%|█▊        | 26/144 [00:00<00:03, 33.71it/s, v_num=73760, train_loss_step=0.00473, val_loss=0.0112, val_acc=0.996, train_loss_epoch=0.0126]Epoch 18:  19%|█▉        | 27/144 [00:00<00:03, 33.72it/s, v_num=73760, train_loss_step=0.00473, val_loss=0.0112, val_acc=0.996, train_loss_epoch=0.0126]Epoch 18:  19%|█▉        | 27/144 [00:00<00:03, 33.72it/s, v_num=73760, train_loss_step=0.00344, val_loss=0.0112, val_acc=0.996, train_loss_epoch=0.0126]Epoch 18:  19%|█▉        | 28/144 [00:00<00:03, 33.83it/s, v_num=73760, train_loss_step=0.00344, val_loss=0.0112, val_acc=0.996, train_loss_epoch=0.0126]Epoch 18:  19%|█▉        | 28/144 [00:00<00:03, 33.82it/s, v_num=73760, train_loss_step=0.00416, val_loss=0.0112, val_acc=0.996, train_loss_epoch=0.0126]Epoch 18:  20%|██        | 29/144 [00:00<00:03, 33.94it/s, v_num=73760, train_loss_step=0.00416, val_loss=0.0112, val_acc=0.996, train_loss_epoch=0.0126]Epoch 18:  20%|██        | 29/144 [00:00<00:03, 33.94it/s, v_num=73760, train_loss_step=0.00325, val_loss=0.0112, val_acc=0.996, train_loss_epoch=0.0126]Epoch 18:  21%|██        | 30/144 [00:00<00:03, 34.08it/s, v_num=73760, train_loss_step=0.00325, val_loss=0.0112, val_acc=0.996, train_loss_epoch=0.0126]Epoch 18:  21%|██        | 30/144 [00:00<00:03, 34.08it/s, v_num=73760, train_loss_step=0.0344, val_loss=0.0112, val_acc=0.996, train_loss_epoch=0.0126] Epoch 18:  22%|██▏       | 31/144 [00:00<00:03, 34.09it/s, v_num=73760, train_loss_step=0.0344, val_loss=0.0112, val_acc=0.996, train_loss_epoch=0.0126]Epoch 18:  22%|██▏       | 31/144 [00:00<00:03, 34.09it/s, v_num=73760, train_loss_step=0.0103, val_loss=0.0112, val_acc=0.996, train_loss_epoch=0.0126]Epoch 18:  22%|██▏       | 32/144 [00:00<00:03, 34.24it/s, v_num=73760, train_loss_step=0.0103, val_loss=0.0112, val_acc=0.996, train_loss_epoch=0.0126]Epoch 18:  22%|██▏       | 32/144 [00:00<00:03, 34.23it/s, v_num=73760, train_loss_step=0.00946, val_loss=0.0112, val_acc=0.996, train_loss_epoch=0.0126]Epoch 18:  23%|██▎       | 33/144 [00:00<00:03, 34.40it/s, v_num=73760, train_loss_step=0.00946, val_loss=0.0112, val_acc=0.996, train_loss_epoch=0.0126]Epoch 18:  23%|██▎       | 33/144 [00:00<00:03, 34.39it/s, v_num=73760, train_loss_step=0.0126, val_loss=0.0112, val_acc=0.996, train_loss_epoch=0.0126] Epoch 18:  24%|██▎       | 34/144 [00:00<00:03, 34.53it/s, v_num=73760, train_loss_step=0.0126, val_loss=0.0112, val_acc=0.996, train_loss_epoch=0.0126]Epoch 18:  24%|██▎       | 34/144 [00:00<00:03, 34.52it/s, v_num=73760, train_loss_step=0.00247, val_loss=0.0112, val_acc=0.996, train_loss_epoch=0.0126]Epoch 18:  24%|██▍       | 35/144 [00:01<00:03, 34.52it/s, v_num=73760, train_loss_step=0.00247, val_loss=0.0112, val_acc=0.996, train_loss_epoch=0.0126]Epoch 18:  24%|██▍       | 35/144 [00:01<00:03, 34.52it/s, v_num=73760, train_loss_step=0.0244, val_loss=0.0112, val_acc=0.996, train_loss_epoch=0.0126] Epoch 18:  25%|██▌       | 36/144 [00:01<00:03, 34.63it/s, v_num=73760, train_loss_step=0.0244, val_loss=0.0112, val_acc=0.996, train_loss_epoch=0.0126]Epoch 18:  25%|██▌       | 36/144 [00:01<00:03, 34.63it/s, v_num=73760, train_loss_step=0.00417, val_loss=0.0112, val_acc=0.996, train_loss_epoch=0.0126]Epoch 18:  26%|██▌       | 37/144 [00:01<00:03, 34.73it/s, v_num=73760, train_loss_step=0.00417, val_loss=0.0112, val_acc=0.996, train_loss_epoch=0.0126]Epoch 18:  26%|██▌       | 37/144 [00:01<00:03, 34.72it/s, v_num=73760, train_loss_step=0.0218, val_loss=0.0112, val_acc=0.996, train_loss_epoch=0.0126] Epoch 18:  26%|██▋       | 38/144 [00:01<00:03, 34.80it/s, v_num=73760, train_loss_step=0.0218, val_loss=0.0112, val_acc=0.996, train_loss_epoch=0.0126]Epoch 18:  26%|██▋       | 38/144 [00:01<00:03, 34.80it/s, v_num=73760, train_loss_step=0.00303, val_loss=0.0112, val_acc=0.996, train_loss_epoch=0.0126]Epoch 18:  27%|██▋       | 39/144 [00:01<00:03, 34.80it/s, v_num=73760, train_loss_step=0.00303, val_loss=0.0112, val_acc=0.996, train_loss_epoch=0.0126]Epoch 18:  27%|██▋       | 39/144 [00:01<00:03, 34.79it/s, v_num=73760, train_loss_step=0.0069, val_loss=0.0112, val_acc=0.996, train_loss_epoch=0.0126] Epoch 18:  28%|██▊       | 40/144 [00:01<00:02, 34.90it/s, v_num=73760, train_loss_step=0.0069, val_loss=0.0112, val_acc=0.996, train_loss_epoch=0.0126]Epoch 18:  28%|██▊       | 40/144 [00:01<00:02, 34.89it/s, v_num=73760, train_loss_step=0.0115, val_loss=0.0112, val_acc=0.996, train_loss_epoch=0.0126]Epoch 18:  28%|██▊       | 41/144 [00:01<00:02, 34.99it/s, v_num=73760, train_loss_step=0.0115, val_loss=0.0112, val_acc=0.996, train_loss_epoch=0.0126]Epoch 18:  28%|██▊       | 41/144 [00:01<00:02, 34.99it/s, v_num=73760, train_loss_step=0.00473, val_loss=0.0112, val_acc=0.996, train_loss_epoch=0.0126]Epoch 18:  29%|██▉       | 42/144 [00:01<00:02, 35.07it/s, v_num=73760, train_loss_step=0.00473, val_loss=0.0112, val_acc=0.996, train_loss_epoch=0.0126]Epoch 18:  29%|██▉       | 42/144 [00:01<00:02, 35.07it/s, v_num=73760, train_loss_step=0.0126, val_loss=0.0112, val_acc=0.996, train_loss_epoch=0.0126] Epoch 18:  30%|██▉       | 43/144 [00:01<00:02, 35.06it/s, v_num=73760, train_loss_step=0.0126, val_loss=0.0112, val_acc=0.996, train_loss_epoch=0.0126]Epoch 18:  30%|██▉       | 43/144 [00:01<00:02, 35.05it/s, v_num=73760, train_loss_step=0.0239, val_loss=0.0112, val_acc=0.996, train_loss_epoch=0.0126]Epoch 18:  31%|███       | 44/144 [00:01<00:02, 35.15it/s, v_num=73760, train_loss_step=0.0239, val_loss=0.0112, val_acc=0.996, train_loss_epoch=0.0126]Epoch 18:  31%|███       | 44/144 [00:01<00:02, 35.14it/s, v_num=73760, train_loss_step=0.00928, val_loss=0.0112, val_acc=0.996, train_loss_epoch=0.0126]Epoch 18:  31%|███▏      | 45/144 [00:01<00:02, 35.17it/s, v_num=73760, train_loss_step=0.00928, val_loss=0.0112, val_acc=0.996, train_loss_epoch=0.0126]Epoch 18:  31%|███▏      | 45/144 [00:01<00:02, 35.16it/s, v_num=73760, train_loss_step=0.0451, val_loss=0.0112, val_acc=0.996, train_loss_epoch=0.0126] Epoch 18:  32%|███▏      | 46/144 [00:01<00:02, 35.18it/s, v_num=73760, train_loss_step=0.0451, val_loss=0.0112, val_acc=0.996, train_loss_epoch=0.0126]Epoch 18:  32%|███▏      | 46/144 [00:01<00:02, 35.17it/s, v_num=73760, train_loss_step=0.00788, val_loss=0.0112, val_acc=0.996, train_loss_epoch=0.0126]Epoch 18:  33%|███▎      | 47/144 [00:01<00:02, 35.15it/s, v_num=73760, train_loss_step=0.00788, val_loss=0.0112, val_acc=0.996, train_loss_epoch=0.0126]Epoch 18:  33%|███▎      | 47/144 [00:01<00:02, 35.14it/s, v_num=73760, train_loss_step=0.00344, val_loss=0.0112, val_acc=0.996, train_loss_epoch=0.0126]Epoch 18:  33%|███▎      | 48/144 [00:01<00:02, 35.20it/s, v_num=73760, train_loss_step=0.00344, val_loss=0.0112, val_acc=0.996, train_loss_epoch=0.0126]Epoch 18:  33%|███▎      | 48/144 [00:01<00:02, 35.20it/s, v_num=73760, train_loss_step=0.00476, val_loss=0.0112, val_acc=0.996, train_loss_epoch=0.0126]Epoch 18:  34%|███▍      | 49/144 [00:01<00:02, 35.24it/s, v_num=73760, train_loss_step=0.00476, val_loss=0.0112, val_acc=0.996, train_loss_epoch=0.0126]Epoch 18:  34%|███▍      | 49/144 [00:01<00:02, 35.24it/s, v_num=73760, train_loss_step=0.00107, val_loss=0.0112, val_acc=0.996, train_loss_epoch=0.0126]Epoch 18:  35%|███▍      | 50/144 [00:01<00:02, 35.26it/s, v_num=73760, train_loss_step=0.00107, val_loss=0.0112, val_acc=0.996, train_loss_epoch=0.0126]Epoch 18:  35%|███▍      | 50/144 [00:01<00:02, 35.25it/s, v_num=73760, train_loss_step=0.00411, val_loss=0.0112, val_acc=0.996, train_loss_epoch=0.0126]Epoch 18:  35%|███▌      | 51/144 [00:01<00:02, 35.26it/s, v_num=73760, train_loss_step=0.00411, val_loss=0.0112, val_acc=0.996, train_loss_epoch=0.0126]Epoch 18:  35%|███▌      | 51/144 [00:01<00:02, 35.25it/s, v_num=73760, train_loss_step=0.0315, val_loss=0.0112, val_acc=0.996, train_loss_epoch=0.0126] Epoch 18:  36%|███▌      | 52/144 [00:01<00:02, 35.31it/s, v_num=73760, train_loss_step=0.0315, val_loss=0.0112, val_acc=0.996, train_loss_epoch=0.0126]Epoch 18:  36%|███▌      | 52/144 [00:01<00:02, 35.31it/s, v_num=73760, train_loss_step=0.0108, val_loss=0.0112, val_acc=0.996, train_loss_epoch=0.0126]Epoch 18:  37%|███▋      | 53/144 [00:01<00:02, 35.35it/s, v_num=73760, train_loss_step=0.0108, val_loss=0.0112, val_acc=0.996, train_loss_epoch=0.0126]Epoch 18:  37%|███▋      | 53/144 [00:01<00:02, 35.35it/s, v_num=73760, train_loss_step=0.014, val_loss=0.0112, val_acc=0.996, train_loss_epoch=0.0126] Epoch 18:  38%|███▊      | 54/144 [00:01<00:02, 35.41it/s, v_num=73760, train_loss_step=0.014, val_loss=0.0112, val_acc=0.996, train_loss_epoch=0.0126]Epoch 18:  38%|███▊      | 54/144 [00:01<00:02, 35.41it/s, v_num=73760, train_loss_step=0.00195, val_loss=0.0112, val_acc=0.996, train_loss_epoch=0.0126]Epoch 18:  38%|███▊      | 55/144 [00:01<00:02, 35.38it/s, v_num=73760, train_loss_step=0.00195, val_loss=0.0112, val_acc=0.996, train_loss_epoch=0.0126]Epoch 18:  38%|███▊      | 55/144 [00:01<00:02, 35.38it/s, v_num=73760, train_loss_step=0.009, val_loss=0.0112, val_acc=0.996, train_loss_epoch=0.0126]  Epoch 18:  39%|███▉      | 56/144 [00:01<00:02, 35.46it/s, v_num=73760, train_loss_step=0.009, val_loss=0.0112, val_acc=0.996, train_loss_epoch=0.0126]Epoch 18:  39%|███▉      | 56/144 [00:01<00:02, 35.45it/s, v_num=73760, train_loss_step=0.0135, val_loss=0.0112, val_acc=0.996, train_loss_epoch=0.0126]Epoch 18:  40%|███▉      | 57/144 [00:01<00:02, 35.53it/s, v_num=73760, train_loss_step=0.0135, val_loss=0.0112, val_acc=0.996, train_loss_epoch=0.0126]Epoch 18:  40%|███▉      | 57/144 [00:01<00:02, 35.52it/s, v_num=73760, train_loss_step=0.00385, val_loss=0.0112, val_acc=0.996, train_loss_epoch=0.0126]Epoch 18:  40%|████      | 58/144 [00:01<00:02, 35.59it/s, v_num=73760, train_loss_step=0.00385, val_loss=0.0112, val_acc=0.996, train_loss_epoch=0.0126]Epoch 18:  40%|████      | 58/144 [00:01<00:02, 35.59it/s, v_num=73760, train_loss_step=0.00876, val_loss=0.0112, val_acc=0.996, train_loss_epoch=0.0126]Epoch 18:  41%|████      | 59/144 [00:01<00:02, 35.53it/s, v_num=73760, train_loss_step=0.00876, val_loss=0.0112, val_acc=0.996, train_loss_epoch=0.0126]Epoch 18:  41%|████      | 59/144 [00:01<00:02, 35.53it/s, v_num=73760, train_loss_step=0.032, val_loss=0.0112, val_acc=0.996, train_loss_epoch=0.0126]  Epoch 18:  42%|████▏     | 60/144 [00:01<00:02, 35.52it/s, v_num=73760, train_loss_step=0.032, val_loss=0.0112, val_acc=0.996, train_loss_epoch=0.0126]Epoch 18:  42%|████▏     | 60/144 [00:01<00:02, 35.52it/s, v_num=73760, train_loss_step=0.0104, val_loss=0.0112, val_acc=0.996, train_loss_epoch=0.0126]Epoch 18:  42%|████▏     | 61/144 [00:01<00:02, 35.57it/s, v_num=73760, train_loss_step=0.0104, val_loss=0.0112, val_acc=0.996, train_loss_epoch=0.0126]Epoch 18:  42%|████▏     | 61/144 [00:01<00:02, 35.57it/s, v_num=73760, train_loss_step=0.0209, val_loss=0.0112, val_acc=0.996, train_loss_epoch=0.0126]Epoch 18:  43%|████▎     | 62/144 [00:01<00:02, 35.59it/s, v_num=73760, train_loss_step=0.0209, val_loss=0.0112, val_acc=0.996, train_loss_epoch=0.0126]Epoch 18:  43%|████▎     | 62/144 [00:01<00:02, 35.59it/s, v_num=73760, train_loss_step=0.00476, val_loss=0.0112, val_acc=0.996, train_loss_epoch=0.0126]Epoch 18:  44%|████▍     | 63/144 [00:01<00:02, 35.61it/s, v_num=73760, train_loss_step=0.00476, val_loss=0.0112, val_acc=0.996, train_loss_epoch=0.0126]Epoch 18:  44%|████▍     | 63/144 [00:01<00:02, 35.61it/s, v_num=73760, train_loss_step=0.0169, val_loss=0.0112, val_acc=0.996, train_loss_epoch=0.0126] Epoch 18:  44%|████▍     | 64/144 [00:01<00:02, 35.58it/s, v_num=73760, train_loss_step=0.0169, val_loss=0.0112, val_acc=0.996, train_loss_epoch=0.0126]Epoch 18:  44%|████▍     | 64/144 [00:01<00:02, 35.58it/s, v_num=73760, train_loss_step=0.0182, val_loss=0.0112, val_acc=0.996, train_loss_epoch=0.0126]Epoch 18:  45%|████▌     | 65/144 [00:01<00:02, 35.61it/s, v_num=73760, train_loss_step=0.0182, val_loss=0.0112, val_acc=0.996, train_loss_epoch=0.0126]Epoch 18:  45%|████▌     | 65/144 [00:01<00:02, 35.61it/s, v_num=73760, train_loss_step=0.0125, val_loss=0.0112, val_acc=0.996, train_loss_epoch=0.0126]Epoch 18:  46%|████▌     | 66/144 [00:01<00:02, 35.65it/s, v_num=73760, train_loss_step=0.0125, val_loss=0.0112, val_acc=0.996, train_loss_epoch=0.0126]Epoch 18:  46%|████▌     | 66/144 [00:01<00:02, 35.65it/s, v_num=73760, train_loss_step=0.0144, val_loss=0.0112, val_acc=0.996, train_loss_epoch=0.0126]Epoch 18:  47%|████▋     | 67/144 [00:01<00:02, 35.68it/s, v_num=73760, train_loss_step=0.0144, val_loss=0.0112, val_acc=0.996, train_loss_epoch=0.0126]Epoch 18:  47%|████▋     | 67/144 [00:01<00:02, 35.68it/s, v_num=73760, train_loss_step=0.0173, val_loss=0.0112, val_acc=0.996, train_loss_epoch=0.0126]Epoch 18:  47%|████▋     | 68/144 [00:01<00:02, 35.65it/s, v_num=73760, train_loss_step=0.0173, val_loss=0.0112, val_acc=0.996, train_loss_epoch=0.0126]Epoch 18:  47%|████▋     | 68/144 [00:01<00:02, 35.65it/s, v_num=73760, train_loss_step=0.00131, val_loss=0.0112, val_acc=0.996, train_loss_epoch=0.0126]Epoch 18:  48%|████▊     | 69/144 [00:01<00:02, 35.66it/s, v_num=73760, train_loss_step=0.00131, val_loss=0.0112, val_acc=0.996, train_loss_epoch=0.0126]Epoch 18:  48%|████▊     | 69/144 [00:01<00:02, 35.65it/s, v_num=73760, train_loss_step=0.00377, val_loss=0.0112, val_acc=0.996, train_loss_epoch=0.0126]Epoch 18:  49%|████▊     | 70/144 [00:01<00:02, 35.69it/s, v_num=73760, train_loss_step=0.00377, val_loss=0.0112, val_acc=0.996, train_loss_epoch=0.0126]Epoch 18:  49%|████▊     | 70/144 [00:01<00:02, 35.69it/s, v_num=73760, train_loss_step=0.0145, val_loss=0.0112, val_acc=0.996, train_loss_epoch=0.0126] Epoch 18:  49%|████▉     | 71/144 [00:01<00:02, 35.71it/s, v_num=73760, train_loss_step=0.0145, val_loss=0.0112, val_acc=0.996, train_loss_epoch=0.0126]Epoch 18:  49%|████▉     | 71/144 [00:01<00:02, 35.71it/s, v_num=73760, train_loss_step=0.00792, val_loss=0.0112, val_acc=0.996, train_loss_epoch=0.0126]Epoch 18:  50%|█████     | 72/144 [00:02<00:02, 35.68it/s, v_num=73760, train_loss_step=0.00792, val_loss=0.0112, val_acc=0.996, train_loss_epoch=0.0126]Epoch 18:  50%|█████     | 72/144 [00:02<00:02, 35.68it/s, v_num=73760, train_loss_step=0.00311, val_loss=0.0112, val_acc=0.996, train_loss_epoch=0.0126]Epoch 18:  51%|█████     | 73/144 [00:02<00:01, 35.70it/s, v_num=73760, train_loss_step=0.00311, val_loss=0.0112, val_acc=0.996, train_loss_epoch=0.0126]Epoch 18:  51%|█████     | 73/144 [00:02<00:01, 35.70it/s, v_num=73760, train_loss_step=0.0117, val_loss=0.0112, val_acc=0.996, train_loss_epoch=0.0126] Epoch 18:  51%|█████▏    | 74/144 [00:02<00:01, 35.73it/s, v_num=73760, train_loss_step=0.0117, val_loss=0.0112, val_acc=0.996, train_loss_epoch=0.0126]Epoch 18:  51%|█████▏    | 74/144 [00:02<00:01, 35.73it/s, v_num=73760, train_loss_step=0.0196, val_loss=0.0112, val_acc=0.996, train_loss_epoch=0.0126]Epoch 18:  52%|█████▏    | 75/144 [00:02<00:01, 35.75it/s, v_num=73760, train_loss_step=0.0196, val_loss=0.0112, val_acc=0.996, train_loss_epoch=0.0126]Epoch 18:  52%|█████▏    | 75/144 [00:02<00:01, 35.74it/s, v_num=73760, train_loss_step=0.0186, val_loss=0.0112, val_acc=0.996, train_loss_epoch=0.0126]Epoch 18:  53%|█████▎    | 76/144 [00:02<00:01, 35.72it/s, v_num=73760, train_loss_step=0.0186, val_loss=0.0112, val_acc=0.996, train_loss_epoch=0.0126]Epoch 18:  53%|█████▎    | 76/144 [00:02<00:01, 35.71it/s, v_num=73760, train_loss_step=0.00652, val_loss=0.0112, val_acc=0.996, train_loss_epoch=0.0126]Epoch 18:  53%|█████▎    | 77/144 [00:02<00:01, 35.77it/s, v_num=73760, train_loss_step=0.00652, val_loss=0.0112, val_acc=0.996, train_loss_epoch=0.0126]Epoch 18:  53%|█████▎    | 77/144 [00:02<00:01, 35.77it/s, v_num=73760, train_loss_step=0.0194, val_loss=0.0112, val_acc=0.996, train_loss_epoch=0.0126] Epoch 18:  54%|█████▍    | 78/144 [00:02<00:01, 35.82it/s, v_num=73760, train_loss_step=0.0194, val_loss=0.0112, val_acc=0.996, train_loss_epoch=0.0126]Epoch 18:  54%|█████▍    | 78/144 [00:02<00:01, 35.81it/s, v_num=73760, train_loss_step=0.00599, val_loss=0.0112, val_acc=0.996, train_loss_epoch=0.0126]Epoch 18:  55%|█████▍    | 79/144 [00:02<00:01, 35.86it/s, v_num=73760, train_loss_step=0.00599, val_loss=0.0112, val_acc=0.996, train_loss_epoch=0.0126]Epoch 18:  55%|█████▍    | 79/144 [00:02<00:01, 35.85it/s, v_num=73760, train_loss_step=0.0209, val_loss=0.0112, val_acc=0.996, train_loss_epoch=0.0126] Epoch 18:  56%|█████▌    | 80/144 [00:02<00:01, 35.82it/s, v_num=73760, train_loss_step=0.0209, val_loss=0.0112, val_acc=0.996, train_loss_epoch=0.0126]Epoch 18:  56%|█████▌    | 80/144 [00:02<00:01, 35.82it/s, v_num=73760, train_loss_step=0.00138, val_loss=0.0112, val_acc=0.996, train_loss_epoch=0.0126]Epoch 18:  56%|█████▋    | 81/144 [00:02<00:01, 35.87it/s, v_num=73760, train_loss_step=0.00138, val_loss=0.0112, val_acc=0.996, train_loss_epoch=0.0126]Epoch 18:  56%|█████▋    | 81/144 [00:02<00:01, 35.87it/s, v_num=73760, train_loss_step=0.0119, val_loss=0.0112, val_acc=0.996, train_loss_epoch=0.0126] Epoch 18:  57%|█████▋    | 82/144 [00:02<00:01, 35.91it/s, v_num=73760, train_loss_step=0.0119, val_loss=0.0112, val_acc=0.996, train_loss_epoch=0.0126]Epoch 18:  57%|█████▋    | 82/144 [00:02<00:01, 35.91it/s, v_num=73760, train_loss_step=0.0112, val_loss=0.0112, val_acc=0.996, train_loss_epoch=0.0126]Epoch 18:  58%|█████▊    | 83/144 [00:02<00:01, 35.93it/s, v_num=73760, train_loss_step=0.0112, val_loss=0.0112, val_acc=0.996, train_loss_epoch=0.0126]Epoch 18:  58%|█████▊    | 83/144 [00:02<00:01, 35.93it/s, v_num=73760, train_loss_step=0.00842, val_loss=0.0112, val_acc=0.996, train_loss_epoch=0.0126]Epoch 18:  58%|█████▊    | 84/144 [00:02<00:01, 35.89it/s, v_num=73760, train_loss_step=0.00842, val_loss=0.0112, val_acc=0.996, train_loss_epoch=0.0126]Epoch 18:  58%|█████▊    | 84/144 [00:02<00:01, 35.89it/s, v_num=73760, train_loss_step=0.00261, val_loss=0.0112, val_acc=0.996, train_loss_epoch=0.0126]Epoch 18:  59%|█████▉    | 85/144 [00:02<00:01, 35.91it/s, v_num=73760, train_loss_step=0.00261, val_loss=0.0112, val_acc=0.996, train_loss_epoch=0.0126]Epoch 18:  59%|█████▉    | 85/144 [00:02<00:01, 35.91it/s, v_num=73760, train_loss_step=0.0103, val_loss=0.0112, val_acc=0.996, train_loss_epoch=0.0126] Epoch 18:  60%|█████▉    | 86/144 [00:02<00:01, 35.94it/s, v_num=73760, train_loss_step=0.0103, val_loss=0.0112, val_acc=0.996, train_loss_epoch=0.0126]Epoch 18:  60%|█████▉    | 86/144 [00:02<00:01, 35.94it/s, v_num=73760, train_loss_step=0.0154, val_loss=0.0112, val_acc=0.996, train_loss_epoch=0.0126]Epoch 18:  60%|██████    | 87/144 [00:02<00:01, 35.96it/s, v_num=73760, train_loss_step=0.0154, val_loss=0.0112, val_acc=0.996, train_loss_epoch=0.0126]Epoch 18:  60%|██████    | 87/144 [00:02<00:01, 35.96it/s, v_num=73760, train_loss_step=0.00772, val_loss=0.0112, val_acc=0.996, train_loss_epoch=0.0126]Epoch 18:  61%|██████    | 88/144 [00:02<00:01, 35.91it/s, v_num=73760, train_loss_step=0.00772, val_loss=0.0112, val_acc=0.996, train_loss_epoch=0.0126]Epoch 18:  61%|██████    | 88/144 [00:02<00:01, 35.91it/s, v_num=73760, train_loss_step=0.0069, val_loss=0.0112, val_acc=0.996, train_loss_epoch=0.0126] Epoch 18:  62%|██████▏   | 89/144 [00:02<00:01, 35.94it/s, v_num=73760, train_loss_step=0.0069, val_loss=0.0112, val_acc=0.996, train_loss_epoch=0.0126]Epoch 18:  62%|██████▏   | 89/144 [00:02<00:01, 35.93it/s, v_num=73760, train_loss_step=0.00278, val_loss=0.0112, val_acc=0.996, train_loss_epoch=0.0126]Epoch 18:  62%|██████▎   | 90/144 [00:02<00:01, 35.97it/s, v_num=73760, train_loss_step=0.00278, val_loss=0.0112, val_acc=0.996, train_loss_epoch=0.0126]Epoch 18:  62%|██████▎   | 90/144 [00:02<00:01, 35.97it/s, v_num=73760, train_loss_step=0.00628, val_loss=0.0112, val_acc=0.996, train_loss_epoch=0.0126]Epoch 18:  63%|██████▎   | 91/144 [00:02<00:01, 36.01it/s, v_num=73760, train_loss_step=0.00628, val_loss=0.0112, val_acc=0.996, train_loss_epoch=0.0126]Epoch 18:  63%|██████▎   | 91/144 [00:02<00:01, 36.01it/s, v_num=73760, train_loss_step=0.00421, val_loss=0.0112, val_acc=0.996, train_loss_epoch=0.0126]Epoch 18:  64%|██████▍   | 92/144 [00:02<00:01, 35.98it/s, v_num=73760, train_loss_step=0.00421, val_loss=0.0112, val_acc=0.996, train_loss_epoch=0.0126]Epoch 18:  64%|██████▍   | 92/144 [00:02<00:01, 35.98it/s, v_num=73760, train_loss_step=0.00984, val_loss=0.0112, val_acc=0.996, train_loss_epoch=0.0126]Epoch 18:  65%|██████▍   | 93/144 [00:02<00:01, 36.00it/s, v_num=73760, train_loss_step=0.00984, val_loss=0.0112, val_acc=0.996, train_loss_epoch=0.0126]Epoch 18:  65%|██████▍   | 93/144 [00:02<00:01, 36.00it/s, v_num=73760, train_loss_step=0.00781, val_loss=0.0112, val_acc=0.996, train_loss_epoch=0.0126]Epoch 18:  65%|██████▌   | 94/144 [00:02<00:01, 36.02it/s, v_num=73760, train_loss_step=0.00781, val_loss=0.0112, val_acc=0.996, train_loss_epoch=0.0126]Epoch 18:  65%|██████▌   | 94/144 [00:02<00:01, 36.01it/s, v_num=73760, train_loss_step=0.0129, val_loss=0.0112, val_acc=0.996, train_loss_epoch=0.0126] Epoch 18:  66%|██████▌   | 95/144 [00:02<00:01, 36.05it/s, v_num=73760, train_loss_step=0.0129, val_loss=0.0112, val_acc=0.996, train_loss_epoch=0.0126]Epoch 18:  66%|██████▌   | 95/144 [00:02<00:01, 36.04it/s, v_num=73760, train_loss_step=0.0121, val_loss=0.0112, val_acc=0.996, train_loss_epoch=0.0126]Epoch 18:  67%|██████▋   | 96/144 [00:02<00:01, 36.01it/s, v_num=73760, train_loss_step=0.0121, val_loss=0.0112, val_acc=0.996, train_loss_epoch=0.0126]Epoch 18:  67%|██████▋   | 96/144 [00:02<00:01, 36.01it/s, v_num=73760, train_loss_step=0.00113, val_loss=0.0112, val_acc=0.996, train_loss_epoch=0.0126]Epoch 18:  67%|██████▋   | 97/144 [00:02<00:01, 36.05it/s, v_num=73760, train_loss_step=0.00113, val_loss=0.0112, val_acc=0.996, train_loss_epoch=0.0126]Epoch 18:  67%|██████▋   | 97/144 [00:02<00:01, 36.05it/s, v_num=73760, train_loss_step=0.00064, val_loss=0.0112, val_acc=0.996, train_loss_epoch=0.0126]Epoch 18:  68%|██████▊   | 98/144 [00:02<00:01, 36.10it/s, v_num=73760, train_loss_step=0.00064, val_loss=0.0112, val_acc=0.996, train_loss_epoch=0.0126]Epoch 18:  68%|██████▊   | 98/144 [00:02<00:01, 36.10it/s, v_num=73760, train_loss_step=0.006, val_loss=0.0112, val_acc=0.996, train_loss_epoch=0.0126]  Epoch 18:  69%|██████▉   | 99/144 [00:02<00:01, 36.13it/s, v_num=73760, train_loss_step=0.006, val_loss=0.0112, val_acc=0.996, train_loss_epoch=0.0126]Epoch 18:  69%|██████▉   | 99/144 [00:02<00:01, 36.13it/s, v_num=73760, train_loss_step=0.00723, val_loss=0.0112, val_acc=0.996, train_loss_epoch=0.0126]Epoch 18:  69%|██████▉   | 100/144 [00:02<00:01, 36.13it/s, v_num=73760, train_loss_step=0.00723, val_loss=0.0112, val_acc=0.996, train_loss_epoch=0.0126]Epoch 18:  69%|██████▉   | 100/144 [00:02<00:01, 36.13it/s, v_num=73760, train_loss_step=0.00586, val_loss=0.0112, val_acc=0.996, train_loss_epoch=0.0126]Epoch 18:  70%|███████   | 101/144 [00:02<00:01, 36.11it/s, v_num=73760, train_loss_step=0.00586, val_loss=0.0112, val_acc=0.996, train_loss_epoch=0.0126]Epoch 18:  70%|███████   | 101/144 [00:02<00:01, 36.10it/s, v_num=73760, train_loss_step=0.00279, val_loss=0.0112, val_acc=0.996, train_loss_epoch=0.0126]Epoch 18:  71%|███████   | 102/144 [00:02<00:01, 36.14it/s, v_num=73760, train_loss_step=0.00279, val_loss=0.0112, val_acc=0.996, train_loss_epoch=0.0126]Epoch 18:  71%|███████   | 102/144 [00:02<00:01, 36.13it/s, v_num=73760, train_loss_step=0.0124, val_loss=0.0112, val_acc=0.996, train_loss_epoch=0.0126] Epoch 18:  72%|███████▏  | 103/144 [00:02<00:01, 36.17it/s, v_num=73760, train_loss_step=0.0124, val_loss=0.0112, val_acc=0.996, train_loss_epoch=0.0126]Epoch 18:  72%|███████▏  | 103/144 [00:02<00:01, 36.17it/s, v_num=73760, train_loss_step=0.00587, val_loss=0.0112, val_acc=0.996, train_loss_epoch=0.0126]Epoch 18:  72%|███████▏  | 104/144 [00:02<00:01, 36.19it/s, v_num=73760, train_loss_step=0.00587, val_loss=0.0112, val_acc=0.996, train_loss_epoch=0.0126]Epoch 18:  72%|███████▏  | 104/144 [00:02<00:01, 36.19it/s, v_num=73760, train_loss_step=0.00324, val_loss=0.0112, val_acc=0.996, train_loss_epoch=0.0126]Epoch 18:  73%|███████▎  | 105/144 [00:02<00:01, 36.15it/s, v_num=73760, train_loss_step=0.00324, val_loss=0.0112, val_acc=0.996, train_loss_epoch=0.0126]Epoch 18:  73%|███████▎  | 105/144 [00:02<00:01, 36.15it/s, v_num=73760, train_loss_step=0.0241, val_loss=0.0112, val_acc=0.996, train_loss_epoch=0.0126] Epoch 18:  74%|███████▎  | 106/144 [00:02<00:01, 36.18it/s, v_num=73760, train_loss_step=0.0241, val_loss=0.0112, val_acc=0.996, train_loss_epoch=0.0126]Epoch 18:  74%|███████▎  | 106/144 [00:02<00:01, 36.18it/s, v_num=73760, train_loss_step=0.00696, val_loss=0.0112, val_acc=0.996, train_loss_epoch=0.0126]Epoch 18:  74%|███████▍  | 107/144 [00:02<00:01, 36.21it/s, v_num=73760, train_loss_step=0.00696, val_loss=0.0112, val_acc=0.996, train_loss_epoch=0.0126]Epoch 18:  74%|███████▍  | 107/144 [00:02<00:01, 36.21it/s, v_num=73760, train_loss_step=0.00264, val_loss=0.0112, val_acc=0.996, train_loss_epoch=0.0126]Epoch 18:  75%|███████▌  | 108/144 [00:02<00:00, 36.24it/s, v_num=73760, train_loss_step=0.00264, val_loss=0.0112, val_acc=0.996, train_loss_epoch=0.0126]Epoch 18:  75%|███████▌  | 108/144 [00:02<00:00, 36.24it/s, v_num=73760, train_loss_step=0.00806, val_loss=0.0112, val_acc=0.996, train_loss_epoch=0.0126]Epoch 18:  76%|███████▌  | 109/144 [00:03<00:00, 36.24it/s, v_num=73760, train_loss_step=0.00806, val_loss=0.0112, val_acc=0.996, train_loss_epoch=0.0126]Epoch 18:  76%|███████▌  | 109/144 [00:03<00:00, 36.24it/s, v_num=73760, train_loss_step=0.00552, val_loss=0.0112, val_acc=0.996, train_loss_epoch=0.0126]Epoch 18:  76%|███████▋  | 110/144 [00:03<00:00, 36.28it/s, v_num=73760, train_loss_step=0.00552, val_loss=0.0112, val_acc=0.996, train_loss_epoch=0.0126]Epoch 18:  76%|███████▋  | 110/144 [00:03<00:00, 36.28it/s, v_num=73760, train_loss_step=0.0226, val_loss=0.0112, val_acc=0.996, train_loss_epoch=0.0126] Epoch 18:  77%|███████▋  | 111/144 [00:03<00:00, 36.31it/s, v_num=73760, train_loss_step=0.0226, val_loss=0.0112, val_acc=0.996, train_loss_epoch=0.0126]Epoch 18:  77%|███████▋  | 111/144 [00:03<00:00, 36.31it/s, v_num=73760, train_loss_step=0.0156, val_loss=0.0112, val_acc=0.996, train_loss_epoch=0.0126]Epoch 18:  78%|███████▊  | 112/144 [00:03<00:00, 36.34it/s, v_num=73760, train_loss_step=0.0156, val_loss=0.0112, val_acc=0.996, train_loss_epoch=0.0126]Epoch 18:  78%|███████▊  | 112/144 [00:03<00:00, 36.34it/s, v_num=73760, train_loss_step=0.00582, val_loss=0.0112, val_acc=0.996, train_loss_epoch=0.0126]Epoch 18:  78%|███████▊  | 113/144 [00:03<00:00, 36.35it/s, v_num=73760, train_loss_step=0.00582, val_loss=0.0112, val_acc=0.996, train_loss_epoch=0.0126]Epoch 18:  78%|███████▊  | 113/144 [00:03<00:00, 36.35it/s, v_num=73760, train_loss_step=0.00138, val_loss=0.0112, val_acc=0.996, train_loss_epoch=0.0126]Epoch 18:  79%|███████▉  | 114/144 [00:03<00:00, 36.33it/s, v_num=73760, train_loss_step=0.00138, val_loss=0.0112, val_acc=0.996, train_loss_epoch=0.0126]Epoch 18:  79%|███████▉  | 114/144 [00:03<00:00, 36.33it/s, v_num=73760, train_loss_step=0.00103, val_loss=0.0112, val_acc=0.996, train_loss_epoch=0.0126]Epoch 18:  80%|███████▉  | 115/144 [00:03<00:00, 36.35it/s, v_num=73760, train_loss_step=0.00103, val_loss=0.0112, val_acc=0.996, train_loss_epoch=0.0126]Epoch 18:  80%|███████▉  | 115/144 [00:03<00:00, 36.35it/s, v_num=73760, train_loss_step=0.0113, val_loss=0.0112, val_acc=0.996, train_loss_epoch=0.0126] Epoch 18:  81%|████████  | 116/144 [00:03<00:00, 36.39it/s, v_num=73760, train_loss_step=0.0113, val_loss=0.0112, val_acc=0.996, train_loss_epoch=0.0126]Epoch 18:  81%|████████  | 116/144 [00:03<00:00, 36.39it/s, v_num=73760, train_loss_step=0.00837, val_loss=0.0112, val_acc=0.996, train_loss_epoch=0.0126]Epoch 18:  81%|████████▏ | 117/144 [00:03<00:00, 36.43it/s, v_num=73760, train_loss_step=0.00837, val_loss=0.0112, val_acc=0.996, train_loss_epoch=0.0126]Epoch 18:  81%|████████▏ | 117/144 [00:03<00:00, 36.42it/s, v_num=73760, train_loss_step=0.00348, val_loss=0.0112, val_acc=0.996, train_loss_epoch=0.0126]Epoch 18:  82%|████████▏ | 118/144 [00:03<00:00, 36.43it/s, v_num=73760, train_loss_step=0.00348, val_loss=0.0112, val_acc=0.996, train_loss_epoch=0.0126]Epoch 18:  82%|████████▏ | 118/144 [00:03<00:00, 36.43it/s, v_num=73760, train_loss_step=0.00635, val_loss=0.0112, val_acc=0.996, train_loss_epoch=0.0126]Epoch 18:  83%|████████▎ | 119/144 [00:03<00:00, 36.46it/s, v_num=73760, train_loss_step=0.00635, val_loss=0.0112, val_acc=0.996, train_loss_epoch=0.0126]Epoch 18:  83%|████████▎ | 119/144 [00:03<00:00, 36.45it/s, v_num=73760, train_loss_step=0.00213, val_loss=0.0112, val_acc=0.996, train_loss_epoch=0.0126]Epoch 18:  83%|████████▎ | 120/144 [00:03<00:00, 36.49it/s, v_num=73760, train_loss_step=0.00213, val_loss=0.0112, val_acc=0.996, train_loss_epoch=0.0126]Epoch 18:  83%|████████▎ | 120/144 [00:03<00:00, 36.49it/s, v_num=73760, train_loss_step=0.00944, val_loss=0.0112, val_acc=0.996, train_loss_epoch=0.0126]Epoch 18:  84%|████████▍ | 121/144 [00:03<00:00, 36.51it/s, v_num=73760, train_loss_step=0.00944, val_loss=0.0112, val_acc=0.996, train_loss_epoch=0.0126]Epoch 18:  84%|████████▍ | 121/144 [00:03<00:00, 36.51it/s, v_num=73760, train_loss_step=0.00696, val_loss=0.0112, val_acc=0.996, train_loss_epoch=0.0126]Epoch 18:  85%|████████▍ | 122/144 [00:03<00:00, 36.49it/s, v_num=73760, train_loss_step=0.00696, val_loss=0.0112, val_acc=0.996, train_loss_epoch=0.0126]Epoch 18:  85%|████████▍ | 122/144 [00:03<00:00, 36.49it/s, v_num=73760, train_loss_step=0.00468, val_loss=0.0112, val_acc=0.996, train_loss_epoch=0.0126]Epoch 18:  85%|████████▌ | 123/144 [00:03<00:00, 36.47it/s, v_num=73760, train_loss_step=0.00468, val_loss=0.0112, val_acc=0.996, train_loss_epoch=0.0126]Epoch 18:  85%|████████▌ | 123/144 [00:03<00:00, 36.47it/s, v_num=73760, train_loss_step=0.00727, val_loss=0.0112, val_acc=0.996, train_loss_epoch=0.0126]Epoch 18:  86%|████████▌ | 124/144 [00:03<00:00, 36.50it/s, v_num=73760, train_loss_step=0.00727, val_loss=0.0112, val_acc=0.996, train_loss_epoch=0.0126]Epoch 18:  86%|████████▌ | 124/144 [00:03<00:00, 36.50it/s, v_num=73760, train_loss_step=0.0051, val_loss=0.0112, val_acc=0.996, train_loss_epoch=0.0126] Epoch 18:  87%|████████▋ | 125/144 [00:03<00:00, 36.51it/s, v_num=73760, train_loss_step=0.0051, val_loss=0.0112, val_acc=0.996, train_loss_epoch=0.0126]Epoch 18:  87%|████████▋ | 125/144 [00:03<00:00, 36.51it/s, v_num=73760, train_loss_step=0.00395, val_loss=0.0112, val_acc=0.996, train_loss_epoch=0.0126]Epoch 18:  88%|████████▊ | 126/144 [00:03<00:00, 36.54it/s, v_num=73760, train_loss_step=0.00395, val_loss=0.0112, val_acc=0.996, train_loss_epoch=0.0126]Epoch 18:  88%|████████▊ | 126/144 [00:03<00:00, 36.54it/s, v_num=73760, train_loss_step=0.00112, val_loss=0.0112, val_acc=0.996, train_loss_epoch=0.0126]Epoch 18:  88%|████████▊ | 127/144 [00:03<00:00, 36.47it/s, v_num=73760, train_loss_step=0.00112, val_loss=0.0112, val_acc=0.996, train_loss_epoch=0.0126]Epoch 18:  88%|████████▊ | 127/144 [00:03<00:00, 36.47it/s, v_num=73760, train_loss_step=0.00115, val_loss=0.0112, val_acc=0.996, train_loss_epoch=0.0126]Epoch 18:  89%|████████▉ | 128/144 [00:03<00:00, 36.50it/s, v_num=73760, train_loss_step=0.00115, val_loss=0.0112, val_acc=0.996, train_loss_epoch=0.0126]Epoch 18:  89%|████████▉ | 128/144 [00:03<00:00, 36.49it/s, v_num=73760, train_loss_step=0.00754, val_loss=0.0112, val_acc=0.996, train_loss_epoch=0.0126]Epoch 18:  90%|████████▉ | 129/144 [00:03<00:00, 36.53it/s, v_num=73760, train_loss_step=0.00754, val_loss=0.0112, val_acc=0.996, train_loss_epoch=0.0126]Epoch 18:  90%|████████▉ | 129/144 [00:03<00:00, 36.52it/s, v_num=73760, train_loss_step=0.00731, val_loss=0.0112, val_acc=0.996, train_loss_epoch=0.0126]Epoch 18:  90%|█████████ | 130/144 [00:03<00:00, 36.56it/s, v_num=73760, train_loss_step=0.00731, val_loss=0.0112, val_acc=0.996, train_loss_epoch=0.0126]Epoch 18:  90%|█████████ | 130/144 [00:03<00:00, 36.56it/s, v_num=73760, train_loss_step=0.00375, val_loss=0.0112, val_acc=0.996, train_loss_epoch=0.0126]Epoch 18:  91%|█████████ | 131/144 [00:03<00:00, 36.56it/s, v_num=73760, train_loss_step=0.00375, val_loss=0.0112, val_acc=0.996, train_loss_epoch=0.0126]Epoch 18:  91%|█████████ | 131/144 [00:03<00:00, 36.55it/s, v_num=73760, train_loss_step=0.00427, val_loss=0.0112, val_acc=0.996, train_loss_epoch=0.0126]Epoch 18:  92%|█████████▏| 132/144 [00:03<00:00, 36.58it/s, v_num=73760, train_loss_step=0.00427, val_loss=0.0112, val_acc=0.996, train_loss_epoch=0.0126]Epoch 18:  92%|█████████▏| 132/144 [00:03<00:00, 36.58it/s, v_num=73760, train_loss_step=0.0052, val_loss=0.0112, val_acc=0.996, train_loss_epoch=0.0126] Epoch 18:  92%|█████████▏| 133/144 [00:03<00:00, 36.60it/s, v_num=73760, train_loss_step=0.0052, val_loss=0.0112, val_acc=0.996, train_loss_epoch=0.0126]Epoch 18:  92%|█████████▏| 133/144 [00:03<00:00, 36.59it/s, v_num=73760, train_loss_step=0.00782, val_loss=0.0112, val_acc=0.996, train_loss_epoch=0.0126]Epoch 18:  93%|█████████▎| 134/144 [00:03<00:00, 36.63it/s, v_num=73760, train_loss_step=0.00782, val_loss=0.0112, val_acc=0.996, train_loss_epoch=0.0126]Epoch 18:  93%|█████████▎| 134/144 [00:03<00:00, 36.63it/s, v_num=73760, train_loss_step=0.0017, val_loss=0.0112, val_acc=0.996, train_loss_epoch=0.0126] Epoch 18:  94%|█████████▍| 135/144 [00:03<00:00, 36.63it/s, v_num=73760, train_loss_step=0.0017, val_loss=0.0112, val_acc=0.996, train_loss_epoch=0.0126]Epoch 18:  94%|█████████▍| 135/144 [00:03<00:00, 36.63it/s, v_num=73760, train_loss_step=0.00198, val_loss=0.0112, val_acc=0.996, train_loss_epoch=0.0126]Epoch 18:  94%|█████████▍| 136/144 [00:03<00:00, 36.57it/s, v_num=73760, train_loss_step=0.00198, val_loss=0.0112, val_acc=0.996, train_loss_epoch=0.0126]Epoch 18:  94%|█████████▍| 136/144 [00:03<00:00, 36.57it/s, v_num=73760, train_loss_step=0.0067, val_loss=0.0112, val_acc=0.996, train_loss_epoch=0.0126] Epoch 18:  95%|█████████▌| 137/144 [00:03<00:00, 36.59it/s, v_num=73760, train_loss_step=0.0067, val_loss=0.0112, val_acc=0.996, train_loss_epoch=0.0126]Epoch 18:  95%|█████████▌| 137/144 [00:03<00:00, 36.59it/s, v_num=73760, train_loss_step=0.0192, val_loss=0.0112, val_acc=0.996, train_loss_epoch=0.0126]Epoch 18:  96%|█████████▌| 138/144 [00:03<00:00, 36.62it/s, v_num=73760, train_loss_step=0.0192, val_loss=0.0112, val_acc=0.996, train_loss_epoch=0.0126]Epoch 18:  96%|█████████▌| 138/144 [00:03<00:00, 36.62it/s, v_num=73760, train_loss_step=0.0161, val_loss=0.0112, val_acc=0.996, train_loss_epoch=0.0126]Epoch 18:  97%|█████████▋| 139/144 [00:03<00:00, 36.62it/s, v_num=73760, train_loss_step=0.0161, val_loss=0.0112, val_acc=0.996, train_loss_epoch=0.0126]Epoch 18:  97%|█████████▋| 139/144 [00:03<00:00, 36.62it/s, v_num=73760, train_loss_step=0.00327, val_loss=0.0112, val_acc=0.996, train_loss_epoch=0.0126]Epoch 18:  97%|█████████▋| 140/144 [00:03<00:00, 36.60it/s, v_num=73760, train_loss_step=0.00327, val_loss=0.0112, val_acc=0.996, train_loss_epoch=0.0126]Epoch 18:  97%|█████████▋| 140/144 [00:03<00:00, 36.60it/s, v_num=73760, train_loss_step=0.0196, val_loss=0.0112, val_acc=0.996, train_loss_epoch=0.0126] Epoch 18:  98%|█████████▊| 141/144 [00:03<00:00, 36.62it/s, v_num=73760, train_loss_step=0.0196, val_loss=0.0112, val_acc=0.996, train_loss_epoch=0.0126]Epoch 18:  98%|█████████▊| 141/144 [00:03<00:00, 36.62it/s, v_num=73760, train_loss_step=0.000669, val_loss=0.0112, val_acc=0.996, train_loss_epoch=0.0126]Epoch 18:  99%|█████████▊| 142/144 [00:03<00:00, 36.64it/s, v_num=73760, train_loss_step=0.000669, val_loss=0.0112, val_acc=0.996, train_loss_epoch=0.0126]Epoch 18:  99%|█████████▊| 142/144 [00:03<00:00, 36.64it/s, v_num=73760, train_loss_step=0.0175, val_loss=0.0112, val_acc=0.996, train_loss_epoch=0.0126]  Epoch 18:  99%|█████████▉| 143/144 [00:03<00:00, 36.66it/s, v_num=73760, train_loss_step=0.0175, val_loss=0.0112, val_acc=0.996, train_loss_epoch=0.0126]Epoch 18:  99%|█████████▉| 143/144 [00:03<00:00, 36.66it/s, v_num=73760, train_loss_step=0.0104, val_loss=0.0112, val_acc=0.996, train_loss_epoch=0.0126]Epoch 18: 100%|██████████| 144/144 [00:03<00:00, 36.64it/s, v_num=73760, train_loss_step=0.0104, val_loss=0.0112, val_acc=0.996, train_loss_epoch=0.0126]Epoch 18: 100%|██████████| 144/144 [00:03<00:00, 36.64it/s, v_num=73760, train_loss_step=0.0784, val_loss=0.0112, val_acc=0.996, train_loss_epoch=0.0126]
Validation: |          | 0/? [00:00<?, ?it/s][A
Validation:   0%|          | 0/14 [00:00<?, ?it/s][A
Validation DataLoader 0:   0%|          | 0/14 [00:00<?, ?it/s][A
Validation DataLoader 0:   7%|▋         | 1/14 [00:00<00:00, 133.42it/s][A
Validation DataLoader 0:  14%|█▍        | 2/14 [00:00<00:00, 62.11it/s] [A
Validation DataLoader 0:  21%|██▏       | 3/14 [00:00<00:00, 70.96it/s][A
Validation DataLoader 0:  29%|██▊       | 4/14 [00:00<00:00, 76.60it/s][A
Validation DataLoader 0:  36%|███▌      | 5/14 [00:00<00:00, 80.36it/s][A
Validation DataLoader 0:  43%|████▎     | 6/14 [00:00<00:00, 83.13it/s][A
Validation DataLoader 0:  50%|█████     | 7/14 [00:00<00:00, 85.26it/s][A
Validation DataLoader 0:  57%|█████▋    | 8/14 [00:00<00:00, 87.15it/s][A
Validation DataLoader 0:  64%|██████▍   | 9/14 [00:00<00:00, 84.49it/s][A
Validation DataLoader 0:  71%|███████▏  | 10/14 [00:00<00:00, 82.63it/s][A
Validation DataLoader 0:  79%|███████▊  | 11/14 [00:00<00:00, 81.34it/s][A
Validation DataLoader 0:  86%|████████▌ | 12/14 [00:00<00:00, 80.35it/s][A
Validation DataLoader 0:  93%|█████████▎| 13/14 [00:00<00:00, 79.42it/s][A
Validation DataLoader 0: 100%|██████████| 14/14 [00:00<00:00, 78.79it/s][A
                                                                        [AEpoch 18: 100%|██████████| 144/144 [00:04<00:00, 34.90it/s, v_num=73760, train_loss_step=0.0784, val_loss=0.0445, val_acc=0.983, train_loss_epoch=0.0126]Epoch 18: 100%|██████████| 144/144 [00:04<00:00, 34.88it/s, v_num=73760, train_loss_step=0.0784, val_loss=0.0445, val_acc=0.983, train_loss_epoch=0.0107]Epoch 18:   0%|          | 0/144 [00:00<?, ?it/s, v_num=73760, train_loss_step=0.0784, val_loss=0.0445, val_acc=0.983, train_loss_epoch=0.0107]          Epoch 19:   0%|          | 0/144 [00:00<?, ?it/s, v_num=73760, train_loss_step=0.0784, val_loss=0.0445, val_acc=0.983, train_loss_epoch=0.0107]Epoch 19:   1%|          | 1/144 [00:00<00:12, 11.30it/s, v_num=73760, train_loss_step=0.0784, val_loss=0.0445, val_acc=0.983, train_loss_epoch=0.0107]Epoch 19:   1%|          | 1/144 [00:00<00:12, 11.28it/s, v_num=73760, train_loss_step=0.0567, val_loss=0.0445, val_acc=0.983, train_loss_epoch=0.0107]Epoch 19:   1%|▏         | 2/144 [00:00<00:08, 17.31it/s, v_num=73760, train_loss_step=0.0567, val_loss=0.0445, val_acc=0.983, train_loss_epoch=0.0107]Epoch 19:   1%|▏         | 2/144 [00:00<00:08, 17.28it/s, v_num=73760, train_loss_step=0.0965, val_loss=0.0445, val_acc=0.983, train_loss_epoch=0.0107]Epoch 19:   2%|▏         | 3/144 [00:00<00:06, 20.66it/s, v_num=73760, train_loss_step=0.0965, val_loss=0.0445, val_acc=0.983, train_loss_epoch=0.0107]Epoch 19:   2%|▏         | 3/144 [00:00<00:06, 20.64it/s, v_num=73760, train_loss_step=0.0271, val_loss=0.0445, val_acc=0.983, train_loss_epoch=0.0107]Epoch 19:   3%|▎         | 4/144 [00:00<00:06, 23.25it/s, v_num=73760, train_loss_step=0.0271, val_loss=0.0445, val_acc=0.983, train_loss_epoch=0.0107]Epoch 19:   3%|▎         | 4/144 [00:00<00:06, 23.22it/s, v_num=73760, train_loss_step=0.0596, val_loss=0.0445, val_acc=0.983, train_loss_epoch=0.0107]Epoch 19:   3%|▎         | 5/144 [00:00<00:05, 25.02it/s, v_num=73760, train_loss_step=0.0596, val_loss=0.0445, val_acc=0.983, train_loss_epoch=0.0107]Epoch 19:   3%|▎         | 5/144 [00:00<00:05, 25.00it/s, v_num=73760, train_loss_step=0.0431, val_loss=0.0445, val_acc=0.983, train_loss_epoch=0.0107]Epoch 19:   4%|▍         | 6/144 [00:00<00:05, 26.63it/s, v_num=73760, train_loss_step=0.0431, val_loss=0.0445, val_acc=0.983, train_loss_epoch=0.0107]Epoch 19:   4%|▍         | 6/144 [00:00<00:05, 26.61it/s, v_num=73760, train_loss_step=0.0463, val_loss=0.0445, val_acc=0.983, train_loss_epoch=0.0107]Epoch 19:   5%|▍         | 7/144 [00:00<00:04, 27.56it/s, v_num=73760, train_loss_step=0.0463, val_loss=0.0445, val_acc=0.983, train_loss_epoch=0.0107]Epoch 19:   5%|▍         | 7/144 [00:00<00:04, 27.54it/s, v_num=73760, train_loss_step=0.022, val_loss=0.0445, val_acc=0.983, train_loss_epoch=0.0107] Epoch 19:   6%|▌         | 8/144 [00:00<00:04, 28.50it/s, v_num=73760, train_loss_step=0.022, val_loss=0.0445, val_acc=0.983, train_loss_epoch=0.0107]Epoch 19:   6%|▌         | 8/144 [00:00<00:04, 28.48it/s, v_num=73760, train_loss_step=0.0349, val_loss=0.0445, val_acc=0.983, train_loss_epoch=0.0107]Epoch 19:   6%|▋         | 9/144 [00:00<00:04, 29.03it/s, v_num=73760, train_loss_step=0.0349, val_loss=0.0445, val_acc=0.983, train_loss_epoch=0.0107]Epoch 19:   6%|▋         | 9/144 [00:00<00:04, 29.02it/s, v_num=73760, train_loss_step=0.0316, val_loss=0.0445, val_acc=0.983, train_loss_epoch=0.0107]Epoch 19:   7%|▋         | 10/144 [00:00<00:04, 29.47it/s, v_num=73760, train_loss_step=0.0316, val_loss=0.0445, val_acc=0.983, train_loss_epoch=0.0107]Epoch 19:   7%|▋         | 10/144 [00:00<00:04, 29.45it/s, v_num=73760, train_loss_step=0.034, val_loss=0.0445, val_acc=0.983, train_loss_epoch=0.0107] Epoch 19:   8%|▊         | 11/144 [00:00<00:04, 29.84it/s, v_num=73760, train_loss_step=0.034, val_loss=0.0445, val_acc=0.983, train_loss_epoch=0.0107]Epoch 19:   8%|▊         | 11/144 [00:00<00:04, 29.83it/s, v_num=73760, train_loss_step=0.0549, val_loss=0.0445, val_acc=0.983, train_loss_epoch=0.0107]Epoch 19:   8%|▊         | 12/144 [00:00<00:04, 30.40it/s, v_num=73760, train_loss_step=0.0549, val_loss=0.0445, val_acc=0.983, train_loss_epoch=0.0107]Epoch 19:   8%|▊         | 12/144 [00:00<00:04, 30.38it/s, v_num=73760, train_loss_step=0.0507, val_loss=0.0445, val_acc=0.983, train_loss_epoch=0.0107]Epoch 19:   9%|▉         | 13/144 [00:00<00:04, 30.92it/s, v_num=73760, train_loss_step=0.0507, val_loss=0.0445, val_acc=0.983, train_loss_epoch=0.0107]Epoch 19:   9%|▉         | 13/144 [00:00<00:04, 30.91it/s, v_num=73760, train_loss_step=0.0351, val_loss=0.0445, val_acc=0.983, train_loss_epoch=0.0107]Epoch 19:  10%|▉         | 14/144 [00:00<00:04, 31.35it/s, v_num=73760, train_loss_step=0.0351, val_loss=0.0445, val_acc=0.983, train_loss_epoch=0.0107]Epoch 19:  10%|▉         | 14/144 [00:00<00:04, 31.34it/s, v_num=73760, train_loss_step=0.0298, val_loss=0.0445, val_acc=0.983, train_loss_epoch=0.0107]Epoch 19:  10%|█         | 15/144 [00:00<00:04, 31.47it/s, v_num=73760, train_loss_step=0.0298, val_loss=0.0445, val_acc=0.983, train_loss_epoch=0.0107]Epoch 19:  10%|█         | 15/144 [00:00<00:04, 31.46it/s, v_num=73760, train_loss_step=0.0687, val_loss=0.0445, val_acc=0.983, train_loss_epoch=0.0107]Epoch 19:  11%|█         | 16/144 [00:00<00:04, 31.73it/s, v_num=73760, train_loss_step=0.0687, val_loss=0.0445, val_acc=0.983, train_loss_epoch=0.0107]Epoch 19:  11%|█         | 16/144 [00:00<00:04, 31.72it/s, v_num=73760, train_loss_step=0.0312, val_loss=0.0445, val_acc=0.983, train_loss_epoch=0.0107]Epoch 19:  12%|█▏        | 17/144 [00:00<00:03, 31.97it/s, v_num=73760, train_loss_step=0.0312, val_loss=0.0445, val_acc=0.983, train_loss_epoch=0.0107]Epoch 19:  12%|█▏        | 17/144 [00:00<00:03, 31.96it/s, v_num=73760, train_loss_step=0.0553, val_loss=0.0445, val_acc=0.983, train_loss_epoch=0.0107]Epoch 19:  12%|█▎        | 18/144 [00:00<00:03, 32.21it/s, v_num=73760, train_loss_step=0.0553, val_loss=0.0445, val_acc=0.983, train_loss_epoch=0.0107]Epoch 19:  12%|█▎        | 18/144 [00:00<00:03, 32.20it/s, v_num=73760, train_loss_step=0.0475, val_loss=0.0445, val_acc=0.983, train_loss_epoch=0.0107]Epoch 19:  13%|█▎        | 19/144 [00:00<00:03, 32.31it/s, v_num=73760, train_loss_step=0.0475, val_loss=0.0445, val_acc=0.983, train_loss_epoch=0.0107]Epoch 19:  13%|█▎        | 19/144 [00:00<00:03, 32.30it/s, v_num=73760, train_loss_step=0.00968, val_loss=0.0445, val_acc=0.983, train_loss_epoch=0.0107]Epoch 19:  14%|█▍        | 20/144 [00:00<00:03, 32.59it/s, v_num=73760, train_loss_step=0.00968, val_loss=0.0445, val_acc=0.983, train_loss_epoch=0.0107]Epoch 19:  14%|█▍        | 20/144 [00:00<00:03, 32.58it/s, v_num=73760, train_loss_step=0.0739, val_loss=0.0445, val_acc=0.983, train_loss_epoch=0.0107] Epoch 19:  15%|█▍        | 21/144 [00:00<00:03, 32.79it/s, v_num=73760, train_loss_step=0.0739, val_loss=0.0445, val_acc=0.983, train_loss_epoch=0.0107]Epoch 19:  15%|█▍        | 21/144 [00:00<00:03, 32.78it/s, v_num=73760, train_loss_step=0.0108, val_loss=0.0445, val_acc=0.983, train_loss_epoch=0.0107]Epoch 19:  15%|█▌        | 22/144 [00:00<00:03, 32.95it/s, v_num=73760, train_loss_step=0.0108, val_loss=0.0445, val_acc=0.983, train_loss_epoch=0.0107]Epoch 19:  15%|█▌        | 22/144 [00:00<00:03, 32.94it/s, v_num=73760, train_loss_step=0.0381, val_loss=0.0445, val_acc=0.983, train_loss_epoch=0.0107]Epoch 19:  16%|█▌        | 23/144 [00:00<00:03, 33.01it/s, v_num=73760, train_loss_step=0.0381, val_loss=0.0445, val_acc=0.983, train_loss_epoch=0.0107]Epoch 19:  16%|█▌        | 23/144 [00:00<00:03, 33.00it/s, v_num=73760, train_loss_step=0.00269, val_loss=0.0445, val_acc=0.983, train_loss_epoch=0.0107]Epoch 19:  17%|█▋        | 24/144 [00:00<00:03, 33.14it/s, v_num=73760, train_loss_step=0.00269, val_loss=0.0445, val_acc=0.983, train_loss_epoch=0.0107]Epoch 19:  17%|█▋        | 24/144 [00:00<00:03, 33.14it/s, v_num=73760, train_loss_step=0.0536, val_loss=0.0445, val_acc=0.983, train_loss_epoch=0.0107] Epoch 19:  17%|█▋        | 25/144 [00:00<00:03, 33.30it/s, v_num=73760, train_loss_step=0.0536, val_loss=0.0445, val_acc=0.983, train_loss_epoch=0.0107]Epoch 19:  17%|█▋        | 25/144 [00:00<00:03, 33.30it/s, v_num=73760, train_loss_step=0.0221, val_loss=0.0445, val_acc=0.983, train_loss_epoch=0.0107]Epoch 19:  18%|█▊        | 26/144 [00:00<00:03, 33.43it/s, v_num=73760, train_loss_step=0.0221, val_loss=0.0445, val_acc=0.983, train_loss_epoch=0.0107]Epoch 19:  18%|█▊        | 26/144 [00:00<00:03, 33.42it/s, v_num=73760, train_loss_step=0.0034, val_loss=0.0445, val_acc=0.983, train_loss_epoch=0.0107]Epoch 19:  19%|█▉        | 27/144 [00:00<00:03, 33.47it/s, v_num=73760, train_loss_step=0.0034, val_loss=0.0445, val_acc=0.983, train_loss_epoch=0.0107]Epoch 19:  19%|█▉        | 27/144 [00:00<00:03, 33.47it/s, v_num=73760, train_loss_step=0.044, val_loss=0.0445, val_acc=0.983, train_loss_epoch=0.0107] Epoch 19:  19%|█▉        | 28/144 [00:00<00:03, 33.62it/s, v_num=73760, train_loss_step=0.044, val_loss=0.0445, val_acc=0.983, train_loss_epoch=0.0107]Epoch 19:  19%|█▉        | 28/144 [00:00<00:03, 33.62it/s, v_num=73760, train_loss_step=0.0214, val_loss=0.0445, val_acc=0.983, train_loss_epoch=0.0107]Epoch 19:  20%|██        | 29/144 [00:00<00:03, 33.79it/s, v_num=73760, train_loss_step=0.0214, val_loss=0.0445, val_acc=0.983, train_loss_epoch=0.0107]Epoch 19:  20%|██        | 29/144 [00:00<00:03, 33.78it/s, v_num=73760, train_loss_step=0.012, val_loss=0.0445, val_acc=0.983, train_loss_epoch=0.0107] Epoch 19:  21%|██        | 30/144 [00:00<00:03, 33.93it/s, v_num=73760, train_loss_step=0.012, val_loss=0.0445, val_acc=0.983, train_loss_epoch=0.0107]Epoch 19:  21%|██        | 30/144 [00:00<00:03, 33.92it/s, v_num=73760, train_loss_step=0.050, val_loss=0.0445, val_acc=0.983, train_loss_epoch=0.0107]Epoch 19:  22%|██▏       | 31/144 [00:00<00:03, 33.99it/s, v_num=73760, train_loss_step=0.050, val_loss=0.0445, val_acc=0.983, train_loss_epoch=0.0107]Epoch 19:  22%|██▏       | 31/144 [00:00<00:03, 33.99it/s, v_num=73760, train_loss_step=0.0291, val_loss=0.0445, val_acc=0.983, train_loss_epoch=0.0107]Epoch 19:  22%|██▏       | 32/144 [00:00<00:03, 34.11it/s, v_num=73760, train_loss_step=0.0291, val_loss=0.0445, val_acc=0.983, train_loss_epoch=0.0107]Epoch 19:  22%|██▏       | 32/144 [00:00<00:03, 34.10it/s, v_num=73760, train_loss_step=0.0537, val_loss=0.0445, val_acc=0.983, train_loss_epoch=0.0107]Epoch 19:  23%|██▎       | 33/144 [00:00<00:03, 34.24it/s, v_num=73760, train_loss_step=0.0537, val_loss=0.0445, val_acc=0.983, train_loss_epoch=0.0107]Epoch 19:  23%|██▎       | 33/144 [00:00<00:03, 34.24it/s, v_num=73760, train_loss_step=0.0231, val_loss=0.0445, val_acc=0.983, train_loss_epoch=0.0107]Epoch 19:  24%|██▎       | 34/144 [00:00<00:03, 34.30it/s, v_num=73760, train_loss_step=0.0231, val_loss=0.0445, val_acc=0.983, train_loss_epoch=0.0107]Epoch 19:  24%|██▎       | 34/144 [00:00<00:03, 34.30it/s, v_num=73760, train_loss_step=0.0275, val_loss=0.0445, val_acc=0.983, train_loss_epoch=0.0107]Epoch 19:  24%|██▍       | 35/144 [00:01<00:03, 34.25it/s, v_num=73760, train_loss_step=0.0275, val_loss=0.0445, val_acc=0.983, train_loss_epoch=0.0107]Epoch 19:  24%|██▍       | 35/144 [00:01<00:03, 34.25it/s, v_num=73760, train_loss_step=0.0289, val_loss=0.0445, val_acc=0.983, train_loss_epoch=0.0107]Epoch 19:  25%|██▌       | 36/144 [00:01<00:03, 34.32it/s, v_num=73760, train_loss_step=0.0289, val_loss=0.0445, val_acc=0.983, train_loss_epoch=0.0107]Epoch 19:  25%|██▌       | 36/144 [00:01<00:03, 34.31it/s, v_num=73760, train_loss_step=0.020, val_loss=0.0445, val_acc=0.983, train_loss_epoch=0.0107] Epoch 19:  26%|██▌       | 37/144 [00:01<00:03, 34.38it/s, v_num=73760, train_loss_step=0.020, val_loss=0.0445, val_acc=0.983, train_loss_epoch=0.0107]Epoch 19:  26%|██▌       | 37/144 [00:01<00:03, 34.37it/s, v_num=73760, train_loss_step=0.0325, val_loss=0.0445, val_acc=0.983, train_loss_epoch=0.0107]Epoch 19:  26%|██▋       | 38/144 [00:01<00:03, 34.44it/s, v_num=73760, train_loss_step=0.0325, val_loss=0.0445, val_acc=0.983, train_loss_epoch=0.0107]Epoch 19:  26%|██▋       | 38/144 [00:01<00:03, 34.44it/s, v_num=73760, train_loss_step=0.00965, val_loss=0.0445, val_acc=0.983, train_loss_epoch=0.0107]Epoch 19:  27%|██▋       | 39/144 [00:01<00:03, 34.40it/s, v_num=73760, train_loss_step=0.00965, val_loss=0.0445, val_acc=0.983, train_loss_epoch=0.0107]Epoch 19:  27%|██▋       | 39/144 [00:01<00:03, 34.39it/s, v_num=73760, train_loss_step=0.0171, val_loss=0.0445, val_acc=0.983, train_loss_epoch=0.0107] Epoch 19:  28%|██▊       | 40/144 [00:01<00:03, 34.42it/s, v_num=73760, train_loss_step=0.0171, val_loss=0.0445, val_acc=0.983, train_loss_epoch=0.0107]Epoch 19:  28%|██▊       | 40/144 [00:01<00:03, 34.41it/s, v_num=73760, train_loss_step=0.0158, val_loss=0.0445, val_acc=0.983, train_loss_epoch=0.0107]Epoch 19:  28%|██▊       | 41/144 [00:01<00:02, 34.49it/s, v_num=73760, train_loss_step=0.0158, val_loss=0.0445, val_acc=0.983, train_loss_epoch=0.0107]Epoch 19:  28%|██▊       | 41/144 [00:01<00:02, 34.48it/s, v_num=73760, train_loss_step=0.0097, val_loss=0.0445, val_acc=0.983, train_loss_epoch=0.0107]Epoch 19:  29%|██▉       | 42/144 [00:01<00:02, 34.56it/s, v_num=73760, train_loss_step=0.0097, val_loss=0.0445, val_acc=0.983, train_loss_epoch=0.0107]Epoch 19:  29%|██▉       | 42/144 [00:01<00:02, 34.56it/s, v_num=73760, train_loss_step=0.042, val_loss=0.0445, val_acc=0.983, train_loss_epoch=0.0107] Epoch 19:  30%|██▉       | 43/144 [00:01<00:02, 34.51it/s, v_num=73760, train_loss_step=0.042, val_loss=0.0445, val_acc=0.983, train_loss_epoch=0.0107]Epoch 19:  30%|██▉       | 43/144 [00:01<00:02, 34.50it/s, v_num=73760, train_loss_step=0.00482, val_loss=0.0445, val_acc=0.983, train_loss_epoch=0.0107]Epoch 19:  31%|███       | 44/144 [00:01<00:02, 34.60it/s, v_num=73760, train_loss_step=0.00482, val_loss=0.0445, val_acc=0.983, train_loss_epoch=0.0107]Epoch 19:  31%|███       | 44/144 [00:01<00:02, 34.60it/s, v_num=73760, train_loss_step=0.00482, val_loss=0.0445, val_acc=0.983, train_loss_epoch=0.0107]Epoch 19:  31%|███▏      | 45/144 [00:01<00:02, 34.63it/s, v_num=73760, train_loss_step=0.00482, val_loss=0.0445, val_acc=0.983, train_loss_epoch=0.0107]Epoch 19:  31%|███▏      | 45/144 [00:01<00:02, 34.63it/s, v_num=73760, train_loss_step=0.0089, val_loss=0.0445, val_acc=0.983, train_loss_epoch=0.0107] Epoch 19:  32%|███▏      | 46/144 [00:01<00:02, 34.68it/s, v_num=73760, train_loss_step=0.0089, val_loss=0.0445, val_acc=0.983, train_loss_epoch=0.0107]Epoch 19:  32%|███▏      | 46/144 [00:01<00:02, 34.67it/s, v_num=73760, train_loss_step=0.0139, val_loss=0.0445, val_acc=0.983, train_loss_epoch=0.0107]Epoch 19:  33%|███▎      | 47/144 [00:01<00:02, 34.68it/s, v_num=73760, train_loss_step=0.0139, val_loss=0.0445, val_acc=0.983, train_loss_epoch=0.0107]Epoch 19:  33%|███▎      | 47/144 [00:01<00:02, 34.68it/s, v_num=73760, train_loss_step=0.014, val_loss=0.0445, val_acc=0.983, train_loss_epoch=0.0107] Epoch 19:  33%|███▎      | 48/144 [00:01<00:02, 34.74it/s, v_num=73760, train_loss_step=0.014, val_loss=0.0445, val_acc=0.983, train_loss_epoch=0.0107]Epoch 19:  33%|███▎      | 48/144 [00:01<00:02, 34.74it/s, v_num=73760, train_loss_step=0.014, val_loss=0.0445, val_acc=0.983, train_loss_epoch=0.0107]Epoch 19:  34%|███▍      | 49/144 [00:01<00:02, 34.80it/s, v_num=73760, train_loss_step=0.014, val_loss=0.0445, val_acc=0.983, train_loss_epoch=0.0107]Epoch 19:  34%|███▍      | 49/144 [00:01<00:02, 34.79it/s, v_num=73760, train_loss_step=0.0109, val_loss=0.0445, val_acc=0.983, train_loss_epoch=0.0107]Epoch 19:  35%|███▍      | 50/144 [00:01<00:02, 34.81it/s, v_num=73760, train_loss_step=0.0109, val_loss=0.0445, val_acc=0.983, train_loss_epoch=0.0107]Epoch 19:  35%|███▍      | 50/144 [00:01<00:02, 34.81it/s, v_num=73760, train_loss_step=0.0147, val_loss=0.0445, val_acc=0.983, train_loss_epoch=0.0107]Epoch 19:  35%|███▌      | 51/144 [00:01<00:02, 34.80it/s, v_num=73760, train_loss_step=0.0147, val_loss=0.0445, val_acc=0.983, train_loss_epoch=0.0107]Epoch 19:  35%|███▌      | 51/144 [00:01<00:02, 34.79it/s, v_num=73760, train_loss_step=0.00938, val_loss=0.0445, val_acc=0.983, train_loss_epoch=0.0107]Epoch 19:  36%|███▌      | 52/144 [00:01<00:02, 34.81it/s, v_num=73760, train_loss_step=0.00938, val_loss=0.0445, val_acc=0.983, train_loss_epoch=0.0107]Epoch 19:  36%|███▌      | 52/144 [00:01<00:02, 34.81it/s, v_num=73760, train_loss_step=0.0176, val_loss=0.0445, val_acc=0.983, train_loss_epoch=0.0107] Epoch 19:  37%|███▋      | 53/144 [00:01<00:02, 34.88it/s, v_num=73760, train_loss_step=0.0176, val_loss=0.0445, val_acc=0.983, train_loss_epoch=0.0107]Epoch 19:  37%|███▋      | 53/144 [00:01<00:02, 34.88it/s, v_num=73760, train_loss_step=0.00168, val_loss=0.0445, val_acc=0.983, train_loss_epoch=0.0107]Epoch 19:  38%|███▊      | 54/144 [00:01<00:02, 34.91it/s, v_num=73760, train_loss_step=0.00168, val_loss=0.0445, val_acc=0.983, train_loss_epoch=0.0107]Epoch 19:  38%|███▊      | 54/144 [00:01<00:02, 34.91it/s, v_num=73760, train_loss_step=0.00682, val_loss=0.0445, val_acc=0.983, train_loss_epoch=0.0107]Epoch 19:  38%|███▊      | 55/144 [00:01<00:02, 34.90it/s, v_num=73760, train_loss_step=0.00682, val_loss=0.0445, val_acc=0.983, train_loss_epoch=0.0107]Epoch 19:  38%|███▊      | 55/144 [00:01<00:02, 34.90it/s, v_num=73760, train_loss_step=0.0322, val_loss=0.0445, val_acc=0.983, train_loss_epoch=0.0107] Epoch 19:  39%|███▉      | 56/144 [00:01<00:02, 34.97it/s, v_num=73760, train_loss_step=0.0322, val_loss=0.0445, val_acc=0.983, train_loss_epoch=0.0107]Epoch 19:  39%|███▉      | 56/144 [00:01<00:02, 34.97it/s, v_num=73760, train_loss_step=0.00801, val_loss=0.0445, val_acc=0.983, train_loss_epoch=0.0107]Epoch 19:  40%|███▉      | 57/144 [00:01<00:02, 35.03it/s, v_num=73760, train_loss_step=0.00801, val_loss=0.0445, val_acc=0.983, train_loss_epoch=0.0107]Epoch 19:  40%|███▉      | 57/144 [00:01<00:02, 35.03it/s, v_num=73760, train_loss_step=0.00416, val_loss=0.0445, val_acc=0.983, train_loss_epoch=0.0107]Epoch 19:  40%|████      | 58/144 [00:01<00:02, 35.04it/s, v_num=73760, train_loss_step=0.00416, val_loss=0.0445, val_acc=0.983, train_loss_epoch=0.0107]Epoch 19:  40%|████      | 58/144 [00:01<00:02, 35.04it/s, v_num=73760, train_loss_step=0.0192, val_loss=0.0445, val_acc=0.983, train_loss_epoch=0.0107] Epoch 19:  41%|████      | 59/144 [00:01<00:02, 35.02it/s, v_num=73760, train_loss_step=0.0192, val_loss=0.0445, val_acc=0.983, train_loss_epoch=0.0107]Epoch 19:  41%|████      | 59/144 [00:01<00:02, 35.01it/s, v_num=73760, train_loss_step=0.0204, val_loss=0.0445, val_acc=0.983, train_loss_epoch=0.0107]Epoch 19:  42%|████▏     | 60/144 [00:01<00:02, 35.02it/s, v_num=73760, train_loss_step=0.0204, val_loss=0.0445, val_acc=0.983, train_loss_epoch=0.0107]Epoch 19:  42%|████▏     | 60/144 [00:01<00:02, 35.02it/s, v_num=73760, train_loss_step=0.00629, val_loss=0.0445, val_acc=0.983, train_loss_epoch=0.0107]Epoch 19:  42%|████▏     | 61/144 [00:01<00:02, 35.05it/s, v_num=73760, train_loss_step=0.00629, val_loss=0.0445, val_acc=0.983, train_loss_epoch=0.0107]Epoch 19:  42%|████▏     | 61/144 [00:01<00:02, 35.05it/s, v_num=73760, train_loss_step=0.00764, val_loss=0.0445, val_acc=0.983, train_loss_epoch=0.0107]Epoch 19:  43%|████▎     | 62/144 [00:01<00:02, 35.12it/s, v_num=73760, train_loss_step=0.00764, val_loss=0.0445, val_acc=0.983, train_loss_epoch=0.0107]Epoch 19:  43%|████▎     | 62/144 [00:01<00:02, 35.11it/s, v_num=73760, train_loss_step=0.0137, val_loss=0.0445, val_acc=0.983, train_loss_epoch=0.0107] Epoch 19:  44%|████▍     | 63/144 [00:01<00:02, 35.11it/s, v_num=73760, train_loss_step=0.0137, val_loss=0.0445, val_acc=0.983, train_loss_epoch=0.0107]Epoch 19:  44%|████▍     | 63/144 [00:01<00:02, 35.11it/s, v_num=73760, train_loss_step=0.0067, val_loss=0.0445, val_acc=0.983, train_loss_epoch=0.0107]Epoch 19:  44%|████▍     | 64/144 [00:01<00:02, 35.15it/s, v_num=73760, train_loss_step=0.0067, val_loss=0.0445, val_acc=0.983, train_loss_epoch=0.0107]Epoch 19:  44%|████▍     | 64/144 [00:01<00:02, 35.15it/s, v_num=73760, train_loss_step=0.00255, val_loss=0.0445, val_acc=0.983, train_loss_epoch=0.0107]Epoch 19:  45%|████▌     | 65/144 [00:01<00:02, 35.16it/s, v_num=73760, train_loss_step=0.00255, val_loss=0.0445, val_acc=0.983, train_loss_epoch=0.0107]Epoch 19:  45%|████▌     | 65/144 [00:01<00:02, 35.16it/s, v_num=73760, train_loss_step=0.00418, val_loss=0.0445, val_acc=0.983, train_loss_epoch=0.0107]Epoch 19:  46%|████▌     | 66/144 [00:01<00:02, 35.21it/s, v_num=73760, train_loss_step=0.00418, val_loss=0.0445, val_acc=0.983, train_loss_epoch=0.0107]Epoch 19:  46%|████▌     | 66/144 [00:01<00:02, 35.21it/s, v_num=73760, train_loss_step=0.0215, val_loss=0.0445, val_acc=0.983, train_loss_epoch=0.0107] Epoch 19:  47%|████▋     | 67/144 [00:01<00:02, 35.19it/s, v_num=73760, train_loss_step=0.0215, val_loss=0.0445, val_acc=0.983, train_loss_epoch=0.0107]Epoch 19:  47%|████▋     | 67/144 [00:01<00:02, 35.19it/s, v_num=73760, train_loss_step=0.0105, val_loss=0.0445, val_acc=0.983, train_loss_epoch=0.0107]Epoch 19:  47%|████▋     | 68/144 [00:01<00:02, 35.24it/s, v_num=73760, train_loss_step=0.0105, val_loss=0.0445, val_acc=0.983, train_loss_epoch=0.0107]Epoch 19:  47%|████▋     | 68/144 [00:01<00:02, 35.24it/s, v_num=73760, train_loss_step=0.0315, val_loss=0.0445, val_acc=0.983, train_loss_epoch=0.0107]Epoch 19:  48%|████▊     | 69/144 [00:01<00:02, 35.28it/s, v_num=73760, train_loss_step=0.0315, val_loss=0.0445, val_acc=0.983, train_loss_epoch=0.0107]Epoch 19:  48%|████▊     | 69/144 [00:01<00:02, 35.27it/s, v_num=73760, train_loss_step=0.00258, val_loss=0.0445, val_acc=0.983, train_loss_epoch=0.0107]Epoch 19:  49%|████▊     | 70/144 [00:01<00:02, 35.29it/s, v_num=73760, train_loss_step=0.00258, val_loss=0.0445, val_acc=0.983, train_loss_epoch=0.0107]Epoch 19:  49%|████▊     | 70/144 [00:01<00:02, 35.29it/s, v_num=73760, train_loss_step=0.0144, val_loss=0.0445, val_acc=0.983, train_loss_epoch=0.0107] Epoch 19:  49%|████▉     | 71/144 [00:02<00:02, 35.23it/s, v_num=73760, train_loss_step=0.0144, val_loss=0.0445, val_acc=0.983, train_loss_epoch=0.0107]Epoch 19:  49%|████▉     | 71/144 [00:02<00:02, 35.23it/s, v_num=73760, train_loss_step=0.0137, val_loss=0.0445, val_acc=0.983, train_loss_epoch=0.0107]Epoch 19:  50%|█████     | 72/144 [00:02<00:02, 35.26it/s, v_num=73760, train_loss_step=0.0137, val_loss=0.0445, val_acc=0.983, train_loss_epoch=0.0107]Epoch 19:  50%|█████     | 72/144 [00:02<00:02, 35.25it/s, v_num=73760, train_loss_step=0.0146, val_loss=0.0445, val_acc=0.983, train_loss_epoch=0.0107]Epoch 19:  51%|█████     | 73/144 [00:02<00:02, 35.27it/s, v_num=73760, train_loss_step=0.0146, val_loss=0.0445, val_acc=0.983, train_loss_epoch=0.0107]Epoch 19:  51%|█████     | 73/144 [00:02<00:02, 35.27it/s, v_num=73760, train_loss_step=0.00651, val_loss=0.0445, val_acc=0.983, train_loss_epoch=0.0107]Epoch 19:  51%|█████▏    | 74/144 [00:02<00:01, 35.30it/s, v_num=73760, train_loss_step=0.00651, val_loss=0.0445, val_acc=0.983, train_loss_epoch=0.0107]Epoch 19:  51%|█████▏    | 74/144 [00:02<00:01, 35.30it/s, v_num=73760, train_loss_step=0.00714, val_loss=0.0445, val_acc=0.983, train_loss_epoch=0.0107]Epoch 19:  52%|█████▏    | 75/144 [00:02<00:01, 35.29it/s, v_num=73760, train_loss_step=0.00714, val_loss=0.0445, val_acc=0.983, train_loss_epoch=0.0107]Epoch 19:  52%|█████▏    | 75/144 [00:02<00:01, 35.28it/s, v_num=73760, train_loss_step=0.00565, val_loss=0.0445, val_acc=0.983, train_loss_epoch=0.0107]Epoch 19:  53%|█████▎    | 76/144 [00:02<00:01, 35.31it/s, v_num=73760, train_loss_step=0.00565, val_loss=0.0445, val_acc=0.983, train_loss_epoch=0.0107]Epoch 19:  53%|█████▎    | 76/144 [00:02<00:01, 35.31it/s, v_num=73760, train_loss_step=0.0417, val_loss=0.0445, val_acc=0.983, train_loss_epoch=0.0107] Epoch 19:  53%|█████▎    | 77/144 [00:02<00:01, 35.34it/s, v_num=73760, train_loss_step=0.0417, val_loss=0.0445, val_acc=0.983, train_loss_epoch=0.0107]Epoch 19:  53%|█████▎    | 77/144 [00:02<00:01, 35.33it/s, v_num=73760, train_loss_step=0.00817, val_loss=0.0445, val_acc=0.983, train_loss_epoch=0.0107]Epoch 19:  54%|█████▍    | 78/144 [00:02<00:01, 35.32it/s, v_num=73760, train_loss_step=0.00817, val_loss=0.0445, val_acc=0.983, train_loss_epoch=0.0107]Epoch 19:  54%|█████▍    | 78/144 [00:02<00:01, 35.32it/s, v_num=73760, train_loss_step=0.0145, val_loss=0.0445, val_acc=0.983, train_loss_epoch=0.0107] Epoch 19:  55%|█████▍    | 79/144 [00:02<00:01, 35.29it/s, v_num=73760, train_loss_step=0.0145, val_loss=0.0445, val_acc=0.983, train_loss_epoch=0.0107]Epoch 19:  55%|█████▍    | 79/144 [00:02<00:01, 35.29it/s, v_num=73760, train_loss_step=0.0221, val_loss=0.0445, val_acc=0.983, train_loss_epoch=0.0107]Epoch 19:  56%|█████▌    | 80/144 [00:02<00:01, 35.33it/s, v_num=73760, train_loss_step=0.0221, val_loss=0.0445, val_acc=0.983, train_loss_epoch=0.0107]Epoch 19:  56%|█████▌    | 80/144 [00:02<00:01, 35.32it/s, v_num=73760, train_loss_step=0.00627, val_loss=0.0445, val_acc=0.983, train_loss_epoch=0.0107]Epoch 19:  56%|█████▋    | 81/144 [00:02<00:01, 35.36it/s, v_num=73760, train_loss_step=0.00627, val_loss=0.0445, val_acc=0.983, train_loss_epoch=0.0107]Epoch 19:  56%|█████▋    | 81/144 [00:02<00:01, 35.36it/s, v_num=73760, train_loss_step=0.0434, val_loss=0.0445, val_acc=0.983, train_loss_epoch=0.0107] Epoch 19:  57%|█████▋    | 82/144 [00:02<00:01, 35.40it/s, v_num=73760, train_loss_step=0.0434, val_loss=0.0445, val_acc=0.983, train_loss_epoch=0.0107]Epoch 19:  57%|█████▋    | 82/144 [00:02<00:01, 35.39it/s, v_num=73760, train_loss_step=0.00981, val_loss=0.0445, val_acc=0.983, train_loss_epoch=0.0107]Epoch 19:  58%|█████▊    | 83/144 [00:02<00:01, 35.36it/s, v_num=73760, train_loss_step=0.00981, val_loss=0.0445, val_acc=0.983, train_loss_epoch=0.0107]Epoch 19:  58%|█████▊    | 83/144 [00:02<00:01, 35.36it/s, v_num=73760, train_loss_step=0.00772, val_loss=0.0445, val_acc=0.983, train_loss_epoch=0.0107]Epoch 19:  58%|█████▊    | 84/144 [00:02<00:01, 35.40it/s, v_num=73760, train_loss_step=0.00772, val_loss=0.0445, val_acc=0.983, train_loss_epoch=0.0107]Epoch 19:  58%|█████▊    | 84/144 [00:02<00:01, 35.39it/s, v_num=73760, train_loss_step=0.0123, val_loss=0.0445, val_acc=0.983, train_loss_epoch=0.0107] Epoch 19:  59%|█████▉    | 85/144 [00:02<00:01, 35.42it/s, v_num=73760, train_loss_step=0.0123, val_loss=0.0445, val_acc=0.983, train_loss_epoch=0.0107]Epoch 19:  59%|█████▉    | 85/144 [00:02<00:01, 35.42it/s, v_num=73760, train_loss_step=0.00406, val_loss=0.0445, val_acc=0.983, train_loss_epoch=0.0107]Epoch 19:  60%|█████▉    | 86/144 [00:02<00:01, 35.44it/s, v_num=73760, train_loss_step=0.00406, val_loss=0.0445, val_acc=0.983, train_loss_epoch=0.0107]Epoch 19:  60%|█████▉    | 86/144 [00:02<00:01, 35.44it/s, v_num=73760, train_loss_step=0.016, val_loss=0.0445, val_acc=0.983, train_loss_epoch=0.0107]  Epoch 19:  60%|██████    | 87/144 [00:02<00:01, 35.42it/s, v_num=73760, train_loss_step=0.016, val_loss=0.0445, val_acc=0.983, train_loss_epoch=0.0107]Epoch 19:  60%|██████    | 87/144 [00:02<00:01, 35.42it/s, v_num=73760, train_loss_step=0.0107, val_loss=0.0445, val_acc=0.983, train_loss_epoch=0.0107]Epoch 19:  61%|██████    | 88/144 [00:02<00:01, 35.45it/s, v_num=73760, train_loss_step=0.0107, val_loss=0.0445, val_acc=0.983, train_loss_epoch=0.0107]Epoch 19:  61%|██████    | 88/144 [00:02<00:01, 35.45it/s, v_num=73760, train_loss_step=0.0514, val_loss=0.0445, val_acc=0.983, train_loss_epoch=0.0107]Epoch 19:  62%|██████▏   | 89/144 [00:02<00:01, 35.35it/s, v_num=73760, train_loss_step=0.0514, val_loss=0.0445, val_acc=0.983, train_loss_epoch=0.0107]Epoch 19:  62%|██████▏   | 89/144 [00:02<00:01, 35.35it/s, v_num=73760, train_loss_step=0.00443, val_loss=0.0445, val_acc=0.983, train_loss_epoch=0.0107]Epoch 19:  62%|██████▎   | 90/144 [00:02<00:01, 35.29it/s, v_num=73760, train_loss_step=0.00443, val_loss=0.0445, val_acc=0.983, train_loss_epoch=0.0107]Epoch 19:  62%|██████▎   | 90/144 [00:02<00:01, 35.29it/s, v_num=73760, train_loss_step=0.0154, val_loss=0.0445, val_acc=0.983, train_loss_epoch=0.0107] Epoch 19:  63%|██████▎   | 91/144 [00:02<00:01, 35.33it/s, v_num=73760, train_loss_step=0.0154, val_loss=0.0445, val_acc=0.983, train_loss_epoch=0.0107]Epoch 19:  63%|██████▎   | 91/144 [00:02<00:01, 35.33it/s, v_num=73760, train_loss_step=0.00661, val_loss=0.0445, val_acc=0.983, train_loss_epoch=0.0107]Epoch 19:  64%|██████▍   | 92/144 [00:02<00:01, 35.37it/s, v_num=73760, train_loss_step=0.00661, val_loss=0.0445, val_acc=0.983, train_loss_epoch=0.0107]Epoch 19:  64%|██████▍   | 92/144 [00:02<00:01, 35.36it/s, v_num=73760, train_loss_step=0.0268, val_loss=0.0445, val_acc=0.983, train_loss_epoch=0.0107] Epoch 19:  65%|██████▍   | 93/144 [00:02<00:01, 35.39it/s, v_num=73760, train_loss_step=0.0268, val_loss=0.0445, val_acc=0.983, train_loss_epoch=0.0107]Epoch 19:  65%|██████▍   | 93/144 [00:02<00:01, 35.39it/s, v_num=73760, train_loss_step=0.00927, val_loss=0.0445, val_acc=0.983, train_loss_epoch=0.0107]Epoch 19:  65%|██████▌   | 94/144 [00:02<00:01, 35.31it/s, v_num=73760, train_loss_step=0.00927, val_loss=0.0445, val_acc=0.983, train_loss_epoch=0.0107]Epoch 19:  65%|██████▌   | 94/144 [00:02<00:01, 35.31it/s, v_num=73760, train_loss_step=0.0134, val_loss=0.0445, val_acc=0.983, train_loss_epoch=0.0107] Epoch 19:  66%|██████▌   | 95/144 [00:02<00:01, 35.31it/s, v_num=73760, train_loss_step=0.0134, val_loss=0.0445, val_acc=0.983, train_loss_epoch=0.0107]Epoch 19:  66%|██████▌   | 95/144 [00:02<00:01, 35.31it/s, v_num=73760, train_loss_step=0.00433, val_loss=0.0445, val_acc=0.983, train_loss_epoch=0.0107]Epoch 19:  67%|██████▋   | 96/144 [00:02<00:01, 35.32it/s, v_num=73760, train_loss_step=0.00433, val_loss=0.0445, val_acc=0.983, train_loss_epoch=0.0107]Epoch 19:  67%|██████▋   | 96/144 [00:02<00:01, 35.32it/s, v_num=73760, train_loss_step=0.0414, val_loss=0.0445, val_acc=0.983, train_loss_epoch=0.0107] Epoch 19:  67%|██████▋   | 97/144 [00:02<00:01, 35.35it/s, v_num=73760, train_loss_step=0.0414, val_loss=0.0445, val_acc=0.983, train_loss_epoch=0.0107]Epoch 19:  67%|██████▋   | 97/144 [00:02<00:01, 35.35it/s, v_num=73760, train_loss_step=0.00702, val_loss=0.0445, val_acc=0.983, train_loss_epoch=0.0107]Epoch 19:  68%|██████▊   | 98/144 [00:02<00:01, 35.30it/s, v_num=73760, train_loss_step=0.00702, val_loss=0.0445, val_acc=0.983, train_loss_epoch=0.0107]Epoch 19:  68%|██████▊   | 98/144 [00:02<00:01, 35.30it/s, v_num=73760, train_loss_step=0.00482, val_loss=0.0445, val_acc=0.983, train_loss_epoch=0.0107]Epoch 19:  69%|██████▉   | 99/144 [00:02<00:01, 35.34it/s, v_num=73760, train_loss_step=0.00482, val_loss=0.0445, val_acc=0.983, train_loss_epoch=0.0107]Epoch 19:  69%|██████▉   | 99/144 [00:02<00:01, 35.34it/s, v_num=73760, train_loss_step=0.00544, val_loss=0.0445, val_acc=0.983, train_loss_epoch=0.0107]Epoch 19:  69%|██████▉   | 100/144 [00:02<00:01, 35.38it/s, v_num=73760, train_loss_step=0.00544, val_loss=0.0445, val_acc=0.983, train_loss_epoch=0.0107]Epoch 19:  69%|██████▉   | 100/144 [00:02<00:01, 35.38it/s, v_num=73760, train_loss_step=0.00293, val_loss=0.0445, val_acc=0.983, train_loss_epoch=0.0107]Epoch 19:  70%|███████   | 101/144 [00:02<00:01, 35.41it/s, v_num=73760, train_loss_step=0.00293, val_loss=0.0445, val_acc=0.983, train_loss_epoch=0.0107]Epoch 19:  70%|███████   | 101/144 [00:02<00:01, 35.41it/s, v_num=73760, train_loss_step=0.0177, val_loss=0.0445, val_acc=0.983, train_loss_epoch=0.0107] Epoch 19:  71%|███████   | 102/144 [00:02<00:01, 35.42it/s, v_num=73760, train_loss_step=0.0177, val_loss=0.0445, val_acc=0.983, train_loss_epoch=0.0107]Epoch 19:  71%|███████   | 102/144 [00:02<00:01, 35.42it/s, v_num=73760, train_loss_step=0.00308, val_loss=0.0445, val_acc=0.983, train_loss_epoch=0.0107]Epoch 19:  72%|███████▏  | 103/144 [00:02<00:01, 35.46it/s, v_num=73760, train_loss_step=0.00308, val_loss=0.0445, val_acc=0.983, train_loss_epoch=0.0107]Epoch 19:  72%|███████▏  | 103/144 [00:02<00:01, 35.46it/s, v_num=73760, train_loss_step=0.002, val_loss=0.0445, val_acc=0.983, train_loss_epoch=0.0107]  Epoch 19:  72%|███████▏  | 104/144 [00:02<00:01, 35.50it/s, v_num=73760, train_loss_step=0.002, val_loss=0.0445, val_acc=0.983, train_loss_epoch=0.0107]Epoch 19:  72%|███████▏  | 104/144 [00:02<00:01, 35.50it/s, v_num=73760, train_loss_step=0.013, val_loss=0.0445, val_acc=0.983, train_loss_epoch=0.0107]Epoch 19:  73%|███████▎  | 105/144 [00:02<00:01, 35.53it/s, v_num=73760, train_loss_step=0.013, val_loss=0.0445, val_acc=0.983, train_loss_epoch=0.0107]Epoch 19:  73%|███████▎  | 105/144 [00:02<00:01, 35.53it/s, v_num=73760, train_loss_step=0.00361, val_loss=0.0445, val_acc=0.983, train_loss_epoch=0.0107]Epoch 19:  74%|███████▎  | 106/144 [00:02<00:01, 35.51it/s, v_num=73760, train_loss_step=0.00361, val_loss=0.0445, val_acc=0.983, train_loss_epoch=0.0107]Epoch 19:  74%|███████▎  | 106/144 [00:02<00:01, 35.51it/s, v_num=73760, train_loss_step=0.0224, val_loss=0.0445, val_acc=0.983, train_loss_epoch=0.0107] Epoch 19:  74%|███████▍  | 107/144 [00:03<00:01, 35.43it/s, v_num=73760, train_loss_step=0.0224, val_loss=0.0445, val_acc=0.983, train_loss_epoch=0.0107]Epoch 19:  74%|███████▍  | 107/144 [00:03<00:01, 35.42it/s, v_num=73760, train_loss_step=0.00357, val_loss=0.0445, val_acc=0.983, train_loss_epoch=0.0107]Epoch 19:  75%|███████▌  | 108/144 [00:03<00:01, 35.46it/s, v_num=73760, train_loss_step=0.00357, val_loss=0.0445, val_acc=0.983, train_loss_epoch=0.0107]Epoch 19:  75%|███████▌  | 108/144 [00:03<00:01, 35.46it/s, v_num=73760, train_loss_step=0.0148, val_loss=0.0445, val_acc=0.983, train_loss_epoch=0.0107] Epoch 19:  76%|███████▌  | 109/144 [00:03<00:00, 35.49it/s, v_num=73760, train_loss_step=0.0148, val_loss=0.0445, val_acc=0.983, train_loss_epoch=0.0107]Epoch 19:  76%|███████▌  | 109/144 [00:03<00:00, 35.49it/s, v_num=73760, train_loss_step=0.00391, val_loss=0.0445, val_acc=0.983, train_loss_epoch=0.0107]Epoch 19:  76%|███████▋  | 110/144 [00:03<00:00, 35.52it/s, v_num=73760, train_loss_step=0.00391, val_loss=0.0445, val_acc=0.983, train_loss_epoch=0.0107]Epoch 19:  76%|███████▋  | 110/144 [00:03<00:00, 35.52it/s, v_num=73760, train_loss_step=0.040, val_loss=0.0445, val_acc=0.983, train_loss_epoch=0.0107]  Epoch 19:  77%|███████▋  | 111/144 [00:03<00:00, 35.52it/s, v_num=73760, train_loss_step=0.040, val_loss=0.0445, val_acc=0.983, train_loss_epoch=0.0107]Epoch 19:  77%|███████▋  | 111/144 [00:03<00:00, 35.52it/s, v_num=73760, train_loss_step=0.0101, val_loss=0.0445, val_acc=0.983, train_loss_epoch=0.0107]Epoch 19:  78%|███████▊  | 112/144 [00:03<00:00, 35.57it/s, v_num=73760, train_loss_step=0.0101, val_loss=0.0445, val_acc=0.983, train_loss_epoch=0.0107]Epoch 19:  78%|███████▊  | 112/144 [00:03<00:00, 35.57it/s, v_num=73760, train_loss_step=0.00893, val_loss=0.0445, val_acc=0.983, train_loss_epoch=0.0107]Epoch 19:  78%|███████▊  | 113/144 [00:03<00:00, 35.61it/s, v_num=73760, train_loss_step=0.00893, val_loss=0.0445, val_acc=0.983, train_loss_epoch=0.0107]Epoch 19:  78%|███████▊  | 113/144 [00:03<00:00, 35.61it/s, v_num=73760, train_loss_step=0.00207, val_loss=0.0445, val_acc=0.983, train_loss_epoch=0.0107]Epoch 19:  79%|███████▉  | 114/144 [00:03<00:00, 35.65it/s, v_num=73760, train_loss_step=0.00207, val_loss=0.0445, val_acc=0.983, train_loss_epoch=0.0107]Epoch 19:  79%|███████▉  | 114/144 [00:03<00:00, 35.65it/s, v_num=73760, train_loss_step=0.00555, val_loss=0.0445, val_acc=0.983, train_loss_epoch=0.0107]Epoch 19:  80%|███████▉  | 115/144 [00:03<00:00, 35.64it/s, v_num=73760, train_loss_step=0.00555, val_loss=0.0445, val_acc=0.983, train_loss_epoch=0.0107]Epoch 19:  80%|███████▉  | 115/144 [00:03<00:00, 35.64it/s, v_num=73760, train_loss_step=0.0157, val_loss=0.0445, val_acc=0.983, train_loss_epoch=0.0107] Epoch 19:  81%|████████  | 116/144 [00:03<00:00, 35.58it/s, v_num=73760, train_loss_step=0.0157, val_loss=0.0445, val_acc=0.983, train_loss_epoch=0.0107]Epoch 19:  81%|████████  | 116/144 [00:03<00:00, 35.58it/s, v_num=73760, train_loss_step=0.0135, val_loss=0.0445, val_acc=0.983, train_loss_epoch=0.0107]Epoch 19:  81%|████████▏ | 117/144 [00:03<00:00, 35.62it/s, v_num=73760, train_loss_step=0.0135, val_loss=0.0445, val_acc=0.983, train_loss_epoch=0.0107]Epoch 19:  81%|████████▏ | 117/144 [00:03<00:00, 35.62it/s, v_num=73760, train_loss_step=0.00523, val_loss=0.0445, val_acc=0.983, train_loss_epoch=0.0107]Epoch 19:  82%|████████▏ | 118/144 [00:03<00:00, 35.65it/s, v_num=73760, train_loss_step=0.00523, val_loss=0.0445, val_acc=0.983, train_loss_epoch=0.0107]Epoch 19:  82%|████████▏ | 118/144 [00:03<00:00, 35.65it/s, v_num=73760, train_loss_step=0.0144, val_loss=0.0445, val_acc=0.983, train_loss_epoch=0.0107] Epoch 19:  83%|████████▎ | 119/144 [00:03<00:00, 35.69it/s, v_num=73760, train_loss_step=0.0144, val_loss=0.0445, val_acc=0.983, train_loss_epoch=0.0107]Epoch 19:  83%|████████▎ | 119/144 [00:03<00:00, 35.69it/s, v_num=73760, train_loss_step=0.000957, val_loss=0.0445, val_acc=0.983, train_loss_epoch=0.0107]Epoch 19:  83%|████████▎ | 120/144 [00:03<00:00, 35.71it/s, v_num=73760, train_loss_step=0.000957, val_loss=0.0445, val_acc=0.983, train_loss_epoch=0.0107]Epoch 19:  83%|████████▎ | 120/144 [00:03<00:00, 35.71it/s, v_num=73760, train_loss_step=0.00709, val_loss=0.0445, val_acc=0.983, train_loss_epoch=0.0107] Epoch 19:  84%|████████▍ | 121/144 [00:03<00:00, 35.65it/s, v_num=73760, train_loss_step=0.00709, val_loss=0.0445, val_acc=0.983, train_loss_epoch=0.0107]Epoch 19:  84%|████████▍ | 121/144 [00:03<00:00, 35.65it/s, v_num=73760, train_loss_step=0.00116, val_loss=0.0445, val_acc=0.983, train_loss_epoch=0.0107]Epoch 19:  85%|████████▍ | 122/144 [00:03<00:00, 35.68it/s, v_num=73760, train_loss_step=0.00116, val_loss=0.0445, val_acc=0.983, train_loss_epoch=0.0107]Epoch 19:  85%|████████▍ | 122/144 [00:03<00:00, 35.68it/s, v_num=73760, train_loss_step=0.00585, val_loss=0.0445, val_acc=0.983, train_loss_epoch=0.0107]Epoch 19:  85%|████████▌ | 123/144 [00:03<00:00, 35.72it/s, v_num=73760, train_loss_step=0.00585, val_loss=0.0445, val_acc=0.983, train_loss_epoch=0.0107]Epoch 19:  85%|████████▌ | 123/144 [00:03<00:00, 35.72it/s, v_num=73760, train_loss_step=0.00843, val_loss=0.0445, val_acc=0.983, train_loss_epoch=0.0107]Epoch 19:  86%|████████▌ | 124/144 [00:03<00:00, 35.75it/s, v_num=73760, train_loss_step=0.00843, val_loss=0.0445, val_acc=0.983, train_loss_epoch=0.0107]Epoch 19:  86%|████████▌ | 124/144 [00:03<00:00, 35.75it/s, v_num=73760, train_loss_step=0.00742, val_loss=0.0445, val_acc=0.983, train_loss_epoch=0.0107]Epoch 19:  87%|████████▋ | 125/144 [00:03<00:00, 35.74it/s, v_num=73760, train_loss_step=0.00742, val_loss=0.0445, val_acc=0.983, train_loss_epoch=0.0107]Epoch 19:  87%|████████▋ | 125/144 [00:03<00:00, 35.73it/s, v_num=73760, train_loss_step=0.00226, val_loss=0.0445, val_acc=0.983, train_loss_epoch=0.0107]Epoch 19:  88%|████████▊ | 126/144 [00:03<00:00, 35.76it/s, v_num=73760, train_loss_step=0.00226, val_loss=0.0445, val_acc=0.983, train_loss_epoch=0.0107]Epoch 19:  88%|████████▊ | 126/144 [00:03<00:00, 35.76it/s, v_num=73760, train_loss_step=0.00836, val_loss=0.0445, val_acc=0.983, train_loss_epoch=0.0107]Epoch 19:  88%|████████▊ | 127/144 [00:03<00:00, 35.79it/s, v_num=73760, train_loss_step=0.00836, val_loss=0.0445, val_acc=0.983, train_loss_epoch=0.0107]Epoch 19:  88%|████████▊ | 127/144 [00:03<00:00, 35.79it/s, v_num=73760, train_loss_step=0.00329, val_loss=0.0445, val_acc=0.983, train_loss_epoch=0.0107]Epoch 19:  89%|████████▉ | 128/144 [00:03<00:00, 35.82it/s, v_num=73760, train_loss_step=0.00329, val_loss=0.0445, val_acc=0.983, train_loss_epoch=0.0107]Epoch 19:  89%|████████▉ | 128/144 [00:03<00:00, 35.82it/s, v_num=73760, train_loss_step=0.00609, val_loss=0.0445, val_acc=0.983, train_loss_epoch=0.0107]Epoch 19:  90%|████████▉ | 129/144 [00:03<00:00, 35.82it/s, v_num=73760, train_loss_step=0.00609, val_loss=0.0445, val_acc=0.983, train_loss_epoch=0.0107]Epoch 19:  90%|████████▉ | 129/144 [00:03<00:00, 35.82it/s, v_num=73760, train_loss_step=0.00304, val_loss=0.0445, val_acc=0.983, train_loss_epoch=0.0107]Epoch 19:  90%|█████████ | 130/144 [00:03<00:00, 35.76it/s, v_num=73760, train_loss_step=0.00304, val_loss=0.0445, val_acc=0.983, train_loss_epoch=0.0107]Epoch 19:  90%|█████████ | 130/144 [00:03<00:00, 35.76it/s, v_num=73760, train_loss_step=0.00833, val_loss=0.0445, val_acc=0.983, train_loss_epoch=0.0107]Epoch 19:  91%|█████████ | 131/144 [00:03<00:00, 35.79it/s, v_num=73760, train_loss_step=0.00833, val_loss=0.0445, val_acc=0.983, train_loss_epoch=0.0107]Epoch 19:  91%|█████████ | 131/144 [00:03<00:00, 35.79it/s, v_num=73760, train_loss_step=0.0121, val_loss=0.0445, val_acc=0.983, train_loss_epoch=0.0107] Epoch 19:  92%|█████████▏| 132/144 [00:03<00:00, 35.83it/s, v_num=73760, train_loss_step=0.0121, val_loss=0.0445, val_acc=0.983, train_loss_epoch=0.0107]Epoch 19:  92%|█████████▏| 132/144 [00:03<00:00, 35.82it/s, v_num=73760, train_loss_step=0.00964, val_loss=0.0445, val_acc=0.983, train_loss_epoch=0.0107]Epoch 19:  92%|█████████▏| 133/144 [00:03<00:00, 35.85it/s, v_num=73760, train_loss_step=0.00964, val_loss=0.0445, val_acc=0.983, train_loss_epoch=0.0107]Epoch 19:  92%|█████████▏| 133/144 [00:03<00:00, 35.85it/s, v_num=73760, train_loss_step=0.00364, val_loss=0.0445, val_acc=0.983, train_loss_epoch=0.0107]Epoch 19:  93%|█████████▎| 134/144 [00:03<00:00, 35.85it/s, v_num=73760, train_loss_step=0.00364, val_loss=0.0445, val_acc=0.983, train_loss_epoch=0.0107]Epoch 19:  93%|█████████▎| 134/144 [00:03<00:00, 35.84it/s, v_num=73760, train_loss_step=0.00852, val_loss=0.0445, val_acc=0.983, train_loss_epoch=0.0107]Epoch 19:  94%|█████████▍| 135/144 [00:03<00:00, 35.80it/s, v_num=73760, train_loss_step=0.00852, val_loss=0.0445, val_acc=0.983, train_loss_epoch=0.0107]Epoch 19:  94%|█████████▍| 135/144 [00:03<00:00, 35.80it/s, v_num=73760, train_loss_step=0.00458, val_loss=0.0445, val_acc=0.983, train_loss_epoch=0.0107]Epoch 19:  94%|█████████▍| 136/144 [00:03<00:00, 35.84it/s, v_num=73760, train_loss_step=0.00458, val_loss=0.0445, val_acc=0.983, train_loss_epoch=0.0107]Epoch 19:  94%|█████████▍| 136/144 [00:03<00:00, 35.84it/s, v_num=73760, train_loss_step=0.00351, val_loss=0.0445, val_acc=0.983, train_loss_epoch=0.0107]Epoch 19:  95%|█████████▌| 137/144 [00:03<00:00, 35.86it/s, v_num=73760, train_loss_step=0.00351, val_loss=0.0445, val_acc=0.983, train_loss_epoch=0.0107]Epoch 19:  95%|█████████▌| 137/144 [00:03<00:00, 35.86it/s, v_num=73760, train_loss_step=0.00395, val_loss=0.0445, val_acc=0.983, train_loss_epoch=0.0107]Epoch 19:  96%|█████████▌| 138/144 [00:03<00:00, 35.88it/s, v_num=73760, train_loss_step=0.00395, val_loss=0.0445, val_acc=0.983, train_loss_epoch=0.0107]Epoch 19:  96%|█████████▌| 138/144 [00:03<00:00, 35.88it/s, v_num=73760, train_loss_step=0.00403, val_loss=0.0445, val_acc=0.983, train_loss_epoch=0.0107]Epoch 19:  97%|█████████▋| 139/144 [00:03<00:00, 35.87it/s, v_num=73760, train_loss_step=0.00403, val_loss=0.0445, val_acc=0.983, train_loss_epoch=0.0107]Epoch 19:  97%|█████████▋| 139/144 [00:03<00:00, 35.87it/s, v_num=73760, train_loss_step=0.0177, val_loss=0.0445, val_acc=0.983, train_loss_epoch=0.0107] Epoch 19:  97%|█████████▋| 140/144 [00:03<00:00, 35.82it/s, v_num=73760, train_loss_step=0.0177, val_loss=0.0445, val_acc=0.983, train_loss_epoch=0.0107]Epoch 19:  97%|█████████▋| 140/144 [00:03<00:00, 35.82it/s, v_num=73760, train_loss_step=0.00552, val_loss=0.0445, val_acc=0.983, train_loss_epoch=0.0107]Epoch 19:  98%|█████████▊| 141/144 [00:03<00:00, 35.86it/s, v_num=73760, train_loss_step=0.00552, val_loss=0.0445, val_acc=0.983, train_loss_epoch=0.0107]Epoch 19:  98%|█████████▊| 141/144 [00:03<00:00, 35.85it/s, v_num=73760, train_loss_step=0.00232, val_loss=0.0445, val_acc=0.983, train_loss_epoch=0.0107]Epoch 19:  99%|█████████▊| 142/144 [00:03<00:00, 35.88it/s, v_num=73760, train_loss_step=0.00232, val_loss=0.0445, val_acc=0.983, train_loss_epoch=0.0107]Epoch 19:  99%|█████████▊| 142/144 [00:03<00:00, 35.88it/s, v_num=73760, train_loss_step=0.00149, val_loss=0.0445, val_acc=0.983, train_loss_epoch=0.0107]Epoch 19:  99%|█████████▉| 143/144 [00:03<00:00, 35.91it/s, v_num=73760, train_loss_step=0.00149, val_loss=0.0445, val_acc=0.983, train_loss_epoch=0.0107]Epoch 19:  99%|█████████▉| 143/144 [00:03<00:00, 35.91it/s, v_num=73760, train_loss_step=0.0122, val_loss=0.0445, val_acc=0.983, train_loss_epoch=0.0107] Epoch 19: 100%|██████████| 144/144 [00:04<00:00, 35.91it/s, v_num=73760, train_loss_step=0.0122, val_loss=0.0445, val_acc=0.983, train_loss_epoch=0.0107]Epoch 19: 100%|██████████| 144/144 [00:04<00:00, 35.90it/s, v_num=73760, train_loss_step=0.0171, val_loss=0.0445, val_acc=0.983, train_loss_epoch=0.0107]
Validation: |          | 0/? [00:00<?, ?it/s][A
Validation:   0%|          | 0/14 [00:00<?, ?it/s][A
Validation DataLoader 0:   0%|          | 0/14 [00:00<?, ?it/s][A
Validation DataLoader 0:   7%|▋         | 1/14 [00:00<00:00, 164.51it/s][A
Validation DataLoader 0:  14%|█▍        | 2/14 [00:00<00:00, 94.30it/s] [A
Validation DataLoader 0:  21%|██▏       | 3/14 [00:00<00:00, 94.60it/s][A
Validation DataLoader 0:  29%|██▊       | 4/14 [00:00<00:00, 95.19it/s][A
Validation DataLoader 0:  36%|███▌      | 5/14 [00:00<00:00, 95.44it/s][A
Validation DataLoader 0:  43%|████▎     | 6/14 [00:00<00:00, 93.31it/s][A
Validation DataLoader 0:  50%|█████     | 7/14 [00:00<00:00, 93.54it/s][A
Validation DataLoader 0:  57%|█████▋    | 8/14 [00:00<00:00, 90.75it/s][A
Validation DataLoader 0:  64%|██████▍   | 9/14 [00:00<00:00, 87.65it/s][A
Validation DataLoader 0:  71%|███████▏  | 10/14 [00:00<00:00, 88.56it/s][A
Validation DataLoader 0:  79%|███████▊  | 11/14 [00:00<00:00, 88.58it/s][A
Validation DataLoader 0:  86%|████████▌ | 12/14 [00:00<00:00, 89.16it/s][A
Validation DataLoader 0:  93%|█████████▎| 13/14 [00:00<00:00, 90.09it/s][A
Validation DataLoader 0: 100%|██████████| 14/14 [00:00<00:00, 90.87it/s][A
                                                                        [AEpoch 19: 100%|██████████| 144/144 [00:04<00:00, 34.36it/s, v_num=73760, train_loss_step=0.0171, val_loss=0.00401, val_acc=0.998, train_loss_epoch=0.0107]Epoch 19: 100%|██████████| 144/144 [00:04<00:00, 34.35it/s, v_num=73760, train_loss_step=0.0171, val_loss=0.00401, val_acc=0.998, train_loss_epoch=0.0181][2025-09-09 04:09:41,044] [INFO] [logging.py:107:log_dist] [Rank 0] [Torch] Checkpoint checkpoint is begin to save!
[2025-09-09 04:09:41,047] [INFO] [logging.py:107:log_dist] [Rank 0] Saving model checkpoint: deepspeed_logs/lightning_logs/version_73760/checkpoints/deepspeed-epoch=19-val_acc=1.00.ckpt/checkpoint/zero_pp_rank_0_mp_rank_00_model_states.pt
Epoch 19: 100%|██████████| 144/144 [00:04<00:00, 33.97it/s, v_num=73760, train_loss_step=0.0171, val_loss=0.00401, val_acc=0.998, train_loss_epoch=0.0181]
