Heterogeneous job leader (component 0) starting on c1912
SLURM_JOB_ID=80885
Thu Sep 11 12:52:21 2025       
+-----------------------------------------------------------------------------------------+
| NVIDIA-SMI 580.65.06              Driver Version: 580.65.06      CUDA Version: 13.0     |
+-----------------------------------------+------------------------+----------------------+
| GPU  Name                 Persistence-M | Bus-Id          Disp.A | Volatile Uncorr. ECC |
| Fan  Temp   Perf          Pwr:Usage/Cap |           Memory-Usage | GPU-Util  Compute M. |
|                                         |                        |               MIG M. |
|=========================================+========================+======================|
|   0  NVIDIA A100-PCIE-40GB          Off |   00000000:25:00.0 Off |                    0 |
| N/A   35C    P0             33W /  250W |       0MiB /  40960MiB |      0%      Default |
|                                         |                        |             Disabled |
+-----------------------------------------+------------------------+----------------------+

+-----------------------------------------------------------------------------------------+
| Processes:                                                                              |
|  GPU   GI   CI              PID   Type   Process name                        GPU Memory |
|        ID   ID                                                               Usage      |
|=========================================================================================|
|  No running processes found                                                             |
+-----------------------------------------------------------------------------------------+
Thu Sep 11 12:52:22 2025       
+-----------------------------------------------------------------------------------------+
| NVIDIA-SMI 580.65.06              Driver Version: 580.65.06      CUDA Version: 13.0     |
+-----------------------------------------+------------------------+----------------------+
| GPU  Name                 Persistence-M | Bus-Id          Disp.A | Volatile Uncorr. ECC |
| Fan  Temp   Perf          Pwr:Usage/Cap |           Memory-Usage | GPU-Util  Compute M. |
|                                         |                        |               MIG M. |
|=========================================+========================+======================|
|   0  NVIDIA A100-SXM4-40GB          Off |   00000000:01:00.0 Off |                    0 |
| N/A   30C    P0             52W /  400W |       0MiB /  40960MiB |      0%      Default |
|                                         |                        |             Disabled |
+-----------------------------------------+------------------------+----------------------+
|   1  NVIDIA A100-SXM4-40GB          Off |   00000000:41:00.0 Off |                    0 |
| N/A   29C    P0             49W /  400W |       0MiB /  40960MiB |      0%      Default |
|                                         |                        |             Disabled |
+-----------------------------------------+------------------------+----------------------+
|   2  NVIDIA A100-SXM4-40GB          Off |   00000000:81:00.0 Off |                    0 |
| N/A   30C    P0             51W /  400W |       0MiB /  40960MiB |      0%      Default |
|                                         |                        |             Disabled |
+-----------------------------------------+------------------------+----------------------+
|   3  NVIDIA A100-SXM4-40GB          Off |   00000000:C1:00.0 Off |                    0 |
| N/A   30C    P0             51W /  400W |       0MiB /  40960MiB |      0%      Default |
|                                         |                        |             Disabled |
+-----------------------------------------+------------------------+----------------------+

+-----------------------------------------------------------------------------------------+
| Processes:                                                                              |
|  GPU   GI   CI              PID   Type   Process name                        GPU Memory |
|        ID   ID                                                               Usage      |
|=========================================================================================|
|  No running processes found                                                             |
+-----------------------------------------------------------------------------------------+
CUDA_HOME: /scrfs/storage/tp030/home/.conda/envs/control
CUDA version:
nvcc: NVIDIA (R) Cuda compiler driver
Copyright (c) 2005-2023 NVIDIA Corporation
Built on Tue_Feb__7_19:32:13_PST_2023
Cuda compilation tools, release 12.1, V12.1.66
Build cuda_12.1.r12.1/compiler.32415258_0
CUDA_HOME: /scrfs/storage/tp030/home/.conda/envs/control
CUDA version:
nvcc: NVIDIA (R) Cuda compiler driver
Copyright (c) 2005-2023 NVIDIA Corporation
Built on Tue_Feb__7_19:32:13_PST_2023
Cuda compilation tools, release 12.1, V12.1.66
Build cuda_12.1.r12.1/compiler.32415258_0
Thu Sep 11 12:52:18 2025       
+-----------------------------------------------------------------------------------------+
| NVIDIA-SMI 580.65.06              Driver Version: 580.65.06      CUDA Version: 13.0     |
+-----------------------------------------+------------------------+----------------------+
| GPU  Name                 Persistence-M | Bus-Id          Disp.A | Volatile Uncorr. ECC |
| Fan  Temp   Perf          Pwr:Usage/Cap |           Memory-Usage | GPU-Util  Compute M. |
|                                         |                        |               MIG M. |
|=========================================+========================+======================|
|   0  NVIDIA A100-PCIE-40GB          Off |   00000000:25:00.0 Off |                    0 |
| N/A   43C    P0             40W /  250W |       0MiB /  40960MiB |     42%      Default |
|                                         |                        |             Disabled |
+-----------------------------------------+------------------------+----------------------+

+-----------------------------------------------------------------------------------------+
| Processes:                                                                              |
|  GPU   GI   CI              PID   Type   Process name                        GPU Memory |
|        ID   ID                                                               Usage      |
|=========================================================================================|
|  No running processes found                                                             |
+-----------------------------------------------------------------------------------------+
CUDA_HOME: /scrfs/storage/tp030/home/.conda/envs/control
CUDA version:
nvcc: NVIDIA (R) Cuda compiler driver
Copyright (c) 2005-2023 NVIDIA Corporation
Built on Tue_Feb__7_19:32:13_PST_2023
Cuda compilation tools, release 12.1, V12.1.66
Build cuda_12.1.r12.1/compiler.32415258_0
[2025-09-11 12:52:34,595] [INFO] [real_accelerator.py:260:get_accelerator] Setting ds_accelerator to cuda (auto detect)
[2025-09-11 12:52:35,133] [INFO] [real_accelerator.py:260:get_accelerator] Setting ds_accelerator to cuda (auto detect)
[2025-09-11 12:52:35,136] [INFO] [real_accelerator.py:260:get_accelerator] Setting ds_accelerator to cuda (auto detect)
[2025-09-11 12:52:35,141] [INFO] [real_accelerator.py:260:get_accelerator] Setting ds_accelerator to cuda (auto detect)
[2025-09-11 12:52:35,184] [INFO] [real_accelerator.py:260:get_accelerator] Setting ds_accelerator to cuda (auto detect)
[2025-09-11 12:52:30,579] [INFO] [real_accelerator.py:260:get_accelerator] Setting ds_accelerator to cuda (auto detect)
[2025-09-11 12:52:40,338] [INFO] [logging.py:107:log_dist] [Rank -1] [TorchCheckpointEngine] Initialized with serialization = False
Distributed training: 6 nodes, 1 GPUs/node
Global rank: 0, Node rank: 0, Local rank: 0
Training: 6 nodes, 6 world_size, DeepSpeed stage 3
Global batch size: 384
Model parameters: 4,242,954
[2025-09-11 12:52:34,765] [INFO] [logging.py:107:log_dist] [Rank -1] [TorchCheckpointEngine] Initialized with serialization = False
Distributed training: 6 nodes, 1 GPUs/node
Global rank: 1, Node rank: 1, Local rank: 0
[2025-09-11 12:52:40,623] [INFO] [comm.py:821:init_distributed] cdb=None
[2025-09-11 12:52:40,623] [INFO] [comm.py:852:init_distributed] Initializing TorchBackend in DeepSpeed with backend nccl
[2025-09-11 12:52:35,024] [INFO] [comm.py:821:init_distributed] cdb=None
c1912:2448807:2448807 [0] NCCL INFO Bootstrap: Using ibp65s0:172.17.19.12<0>
c1912:2448807:2448807 [0] NCCL INFO cudaDriverVersion 13000
c1912:2448807:2448807 [0] NCCL INFO NCCL version 2.27.3+cuda12.9
c1912:2448807:2448807 [0] NCCL INFO Comm config Blocking set to 1
c2008:1145900:1145900 [0] NCCL INFO cudaDriverVersion 13000
c2008:1145900:1145900 [0] NCCL INFO Bootstrap: Using ibp65s0:172.17.20.8<0>
c2008:1145900:1145900 [0] NCCL INFO NCCL version 2.27.3+cuda12.9
c2008:1145900:1145900 [0] NCCL INFO Comm config Blocking set to 1
c1912:2448807:2448846 [0] NCCL INFO NET/Plugin: Could not find: libnccl-net.so. 
c2008:1145900:1145946 [0] NCCL INFO NET/Plugin: Could not find: libnccl-net.so. 
c1912:2448807:2448846 [0] NCCL INFO Failed to open libibverbs.so[.1]
c1912:2448807:2448846 [0] NCCL INFO NET/Socket : Using [0]ibp65s0:172.17.19.12<0>
c1912:2448807:2448846 [0] NCCL INFO Initialized NET plugin Socket
c1912:2448807:2448846 [0] NCCL INFO Assigned NET plugin Socket to comm
c1912:2448807:2448846 [0] NCCL INFO Using network Socket
c1912:2448807:2448846 [0] NCCL INFO ncclCommInitRankConfig comm 0x559163932dd0 rank 0 nranks 6 cudaDev 0 nvmlDev 0 busId 25000 commId 0x519a7457fe97b6cc - Init START
c2008:1145900:1145946 [0] NCCL INFO Failed to open libibverbs.so[.1]
c2008:1145900:1145946 [0] NCCL INFO NET/Socket : Using [0]ibp65s0:172.17.20.8<0>
c2008:1145900:1145946 [0] NCCL INFO Initialized NET plugin Socket
c2008:1145900:1145946 [0] NCCL INFO Assigned NET plugin Socket to comm
c2008:1145900:1145946 [0] NCCL INFO Using network Socket
c2008:1145900:1145946 [0] NCCL INFO ncclCommInitRankConfig comm 0x560a981391a0 rank 1 nranks 6 cudaDev 0 nvmlDev 0 busId 25000 commId 0x519a7457fe97b6cc - Init START
[2025-09-11 12:52:50,495] [INFO] [logging.py:107:log_dist] [Rank -1] [TorchCheckpointEngine] Initialized with serialization = False
[2025-09-11 12:52:50,495] [INFO] [logging.py:107:log_dist] [Rank -1] [TorchCheckpointEngine] Initialized with serialization = False
[2025-09-11 12:52:50,496] [INFO] [logging.py:107:log_dist] [Rank -1] [TorchCheckpointEngine] Initialized with serialization = False
Distributed training: 1 nodes, 4 GPUs/node
Global rank: 4, Node rank: 1, Local rank: 2
Distributed training: 1 nodes, 4 GPUs/node
Global rank: 3, Node rank: 0, Local rank: 1
[2025-09-11 12:52:50,525] [INFO] [logging.py:107:log_dist] [Rank -1] [TorchCheckpointEngine] Initialized with serialization = False
Distributed training: 1 nodes, 4 GPUs/node
Global rank: 2, Node rank: 0, Local rank: 0
[2025-09-11 12:52:51,010] [INFO] [comm.py:821:init_distributed] cdb=None
[2025-09-11 12:52:51,012] [INFO] [comm.py:821:init_distributed] cdb=None
[2025-09-11 12:52:51,019] [INFO] [comm.py:821:init_distributed] cdb=None
c2104:3652498:3652498 [0] NCCL INFO cudaDriverVersion 13000
c2104:3652500:3652500 [2] NCCL INFO cudaDriverVersion 13000
c2104:3652499:3652499 [1] NCCL INFO cudaDriverVersion 13000
c2104:3652498:3652498 [0] NCCL INFO Bootstrap: Using ibp161s0:172.17.21.4<0>
c2104:3652498:3652498 [0] NCCL INFO NCCL version 2.27.3+cuda12.9
c2104:3652498:3652498 [0] NCCL INFO Comm config Blocking set to 1
c2104:3652499:3652499 [1] NCCL INFO Bootstrap: Using ibp161s0:172.17.21.4<0>
c2104:3652499:3652499 [1] NCCL INFO NCCL version 2.27.3+cuda12.9
c2104:3652500:3652500 [2] NCCL INFO Bootstrap: Using ibp161s0:172.17.21.4<0>
c2104:3652500:3652500 [2] NCCL INFO NCCL version 2.27.3+cuda12.9
c2104:3652499:3652499 [1] NCCL INFO Comm config Blocking set to 1
c2104:3652500:3652500 [2] NCCL INFO Comm config Blocking set to 1
c2104:3652500:3652637 [2] NCCL INFO NET/Plugin: Could not find: libnccl-net.so. 
c2104:3652500:3652637 [2] NCCL INFO Failed to open libibverbs.so[.1]
c2104:3652500:3652637 [2] NCCL INFO NET/Socket : Using [0]ibp161s0:172.17.21.4<0>
c2104:3652500:3652637 [2] NCCL INFO Initialized NET plugin Socket
c2104:3652500:3652637 [2] NCCL INFO Assigned NET plugin Socket to comm
c2104:3652500:3652637 [2] NCCL INFO Using network Socket
c2104:3652498:3652636 [0] NCCL INFO NET/Plugin: Could not find: libnccl-net.so. 
c2104:3652499:3652638 [1] NCCL INFO NET/Plugin: Could not find: libnccl-net.so. 
c2104:3652498:3652636 [0] NCCL INFO Failed to open libibverbs.so[.1]
c2104:3652499:3652638 [1] NCCL INFO Failed to open libibverbs.so[.1]
c2104:3652499:3652638 [1] NCCL INFO NET/Socket : Using [0]ibp161s0:172.17.21.4<0>
c2104:3652499:3652638 [1] NCCL INFO Initialized NET plugin Socket
c2104:3652498:3652636 [0] NCCL INFO NET/Socket : Using [0]ibp161s0:172.17.21.4<0>
c2104:3652498:3652636 [0] NCCL INFO Initialized NET plugin Socket
c2104:3652498:3652636 [0] NCCL INFO Assigned NET plugin Socket to comm
c2104:3652498:3652636 [0] NCCL INFO Using network Socket
c2104:3652499:3652638 [1] NCCL INFO Assigned NET plugin Socket to comm
c2104:3652499:3652638 [1] NCCL INFO Using network Socket
c2104:3652500:3652637 [2] NCCL INFO ncclCommInitRankConfig comm 0x5643b57c31f0 rank 4 nranks 6 cudaDev 2 nvmlDev 2 busId 81000 commId 0x519a7457fe97b6cc - Init START
c2104:3652498:3652636 [0] NCCL INFO ncclCommInitRankConfig comm 0x55df54464910 rank 2 nranks 6 cudaDev 0 nvmlDev 0 busId 1000 commId 0x519a7457fe97b6cc - Init START
c2104:3652499:3652638 [1] NCCL INFO ncclCommInitRankConfig comm 0x5585fa8bf0b0 rank 3 nranks 6 cudaDev 1 nvmlDev 1 busId 41000 commId 0x519a7457fe97b6cc - Init START
c2104:3652498:3652636 [0] NCCL INFO RAS client listening socket at ::1<28028>
c2104:3652499:3652638 [1] NCCL INFO RAS client listening socket at ::1<28028>
c2008:1145900:1145946 [0] NCCL INFO RAS client listening socket at ::1<28028>
Distributed training: 1 nodes, 4 GPUs/node
Global rank: 5, Node rank: 1, Local rank: 3
[2025-09-11 12:52:54,623] [INFO] [comm.py:821:init_distributed] cdb=None
c2104:3652501:3652501 [3] NCCL INFO cudaDriverVersion 13000
c2104:3652501:3652501 [3] NCCL INFO Bootstrap: Using ibp161s0:172.17.21.4<0>
c2104:3652501:3652501 [3] NCCL INFO NCCL version 2.27.3+cuda12.9
c2104:3652501:3652501 [3] NCCL INFO Comm config Blocking set to 1
c2104:3652501:3652849 [3] NCCL INFO NET/Plugin: Could not find: libnccl-net.so. 
c2104:3652501:3652849 [3] NCCL INFO Failed to open libibverbs.so[.1]
c2104:3652501:3652849 [3] NCCL INFO NET/Socket : Using [0]ibp161s0:172.17.21.4<0>
c2104:3652501:3652849 [3] NCCL INFO Initialized NET plugin Socket
c2104:3652501:3652849 [3] NCCL INFO Assigned NET plugin Socket to comm
c2104:3652501:3652849 [3] NCCL INFO Using network Socket
c2104:3652501:3652849 [3] NCCL INFO ncclCommInitRankConfig comm 0x5629b2839a20 rank 5 nranks 6 cudaDev 3 nvmlDev 3 busId c1000 commId 0x519a7457fe97b6cc - Init START
c2104:3652501:3652849 [3] NCCL INFO RAS client listening socket at ::1<28028>
c2104:3652500:3652637 [2] NCCL INFO RAS client listening socket at ::1<28028>
c1912:2448807:2448846 [0] NCCL INFO RAS client listening socket at ::1<28028>
c2104:3652501:3652849 [3] NCCL INFO Bootstrap timings total 0.002745 (create 0.000040, send 0.000240, recv 0.000501, ring 0.001264, delay 0.000002)
c2104:3652500:3652637 [2] NCCL INFO Bootstrap timings total 3.512843 (create 0.000057, send 0.000329, recv 3.510279, ring 0.001084, delay 0.000004)
c1912:2448807:2448846 [0] NCCL INFO Bootstrap timings total 13.406810 (create 0.000035, send 0.000085, recv 0.001474, ring 0.000458, delay 0.000004)
c2104:3652499:3652638 [1] NCCL INFO Bootstrap timings total 3.506594 (create 0.000050, send 0.000126, recv 0.000616, ring 3.503979, delay 0.000002)
c2104:3652498:3652636 [0] NCCL INFO Bootstrap timings total 3.506597 (create 0.000032, send 0.000138, recv 0.000507, ring 3.504021, delay 0.000002)
c2008:1145900:1145946 [0] NCCL INFO Bootstrap timings total 13.405894 (create 0.000036, send 0.000236, recv 9.899597, ring 3.504399, delay 0.000003)
c2008:1145900:1145946 [0] NCCL INFO Setting affinity for GPU 0 to 16-23
c2104:3652499:3652638 [1] NCCL INFO Setting affinity for GPU 1 to 8-15
c2104:3652499:3652638 [1] NCCL INFO NVLS multicast support is not available on dev 1 (NVLS_NCHANNELS 0)
c2104:3652498:3652636 [0] NCCL INFO Setting affinity for GPU 0 to 24-31
c2104:3652498:3652636 [0] NCCL INFO NVLS multicast support is not available on dev 0 (NVLS_NCHANNELS 0)
c2104:3652500:3652637 [2] NCCL INFO Setting affinity for GPU 2 to 56-63
c2104:3652501:3652849 [3] NCCL INFO Setting affinity for GPU 3 to 40-47
c2104:3652501:3652849 [3] NCCL INFO NVLS multicast support is not available on dev 3 (NVLS_NCHANNELS 0)
c2104:3652500:3652637 [2] NCCL INFO NVLS multicast support is not available on dev 2 (NVLS_NCHANNELS 0)
c1912:2448807:2448846 [0] NCCL INFO Setting affinity for GPU 0 to 16-23
c2104:3652501:3652849 [3] NCCL INFO comm 0x5629b2839a20 rank 5 nRanks 6 nNodes 3 localRanks 4 localRank 3 MNNVL 0
c2104:3652500:3652637 [2] NCCL INFO comm 0x5643b57c31f0 rank 4 nRanks 6 nNodes 3 localRanks 4 localRank 2 MNNVL 0
c2104:3652501:3652849 [3] NCCL INFO Trees [0] -1/-1/-1->5->4 [1] -1/-1/-1->5->4
c2104:3652499:3652638 [1] NCCL INFO comm 0x5585fa8bf0b0 rank 3 nRanks 6 nNodes 3 localRanks 4 localRank 1 MNNVL 0
c2104:3652501:3652849 [3] NCCL INFO P2P Chunksize set to 131072
c2104:3652500:3652637 [2] NCCL INFO Trees [0] 5/-1/-1->4->3 [1] 5/-1/-1->4->3
c2104:3652500:3652637 [2] NCCL INFO P2P Chunksize set to 131072
c2104:3652498:3652636 [0] NCCL INFO comm 0x55df54464910 rank 2 nRanks 6 nNodes 3 localRanks 4 localRank 0 MNNVL 0
c2104:3652499:3652638 [1] NCCL INFO Trees [0] 4/1/-1->3->2 [1] 4/-1/-1->3->2
c2104:3652499:3652638 [1] NCCL INFO P2P Chunksize set to 131072
c1912:2448807:2448846 [0] NCCL INFO comm 0x559163932dd0 rank 0 nRanks 6 nNodes 3 localRanks 1 localRank 0 MNNVL 0
c2104:3652498:3652636 [0] NCCL INFO Trees [0] 3/-1/-1->2->0 [1] 3/-1/-1->2->0
c1912:2448807:2448846 [0] NCCL INFO Channel 00/02 : 0 1 2 3 4 5
c2104:3652498:3652636 [0] NCCL INFO P2P Chunksize set to 131072
c1912:2448807:2448846 [0] NCCL INFO Channel 01/02 : 0 1 2 3 4 5
c1912:2448807:2448846 [0] NCCL INFO Trees [0] 2/-1/-1->0->-1 [1] 2/-1/-1->0->1
c1912:2448807:2448846 [0] NCCL INFO P2P Chunksize set to 131072
c2008:1145900:1145946 [0] NCCL INFO comm 0x560a981391a0 rank 1 nRanks 6 nNodes 3 localRanks 1 localRank 0 MNNVL 0
c2008:1145900:1145946 [0] NCCL INFO Trees [0] -1/-1/-1->1->3 [1] 0/-1/-1->1->-1
c2008:1145900:1145946 [0] NCCL INFO P2P Chunksize set to 131072
c2104:3652501:3652849 [3] NCCL INFO PROFILER/Plugin: Could not find: libnccl-profiler.so. 
c2104:3652499:3652638 [1] NCCL INFO PROFILER/Plugin: Could not find: libnccl-profiler.so. 
c2104:3652498:3652636 [0] NCCL INFO PROFILER/Plugin: Could not find: libnccl-profiler.so. 
c2104:3652501:3652853 [3] NCCL INFO [Proxy Service] Device 3 CPU core 41
c2104:3652499:3652855 [1] NCCL INFO [Proxy Service UDS] Device 1 CPU core 9
c2104:3652499:3652852 [1] NCCL INFO [Proxy Service] Device 1 CPU core 12
c2104:3652501:3652857 [3] NCCL INFO [Proxy Service UDS] Device 3 CPU core 44
c2104:3652498:3652856 [0] NCCL INFO [Proxy Service UDS] Device 0 CPU core 25
c2104:3652498:3652854 [0] NCCL INFO [Proxy Service] Device 0 CPU core 28
c2104:3652500:3652637 [2] NCCL INFO PROFILER/Plugin: Could not find: libnccl-profiler.so. 
c2104:3652501:3652849 [3] NCCL INFO threadThresholds 8/8/64 | 48/8/64 | 512 | 512
c2104:3652501:3652849 [3] NCCL INFO 2 coll channels, 2 collnet channels, 0 nvls channels, 2 p2p channels, 1 p2p channels per peer
c2104:3652500:3652859 [2] NCCL INFO [Proxy Service UDS] Device 2 CPU core 57
c2104:3652500:3652858 [2] NCCL INFO [Proxy Service] Device 2 CPU core 60
c1912:2448807:2448846 [0] NCCL INFO PROFILER/Plugin: Could not find: libnccl-profiler.so. 
c1912:2448807:2448846 [0] NCCL INFO Check P2P Type isAllDirectP2p 0 directMode 0
c2104:3652499:3652638 [1] NCCL INFO threadThresholds 8/8/64 | 48/8/64 | 512 | 512
c2104:3652499:3652638 [1] NCCL INFO 2 coll channels, 2 collnet channels, 0 nvls channels, 2 p2p channels, 1 p2p channels per peer
c1912:2448807:2448918 [0] NCCL INFO [Proxy Service UDS] Device 0 CPU core 19
c2104:3652498:3652636 [0] NCCL INFO threadThresholds 8/8/64 | 48/8/64 | 512 | 512
c2104:3652498:3652636 [0] NCCL INFO 2 coll channels, 2 collnet channels, 0 nvls channels, 2 p2p channels, 1 p2p channels per peer
c1912:2448807:2448917 [0] NCCL INFO [Proxy Service] Device 0 CPU core 21
c2104:3652500:3652637 [2] NCCL INFO threadThresholds 8/8/64 | 48/8/64 | 512 | 512
c2104:3652500:3652637 [2] NCCL INFO 2 coll channels, 2 collnet channels, 0 nvls channels, 2 p2p channels, 1 p2p channels per peer
c1912:2448807:2448846 [0] NCCL INFO threadThresholds 8/8/64 | 48/8/64 | 512 | 512
c1912:2448807:2448846 [0] NCCL INFO 2 coll channels, 2 collnet channels, 0 nvls channels, 2 p2p channels, 1 p2p channels per peer
c1912:2448807:2448846 [0] NCCL INFO CC Off, workFifoBytes 1048576
c2008:1145900:1145946 [0] NCCL INFO PROFILER/Plugin: Could not find: libnccl-profiler.so. 
c2008:1145900:1146020 [0] NCCL INFO [Proxy Service UDS] Device 0 CPU core 18
c2008:1145900:1146019 [0] NCCL INFO [Proxy Service] Device 0 CPU core 21
c1912:2448807:2448846 [0] NCCL INFO TUNER/Plugin: Could not find: libnccl-tuner.so. Using internal tuner plugin.
c1912:2448807:2448846 [0] NCCL INFO ncclCommInitRankConfig comm 0x559163932dd0 rank 0 nranks 6 cudaDev 0 nvmlDev 0 busId 25000 commId 0x519a7457fe97b6cc - Init COMPLETE
c1912:2448807:2448846 [0] NCCL INFO Init timings - ncclCommInitRankConfig: rank 0 nranks 6 total 13.61 (kernels 0.15, alloc 0.01, bootstrap 13.41, allgathers 0.00, topo 0.02, graphs 0.00, connections 0.00, rest 0.01)
c2008:1145900:1145946 [0] NCCL INFO threadThresholds 8/8/64 | 48/8/64 | 512 | 512
c2008:1145900:1145946 [0] NCCL INFO 2 coll channels, 2 collnet channels, 0 nvls channels, 2 p2p channels, 1 p2p channels per peer
c2104:3652498:3652636 [0] NCCL INFO TUNER/Plugin: Could not find: libnccl-tuner.so. Using internal tuner plugin.
c2104:3652501:3652849 [3] NCCL INFO TUNER/Plugin: Could not find: libnccl-tuner.so. Using internal tuner plugin.
c2104:3652500:3652637 [2] NCCL INFO TUNER/Plugin: Could not find: libnccl-tuner.so. Using internal tuner plugin.
c2104:3652499:3652638 [1] NCCL INFO TUNER/Plugin: Could not find: libnccl-tuner.so. Using internal tuner plugin.
c2104:3652498:3652636 [0] NCCL INFO ncclCommInitRankConfig comm 0x55df54464910 rank 2 nranks 6 cudaDev 0 nvmlDev 0 busId 1000 commId 0x519a7457fe97b6cc - Init COMPLETE
c2104:3652499:3652638 [1] NCCL INFO ncclCommInitRankConfig comm 0x5585fa8bf0b0 rank 3 nranks 6 cudaDev 1 nvmlDev 1 busId 41000 commId 0x519a7457fe97b6cc - Init COMPLETE
c2104:3652498:3652636 [0] NCCL INFO Init timings - ncclCommInitRankConfig: rank 2 nranks 6 total 3.72 (kernels 0.16, alloc 0.01, bootstrap 3.51, allgathers 0.01, topo 0.02, graphs 0.00, connections 0.01, rest 0.01)
c2104:3652499:3652638 [1] NCCL INFO Init timings - ncclCommInitRankConfig: rank 3 nranks 6 total 3.72 (kernels 0.16, alloc 0.01, bootstrap 3.51, allgathers 0.01, topo 0.02, graphs 0.00, connections 0.01, rest 0.01)
c2104:3652500:3652637 [2] NCCL INFO ncclCommInitRankConfig comm 0x5643b57c31f0 rank 4 nranks 6 cudaDev 2 nvmlDev 2 busId 81000 commId 0x519a7457fe97b6cc - Init COMPLETE
c2104:3652500:3652637 [2] NCCL INFO Init timings - ncclCommInitRankConfig: rank 4 nranks 6 total 3.72 (kernels 0.15, alloc 0.02, bootstrap 3.51, allgathers 0.00, topo 0.02, graphs 0.00, connections 0.01, rest 0.01)
c2104:3652501:3652849 [3] NCCL INFO ncclCommInitRankConfig comm 0x5629b2839a20 rank 5 nranks 6 cudaDev 3 nvmlDev 3 busId c1000 commId 0x519a7457fe97b6cc - Init COMPLETE
c2104:3652501:3652849 [3] NCCL INFO Init timings - ncclCommInitRankConfig: rank 5 nranks 6 total 0.14 (kernels 0.09, alloc 0.01, bootstrap 0.00, allgathers 0.01, topo 0.02, graphs 0.00, connections 0.00, rest 0.01)
c2008:1145900:1145946 [0] NCCL INFO TUNER/Plugin: Could not find: libnccl-tuner.so. Using internal tuner plugin.
c2008:1145900:1145946 [0] NCCL INFO ncclCommInitRankConfig comm 0x560a981391a0 rank 1 nranks 6 cudaDev 0 nvmlDev 0 busId 25000 commId 0x519a7457fe97b6cc - Init COMPLETE
c2008:1145900:1145946 [0] NCCL INFO Init timings - ncclCommInitRankConfig: rank 1 nranks 6 total 13.59 (kernels 0.13, alloc 0.01, bootstrap 13.41, allgathers 0.01, topo 0.01, graphs 0.00, connections 0.00, rest 0.01)
c2104:3652500:3652861 [2] NCCL INFO Channel 00/0 : 4[2] -> 5[3] via P2P/CUMEM/read
c2104:3652499:3652862 [1] NCCL INFO Channel 00/0 : 3[1] -> 4[2] via P2P/CUMEM/read
c2104:3652499:3652862 [1] NCCL INFO Channel 01/0 : 3[1] -> 4[2] via P2P/CUMEM/read
c2104:3652500:3652861 [2] NCCL INFO Channel 01/0 : 4[2] -> 5[3] via P2P/CUMEM/read
c2104:3652501:3652864 [3] NCCL INFO [Proxy Progress] Device 3 CPU core 45
c2104:3652501:3652860 [3] NCCL INFO Channel 00/0 : 5[3] -> 0[0] [send] via NET/Socket/0
c2104:3652501:3652860 [3] NCCL INFO Channel 01/0 : 5[3] -> 0[0] [send] via NET/Socket/0
c2104:3652498:3652865 [0] NCCL INFO [Proxy Progress] Device 0 CPU core 31
c2104:3652498:3652863 [0] NCCL INFO Channel 00/0 : 1[0] -> 2[0] [receive] via NET/Socket/0
c2104:3652498:3652863 [0] NCCL INFO Channel 01/0 : 1[0] -> 2[0] [receive] via NET/Socket/0
c2104:3652498:3652863 [0] NCCL INFO Channel 00/0 : 2[0] -> 3[1] via P2P/CUMEM/read
c2104:3652498:3652863 [0] NCCL INFO Channel 01/0 : 2[0] -> 3[1] via P2P/CUMEM/read
c2008:1145900:1146022 [0] NCCL INFO [Proxy Progress] Device 0 CPU core 23
c2008:1145900:1146021 [0] NCCL INFO Channel 00/0 : 0[0] -> 1[0] [receive] via NET/Socket/0
c2008:1145900:1146021 [0] NCCL INFO Channel 01/0 : 0[0] -> 1[0] [receive] via NET/Socket/0
c2008:1145900:1146021 [0] NCCL INFO Channel 00/0 : 1[0] -> 2[0] [send] via NET/Socket/0
c2008:1145900:1146021 [0] NCCL INFO Channel 01/0 : 1[0] -> 2[0] [send] via NET/Socket/0
c1912:2448807:2448920 [0] NCCL INFO [Proxy Progress] Device 0 CPU core 23
c1912:2448807:2448919 [0] NCCL INFO Channel 00/0 : 5[3] -> 0[0] [receive] via NET/Socket/0
c1912:2448807:2448919 [0] NCCL INFO Channel 01/0 : 5[3] -> 0[0] [receive] via NET/Socket/0
c1912:2448807:2448919 [0] NCCL INFO Channel 00/0 : 0[0] -> 1[0] [send] via NET/Socket/0
c1912:2448807:2448919 [0] NCCL INFO Channel 01/0 : 0[0] -> 1[0] [send] via NET/Socket/0
c1912:2448807:2448919 [0] NCCL INFO Connected all rings, use ring PXN 0 GDR 0
c2104:3652501:3652860 [3] NCCL INFO Connected all rings, use ring PXN 0 GDR 0
c2008:1145900:1146021 [0] NCCL INFO Connected all rings, use ring PXN 0 GDR 0
c2104:3652500:3652861 [2] NCCL INFO Connected all rings, use ring PXN 0 GDR 0
c2104:3652499:3652862 [1] NCCL INFO Connected all rings, use ring PXN 0 GDR 0
c2104:3652498:3652863 [0] NCCL INFO Connected all rings, use ring PXN 0 GDR 0
[Gloo] Rank 2 is connected to 5 peer ranks. Expected number of connected peer ranks is : 5
[Gloo] Rank 3 is connected to 5 peer ranks. Expected number of connected peer ranks is : 5
[Gloo] Rank 5 is connected to 5 peer ranks. Expected number of connected peer ranks is : 5
[Gloo] Rank 4 is connected to 5 peer ranks. Expected number of connected peer ranks is : 5
[Gloo] Rank 1 is connected to 5 peer ranks. Expected number of connected peer ranks is : 5
[Gloo] Rank 0 is connected to 5 peer ranks. Expected number of connected peer ranks is : 5
c2008:1145900:1146027 [0] NCCL INFO Channel 00/0 : 1[0] -> 3[1] [send] via NET/Socket/0
c2104:3652498:3652949 [0] NCCL INFO Channel 00/0 : 0[0] -> 2[0] [receive] via NET/Socket/0
c2104:3652498:3652949 [0] NCCL INFO Channel 01/0 : 0[0] -> 2[0] [receive] via NET/Socket/0
c2104:3652501:3652951 [3] NCCL INFO Channel 00/0 : 5[3] -> 4[2] via P2P/CUMEM/read
c2104:3652501:3652951 [3] NCCL INFO Channel 01/0 : 5[3] -> 4[2] via P2P/CUMEM/read
c2104:3652500:3652952 [2] NCCL INFO Channel 00/0 : 4[2] -> 3[1] via P2P/CUMEM/read
c2104:3652500:3652952 [2] NCCL INFO Channel 01/0 : 4[2] -> 3[1] via P2P/CUMEM/read
c2104:3652499:3652953 [1] NCCL INFO [Proxy Progress] Device 1 CPU core 12
c2104:3652499:3652950 [1] NCCL INFO Channel 00/0 : 1[0] -> 3[1] [receive] via NET/Socket/0
c2104:3652499:3652950 [1] NCCL INFO Channel 00/0 : 3[1] -> 1[0] [send] via NET/Socket/0
c2008:1145900:1146027 [0] NCCL INFO Channel 00/0 : 3[1] -> 1[0] [receive] via NET/Socket/0
c2008:1145900:1146027 [0] NCCL INFO Channel 01/0 : 1[0] -> 0[0] [send] via NET/Socket/0
c2104:3652499:3652950 [1] NCCL INFO Channel 00/0 : 3[1] -> 2[0] via P2P/CUMEM/read
c2104:3652499:3652950 [1] NCCL INFO Channel 01/0 : 3[1] -> 2[0] via P2P/CUMEM/read
c2104:3652501:3652951 [3] NCCL INFO Connected all trees
c1912:2448807:2448926 [0] NCCL INFO Channel 00/0 : 0[0] -> 2[0] [send] via NET/Socket/0
c1912:2448807:2448926 [0] NCCL INFO Channel 01/0 : 0[0] -> 2[0] [send] via NET/Socket/0
c1912:2448807:2448926 [0] NCCL INFO Channel 00/0 : 2[0] -> 0[0] [receive] via NET/Socket/0
c1912:2448807:2448926 [0] NCCL INFO Channel 01/0 : 2[0] -> 0[0] [receive] via NET/Socket/0
c2104:3652498:3652949 [0] NCCL INFO Channel 00/0 : 2[0] -> 0[0] [send] via NET/Socket/0
c2104:3652498:3652949 [0] NCCL INFO Channel 01/0 : 2[0] -> 0[0] [send] via NET/Socket/0
c1912:2448807:2448926 [0] NCCL INFO Channel 01/0 : 1[0] -> 0[0] [receive] via NET/Socket/0
c2104:3652500:3652952 [2] NCCL INFO Connected all trees
c1912:2448807:2448926 [0] NCCL INFO Connected all trees
c2104:3652498:3652949 [0] NCCL INFO Connected all trees
c2104:3652499:3652950 [1] NCCL INFO Connected all trees
c2008:1145900:1146027 [0] NCCL INFO Connected all trees
[2025-09-11 12:53:14,411] [INFO] [logging.py:107:log_dist] [Rank 0] DeepSpeed info: version=0.17.5, git-hash=unknown, git-branch=unknown
[2025-09-11 12:53:14,942] [INFO] [config.py:684:__init__] Config mesh_device None world_size = 6
[2025-09-11 12:53:08,799] [INFO] [config.py:684:__init__] Config mesh_device None world_size = 6
[2025-09-11 12:53:14,942] [INFO] [config.py:684:__init__] Config mesh_device None world_size = 6
[2025-09-11 12:53:14,411] [INFO] [config.py:684:__init__] Config mesh_device None world_size = 6
[2025-09-11 12:53:14,942] [INFO] [config.py:684:__init__] Config mesh_device None world_size = 6
[2025-09-11 12:53:14,943] [INFO] [config.py:684:__init__] Config mesh_device None world_size = 6
c2104:3652501:3652501 [3] NCCL INFO Comm config Blocking set to 1
c2104:3652500:3652500 [2] NCCL INFO Comm config Blocking set to 1
c1912:2448807:2448807 [0] NCCL INFO Comm config Blocking set to 1
c2104:3652499:3652499 [1] NCCL INFO Comm config Blocking set to 1
c2104:3652498:3652498 [0] NCCL INFO Comm config Blocking set to 1
c2008:1145900:1145900 [0] NCCL INFO Comm config Blocking set to 1
c2104:3652501:3652956 [3] NCCL INFO Assigned NET plugin Socket to comm
c2104:3652501:3652956 [3] NCCL INFO Using network Socket
c2104:3652500:3652959 [2] NCCL INFO Assigned NET plugin Socket to comm
c2104:3652500:3652959 [2] NCCL INFO Using network Socket
c2104:3652498:3652965 [0] NCCL INFO Assigned NET plugin Socket to comm
c2104:3652498:3652965 [0] NCCL INFO Using network Socket
c1912:2448807:2448929 [0] NCCL INFO Assigned NET plugin Socket to comm
c2104:3652501:3652956 [3] NCCL INFO ncclCommSplit comm 0x5629af724940 rank 5 nranks 6 cudaDev 3 nvmlDev 3 busId c1000 parent 0x5629b2839a20 splitCount 1 color 1741855487 key 5- Init START
c1912:2448807:2448929 [0] NCCL INFO Using network Socket
c2008:1145900:1146032 [0] NCCL INFO Assigned NET plugin Socket to comm
c2104:3652499:3652963 [1] NCCL INFO Assigned NET plugin Socket to comm
c2008:1145900:1146032 [0] NCCL INFO Using network Socket
c2104:3652499:3652963 [1] NCCL INFO Using network Socket
c1912:2448807:2448929 [0] NCCL INFO ncclCommSplit comm 0x559160941a40 rank 0 nranks 6 cudaDev 0 nvmlDev 0 busId 25000 parent 0x559163932dd0 splitCount 1 color 1741855487 key 0- Init START
c2104:3652500:3652959 [2] NCCL INFO ncclCommSplit comm 0x5643b26d12c0 rank 4 nranks 6 cudaDev 2 nvmlDev 2 busId 81000 parent 0x5643b57c31f0 splitCount 1 color 1741855487 key 4- Init START
c2008:1145900:1146032 [0] NCCL INFO ncclCommSplit comm 0x560a95147f80 rank 1 nranks 6 cudaDev 0 nvmlDev 0 busId 25000 parent 0x560a981391a0 splitCount 1 color 1741855487 key 1- Init START
c2104:3652498:3652965 [0] NCCL INFO ncclCommSplit comm 0x55df51370840 rank 2 nranks 6 cudaDev 0 nvmlDev 0 busId 1000 parent 0x55df54464910 splitCount 1 color 1741855487 key 2- Init START
c2104:3652499:3652963 [1] NCCL INFO ncclCommSplit comm 0x5585f77cb440 rank 3 nranks 6 cudaDev 1 nvmlDev 1 busId 41000 parent 0x5585fa8bf0b0 splitCount 1 color 1741855487 key 3- Init START
c2008:1145900:1146032 [0] NCCL INFO Setting affinity for GPU 0 to 16-23
c1912:2448807:2448929 [0] NCCL INFO Setting affinity for GPU 0 to 16-23
c2104:3652499:3652963 [1] NCCL INFO Setting affinity for GPU 1 to 8-15
c2104:3652499:3652963 [1] NCCL INFO NVLS multicast support is not available on dev 1 (NVLS_NCHANNELS 0)
c2104:3652498:3652965 [0] NCCL INFO Setting affinity for GPU 0 to 24-31
c2104:3652498:3652965 [0] NCCL INFO NVLS multicast support is not available on dev 0 (NVLS_NCHANNELS 0)
c2104:3652501:3652956 [3] NCCL INFO Setting affinity for GPU 3 to 40-47
c2104:3652501:3652956 [3] NCCL INFO NVLS multicast support is not available on dev 3 (NVLS_NCHANNELS 0)
c2104:3652500:3652959 [2] NCCL INFO Setting affinity for GPU 2 to 56-63
c2104:3652500:3652959 [2] NCCL INFO NVLS multicast support is not available on dev 2 (NVLS_NCHANNELS 0)
c2008:1145900:1146032 [0] NCCL INFO comm 0x560a95147f80 rank 1 nRanks 6 nNodes 3 localRanks 1 localRank 0 MNNVL 0
c2104:3652498:3652965 [0] NCCL INFO comm 0x55df51370840 rank 2 nRanks 6 nNodes 3 localRanks 4 localRank 0 MNNVL 0
c2008:1145900:1146032 [0] NCCL INFO Trees [0] -1/-1/-1->1->3 [1] 0/-1/-1->1->-1
c2008:1145900:1146032 [0] NCCL INFO P2P Chunksize set to 131072
c2104:3652498:3652965 [0] NCCL INFO Trees [0] 3/-1/-1->2->0 [1] 3/-1/-1->2->0
c2104:3652501:3652956 [3] NCCL INFO comm 0x5629af724940 rank 5 nRanks 6 nNodes 3 localRanks 4 localRank 3 MNNVL 0
c1912:2448807:2448929 [0] NCCL INFO comm 0x559160941a40 rank 0 nRanks 6 nNodes 3 localRanks 1 localRank 0 MNNVL 0
c2104:3652499:3652963 [1] NCCL INFO comm 0x5585f77cb440 rank 3 nRanks 6 nNodes 3 localRanks 4 localRank 1 MNNVL 0
c1912:2448807:2448929 [0] NCCL INFO Channel 00/02 : 0 1 2 3 4 5
c2104:3652500:3652959 [2] NCCL INFO comm 0x5643b26d12c0 rank 4 nRanks 6 nNodes 3 localRanks 4 localRank 2 MNNVL 0
c1912:2448807:2448929 [0] NCCL INFO Channel 01/02 : 0 1 2 3 4 5
c2104:3652498:3652965 [0] NCCL INFO P2P Chunksize set to 131072
c1912:2448807:2448929 [0] NCCL INFO Trees [0] 2/-1/-1->0->-1 [1] 2/-1/-1->0->1
c2104:3652501:3652956 [3] NCCL INFO Trees [0] -1/-1/-1->5->4 [1] -1/-1/-1->5->4
c1912:2448807:2448929 [0] NCCL INFO P2P Chunksize set to 131072
c2104:3652501:3652956 [3] NCCL INFO P2P Chunksize set to 131072
c1912:2448807:2448929 [0] NCCL INFO Check P2P Type isAllDirectP2p 0 directMode 0
c2104:3652499:3652963 [1] NCCL INFO Trees [0] 4/1/-1->3->2 [1] 4/-1/-1->3->2
c2008:1145900:1146034 [0] NCCL INFO [Proxy Service UDS] Device 0 CPU core 18
c2104:3652500:3652959 [2] NCCL INFO Trees [0] 5/-1/-1->4->3 [1] 5/-1/-1->4->3
c2104:3652499:3652963 [1] NCCL INFO P2P Chunksize set to 131072
c2104:3652500:3652959 [2] NCCL INFO P2P Chunksize set to 131072
c2104:3652501:3652966 [3] NCCL INFO [Proxy Service] Device 3 CPU core 41
c2008:1145900:1146033 [0] NCCL INFO [Proxy Service] Device 0 CPU core 23
c2104:3652501:3652970 [3] NCCL INFO [Proxy Service UDS] Device 3 CPU core 45
c2104:3652499:3652973 [1] NCCL INFO [Proxy Service UDS] Device 1 CPU core 10
c2104:3652498:3652967 [0] NCCL INFO [Proxy Service] Device 0 CPU core 28
c2104:3652499:3652969 [1] NCCL INFO [Proxy Service] Device 1 CPU core 12
c1912:2448807:2448931 [0] NCCL INFO [Proxy Service UDS] Device 0 CPU core 17
c2104:3652500:3652968 [2] NCCL INFO [Proxy Service] Device 2 CPU core 60
c2104:3652498:3652971 [0] NCCL INFO [Proxy Service UDS] Device 0 CPU core 27
c2104:3652500:3652972 [2] NCCL INFO [Proxy Service UDS] Device 2 CPU core 57
c1912:2448807:2448930 [0] NCCL INFO [Proxy Service] Device 0 CPU core 23
c2008:1145900:1146032 [0] NCCL INFO threadThresholds 8/8/64 | 48/8/64 | 512 | 512
c2008:1145900:1146032 [0] NCCL INFO 2 coll channels, 2 collnet channels, 0 nvls channels, 2 p2p channels, 1 p2p channels per peer
c1912:2448807:2448929 [0] NCCL INFO threadThresholds 8/8/64 | 48/8/64 | 512 | 512
c1912:2448807:2448929 [0] NCCL INFO 2 coll channels, 2 collnet channels, 0 nvls channels, 2 p2p channels, 1 p2p channels per peer
c1912:2448807:2448929 [0] NCCL INFO CC Off, workFifoBytes 1048576
c2104:3652499:3652963 [1] NCCL INFO threadThresholds 8/8/64 | 48/8/64 | 512 | 512
c2104:3652499:3652963 [1] NCCL INFO 2 coll channels, 2 collnet channels, 0 nvls channels, 2 p2p channels, 1 p2p channels per peer
c2104:3652498:3652965 [0] NCCL INFO threadThresholds 8/8/64 | 48/8/64 | 512 | 512
c2104:3652498:3652965 [0] NCCL INFO 2 coll channels, 2 collnet channels, 0 nvls channels, 2 p2p channels, 1 p2p channels per peer
c2008:1145900:1146032 [0] NCCL INFO ncclCommSplit comm 0x560a95147f80 rank 1 nranks 6 cudaDev 0 nvmlDev 0 busId 25000 parent 0x560a981391a0 splitCount 1 color 1741855487 key 1 - Init COMPLETE
c2008:1145900:1146032 [0] NCCL INFO Init timings - ncclCommSplit: rank 1 nranks 6 total 0.02 (kernels 0.00, alloc 0.00, bootstrap 0.00, allgathers 0.01, topo 0.01, graphs 0.00, connections 0.00, rest 0.00)
c2104:3652500:3652959 [2] NCCL INFO threadThresholds 8/8/64 | 48/8/64 | 512 | 512
c2104:3652500:3652959 [2] NCCL INFO 2 coll channels, 2 collnet channels, 0 nvls channels, 2 p2p channels, 1 p2p channels per peer
c1912:2448807:2448929 [0] NCCL INFO ncclCommSplit comm 0x559160941a40 rank 0 nranks 6 cudaDev 0 nvmlDev 0 busId 25000 parent 0x559163932dd0 splitCount 1 color 1741855487 key 0 - Init COMPLETE
c1912:2448807:2448929 [0] NCCL INFO Init timings - ncclCommSplit: rank 0 nranks 6 total 0.02 (kernels 0.00, alloc 0.00, bootstrap 0.00, allgathers 0.01, topo 0.01, graphs 0.00, connections 0.00, rest 0.00)
c2104:3652501:3652956 [3] NCCL INFO threadThresholds 8/8/64 | 48/8/64 | 512 | 512
c2104:3652501:3652956 [3] NCCL INFO 2 coll channels, 2 collnet channels, 0 nvls channels, 2 p2p channels, 1 p2p channels per peer
[2025-09-11 12:53:14,448] [INFO] [engine.py:1356:_configure_distributed_model] ********** distributed groups summary **********
	 self.dp_world_size=6
	 self.mp_world_size=1
	 self.seq_dp_world_size=6
	 self.sequence_parallel_size=1
***********************************************
c2104:3652498:3652965 [0] NCCL INFO ncclCommSplit comm 0x55df51370840 rank 2 nranks 6 cudaDev 0 nvmlDev 0 busId 1000 parent 0x55df54464910 splitCount 1 color 1741855487 key 2 - Init COMPLETE
c2104:3652498:3652965 [0] NCCL INFO Init timings - ncclCommSplit: rank 2 nranks 6 total 0.03 (kernels 0.00, alloc 0.00, bootstrap 0.00, allgathers 0.00, topo 0.01, graphs 0.00, connections 0.00, rest 0.00)
c2104:3652500:3652959 [2] NCCL INFO ncclCommSplit comm 0x5643b26d12c0 rank 4 nranks 6 cudaDev 2 nvmlDev 2 busId 81000 parent 0x5643b57c31f0 splitCount 1 color 1741855487 key 4 - Init COMPLETE
c2104:3652501:3652956 [3] NCCL INFO ncclCommSplit comm 0x5629af724940 rank 5 nranks 6 cudaDev 3 nvmlDev 3 busId c1000 parent 0x5629b2839a20 splitCount 1 color 1741855487 key 5 - Init COMPLETE
c2104:3652501:3652956 [3] NCCL INFO Init timings - ncclCommSplit: rank 5 nranks 6 total 0.03 (kernels 0.00, alloc 0.00, bootstrap 0.00, allgathers 0.00, topo 0.01, graphs 0.00, connections 0.00, rest 0.00)
c2104:3652500:3652959 [2] NCCL INFO Init timings - ncclCommSplit: rank 4 nranks 6 total 0.03 (kernels 0.00, alloc 0.00, bootstrap 0.00, allgathers 0.00, topo 0.01, graphs 0.00, connections 0.00, rest 0.00)
c2104:3652499:3652963 [1] NCCL INFO ncclCommSplit comm 0x5585f77cb440 rank 3 nranks 6 cudaDev 1 nvmlDev 1 busId 41000 parent 0x5585fa8bf0b0 splitCount 1 color 1741855487 key 3 - Init COMPLETE
c2104:3652499:3652963 [1] NCCL INFO Init timings - ncclCommSplit: rank 3 nranks 6 total 0.03 (kernels 0.00, alloc 0.00, bootstrap 0.00, allgathers 0.00, topo 0.01, graphs 0.00, connections 0.00, rest 0.00)
c2104:3652500:3652975 [2] NCCL INFO Channel 00/0 : 4[2] -> 5[3] via P2P/CUMEM/read
c2104:3652499:3652976 [1] NCCL INFO Channel 00/0 : 3[1] -> 4[2] via P2P/CUMEM/read
c2104:3652500:3652975 [2] NCCL INFO Channel 01/0 : 4[2] -> 5[3] via P2P/CUMEM/read
c2104:3652499:3652976 [1] NCCL INFO Channel 01/0 : 3[1] -> 4[2] via P2P/CUMEM/read
c1912:2448807:2448933 [0] NCCL INFO [Proxy Progress] Device 0 CPU core 21
c2008:1145900:1146036 [0] NCCL INFO [Proxy Progress] Device 0 CPU core 23
c1912:2448807:2448932 [0] NCCL INFO Channel 00/0 : 5[3] -> 0[0] [receive] via NET/Socket/0
c2008:1145900:1146035 [0] NCCL INFO Channel 00/0 : 0[0] -> 1[0] [receive] via NET/Socket/0
c1912:2448807:2448932 [0] NCCL INFO Channel 01/0 : 5[3] -> 0[0] [receive] via NET/Socket/0
c2008:1145900:1146035 [0] NCCL INFO Channel 01/0 : 0[0] -> 1[0] [receive] via NET/Socket/0
c1912:2448807:2448932 [0] NCCL INFO Channel 00/0 : 0[0] -> 1[0] [send] via NET/Socket/0
c2008:1145900:1146035 [0] NCCL INFO Channel 00/0 : 1[0] -> 2[0] [send] via NET/Socket/0
c1912:2448807:2448932 [0] NCCL INFO Channel 01/0 : 0[0] -> 1[0] [send] via NET/Socket/0
c2008:1145900:1146035 [0] NCCL INFO Channel 01/0 : 1[0] -> 2[0] [send] via NET/Socket/0
c2104:3652501:3652978 [3] NCCL INFO [Proxy Progress] Device 3 CPU core 43
c2104:3652501:3652974 [3] NCCL INFO Channel 00/0 : 5[3] -> 0[0] [send] via NET/Socket/0
c2104:3652501:3652974 [3] NCCL INFO Channel 01/0 : 5[3] -> 0[0] [send] via NET/Socket/0
c2104:3652498:3652979 [0] NCCL INFO [Proxy Progress] Device 0 CPU core 28
c2104:3652498:3652977 [0] NCCL INFO Channel 00/0 : 1[0] -> 2[0] [receive] via NET/Socket/0
c2104:3652498:3652977 [0] NCCL INFO Channel 01/0 : 1[0] -> 2[0] [receive] via NET/Socket/0
c2104:3652498:3652977 [0] NCCL INFO Channel 00/0 : 2[0] -> 3[1] via P2P/CUMEM/read
c2104:3652498:3652977 [0] NCCL INFO Channel 01/0 : 2[0] -> 3[1] via P2P/CUMEM/read
c2104:3652501:3652974 [3] NCCL INFO Connected all rings, use ring PXN 0 GDR 0
c2104:3652500:3652975 [2] NCCL INFO Connected all rings, use ring PXN 0 GDR 0
c1912:2448807:2448932 [0] NCCL INFO Connected all rings, use ring PXN 0 GDR 0
c2104:3652499:3652976 [1] NCCL INFO Connected all rings, use ring PXN 0 GDR 0
c2008:1145900:1146035 [0] NCCL INFO Connected all rings, use ring PXN 0 GDR 0
c2104:3652498:3652977 [0] NCCL INFO Connected all rings, use ring PXN 0 GDR 0
[2025-09-11 12:53:14,491] [INFO] [logging.py:107:log_dist] [Rank 0] DeepSpeed Flops Profiler Enabled: False
ninja: no work to do.
Time to load fused_adam op: 1.6699059009552002 seconds
[2025-09-11 12:53:16,169] [INFO] [logging.py:107:log_dist] [Rank 0] Using DeepSpeed Optimizer param name adam as basic optimizer
[2025-09-11 12:53:16,169] [INFO] [logging.py:107:log_dist] [Rank 0] Removing param_group that has no 'params' in the basic Optimizer
[2025-09-11 12:53:16,169] [INFO] [logging.py:107:log_dist] [Rank 0] DeepSpeed Basic Optimizer = FusedAdam
[2025-09-11 12:53:16,169] [INFO] [utils.py:59:is_zero_supported_optimizer] Checking ZeRO support for optimizer=FusedAdam type=<class 'deepspeed.ops.adam.fused_adam.FusedAdam'>
[2025-09-11 12:53:16,169] [INFO] [logging.py:107:log_dist] [Rank 0] Creating fp16 ZeRO stage 3 optimizer, MiCS is enabled False, Hierarchical params gather False
[2025-09-11 12:53:16,169] [INFO] [logging.py:107:log_dist] [Rank 0] Creating torch.bfloat16 ZeRO stage 3 optimizer
Time to load fused_adam op: 1.708909273147583 seconds
[2025-09-11 12:53:10,596] [INFO] [config.py:684:__init__] Config mesh_device None world_size = 6
Time to load fused_adam op: 1.7098817825317383 seconds
Time to load fused_adam op: 1.7098064422607422 seconds
Time to load fused_adam op: 1.7099015712738037 seconds
Time to load fused_adam op: 1.7096178531646729 seconds
[2025-09-11 12:53:16,741] [INFO] [config.py:684:__init__] Config mesh_device None world_size = 6
[2025-09-11 12:53:16,741] [INFO] [config.py:684:__init__] Config mesh_device None world_size = 6
[2025-09-11 12:53:16,741] [INFO] [config.py:684:__init__] Config mesh_device None world_size = 6
[2025-09-11 12:53:16,741] [INFO] [config.py:684:__init__] Config mesh_device None world_size = 6
[2025-09-11 12:53:16,379] [INFO] [utils.py:781:see_memory_usage] Stage 3 initialize beginning
[2025-09-11 12:53:16,381] [INFO] [utils.py:782:see_memory_usage] MA 0.01 GB         Max_MA 0.01 GB         CA 0.02 GB         Max_CA 0 GB 
[2025-09-11 12:53:16,381] [INFO] [utils.py:789:see_memory_usage] CPU Virtual Memory:  used = 23.05 GB, percent = 2.3%
[2025-09-11 12:53:16,381] [INFO] [stage3.py:186:__init__] Reduce bucket size 200000000
[2025-09-11 12:53:16,381] [INFO] [stage3.py:187:__init__] Prefetch bucket size 50000000
[2025-09-11 12:53:16,589] [INFO] [utils.py:781:see_memory_usage] DeepSpeedZeRoOffload initialize [begin]
[2025-09-11 12:53:16,590] [INFO] [utils.py:782:see_memory_usage] MA 0.01 GB         Max_MA 0.01 GB         CA 0.02 GB         Max_CA 0 GB 
[2025-09-11 12:53:16,590] [INFO] [utils.py:789:see_memory_usage] CPU Virtual Memory:  used = 23.05 GB, percent = 2.3%
[2025-09-11 12:53:16,590] [INFO] [config.py:684:__init__] Config mesh_device None world_size = 6
Parameter Offload - Persistent parameters statistics: param_count = 11, numel = 15882
[2025-09-11 12:53:16,807] [INFO] [utils.py:781:see_memory_usage] DeepSpeedZeRoOffload initialize [end]
[2025-09-11 12:53:16,808] [INFO] [utils.py:782:see_memory_usage] MA 0.0 GB         Max_MA 0.01 GB         CA 0.02 GB         Max_CA 0 GB 
[2025-09-11 12:53:16,808] [INFO] [utils.py:789:see_memory_usage] CPU Virtual Memory:  used = 23.05 GB, percent = 2.3%
[2025-09-11 12:53:17,007] [INFO] [utils.py:781:see_memory_usage] Before creating fp16 partitions
[2025-09-11 12:53:17,007] [INFO] [utils.py:782:see_memory_usage] MA 0.0 GB         Max_MA 0.0 GB         CA 0.02 GB         Max_CA 0 GB 
[2025-09-11 12:53:17,007] [INFO] [utils.py:789:see_memory_usage] CPU Virtual Memory:  used = 23.05 GB, percent = 2.3%
[2025-09-11 12:53:17,408] [INFO] [utils.py:781:see_memory_usage] After creating fp16 partitions: 1
[2025-09-11 12:53:17,408] [INFO] [utils.py:782:see_memory_usage] MA 0.0 GB         Max_MA 0.0 GB         CA 0.02 GB         Max_CA 0 GB 
[2025-09-11 12:53:17,408] [INFO] [utils.py:789:see_memory_usage] CPU Virtual Memory:  used = 23.05 GB, percent = 2.3%
[2025-09-11 12:53:17,607] [INFO] [utils.py:781:see_memory_usage] Before creating fp32 partitions
[2025-09-11 12:53:17,607] [INFO] [utils.py:782:see_memory_usage] MA 0.0 GB         Max_MA 0.0 GB         CA 0.02 GB         Max_CA 0 GB 
[2025-09-11 12:53:17,608] [INFO] [utils.py:789:see_memory_usage] CPU Virtual Memory:  used = 23.05 GB, percent = 2.3%
[2025-09-11 12:53:17,827] [INFO] [utils.py:781:see_memory_usage] After creating fp32 partitions
[2025-09-11 12:53:17,827] [INFO] [utils.py:782:see_memory_usage] MA 0.0 GB         Max_MA 0.01 GB         CA 0.02 GB         Max_CA 0 GB 
[2025-09-11 12:53:17,827] [INFO] [utils.py:789:see_memory_usage] CPU Virtual Memory:  used = 23.06 GB, percent = 2.3%
[2025-09-11 12:53:18,025] [INFO] [utils.py:781:see_memory_usage] Before initializing optimizer states
[2025-09-11 12:53:18,025] [INFO] [utils.py:782:see_memory_usage] MA 0.0 GB         Max_MA 0.0 GB         CA 0.02 GB         Max_CA 0 GB 
[2025-09-11 12:53:18,026] [INFO] [utils.py:789:see_memory_usage] CPU Virtual Memory:  used = 23.06 GB, percent = 2.3%
[2025-09-11 12:53:18,223] [INFO] [utils.py:781:see_memory_usage] After initializing optimizer states
[2025-09-11 12:53:18,224] [INFO] [utils.py:782:see_memory_usage] MA 0.0 GB         Max_MA 0.01 GB         CA 0.02 GB         Max_CA 0 GB 
[2025-09-11 12:53:18,224] [INFO] [utils.py:789:see_memory_usage] CPU Virtual Memory:  used = 23.06 GB, percent = 2.3%
[2025-09-11 12:53:18,225] [INFO] [stage3.py:554:_setup_for_real_optimizer] optimizer state initialized
[2025-09-11 12:53:12,618] [WARNING] [lr_schedules.py:686:get_lr] Attempting to get learning rate from scheduler before it has started
[2025-09-11 12:53:18,763] [WARNING] [lr_schedules.py:686:get_lr] Attempting to get learning rate from scheduler before it has started
[2025-09-11 12:53:18,763] [WARNING] [lr_schedules.py:686:get_lr] Attempting to get learning rate from scheduler before it has started
[2025-09-11 12:53:18,763] [WARNING] [lr_schedules.py:686:get_lr] Attempting to get learning rate from scheduler before it has started
[2025-09-11 12:53:18,763] [WARNING] [lr_schedules.py:686:get_lr] Attempting to get learning rate from scheduler before it has started
[2025-09-11 12:53:18,430] [INFO] [utils.py:781:see_memory_usage] After initializing ZeRO optimizer
[2025-09-11 12:53:18,430] [INFO] [utils.py:782:see_memory_usage] MA 0.38 GB         Max_MA 0.39 GB         CA 0.39 GB         Max_CA 0 GB 
[2025-09-11 12:53:18,431] [INFO] [utils.py:789:see_memory_usage] CPU Virtual Memory:  used = 23.06 GB, percent = 2.3%
[2025-09-11 12:53:18,431] [INFO] [logging.py:107:log_dist] [Rank 0] DeepSpeed Final Optimizer = DeepSpeedZeroOptimizer_Stage3
[2025-09-11 12:53:18,431] [WARNING] [lr_schedules.py:686:get_lr] Attempting to get learning rate from scheduler before it has started
[2025-09-11 12:53:18,431] [INFO] [logging.py:107:log_dist] [Rank 0] DeepSpeed using configured LR scheduler = WarmupLR
[2025-09-11 12:53:18,431] [INFO] [logging.py:107:log_dist] [Rank 0] DeepSpeed LR Scheduler = <deepspeed.runtime.lr_schedules.WarmupLR object at 0x14df1415f390>
[2025-09-11 12:53:18,431] [INFO] [logging.py:107:log_dist] [Rank 0] step=0, skipped=0, lr=[0], mom=[[0.8, 0.999]]
[2025-09-11 12:53:18,431] [INFO] [logging.py:107:log_dist] [Rank 0] [TorchCheckpointEngine] Initialized with serialization = True
[2025-09-11 12:53:18,431] [INFO] [config.py:954:print] DeepSpeedEngine configuration:
[2025-09-11 12:53:18,431] [INFO] [config.py:958:print]   activation_checkpointing_config  {
    "partition_activations": true, 
    "contiguous_memory_optimization": false, 
    "cpu_checkpointing": true, 
    "number_checkpoints": 4, 
    "synchronize_checkpoint_boundary": false, 
    "profile": false
}
[2025-09-11 12:53:18,431] [INFO] [config.py:958:print]   aio_config ................... {'block_size': 1048576, 'queue_depth': 8, 'intra_op_parallelism': 1, 'single_submit': False, 'overlap_events': True, 'use_gds': False}
[2025-09-11 12:53:18,431] [INFO] [config.py:958:print]   amp_enabled .................. False
[2025-09-11 12:53:18,431] [INFO] [config.py:958:print]   amp_params ................... False
[2025-09-11 12:53:18,432] [INFO] [config.py:958:print]   autotuning_config ............ {
    "enabled": false, 
    "start_step": null, 
    "end_step": null, 
    "metric_path": null, 
    "arg_mappings": null, 
    "metric": "throughput", 
    "model_info": null, 
    "results_dir": "autotuning_results", 
    "exps_dir": "autotuning_exps", 
    "overwrite": true, 
    "fast": true, 
    "start_profile_step": 3, 
    "end_profile_step": 5, 
    "tuner_type": "gridsearch", 
    "tuner_early_stopping": 5, 
    "tuner_num_trials": 50, 
    "model_info_path": null, 
    "mp_size": 1, 
    "max_train_batch_size": null, 
    "min_train_batch_size": 1, 
    "max_train_micro_batch_size_per_gpu": 1.024000e+03, 
    "min_train_micro_batch_size_per_gpu": 1, 
    "num_tuning_micro_batch_sizes": 3
}
[2025-09-11 12:53:18,432] [INFO] [config.py:958:print]   bfloat16_config .............. enabled=True immediate_grad_update=False check_grad_overflow=False
[2025-09-11 12:53:18,432] [INFO] [config.py:958:print]   checkpoint_config ............ {'tag_validation': 'WARN', 'checkpoint_serialization': True, 'writer': None}
[2025-09-11 12:53:18,432] [INFO] [config.py:958:print]   checkpoint_parallel_write_pipeline  False
[2025-09-11 12:53:18,432] [INFO] [config.py:958:print]   checkpoint_tag_validation_enabled  True
[2025-09-11 12:53:18,432] [INFO] [config.py:958:print]   checkpoint_tag_validation_fail  False
[2025-09-11 12:53:18,432] [INFO] [config.py:958:print]   comms_config ................. <deepspeed.comm.config.DeepSpeedCommsConfig object at 0x14de86ea8e90>
[2025-09-11 12:53:18,432] [INFO] [config.py:958:print]   communication_data_type ...... None
[2025-09-11 12:53:18,432] [INFO] [config.py:958:print]   compile_config ............... deepcompile=False free_activation=False offload_activation=False offload_opt_states=False double_buffer=True symmetric_memory=False debug_log=False offload_parameters=False sync_before_reduce=False sync_after_reduce=False sync_before_allgather=False sync_after_allgather=False keep_int_input_tensors=True keep_all_input_tensors=False
[2025-09-11 12:53:18,432] [INFO] [config.py:958:print]   compression_config ........... {'weight_quantization': {'shared_parameters': {'enabled': False, 'quantizer_kernel': False, 'schedule_offset': 0, 'quantize_groups': 1, 'quantize_verbose': False, 'quantization_type': 'symmetric', 'quantize_weight_in_forward': False, 'rounding': 'nearest', 'fp16_mixed_quantize': False, 'quantize_change_ratio': 0.001}, 'different_groups': {}}, 'activation_quantization': {'shared_parameters': {'enabled': False, 'quantization_type': 'symmetric', 'range_calibration': 'dynamic', 'schedule_offset': 1000}, 'different_groups': {}}, 'sparse_pruning': {'shared_parameters': {'enabled': False, 'method': 'l1', 'schedule_offset': 1000}, 'different_groups': {}}, 'row_pruning': {'shared_parameters': {'enabled': False, 'method': 'l1', 'schedule_offset': 1000}, 'different_groups': {}}, 'head_pruning': {'shared_parameters': {'enabled': False, 'method': 'topk', 'schedule_offset': 1000}, 'different_groups': {}}, 'channel_pruning': {'shared_parameters': {'enabled': False, 'method': 'l1', 'schedule_offset': 1000}, 'different_groups': {}}, 'layer_reduction': {'enabled': False}}
[2025-09-11 12:53:18,432] [INFO] [config.py:958:print]   curriculum_enabled_legacy .... False
[2025-09-11 12:53:18,432] [INFO] [config.py:958:print]   curriculum_params_legacy ..... False
[2025-09-11 12:53:18,432] [INFO] [config.py:958:print]   data_efficiency_config ....... {'enabled': False, 'seed': 1234, 'data_sampling': {'enabled': False, 'num_epochs': 1000, 'num_workers': 0, 'pin_memory': False, 'curriculum_learning': {'enabled': False}, 'dynamic_batching': {'enabled': False, 'lr_scaling_method': 'linear', 'min_batch_size': 1, 'max_batch_size': None, 'sequence_picking_order': 'dataloader', 'verbose': False}}, 'data_routing': {'enabled': False, 'random_ltd': {'enabled': False, 'layer_token_lr_schedule': {'enabled': False}}}}
[2025-09-11 12:53:18,432] [INFO] [config.py:958:print]   data_efficiency_enabled ...... False
[2025-09-11 12:53:18,432] [INFO] [config.py:958:print]   dataloader_drop_last ......... False
[2025-09-11 12:53:18,432] [INFO] [config.py:958:print]   disable_allgather ............ False
[2025-09-11 12:53:18,432] [INFO] [config.py:958:print]   dump_state ................... False
[2025-09-11 12:53:18,432] [INFO] [config.py:958:print]   eigenvalue_enabled ........... False
[2025-09-11 12:53:18,432] [INFO] [config.py:958:print]   eigenvalue_gas_boundary_resolution  1
[2025-09-11 12:53:18,432] [INFO] [config.py:958:print]   eigenvalue_layer_name ........ bert.encoder.layer
[2025-09-11 12:53:18,432] [INFO] [config.py:958:print]   eigenvalue_layer_num ......... 0
[2025-09-11 12:53:18,432] [INFO] [config.py:958:print]   eigenvalue_max_iter .......... 100
[2025-09-11 12:53:18,432] [INFO] [config.py:958:print]   eigenvalue_stability ......... 1e-06
[2025-09-11 12:53:18,432] [INFO] [config.py:958:print]   eigenvalue_tol ............... 0.01
[2025-09-11 12:53:18,432] [INFO] [config.py:958:print]   eigenvalue_verbose ........... False
[2025-09-11 12:53:18,432] [INFO] [config.py:958:print]   elasticity_enabled ........... False
[2025-09-11 12:53:18,432] [INFO] [config.py:958:print]   float16_config ............... enabled=False auto_cast=False loss_scale=0.0 initial_scale_power=16 loss_scale_window=1000 hysteresis=2 consecutive_hysteresis=False min_loss_scale=1 fp16_master_weights_and_grads=False
[2025-09-11 12:53:18,432] [INFO] [config.py:958:print]   flops_profiler_config ........ {
    "enabled": false, 
    "recompute_fwd_factor": 0.0, 
    "profile_step": 1, 
    "module_depth": -1, 
    "top_modules": 1, 
    "detailed": true, 
    "output_file": null
}
[2025-09-11 12:53:18,432] [INFO] [config.py:958:print]   global_rank .................. 0
[2025-09-11 12:53:18,432] [INFO] [config.py:958:print]   grad_accum_dtype ............. None
[2025-09-11 12:53:18,432] [INFO] [config.py:958:print]   gradient_accumulation_steps .. 1
[2025-09-11 12:53:18,432] [INFO] [config.py:958:print]   gradient_clipping ............ 1.0
[2025-09-11 12:53:18,432] [INFO] [config.py:958:print]   gradient_predivide_factor .... 1.0
[2025-09-11 12:53:18,432] [INFO] [config.py:958:print]   graph_harvesting ............. False
[2025-09-11 12:53:18,432] [INFO] [config.py:958:print]   hybrid_engine ................ enabled=False max_out_tokens=512 inference_tp_size=1 release_inference_cache=False pin_parameters=True tp_gather_partition_size=8
[2025-09-11 12:53:18,432] [INFO] [config.py:958:print]   load_universal_checkpoint .... False
[2025-09-11 12:53:18,432] [INFO] [config.py:958:print]   memory_breakdown ............. False
[2025-09-11 12:53:18,432] [INFO] [config.py:958:print]   mics_hierarchial_params_gather  False
[2025-09-11 12:53:18,432] [INFO] [config.py:958:print]   mics_shard_size .............. -1
[2025-09-11 12:53:18,432] [INFO] [config.py:958:print]   monitor_config ............... tensorboard=TensorBoardConfig(enabled=False, output_path='', job_name='DeepSpeedJobName') comet=CometConfig(enabled=False, samples_log_interval=100, project=None, workspace=None, api_key=None, experiment_name=None, experiment_key=None, online=None, mode=None) wandb=WandbConfig(enabled=False, group=None, team=None, project='deepspeed') csv_monitor=CSVConfig(enabled=False, output_path='', job_name='DeepSpeedJobName')
[2025-09-11 12:53:18,432] [INFO] [config.py:958:print]   nebula_config ................ {
    "enabled": false, 
    "persistent_storage_path": null, 
    "persistent_time_interval": 100, 
    "num_of_version_in_retention": 2, 
    "enable_nebula_load": true, 
    "load_path": null
}
[2025-09-11 12:53:18,432] [INFO] [config.py:958:print]   optimizer_legacy_fusion ...... False
[2025-09-11 12:53:18,432] [INFO] [config.py:958:print]   optimizer_name ............... adam
[2025-09-11 12:53:18,432] [INFO] [config.py:958:print]   optimizer_params ............. {'lr': 0.001, 'betas': [0.8, 0.999], 'eps': 1e-08, 'weight_decay': 3e-07}
[2025-09-11 12:53:18,432] [INFO] [config.py:958:print]   pipeline ..................... {'stages': 'auto', 'partition': 'best', 'seed_layers': False, 'activation_checkpoint_interval': 0, 'pipe_partitioned': True, 'grad_partitioned': True}
[2025-09-11 12:53:18,432] [INFO] [config.py:958:print]   pld_enabled .................. False
[2025-09-11 12:53:18,432] [INFO] [config.py:958:print]   pld_params ................... False
[2025-09-11 12:53:18,432] [INFO] [config.py:958:print]   prescale_gradients ........... False
[2025-09-11 12:53:18,432] [INFO] [config.py:958:print]   scheduler_name ............... WarmupLR
[2025-09-11 12:53:18,432] [INFO] [config.py:958:print]   scheduler_params ............. {'warmup_min_lr': 0, 'warmup_max_lr': 0.001, 'warmup_num_steps': 1000}
[2025-09-11 12:53:18,432] [INFO] [config.py:958:print]   seq_parallel_communication_data_type  torch.float32
[2025-09-11 12:53:18,432] [INFO] [config.py:958:print]   sparse_attention ............. None
[2025-09-11 12:53:18,432] [INFO] [config.py:958:print]   sparse_gradients_enabled ..... False
[2025-09-11 12:53:18,432] [INFO] [config.py:958:print]   steps_per_print .............. None
[2025-09-11 12:53:18,433] [INFO] [config.py:958:print]   tensor_parallel_config ....... dtype=torch.float16 autotp_size=0 tp_overlap_comm=False tensor_parallel=TPConfig(tp_size=1, tp_grain_size=1, mpu=None, tp_group=None) injection_policy_tuple=None keep_module_on_host=False replace_with_kernel_inject=False
[2025-09-11 12:53:18,433] [INFO] [config.py:958:print]   timers_config ................ enabled=True synchronized=True
[2025-09-11 12:53:18,433] [INFO] [config.py:958:print]   torch_autocast_dtype ......... None
[2025-09-11 12:53:18,433] [INFO] [config.py:958:print]   torch_autocast_enabled ....... False
[2025-09-11 12:53:18,433] [INFO] [config.py:958:print]   torch_autocast_lower_precision_safe_modules  None
[2025-09-11 12:53:18,433] [INFO] [config.py:958:print]   train_batch_size ............. 384
[2025-09-11 12:53:18,433] [INFO] [config.py:958:print]   train_micro_batch_size_per_gpu  64
[2025-09-11 12:53:18,433] [INFO] [config.py:958:print]   use_data_before_expert_parallel_  False
[2025-09-11 12:53:18,433] [INFO] [config.py:958:print]   use_node_local_storage ....... False
[2025-09-11 12:53:18,433] [INFO] [config.py:958:print]   wall_clock_breakdown ......... False
[2025-09-11 12:53:18,433] [INFO] [config.py:958:print]   weight_quantization_config ... None
[2025-09-11 12:53:18,433] [INFO] [config.py:958:print]   world_size ................... 6
[2025-09-11 12:53:18,433] [INFO] [config.py:958:print]   zero_allow_untested_optimizer  False
[2025-09-11 12:53:18,433] [INFO] [config.py:958:print]   zero_config .................. stage=3 contiguous_gradients=True reduce_scatter=True reduce_bucket_size=200000000 use_multi_rank_bucket_allreduce=True allgather_partitions=True allgather_bucket_size=200000000 overlap_comm=True load_from_fp32_weights=True elastic_checkpoint=False offload_param=None offload_optimizer=None zenflow=None sub_group_size=1000000000 cpu_offload_param=None cpu_offload_use_pin_memory=None cpu_offload=None prefetch_bucket_size=50000000 param_persistence_threshold=100000 model_persistence_threshold=9223372036854775807 max_live_parameters=1000000000 max_reuse_distance=1000000000 gather_16bit_weights_on_model_save=False module_granularity_threshold=0 use_all_reduce_for_fetch_params=False stage3_gather_fp16_weights_on_model_save=False ignore_unused_parameters=True legacy_stage1=False round_robin_gradients=False zero_hpz_partition_size=1 zero_quantized_weights=False zero_quantized_nontrainable_weights=False zero_quantized_gradients=False zeropp_loco_param=None mics_shard_size=-1 mics_hierarchical_params_gather=False memory_efficient_linear=True pipeline_loading_checkpoint=False override_module_apply=True log_trace_cache_warnings=False
[2025-09-11 12:53:18,433] [INFO] [config.py:958:print]   zero_enabled ................. True
[2025-09-11 12:53:18,433] [INFO] [config.py:958:print]   zero_force_ds_cpu_optimizer .. True
[2025-09-11 12:53:18,433] [INFO] [config.py:958:print]   zero_optimization_stage ...... 3
[2025-09-11 12:53:18,433] [INFO] [config.py:944:print_user_config]   json = {
    "zero_optimization": {
        "stage": 3, 
        "allgather_partitions": true, 
        "allgather_bucket_size": 2.000000e+08, 
        "overlap_comm": true, 
        "reduce_scatter": true, 
        "reduce_bucket_size": 2.000000e+08, 
        "contiguous_gradients": true
    }, 
    "optimizer": {
        "type": "Adam", 
        "params": {
            "lr": 0.001, 
            "betas": [0.8, 0.999], 
            "eps": 1e-08, 
            "weight_decay": 3e-07
        }
    }, 
    "scheduler": {
        "type": "WarmupLR", 
        "params": {
            "warmup_min_lr": 0, 
            "warmup_max_lr": 0.001, 
            "warmup_num_steps": 1000
        }
    }, 
    "activation_checkpointing": {
        "partition_activations": true, 
        "cpu_checkpointing": true, 
        "contiguous_memory_optimization": false, 
        "number_checkpoints": 4
    }, 
    "train_micro_batch_size_per_gpu": 64, 
    "gradient_clipping": 1.0, 
    "fp16": {
        "enabled": false, 
        "loss_scale": 0, 
        "loss_scale_window": 1000, 
        "initial_scale_power": 16, 
        "hysteresis": 2, 
        "min_loss_scale": 1
    }, 
    "bf16": {
        "enabled": true
    }, 
    "gradient_accumulation_steps": 1
}
[2025-09-11 12:53:18,433] [INFO] [checkpointing.py:1125:configure] Activation Checkpointing Information
[2025-09-11 12:53:18,433] [INFO] [checkpointing.py:1126:configure] ----Partition Activations True, CPU CHECKPOINTING True
[2025-09-11 12:53:18,433] [INFO] [checkpointing.py:1127:configure] ----contiguous Memory Checkpointing False with False total layers
[2025-09-11 12:53:18,433] [INFO] [checkpointing.py:1128:configure] ----Synchronization False
[2025-09-11 12:53:18,433] [INFO] [checkpointing.py:1129:configure] ----Profiling time in checkpointing False
c2104:3652501:3653658 [3] NCCL INFO Channel 00/0 : 5[3] -> 4[2] via P2P/CUMEM/read
c2104:3652498:3653657 [0] NCCL INFO Channel 00/0 : 0[0] -> 2[0] [receive] via NET/Socket/0
c2104:3652501:3653658 [3] NCCL INFO Channel 01/0 : 5[3] -> 4[2] via P2P/CUMEM/read
c2104:3652498:3653657 [0] NCCL INFO Channel 01/0 : 0[0] -> 2[0] [receive] via NET/Socket/0
c2104:3652500:3653655 [2] NCCL INFO Channel 00/0 : 4[2] -> 3[1] via P2P/CUMEM/read
c2104:3652500:3653655 [2] NCCL INFO Channel 01/0 : 4[2] -> 3[1] via P2P/CUMEM/read
Sanity Checking: |          | 0/? [00:00<?, ?it/s]Sanity Checking:   0%|          | 0/2 [00:00<?, ?it/s]Sanity Checking DataLoader 0:   0%|          | 0/2 [00:00<?, ?it/s]Sanity Checking DataLoader 0:  50%|█████     | 1/2 [00:00<00:00,  2.32it/s]Sanity Checking DataLoader 0: 100%|██████████| 2/2 [00:03<00:00,  0.65it/s]                                                                           Training: |          | 0/? [00:00<?, ?it/s]Training:   0%|          | 0/144 [00:00<?, ?it/s]Epoch 0:   0%|          | 0/144 [00:00<?, ?it/s] c1912:2448807:2449104 [0] NCCL INFO Channel 00/0 : 0[0] -> 2[0] [send] via NET/Socket/0
c1912:2448807:2449104 [0] NCCL INFO Channel 01/0 : 0[0] -> 2[0] [send] via NET/Socket/0
c2104:3652498:3653657 [0] NCCL INFO Channel 00/0 : 2[0] -> 0[0] [send] via NET/Socket/0
c1912:2448807:2449104 [0] NCCL INFO Channel 00/0 : 2[0] -> 0[0] [receive] via NET/Socket/0
c2104:3652498:3653657 [0] NCCL INFO Channel 01/0 : 2[0] -> 0[0] [send] via NET/Socket/0
c1912:2448807:2449104 [0] NCCL INFO Channel 01/0 : 2[0] -> 0[0] [receive] via NET/Socket/0
c1912:2448807:2449104 [0] NCCL INFO Channel 01/0 : 1[0] -> 0[0] [receive] via NET/Socket/0
c2104:3652499:3653659 [1] NCCL INFO [Proxy Progress] Device 1 CPU core 12
c2104:3652499:3653656 [1] NCCL INFO Channel 00/0 : 1[0] -> 3[1] [receive] via NET/Socket/0
c2008:1145900:1146202 [0] NCCL INFO Channel 00/0 : 1[0] -> 3[1] [send] via NET/Socket/0
c2104:3652499:3653656 [1] NCCL INFO Channel 00/0 : 3[1] -> 1[0] [send] via NET/Socket/0
c2008:1145900:1146202 [0] NCCL INFO Channel 00/0 : 3[1] -> 1[0] [receive] via NET/Socket/0
c2008:1145900:1146202 [0] NCCL INFO Channel 01/0 : 1[0] -> 0[0] [send] via NET/Socket/0
c2104:3652499:3653656 [1] NCCL INFO Channel 00/0 : 3[1] -> 2[0] via P2P/CUMEM/read
c2104:3652499:3653656 [1] NCCL INFO Channel 01/0 : 3[1] -> 2[0] via P2P/CUMEM/read
c2104:3652501:3653658 [3] NCCL INFO Connected all trees
c2104:3652500:3653655 [2] NCCL INFO Connected all trees
c1912:2448807:2449104 [0] NCCL INFO Connected all trees
c2008:1145900:1146202 [0] NCCL INFO Connected all trees
c2104:3652498:3653657 [0] NCCL INFO Connected all trees
c2104:3652499:3653656 [1] NCCL INFO Connected all trees
Epoch 0:   1%|          | 1/144 [00:00<00:50,  2.86it/s]Epoch 0:   1%|          | 1/144 [00:00<00:50,  2.85it/s, v_num=80885, train_loss_step=2.380]Epoch 0:   1%|▏         | 2/144 [00:00<00:27,  5.21it/s, v_num=80885, train_loss_step=2.380]Epoch 0:   1%|▏         | 2/144 [00:00<00:27,  5.21it/s, v_num=80885, train_loss_step=2.380]Epoch 0:   2%|▏         | 3/144 [00:00<00:19,  7.29it/s, v_num=80885, train_loss_step=2.380]Epoch 0:   2%|▏         | 3/144 [00:00<00:19,  7.29it/s, v_num=80885, train_loss_step=2.370]Epoch 0:   3%|▎         | 4/144 [00:00<00:15,  9.12it/s, v_num=80885, train_loss_step=2.370]Epoch 0:   3%|▎         | 4/144 [00:00<00:15,  9.12it/s, v_num=80885, train_loss_step=1.970]Epoch 0:   3%|▎         | 5/144 [00:00<00:13, 10.65it/s, v_num=80885, train_loss_step=1.970]Epoch 0:   3%|▎         | 5/144 [00:00<00:13, 10.65it/s, v_num=80885, train_loss_step=1.560]Epoch 0:   4%|▍         | 6/144 [00:00<00:11, 11.99it/s, v_num=80885, train_loss_step=1.560]Epoch 0:   4%|▍         | 6/144 [00:00<00:11, 11.98it/s, v_num=80885, train_loss_step=1.260]Epoch 0:   5%|▍         | 7/144 [00:00<00:10, 13.27it/s, v_num=80885, train_loss_step=1.260]Epoch 0:   5%|▍         | 7/144 [00:00<00:10, 13.27it/s, v_num=80885, train_loss_step=1.030]Epoch 0:   6%|▌         | 8/144 [00:00<00:09, 14.18it/s, v_num=80885, train_loss_step=1.030]Epoch 0:   6%|▌         | 8/144 [00:00<00:09, 14.17it/s, v_num=80885, train_loss_step=0.818]Epoch 0:   6%|▋         | 9/144 [00:00<00:08, 15.11it/s, v_num=80885, train_loss_step=0.818]Epoch 0:   6%|▋         | 9/144 [00:00<00:08, 15.10it/s, v_num=80885, train_loss_step=0.678]Epoch 0:   7%|▋         | 10/144 [00:00<00:08, 16.08it/s, v_num=80885, train_loss_step=0.678]Epoch 0:   7%|▋         | 10/144 [00:00<00:08, 16.07it/s, v_num=80885, train_loss_step=0.635]Epoch 0:   8%|▊         | 11/144 [00:00<00:07, 16.95it/s, v_num=80885, train_loss_step=0.635]Epoch 0:   8%|▊         | 11/144 [00:00<00:07, 16.95it/s, v_num=80885, train_loss_step=0.519]Epoch 0:   8%|▊         | 12/144 [00:00<00:07, 17.74it/s, v_num=80885, train_loss_step=0.519]Epoch 0:   8%|▊         | 12/144 [00:00<00:07, 17.74it/s, v_num=80885, train_loss_step=0.507]Epoch 0:   9%|▉         | 13/144 [00:00<00:07, 18.39it/s, v_num=80885, train_loss_step=0.507]Epoch 0:   9%|▉         | 13/144 [00:00<00:07, 18.38it/s, v_num=80885, train_loss_step=0.418]Epoch 0:  10%|▉         | 14/144 [00:00<00:06, 19.09it/s, v_num=80885, train_loss_step=0.418]Epoch 0:  10%|▉         | 14/144 [00:00<00:06, 19.09it/s, v_num=80885, train_loss_step=0.399]Epoch 0:  10%|█         | 15/144 [00:00<00:06, 19.73it/s, v_num=80885, train_loss_step=0.399]Epoch 0:  10%|█         | 15/144 [00:00<00:06, 19.73it/s, v_num=80885, train_loss_step=0.375]Epoch 0:  11%|█         | 16/144 [00:00<00:06, 20.32it/s, v_num=80885, train_loss_step=0.375]Epoch 0:  11%|█         | 16/144 [00:00<00:06, 20.32it/s, v_num=80885, train_loss_step=0.341]Epoch 0:  12%|█▏        | 17/144 [00:00<00:06, 20.80it/s, v_num=80885, train_loss_step=0.341]Epoch 0:  12%|█▏        | 17/144 [00:00<00:06, 20.80it/s, v_num=80885, train_loss_step=0.333]Epoch 0:  12%|█▎        | 18/144 [00:00<00:05, 21.33it/s, v_num=80885, train_loss_step=0.333]Epoch 0:  12%|█▎        | 18/144 [00:00<00:05, 21.33it/s, v_num=80885, train_loss_step=0.346]Epoch 0:  13%|█▎        | 19/144 [00:00<00:05, 21.83it/s, v_num=80885, train_loss_step=0.346]Epoch 0:  13%|█▎        | 19/144 [00:00<00:05, 21.82it/s, v_num=80885, train_loss_step=0.327]Epoch 0:  14%|█▍        | 20/144 [00:00<00:05, 22.27it/s, v_num=80885, train_loss_step=0.327]Epoch 0:  14%|█▍        | 20/144 [00:00<00:05, 22.27it/s, v_num=80885, train_loss_step=0.263]Epoch 0:  15%|█▍        | 21/144 [00:00<00:05, 22.53it/s, v_num=80885, train_loss_step=0.263]Epoch 0:  15%|█▍        | 21/144 [00:00<00:05, 22.52it/s, v_num=80885, train_loss_step=0.284]Epoch 0:  15%|█▌        | 22/144 [00:00<00:05, 22.89it/s, v_num=80885, train_loss_step=0.284]Epoch 0:  15%|█▌        | 22/144 [00:00<00:05, 22.89it/s, v_num=80885, train_loss_step=0.267]Epoch 0:  16%|█▌        | 23/144 [00:00<00:05, 23.26it/s, v_num=80885, train_loss_step=0.267]Epoch 0:  16%|█▌        | 23/144 [00:00<00:05, 23.26it/s, v_num=80885, train_loss_step=0.235]Epoch 0:  17%|█▋        | 24/144 [00:01<00:05, 23.59it/s, v_num=80885, train_loss_step=0.235]Epoch 0:  17%|█▋        | 24/144 [00:01<00:05, 23.59it/s, v_num=80885, train_loss_step=0.271]Epoch 0:  17%|█▋        | 25/144 [00:01<00:04, 23.88it/s, v_num=80885, train_loss_step=0.271]Epoch 0:  17%|█▋        | 25/144 [00:01<00:04, 23.88it/s, v_num=80885, train_loss_step=0.257]Epoch 0:  18%|█▊        | 26/144 [00:01<00:04, 24.22it/s, v_num=80885, train_loss_step=0.257]Epoch 0:  18%|█▊        | 26/144 [00:01<00:04, 24.21it/s, v_num=80885, train_loss_step=0.288]Epoch 0:  19%|█▉        | 27/144 [00:01<00:04, 24.55it/s, v_num=80885, train_loss_step=0.288]Epoch 0:  19%|█▉        | 27/144 [00:01<00:04, 24.55it/s, v_num=80885, train_loss_step=0.218]Epoch 0:  19%|█▉        | 28/144 [00:01<00:04, 24.87it/s, v_num=80885, train_loss_step=0.218]Epoch 0:  19%|█▉        | 28/144 [00:01<00:04, 24.86it/s, v_num=80885, train_loss_step=0.179]Epoch 0:  20%|██        | 29/144 [00:01<00:04, 25.12it/s, v_num=80885, train_loss_step=0.179]Epoch 0:  20%|██        | 29/144 [00:01<00:04, 25.11it/s, v_num=80885, train_loss_step=0.204]Epoch 0:  21%|██        | 30/144 [00:01<00:04, 25.40it/s, v_num=80885, train_loss_step=0.204]Epoch 0:  21%|██        | 30/144 [00:01<00:04, 25.39it/s, v_num=80885, train_loss_step=0.215]Epoch 0:  22%|██▏       | 31/144 [00:01<00:04, 25.67it/s, v_num=80885, train_loss_step=0.215]Epoch 0:  22%|██▏       | 31/144 [00:01<00:04, 25.67it/s, v_num=80885, train_loss_step=0.199]Epoch 0:  22%|██▏       | 32/144 [00:01<00:04, 25.89it/s, v_num=80885, train_loss_step=0.199]Epoch 0:  22%|██▏       | 32/144 [00:01<00:04, 25.89it/s, v_num=80885, train_loss_step=0.164]Epoch 0:  23%|██▎       | 33/144 [00:01<00:04, 26.07it/s, v_num=80885, train_loss_step=0.164]Epoch 0:  23%|██▎       | 33/144 [00:01<00:04, 26.07it/s, v_num=80885, train_loss_step=0.270]Epoch 0:  24%|██▎       | 34/144 [00:01<00:04, 26.33it/s, v_num=80885, train_loss_step=0.270]Epoch 0:  24%|██▎       | 34/144 [00:01<00:04, 26.32it/s, v_num=80885, train_loss_step=0.214]Epoch 0:  24%|██▍       | 35/144 [00:01<00:04, 26.57it/s, v_num=80885, train_loss_step=0.214]Epoch 0:  24%|██▍       | 35/144 [00:01<00:04, 26.56it/s, v_num=80885, train_loss_step=0.227]Epoch 0:  25%|██▌       | 36/144 [00:01<00:04, 26.78it/s, v_num=80885, train_loss_step=0.227]Epoch 0:  25%|██▌       | 36/144 [00:01<00:04, 26.78it/s, v_num=80885, train_loss_step=0.247]Epoch 0:  26%|██▌       | 37/144 [00:01<00:03, 26.92it/s, v_num=80885, train_loss_step=0.247]Epoch 0:  26%|██▌       | 37/144 [00:01<00:03, 26.92it/s, v_num=80885, train_loss_step=0.249]Epoch 0:  26%|██▋       | 38/144 [00:01<00:03, 27.10it/s, v_num=80885, train_loss_step=0.249]Epoch 0:  26%|██▋       | 38/144 [00:01<00:03, 27.10it/s, v_num=80885, train_loss_step=0.235]Epoch 0:  27%|██▋       | 39/144 [00:01<00:03, 27.31it/s, v_num=80885, train_loss_step=0.235]Epoch 0:  27%|██▋       | 39/144 [00:01<00:03, 27.30it/s, v_num=80885, train_loss_step=0.158]Epoch 0:  28%|██▊       | 40/144 [00:01<00:03, 27.46it/s, v_num=80885, train_loss_step=0.158]Epoch 0:  28%|██▊       | 40/144 [00:01<00:03, 27.46it/s, v_num=80885, train_loss_step=0.185]Epoch 0:  28%|██▊       | 41/144 [00:01<00:03, 27.56it/s, v_num=80885, train_loss_step=0.185]Epoch 0:  28%|██▊       | 41/144 [00:01<00:03, 27.56it/s, v_num=80885, train_loss_step=0.201]Epoch 0:  29%|██▉       | 42/144 [00:01<00:03, 27.71it/s, v_num=80885, train_loss_step=0.201]Epoch 0:  29%|██▉       | 42/144 [00:01<00:03, 27.71it/s, v_num=80885, train_loss_step=0.276]Epoch 0:  30%|██▉       | 43/144 [00:01<00:03, 27.86it/s, v_num=80885, train_loss_step=0.276]Epoch 0:  30%|██▉       | 43/144 [00:01<00:03, 27.86it/s, v_num=80885, train_loss_step=0.214]Epoch 0:  31%|███       | 44/144 [00:01<00:03, 28.00it/s, v_num=80885, train_loss_step=0.214]Epoch 0:  31%|███       | 44/144 [00:01<00:03, 27.99it/s, v_num=80885, train_loss_step=0.233]Epoch 0:  31%|███▏      | 45/144 [00:01<00:03, 28.10it/s, v_num=80885, train_loss_step=0.233]Epoch 0:  31%|███▏      | 45/144 [00:01<00:03, 28.09it/s, v_num=80885, train_loss_step=0.206]Epoch 0:  32%|███▏      | 46/144 [00:01<00:03, 28.26it/s, v_num=80885, train_loss_step=0.206]Epoch 0:  32%|███▏      | 46/144 [00:01<00:03, 28.26it/s, v_num=80885, train_loss_step=0.153]Epoch 0:  33%|███▎      | 47/144 [00:01<00:03, 28.42it/s, v_num=80885, train_loss_step=0.153]Epoch 0:  33%|███▎      | 47/144 [00:01<00:03, 28.42it/s, v_num=80885, train_loss_step=0.136]Epoch 0:  33%|███▎      | 48/144 [00:01<00:03, 28.56it/s, v_num=80885, train_loss_step=0.136]Epoch 0:  33%|███▎      | 48/144 [00:01<00:03, 28.56it/s, v_num=80885, train_loss_step=0.151]Epoch 0:  34%|███▍      | 49/144 [00:01<00:03, 28.64it/s, v_num=80885, train_loss_step=0.151]Epoch 0:  34%|███▍      | 49/144 [00:01<00:03, 28.64it/s, v_num=80885, train_loss_step=0.180]Epoch 0:  35%|███▍      | 50/144 [00:01<00:03, 28.77it/s, v_num=80885, train_loss_step=0.180]Epoch 0:  35%|███▍      | 50/144 [00:01<00:03, 28.77it/s, v_num=80885, train_loss_step=0.173]Epoch 0:  35%|███▌      | 51/144 [00:01<00:03, 28.91it/s, v_num=80885, train_loss_step=0.173]Epoch 0:  35%|███▌      | 51/144 [00:01<00:03, 28.90it/s, v_num=80885, train_loss_step=0.122]Epoch 0:  36%|███▌      | 52/144 [00:01<00:03, 29.02it/s, v_num=80885, train_loss_step=0.122]Epoch 0:  36%|███▌      | 52/144 [00:01<00:03, 29.02it/s, v_num=80885, train_loss_step=0.181]Epoch 0:  37%|███▋      | 53/144 [00:01<00:03, 29.09it/s, v_num=80885, train_loss_step=0.181]Epoch 0:  37%|███▋      | 53/144 [00:01<00:03, 29.08it/s, v_num=80885, train_loss_step=0.178]Epoch 0:  38%|███▊      | 54/144 [00:01<00:03, 29.19it/s, v_num=80885, train_loss_step=0.178]Epoch 0:  38%|███▊      | 54/144 [00:01<00:03, 29.19it/s, v_num=80885, train_loss_step=0.137]Epoch 0:  38%|███▊      | 55/144 [00:01<00:03, 29.29it/s, v_num=80885, train_loss_step=0.137]Epoch 0:  38%|███▊      | 55/144 [00:01<00:03, 29.29it/s, v_num=80885, train_loss_step=0.163]Epoch 0:  39%|███▉      | 56/144 [00:01<00:02, 29.37it/s, v_num=80885, train_loss_step=0.163]Epoch 0:  39%|███▉      | 56/144 [00:01<00:02, 29.37it/s, v_num=80885, train_loss_step=0.164]Epoch 0:  40%|███▉      | 57/144 [00:01<00:02, 29.45it/s, v_num=80885, train_loss_step=0.164]Epoch 0:  40%|███▉      | 57/144 [00:01<00:02, 29.45it/s, v_num=80885, train_loss_step=0.158]Epoch 0:  40%|████      | 58/144 [00:01<00:02, 29.56it/s, v_num=80885, train_loss_step=0.158]Epoch 0:  40%|████      | 58/144 [00:01<00:02, 29.56it/s, v_num=80885, train_loss_step=0.207]Epoch 0:  41%|████      | 59/144 [00:01<00:02, 29.68it/s, v_num=80885, train_loss_step=0.207]Epoch 0:  41%|████      | 59/144 [00:01<00:02, 29.67it/s, v_num=80885, train_loss_step=0.168]Epoch 0:  42%|████▏     | 60/144 [00:02<00:02, 29.78it/s, v_num=80885, train_loss_step=0.168]Epoch 0:  42%|████▏     | 60/144 [00:02<00:02, 29.77it/s, v_num=80885, train_loss_step=0.166]Epoch 0:  42%|████▏     | 61/144 [00:02<00:02, 29.79it/s, v_num=80885, train_loss_step=0.166]Epoch 0:  42%|████▏     | 61/144 [00:02<00:02, 29.79it/s, v_num=80885, train_loss_step=0.232]Epoch 0:  43%|████▎     | 62/144 [00:02<00:02, 29.89it/s, v_num=80885, train_loss_step=0.232]Epoch 0:  43%|████▎     | 62/144 [00:02<00:02, 29.89it/s, v_num=80885, train_loss_step=0.154]Epoch 0:  44%|████▍     | 63/144 [00:02<00:02, 29.96it/s, v_num=80885, train_loss_step=0.154]Epoch 0:  44%|████▍     | 63/144 [00:02<00:02, 29.95it/s, v_num=80885, train_loss_step=0.190]Epoch 0:  44%|████▍     | 64/144 [00:02<00:02, 30.02it/s, v_num=80885, train_loss_step=0.190]Epoch 0:  44%|████▍     | 64/144 [00:02<00:02, 30.01it/s, v_num=80885, train_loss_step=0.120]Epoch 0:  45%|████▌     | 65/144 [00:02<00:02, 30.06it/s, v_num=80885, train_loss_step=0.120]Epoch 0:  45%|████▌     | 65/144 [00:02<00:02, 30.06it/s, v_num=80885, train_loss_step=0.164]Epoch 0:  46%|████▌     | 66/144 [00:02<00:02, 30.15it/s, v_num=80885, train_loss_step=0.164]Epoch 0:  46%|████▌     | 66/144 [00:02<00:02, 30.15it/s, v_num=80885, train_loss_step=0.180]Epoch 0:  47%|████▋     | 67/144 [00:02<00:02, 30.22it/s, v_num=80885, train_loss_step=0.180]Epoch 0:  47%|████▋     | 67/144 [00:02<00:02, 30.22it/s, v_num=80885, train_loss_step=0.164]Epoch 0:  47%|████▋     | 68/144 [00:02<00:02, 30.30it/s, v_num=80885, train_loss_step=0.164]Epoch 0:  47%|████▋     | 68/144 [00:02<00:02, 30.30it/s, v_num=80885, train_loss_step=0.157]Epoch 0:  48%|████▊     | 69/144 [00:02<00:02, 30.34it/s, v_num=80885, train_loss_step=0.157]Epoch 0:  48%|████▊     | 69/144 [00:02<00:02, 30.34it/s, v_num=80885, train_loss_step=0.153]Epoch 0:  49%|████▊     | 70/144 [00:02<00:02, 30.42it/s, v_num=80885, train_loss_step=0.153]Epoch 0:  49%|████▊     | 70/144 [00:02<00:02, 30.42it/s, v_num=80885, train_loss_step=0.204]Epoch 0:  49%|████▉     | 71/144 [00:02<00:02, 30.51it/s, v_num=80885, train_loss_step=0.204]Epoch 0:  49%|████▉     | 71/144 [00:02<00:02, 30.51it/s, v_num=80885, train_loss_step=0.143]Epoch 0:  50%|█████     | 72/144 [00:02<00:02, 30.58it/s, v_num=80885, train_loss_step=0.143]Epoch 0:  50%|█████     | 72/144 [00:02<00:02, 30.58it/s, v_num=80885, train_loss_step=0.181]Epoch 0:  51%|█████     | 73/144 [00:02<00:02, 30.61it/s, v_num=80885, train_loss_step=0.181]Epoch 0:  51%|█████     | 73/144 [00:02<00:02, 30.61it/s, v_num=80885, train_loss_step=0.0761]Epoch 0:  51%|█████▏    | 74/144 [00:02<00:02, 30.65it/s, v_num=80885, train_loss_step=0.0761]Epoch 0:  51%|█████▏    | 74/144 [00:02<00:02, 30.65it/s, v_num=80885, train_loss_step=0.130] Epoch 0:  52%|█████▏    | 75/144 [00:02<00:02, 30.73it/s, v_num=80885, train_loss_step=0.130]Epoch 0:  52%|█████▏    | 75/144 [00:02<00:02, 30.73it/s, v_num=80885, train_loss_step=0.204]Epoch 0:  53%|█████▎    | 76/144 [00:02<00:02, 30.67it/s, v_num=80885, train_loss_step=0.204]Epoch 0:  53%|█████▎    | 76/144 [00:02<00:02, 30.67it/s, v_num=80885, train_loss_step=0.113]Epoch 0:  53%|█████▎    | 77/144 [00:02<00:02, 30.74it/s, v_num=80885, train_loss_step=0.113]Epoch 0:  53%|█████▎    | 77/144 [00:02<00:02, 30.74it/s, v_num=80885, train_loss_step=0.177]Epoch 0:  54%|█████▍    | 78/144 [00:02<00:02, 30.81it/s, v_num=80885, train_loss_step=0.177]Epoch 0:  54%|█████▍    | 78/144 [00:02<00:02, 30.81it/s, v_num=80885, train_loss_step=0.182]Epoch 0:  55%|█████▍    | 79/144 [00:02<00:02, 30.89it/s, v_num=80885, train_loss_step=0.182]Epoch 0:  55%|█████▍    | 79/144 [00:02<00:02, 30.89it/s, v_num=80885, train_loss_step=0.169]Epoch 0:  56%|█████▌    | 80/144 [00:02<00:02, 30.92it/s, v_num=80885, train_loss_step=0.169]Epoch 0:  56%|█████▌    | 80/144 [00:02<00:02, 30.92it/s, v_num=80885, train_loss_step=0.120]Epoch 0:  56%|█████▋    | 81/144 [00:02<00:02, 30.97it/s, v_num=80885, train_loss_step=0.120]Epoch 0:  56%|█████▋    | 81/144 [00:02<00:02, 30.97it/s, v_num=80885, train_loss_step=0.145]Epoch 0:  57%|█████▋    | 82/144 [00:02<00:02, 31.00it/s, v_num=80885, train_loss_step=0.145]Epoch 0:  57%|█████▋    | 82/144 [00:02<00:02, 30.99it/s, v_num=80885, train_loss_step=0.176]Epoch 0:  58%|█████▊    | 83/144 [00:02<00:01, 31.01it/s, v_num=80885, train_loss_step=0.176]Epoch 0:  58%|█████▊    | 83/144 [00:02<00:01, 31.01it/s, v_num=80885, train_loss_step=0.151]Epoch 0:  58%|█████▊    | 84/144 [00:02<00:01, 31.03it/s, v_num=80885, train_loss_step=0.151]Epoch 0:  58%|█████▊    | 84/144 [00:02<00:01, 31.03it/s, v_num=80885, train_loss_step=0.167]Epoch 0:  59%|█████▉    | 85/144 [00:02<00:01, 31.09it/s, v_num=80885, train_loss_step=0.167]Epoch 0:  59%|█████▉    | 85/144 [00:02<00:01, 31.09it/s, v_num=80885, train_loss_step=0.139]Epoch 0:  60%|█████▉    | 86/144 [00:02<00:01, 31.12it/s, v_num=80885, train_loss_step=0.139]Epoch 0:  60%|█████▉    | 86/144 [00:02<00:01, 31.12it/s, v_num=80885, train_loss_step=0.146]Epoch 0:  60%|██████    | 87/144 [00:02<00:01, 31.16it/s, v_num=80885, train_loss_step=0.146]Epoch 0:  60%|██████    | 87/144 [00:02<00:01, 31.16it/s, v_num=80885, train_loss_step=0.178]Epoch 0:  61%|██████    | 88/144 [00:02<00:01, 31.18it/s, v_num=80885, train_loss_step=0.178]Epoch 0:  61%|██████    | 88/144 [00:02<00:01, 31.18it/s, v_num=80885, train_loss_step=0.194]Epoch 0:  62%|██████▏   | 89/144 [00:02<00:01, 31.24it/s, v_num=80885, train_loss_step=0.194]Epoch 0:  62%|██████▏   | 89/144 [00:02<00:01, 31.23it/s, v_num=80885, train_loss_step=0.156]Epoch 0:  62%|██████▎   | 90/144 [00:02<00:01, 31.24it/s, v_num=80885, train_loss_step=0.156]Epoch 0:  62%|██████▎   | 90/144 [00:02<00:01, 31.24it/s, v_num=80885, train_loss_step=0.135]Epoch 0:  63%|██████▎   | 91/144 [00:02<00:01, 31.25it/s, v_num=80885, train_loss_step=0.135]Epoch 0:  63%|██████▎   | 91/144 [00:02<00:01, 31.24it/s, v_num=80885, train_loss_step=0.137]Epoch 0:  64%|██████▍   | 92/144 [00:02<00:01, 31.30it/s, v_num=80885, train_loss_step=0.137]Epoch 0:  64%|██████▍   | 92/144 [00:02<00:01, 31.30it/s, v_num=80885, train_loss_step=0.127]Epoch 0:  65%|██████▍   | 93/144 [00:02<00:01, 31.37it/s, v_num=80885, train_loss_step=0.127]Epoch 0:  65%|██████▍   | 93/144 [00:02<00:01, 31.36it/s, v_num=80885, train_loss_step=0.154]Epoch 0:  65%|██████▌   | 94/144 [00:02<00:01, 31.42it/s, v_num=80885, train_loss_step=0.154]Epoch 0:  65%|██████▌   | 94/144 [00:02<00:01, 31.42it/s, v_num=80885, train_loss_step=0.105]Epoch 0:  66%|██████▌   | 95/144 [00:03<00:01, 31.44it/s, v_num=80885, train_loss_step=0.105]Epoch 0:  66%|██████▌   | 95/144 [00:03<00:01, 31.44it/s, v_num=80885, train_loss_step=0.174]Epoch 0:  67%|██████▋   | 96/144 [00:03<00:01, 31.48it/s, v_num=80885, train_loss_step=0.174]Epoch 0:  67%|██████▋   | 96/144 [00:03<00:01, 31.48it/s, v_num=80885, train_loss_step=0.142]Epoch 0:  67%|██████▋   | 97/144 [00:03<00:01, 31.54it/s, v_num=80885, train_loss_step=0.142]Epoch 0:  67%|██████▋   | 97/144 [00:03<00:01, 31.54it/s, v_num=80885, train_loss_step=0.116]Epoch 0:  68%|██████▊   | 98/144 [00:03<00:01, 31.58it/s, v_num=80885, train_loss_step=0.116]Epoch 0:  68%|██████▊   | 98/144 [00:03<00:01, 31.58it/s, v_num=80885, train_loss_step=0.126]Epoch 0:  69%|██████▉   | 99/144 [00:03<00:01, 31.61it/s, v_num=80885, train_loss_step=0.126]Epoch 0:  69%|██████▉   | 99/144 [00:03<00:01, 31.61it/s, v_num=80885, train_loss_step=0.128]Epoch 0:  69%|██████▉   | 100/144 [00:03<00:01, 31.66it/s, v_num=80885, train_loss_step=0.128]Epoch 0:  69%|██████▉   | 100/144 [00:03<00:01, 31.66it/s, v_num=80885, train_loss_step=0.106]Epoch 0:  70%|███████   | 101/144 [00:03<00:01, 31.70it/s, v_num=80885, train_loss_step=0.106]Epoch 0:  70%|███████   | 101/144 [00:03<00:01, 31.69it/s, v_num=80885, train_loss_step=0.0721]Epoch 0:  71%|███████   | 102/144 [00:03<00:01, 31.73it/s, v_num=80885, train_loss_step=0.0721]Epoch 0:  71%|███████   | 102/144 [00:03<00:01, 31.73it/s, v_num=80885, train_loss_step=0.155] Epoch 0:  72%|███████▏  | 103/144 [00:03<00:01, 31.75it/s, v_num=80885, train_loss_step=0.155]Epoch 0:  72%|███████▏  | 103/144 [00:03<00:01, 31.74it/s, v_num=80885, train_loss_step=0.113]Epoch 0:  72%|███████▏  | 104/144 [00:03<00:01, 31.79it/s, v_num=80885, train_loss_step=0.113]Epoch 0:  72%|███████▏  | 104/144 [00:03<00:01, 31.79it/s, v_num=80885, train_loss_step=0.174]Epoch 0:  73%|███████▎  | 105/144 [00:03<00:01, 31.84it/s, v_num=80885, train_loss_step=0.174]Epoch 0:  73%|███████▎  | 105/144 [00:03<00:01, 31.84it/s, v_num=80885, train_loss_step=0.0778]Epoch 0:  74%|███████▎  | 106/144 [00:03<00:01, 31.91it/s, v_num=80885, train_loss_step=0.0778]Epoch 0:  74%|███████▎  | 106/144 [00:03<00:01, 31.91it/s, v_num=80885, train_loss_step=0.106] Epoch 0:  74%|███████▍  | 107/144 [00:03<00:01, 31.93it/s, v_num=80885, train_loss_step=0.106]Epoch 0:  74%|███████▍  | 107/144 [00:03<00:01, 31.93it/s, v_num=80885, train_loss_step=0.0774]Epoch 0:  75%|███████▌  | 108/144 [00:03<00:01, 31.99it/s, v_num=80885, train_loss_step=0.0774]Epoch 0:  75%|███████▌  | 108/144 [00:03<00:01, 31.99it/s, v_num=80885, train_loss_step=0.0856]Epoch 0:  76%|███████▌  | 109/144 [00:03<00:01, 32.03it/s, v_num=80885, train_loss_step=0.0856]Epoch 0:  76%|███████▌  | 109/144 [00:03<00:01, 32.03it/s, v_num=80885, train_loss_step=0.102] Epoch 0:  76%|███████▋  | 110/144 [00:03<00:01, 32.06it/s, v_num=80885, train_loss_step=0.102]Epoch 0:  76%|███████▋  | 110/144 [00:03<00:01, 32.06it/s, v_num=80885, train_loss_step=0.108]Epoch 0:  77%|███████▋  | 111/144 [00:03<00:01, 32.07it/s, v_num=80885, train_loss_step=0.108]Epoch 0:  77%|███████▋  | 111/144 [00:03<00:01, 32.07it/s, v_num=80885, train_loss_step=0.114]Epoch 0:  78%|███████▊  | 112/144 [00:03<00:00, 32.14it/s, v_num=80885, train_loss_step=0.114]Epoch 0:  78%|███████▊  | 112/144 [00:03<00:00, 32.13it/s, v_num=80885, train_loss_step=0.128]Epoch 0:  78%|███████▊  | 113/144 [00:03<00:00, 32.20it/s, v_num=80885, train_loss_step=0.128]Epoch 0:  78%|███████▊  | 113/144 [00:03<00:00, 32.20it/s, v_num=80885, train_loss_step=0.183]Epoch 0:  79%|███████▉  | 114/144 [00:03<00:00, 32.26it/s, v_num=80885, train_loss_step=0.183]Epoch 0:  79%|███████▉  | 114/144 [00:03<00:00, 32.26it/s, v_num=80885, train_loss_step=0.0908]Epoch 0:  80%|███████▉  | 115/144 [00:03<00:00, 32.28it/s, v_num=80885, train_loss_step=0.0908]Epoch 0:  80%|███████▉  | 115/144 [00:03<00:00, 32.28it/s, v_num=80885, train_loss_step=0.142] Epoch 0:  81%|████████  | 116/144 [00:03<00:00, 32.28it/s, v_num=80885, train_loss_step=0.142]Epoch 0:  81%|████████  | 116/144 [00:03<00:00, 32.28it/s, v_num=80885, train_loss_step=0.170]Epoch 0:  81%|████████▏ | 117/144 [00:03<00:00, 32.34it/s, v_num=80885, train_loss_step=0.170]Epoch 0:  81%|████████▏ | 117/144 [00:03<00:00, 32.34it/s, v_num=80885, train_loss_step=0.135]Epoch 0:  82%|████████▏ | 118/144 [00:03<00:00, 32.40it/s, v_num=80885, train_loss_step=0.135]Epoch 0:  82%|████████▏ | 118/144 [00:03<00:00, 32.40it/s, v_num=80885, train_loss_step=0.111]Epoch 0:  83%|████████▎ | 119/144 [00:03<00:00, 32.43it/s, v_num=80885, train_loss_step=0.111]Epoch 0:  83%|████████▎ | 119/144 [00:03<00:00, 32.43it/s, v_num=80885, train_loss_step=0.135]Epoch 0:  83%|████████▎ | 120/144 [00:03<00:00, 32.43it/s, v_num=80885, train_loss_step=0.135]Epoch 0:  83%|████████▎ | 120/144 [00:03<00:00, 32.43it/s, v_num=80885, train_loss_step=0.135]Epoch 0:  84%|████████▍ | 121/144 [00:03<00:00, 32.47it/s, v_num=80885, train_loss_step=0.135]Epoch 0:  84%|████████▍ | 121/144 [00:03<00:00, 32.47it/s, v_num=80885, train_loss_step=0.0981]Epoch 0:  85%|████████▍ | 122/144 [00:03<00:00, 32.52it/s, v_num=80885, train_loss_step=0.0981]Epoch 0:  85%|████████▍ | 122/144 [00:03<00:00, 32.51it/s, v_num=80885, train_loss_step=0.104] Epoch 0:  85%|████████▌ | 123/144 [00:03<00:00, 32.56it/s, v_num=80885, train_loss_step=0.104]Epoch 0:  85%|████████▌ | 123/144 [00:03<00:00, 32.56it/s, v_num=80885, train_loss_step=0.123]Epoch 0:  86%|████████▌ | 124/144 [00:03<00:00, 32.57it/s, v_num=80885, train_loss_step=0.123]Epoch 0:  86%|████████▌ | 124/144 [00:03<00:00, 32.57it/s, v_num=80885, train_loss_step=0.0963]Epoch 0:  87%|████████▋ | 125/144 [00:03<00:00, 32.62it/s, v_num=80885, train_loss_step=0.0963]Epoch 0:  87%|████████▋ | 125/144 [00:03<00:00, 32.62it/s, v_num=80885, train_loss_step=0.132] Epoch 0:  88%|████████▊ | 126/144 [00:03<00:00, 32.67it/s, v_num=80885, train_loss_step=0.132]Epoch 0:  88%|████████▊ | 126/144 [00:03<00:00, 32.66it/s, v_num=80885, train_loss_step=0.149]Epoch 0:  88%|████████▊ | 127/144 [00:03<00:00, 32.71it/s, v_num=80885, train_loss_step=0.149]Epoch 0:  88%|████████▊ | 127/144 [00:03<00:00, 32.71it/s, v_num=80885, train_loss_step=0.0868]Epoch 0:  89%|████████▉ | 128/144 [00:03<00:00, 32.72it/s, v_num=80885, train_loss_step=0.0868]Epoch 0:  89%|████████▉ | 128/144 [00:03<00:00, 32.72it/s, v_num=80885, train_loss_step=0.122] Epoch 0:  90%|████████▉ | 129/144 [00:03<00:00, 32.77it/s, v_num=80885, train_loss_step=0.122]Epoch 0:  90%|████████▉ | 129/144 [00:03<00:00, 32.77it/s, v_num=80885, train_loss_step=0.100]Epoch 0:  90%|█████████ | 130/144 [00:03<00:00, 32.81it/s, v_num=80885, train_loss_step=0.100]Epoch 0:  90%|█████████ | 130/144 [00:03<00:00, 32.81it/s, v_num=80885, train_loss_step=0.114]Epoch 0:  91%|█████████ | 131/144 [00:03<00:00, 32.85it/s, v_num=80885, train_loss_step=0.114]Epoch 0:  91%|█████████ | 131/144 [00:03<00:00, 32.85it/s, v_num=80885, train_loss_step=0.119]Epoch 0:  92%|█████████▏| 132/144 [00:04<00:00, 32.88it/s, v_num=80885, train_loss_step=0.119]Epoch 0:  92%|█████████▏| 132/144 [00:04<00:00, 32.87it/s, v_num=80885, train_loss_step=0.108]Epoch 0:  92%|█████████▏| 133/144 [00:04<00:00, 32.90it/s, v_num=80885, train_loss_step=0.108]Epoch 0:  92%|█████████▏| 133/144 [00:04<00:00, 32.90it/s, v_num=80885, train_loss_step=0.0317]Epoch 0:  93%|█████████▎| 134/144 [00:04<00:00, 32.94it/s, v_num=80885, train_loss_step=0.0317]Epoch 0:  93%|█████████▎| 134/144 [00:04<00:00, 32.94it/s, v_num=80885, train_loss_step=0.166] Epoch 0:  94%|█████████▍| 135/144 [00:04<00:00, 32.98it/s, v_num=80885, train_loss_step=0.166]Epoch 0:  94%|█████████▍| 135/144 [00:04<00:00, 32.97it/s, v_num=80885, train_loss_step=0.101]Epoch 0:  94%|█████████▍| 136/144 [00:04<00:00, 32.97it/s, v_num=80885, train_loss_step=0.101]Epoch 0:  94%|█████████▍| 136/144 [00:04<00:00, 32.97it/s, v_num=80885, train_loss_step=0.108]Epoch 0:  95%|█████████▌| 137/144 [00:04<00:00, 33.00it/s, v_num=80885, train_loss_step=0.108]Epoch 0:  95%|█████████▌| 137/144 [00:04<00:00, 33.00it/s, v_num=80885, train_loss_step=0.127]Epoch 0:  96%|█████████▌| 138/144 [00:04<00:00, 33.04it/s, v_num=80885, train_loss_step=0.127]Epoch 0:  96%|█████████▌| 138/144 [00:04<00:00, 33.04it/s, v_num=80885, train_loss_step=0.149]Epoch 0:  97%|█████████▋| 139/144 [00:04<00:00, 33.09it/s, v_num=80885, train_loss_step=0.149]Epoch 0:  97%|█████████▋| 139/144 [00:04<00:00, 33.08it/s, v_num=80885, train_loss_step=0.136]Epoch 0:  97%|█████████▋| 140/144 [00:04<00:00, 33.09it/s, v_num=80885, train_loss_step=0.136]Epoch 0:  97%|█████████▋| 140/144 [00:04<00:00, 33.09it/s, v_num=80885, train_loss_step=0.0692]Epoch 0:  98%|█████████▊| 141/144 [00:04<00:00, 33.12it/s, v_num=80885, train_loss_step=0.0692]Epoch 0:  98%|█████████▊| 141/144 [00:04<00:00, 33.11it/s, v_num=80885, train_loss_step=0.134] Epoch 0:  99%|█████████▊| 142/144 [00:04<00:00, 33.14it/s, v_num=80885, train_loss_step=0.134]Epoch 0:  99%|█████████▊| 142/144 [00:04<00:00, 33.14it/s, v_num=80885, train_loss_step=0.131]Epoch 0:  99%|█████████▉| 143/144 [00:04<00:00, 33.18it/s, v_num=80885, train_loss_step=0.131]Epoch 0:  99%|█████████▉| 143/144 [00:04<00:00, 33.18it/s, v_num=80885, train_loss_step=0.0638]Epoch 0: 100%|██████████| 144/144 [00:04<00:00, 33.14it/s, v_num=80885, train_loss_step=0.0638]Epoch 0: 100%|██████████| 144/144 [00:04<00:00, 33.13it/s, v_num=80885, train_loss_step=0.131] 
Validation: |          | 0/? [00:00<?, ?it/s][A
Validation:   0%|          | 0/14 [00:00<?, ?it/s][A
Validation DataLoader 0:   0%|          | 0/14 [00:00<?, ?it/s][A
Validation DataLoader 0:   7%|▋         | 1/14 [00:00<00:00, 78.91it/s][A
Validation DataLoader 0:  14%|█▍        | 2/14 [00:00<00:00, 85.33it/s][A
Validation DataLoader 0:  21%|██▏       | 3/14 [00:00<00:00, 89.05it/s][A
Validation DataLoader 0:  29%|██▊       | 4/14 [00:00<00:00, 92.09it/s][A
Validation DataLoader 0:  36%|███▌      | 5/14 [00:00<00:00, 92.88it/s][A
Validation DataLoader 0:  43%|████▎     | 6/14 [00:00<00:00, 93.54it/s][A
Validation DataLoader 0:  50%|█████     | 7/14 [00:00<00:00, 88.44it/s][A
Validation DataLoader 0:  57%|█████▋    | 8/14 [00:00<00:00, 89.55it/s][A
Validation DataLoader 0:  64%|██████▍   | 9/14 [00:00<00:00, 91.07it/s][A
Validation DataLoader 0:  71%|███████▏  | 10/14 [00:00<00:00, 91.97it/s][A
Validation DataLoader 0:  79%|███████▊  | 11/14 [00:00<00:00, 92.67it/s][A
Validation DataLoader 0:  86%|████████▌ | 12/14 [00:00<00:00, 93.22it/s][A
Validation DataLoader 0:  93%|█████████▎| 13/14 [00:00<00:00, 93.65it/s][A
Validation DataLoader 0: 100%|██████████| 14/14 [00:00<00:00, 94.09it/s][A
                                                                        [AEpoch 0: 100%|██████████| 144/144 [00:04<00:00, 31.82it/s, v_num=80885, train_loss_step=0.131, val_loss=0.111, val_acc=0.966]Epoch 0: 100%|██████████| 144/144 [00:04<00:00, 31.81it/s, v_num=80885, train_loss_step=0.131, val_loss=0.111, val_acc=0.966, train_loss_epoch=0.266]Epoch 0:   0%|          | 0/144 [00:00<?, ?it/s, v_num=80885, train_loss_step=0.131, val_loss=0.111, val_acc=0.966, train_loss_epoch=0.266]          Epoch 1:   0%|          | 0/144 [00:00<?, ?it/s, v_num=80885, train_loss_step=0.131, val_loss=0.111, val_acc=0.966, train_loss_epoch=0.266]Epoch 1:   1%|          | 1/144 [00:00<00:12, 11.10it/s, v_num=80885, train_loss_step=0.131, val_loss=0.111, val_acc=0.966, train_loss_epoch=0.266]Epoch 1:   1%|          | 1/144 [00:00<00:12, 11.07it/s, v_num=80885, train_loss_step=0.104, val_loss=0.111, val_acc=0.966, train_loss_epoch=0.266]Epoch 1:   1%|▏         | 2/144 [00:00<00:08, 16.90it/s, v_num=80885, train_loss_step=0.104, val_loss=0.111, val_acc=0.966, train_loss_epoch=0.266]Epoch 1:   1%|▏         | 2/144 [00:00<00:08, 16.87it/s, v_num=80885, train_loss_step=0.139, val_loss=0.111, val_acc=0.966, train_loss_epoch=0.266]Epoch 1:   2%|▏         | 3/144 [00:00<00:07, 20.01it/s, v_num=80885, train_loss_step=0.139, val_loss=0.111, val_acc=0.966, train_loss_epoch=0.266]Epoch 1:   2%|▏         | 3/144 [00:00<00:07, 19.99it/s, v_num=80885, train_loss_step=0.167, val_loss=0.111, val_acc=0.966, train_loss_epoch=0.266]Epoch 1:   3%|▎         | 4/144 [00:00<00:06, 22.38it/s, v_num=80885, train_loss_step=0.167, val_loss=0.111, val_acc=0.966, train_loss_epoch=0.266]Epoch 1:   3%|▎         | 4/144 [00:00<00:06, 22.36it/s, v_num=80885, train_loss_step=0.117, val_loss=0.111, val_acc=0.966, train_loss_epoch=0.266]Epoch 1:   3%|▎         | 5/144 [00:00<00:05, 24.07it/s, v_num=80885, train_loss_step=0.117, val_loss=0.111, val_acc=0.966, train_loss_epoch=0.266]Epoch 1:   3%|▎         | 5/144 [00:00<00:05, 24.05it/s, v_num=80885, train_loss_step=0.094, val_loss=0.111, val_acc=0.966, train_loss_epoch=0.266]Epoch 1:   4%|▍         | 6/144 [00:00<00:05, 25.04it/s, v_num=80885, train_loss_step=0.094, val_loss=0.111, val_acc=0.966, train_loss_epoch=0.266]Epoch 1:   4%|▍         | 6/144 [00:00<00:05, 25.03it/s, v_num=80885, train_loss_step=0.168, val_loss=0.111, val_acc=0.966, train_loss_epoch=0.266]Epoch 1:   5%|▍         | 7/144 [00:00<00:05, 26.10it/s, v_num=80885, train_loss_step=0.168, val_loss=0.111, val_acc=0.966, train_loss_epoch=0.266]Epoch 1:   5%|▍         | 7/144 [00:00<00:05, 26.09it/s, v_num=80885, train_loss_step=0.128, val_loss=0.111, val_acc=0.966, train_loss_epoch=0.266]Epoch 1:   6%|▌         | 8/144 [00:00<00:05, 26.85it/s, v_num=80885, train_loss_step=0.128, val_loss=0.111, val_acc=0.966, train_loss_epoch=0.266]Epoch 1:   6%|▌         | 8/144 [00:00<00:05, 26.82it/s, v_num=80885, train_loss_step=0.118, val_loss=0.111, val_acc=0.966, train_loss_epoch=0.266]Epoch 1:   6%|▋         | 9/144 [00:00<00:04, 27.52it/s, v_num=80885, train_loss_step=0.118, val_loss=0.111, val_acc=0.966, train_loss_epoch=0.266]Epoch 1:   6%|▋         | 9/144 [00:00<00:04, 27.50it/s, v_num=80885, train_loss_step=0.129, val_loss=0.111, val_acc=0.966, train_loss_epoch=0.266]Epoch 1:   7%|▋         | 10/144 [00:00<00:04, 27.66it/s, v_num=80885, train_loss_step=0.129, val_loss=0.111, val_acc=0.966, train_loss_epoch=0.266]Epoch 1:   7%|▋         | 10/144 [00:00<00:04, 27.65it/s, v_num=80885, train_loss_step=0.129, val_loss=0.111, val_acc=0.966, train_loss_epoch=0.266]Epoch 1:   8%|▊         | 11/144 [00:00<00:04, 28.31it/s, v_num=80885, train_loss_step=0.129, val_loss=0.111, val_acc=0.966, train_loss_epoch=0.266]Epoch 1:   8%|▊         | 11/144 [00:00<00:04, 28.30it/s, v_num=80885, train_loss_step=0.111, val_loss=0.111, val_acc=0.966, train_loss_epoch=0.266]Epoch 1:   8%|▊         | 12/144 [00:00<00:04, 28.98it/s, v_num=80885, train_loss_step=0.111, val_loss=0.111, val_acc=0.966, train_loss_epoch=0.266]Epoch 1:   8%|▊         | 12/144 [00:00<00:04, 28.96it/s, v_num=80885, train_loss_step=0.121, val_loss=0.111, val_acc=0.966, train_loss_epoch=0.266]Epoch 1:   9%|▉         | 13/144 [00:00<00:04, 29.49it/s, v_num=80885, train_loss_step=0.121, val_loss=0.111, val_acc=0.966, train_loss_epoch=0.266]Epoch 1:   9%|▉         | 13/144 [00:00<00:04, 29.48it/s, v_num=80885, train_loss_step=0.109, val_loss=0.111, val_acc=0.966, train_loss_epoch=0.266]Epoch 1:  10%|▉         | 14/144 [00:00<00:04, 29.67it/s, v_num=80885, train_loss_step=0.109, val_loss=0.111, val_acc=0.966, train_loss_epoch=0.266]Epoch 1:  10%|▉         | 14/144 [00:00<00:04, 29.65it/s, v_num=80885, train_loss_step=0.188, val_loss=0.111, val_acc=0.966, train_loss_epoch=0.266]Epoch 1:  10%|█         | 15/144 [00:00<00:04, 30.11it/s, v_num=80885, train_loss_step=0.188, val_loss=0.111, val_acc=0.966, train_loss_epoch=0.266]Epoch 1:  10%|█         | 15/144 [00:00<00:04, 30.10it/s, v_num=80885, train_loss_step=0.056, val_loss=0.111, val_acc=0.966, train_loss_epoch=0.266]Epoch 1:  11%|█         | 16/144 [00:00<00:04, 30.41it/s, v_num=80885, train_loss_step=0.056, val_loss=0.111, val_acc=0.966, train_loss_epoch=0.266]Epoch 1:  11%|█         | 16/144 [00:00<00:04, 30.40it/s, v_num=80885, train_loss_step=0.117, val_loss=0.111, val_acc=0.966, train_loss_epoch=0.266]Epoch 1:  12%|█▏        | 17/144 [00:00<00:04, 30.72it/s, v_num=80885, train_loss_step=0.117, val_loss=0.111, val_acc=0.966, train_loss_epoch=0.266]Epoch 1:  12%|█▏        | 17/144 [00:00<00:04, 30.71it/s, v_num=80885, train_loss_step=0.104, val_loss=0.111, val_acc=0.966, train_loss_epoch=0.266]Epoch 1:  12%|█▎        | 18/144 [00:00<00:04, 30.71it/s, v_num=80885, train_loss_step=0.104, val_loss=0.111, val_acc=0.966, train_loss_epoch=0.266]Epoch 1:  12%|█▎        | 18/144 [00:00<00:04, 30.70it/s, v_num=80885, train_loss_step=0.112, val_loss=0.111, val_acc=0.966, train_loss_epoch=0.266]Epoch 1:  13%|█▎        | 19/144 [00:00<00:04, 30.95it/s, v_num=80885, train_loss_step=0.112, val_loss=0.111, val_acc=0.966, train_loss_epoch=0.266]Epoch 1:  13%|█▎        | 19/144 [00:00<00:04, 30.94it/s, v_num=80885, train_loss_step=0.0954, val_loss=0.111, val_acc=0.966, train_loss_epoch=0.266]Epoch 1:  14%|█▍        | 20/144 [00:00<00:03, 31.23it/s, v_num=80885, train_loss_step=0.0954, val_loss=0.111, val_acc=0.966, train_loss_epoch=0.266]Epoch 1:  14%|█▍        | 20/144 [00:00<00:03, 31.22it/s, v_num=80885, train_loss_step=0.0901, val_loss=0.111, val_acc=0.966, train_loss_epoch=0.266]Epoch 1:  15%|█▍        | 21/144 [00:00<00:03, 31.45it/s, v_num=80885, train_loss_step=0.0901, val_loss=0.111, val_acc=0.966, train_loss_epoch=0.266]Epoch 1:  15%|█▍        | 21/144 [00:00<00:03, 31.45it/s, v_num=80885, train_loss_step=0.114, val_loss=0.111, val_acc=0.966, train_loss_epoch=0.266] Epoch 1:  15%|█▌        | 22/144 [00:00<00:03, 31.48it/s, v_num=80885, train_loss_step=0.114, val_loss=0.111, val_acc=0.966, train_loss_epoch=0.266]Epoch 1:  15%|█▌        | 22/144 [00:00<00:03, 31.48it/s, v_num=80885, train_loss_step=0.0663, val_loss=0.111, val_acc=0.966, train_loss_epoch=0.266]Epoch 1:  16%|█▌        | 23/144 [00:00<00:03, 31.68it/s, v_num=80885, train_loss_step=0.0663, val_loss=0.111, val_acc=0.966, train_loss_epoch=0.266]Epoch 1:  16%|█▌        | 23/144 [00:00<00:03, 31.67it/s, v_num=80885, train_loss_step=0.0633, val_loss=0.111, val_acc=0.966, train_loss_epoch=0.266]Epoch 1:  17%|█▋        | 24/144 [00:00<00:03, 31.90it/s, v_num=80885, train_loss_step=0.0633, val_loss=0.111, val_acc=0.966, train_loss_epoch=0.266]Epoch 1:  17%|█▋        | 24/144 [00:00<00:03, 31.89it/s, v_num=80885, train_loss_step=0.143, val_loss=0.111, val_acc=0.966, train_loss_epoch=0.266] Epoch 1:  17%|█▋        | 25/144 [00:00<00:03, 32.09it/s, v_num=80885, train_loss_step=0.143, val_loss=0.111, val_acc=0.966, train_loss_epoch=0.266]Epoch 1:  17%|█▋        | 25/144 [00:00<00:03, 32.08it/s, v_num=80885, train_loss_step=0.120, val_loss=0.111, val_acc=0.966, train_loss_epoch=0.266]Epoch 1:  18%|█▊        | 26/144 [00:00<00:03, 32.08it/s, v_num=80885, train_loss_step=0.120, val_loss=0.111, val_acc=0.966, train_loss_epoch=0.266]Epoch 1:  18%|█▊        | 26/144 [00:00<00:03, 32.08it/s, v_num=80885, train_loss_step=0.0963, val_loss=0.111, val_acc=0.966, train_loss_epoch=0.266]Epoch 1:  19%|█▉        | 27/144 [00:00<00:03, 32.25it/s, v_num=80885, train_loss_step=0.0963, val_loss=0.111, val_acc=0.966, train_loss_epoch=0.266]Epoch 1:  19%|█▉        | 27/144 [00:00<00:03, 32.25it/s, v_num=80885, train_loss_step=0.0811, val_loss=0.111, val_acc=0.966, train_loss_epoch=0.266]Epoch 1:  19%|█▉        | 28/144 [00:00<00:03, 32.47it/s, v_num=80885, train_loss_step=0.0811, val_loss=0.111, val_acc=0.966, train_loss_epoch=0.266]Epoch 1:  19%|█▉        | 28/144 [00:00<00:03, 32.46it/s, v_num=80885, train_loss_step=0.120, val_loss=0.111, val_acc=0.966, train_loss_epoch=0.266] Epoch 1:  20%|██        | 29/144 [00:00<00:03, 32.64it/s, v_num=80885, train_loss_step=0.120, val_loss=0.111, val_acc=0.966, train_loss_epoch=0.266]Epoch 1:  20%|██        | 29/144 [00:00<00:03, 32.63it/s, v_num=80885, train_loss_step=0.071, val_loss=0.111, val_acc=0.966, train_loss_epoch=0.266]Epoch 1:  21%|██        | 30/144 [00:00<00:03, 32.62it/s, v_num=80885, train_loss_step=0.071, val_loss=0.111, val_acc=0.966, train_loss_epoch=0.266]Epoch 1:  21%|██        | 30/144 [00:00<00:03, 32.61it/s, v_num=80885, train_loss_step=0.0811, val_loss=0.111, val_acc=0.966, train_loss_epoch=0.266]Epoch 1:  22%|██▏       | 31/144 [00:00<00:03, 32.75it/s, v_num=80885, train_loss_step=0.0811, val_loss=0.111, val_acc=0.966, train_loss_epoch=0.266]Epoch 1:  22%|██▏       | 31/144 [00:00<00:03, 32.74it/s, v_num=80885, train_loss_step=0.0654, val_loss=0.111, val_acc=0.966, train_loss_epoch=0.266]Epoch 1:  22%|██▏       | 32/144 [00:00<00:03, 32.91it/s, v_num=80885, train_loss_step=0.0654, val_loss=0.111, val_acc=0.966, train_loss_epoch=0.266]Epoch 1:  22%|██▏       | 32/144 [00:00<00:03, 32.90it/s, v_num=80885, train_loss_step=0.0616, val_loss=0.111, val_acc=0.966, train_loss_epoch=0.266]Epoch 1:  23%|██▎       | 33/144 [00:00<00:03, 33.06it/s, v_num=80885, train_loss_step=0.0616, val_loss=0.111, val_acc=0.966, train_loss_epoch=0.266]Epoch 1:  23%|██▎       | 33/144 [00:00<00:03, 33.06it/s, v_num=80885, train_loss_step=0.106, val_loss=0.111, val_acc=0.966, train_loss_epoch=0.266] Epoch 1:  24%|██▎       | 34/144 [00:01<00:03, 33.09it/s, v_num=80885, train_loss_step=0.106, val_loss=0.111, val_acc=0.966, train_loss_epoch=0.266]Epoch 1:  24%|██▎       | 34/144 [00:01<00:03, 33.09it/s, v_num=80885, train_loss_step=0.129, val_loss=0.111, val_acc=0.966, train_loss_epoch=0.266]Epoch 1:  24%|██▍       | 35/144 [00:01<00:03, 33.19it/s, v_num=80885, train_loss_step=0.129, val_loss=0.111, val_acc=0.966, train_loss_epoch=0.266]Epoch 1:  24%|██▍       | 35/144 [00:01<00:03, 33.18it/s, v_num=80885, train_loss_step=0.0859, val_loss=0.111, val_acc=0.966, train_loss_epoch=0.266]Epoch 1:  25%|██▌       | 36/144 [00:01<00:03, 33.30it/s, v_num=80885, train_loss_step=0.0859, val_loss=0.111, val_acc=0.966, train_loss_epoch=0.266]Epoch 1:  25%|██▌       | 36/144 [00:01<00:03, 33.29it/s, v_num=80885, train_loss_step=0.0984, val_loss=0.111, val_acc=0.966, train_loss_epoch=0.266]Epoch 1:  26%|██▌       | 37/144 [00:01<00:03, 33.42it/s, v_num=80885, train_loss_step=0.0984, val_loss=0.111, val_acc=0.966, train_loss_epoch=0.266]Epoch 1:  26%|██▌       | 37/144 [00:01<00:03, 33.41it/s, v_num=80885, train_loss_step=0.101, val_loss=0.111, val_acc=0.966, train_loss_epoch=0.266] Epoch 1:  26%|██▋       | 38/144 [00:01<00:03, 33.43it/s, v_num=80885, train_loss_step=0.101, val_loss=0.111, val_acc=0.966, train_loss_epoch=0.266]Epoch 1:  26%|██▋       | 38/144 [00:01<00:03, 33.42it/s, v_num=80885, train_loss_step=0.095, val_loss=0.111, val_acc=0.966, train_loss_epoch=0.266]Epoch 1:  27%|██▋       | 39/144 [00:01<00:03, 33.57it/s, v_num=80885, train_loss_step=0.095, val_loss=0.111, val_acc=0.966, train_loss_epoch=0.266]Epoch 1:  27%|██▋       | 39/144 [00:01<00:03, 33.57it/s, v_num=80885, train_loss_step=0.0842, val_loss=0.111, val_acc=0.966, train_loss_epoch=0.266]Epoch 1:  28%|██▊       | 40/144 [00:01<00:03, 33.70it/s, v_num=80885, train_loss_step=0.0842, val_loss=0.111, val_acc=0.966, train_loss_epoch=0.266]Epoch 1:  28%|██▊       | 40/144 [00:01<00:03, 33.70it/s, v_num=80885, train_loss_step=0.137, val_loss=0.111, val_acc=0.966, train_loss_epoch=0.266] Epoch 1:  28%|██▊       | 41/144 [00:01<00:03, 33.80it/s, v_num=80885, train_loss_step=0.137, val_loss=0.111, val_acc=0.966, train_loss_epoch=0.266]Epoch 1:  28%|██▊       | 41/144 [00:01<00:03, 33.80it/s, v_num=80885, train_loss_step=0.0903, val_loss=0.111, val_acc=0.966, train_loss_epoch=0.266]Epoch 1:  29%|██▉       | 42/144 [00:01<00:03, 33.80it/s, v_num=80885, train_loss_step=0.0903, val_loss=0.111, val_acc=0.966, train_loss_epoch=0.266]Epoch 1:  29%|██▉       | 42/144 [00:01<00:03, 33.79it/s, v_num=80885, train_loss_step=0.105, val_loss=0.111, val_acc=0.966, train_loss_epoch=0.266] Epoch 1:  30%|██▉       | 43/144 [00:01<00:02, 33.92it/s, v_num=80885, train_loss_step=0.105, val_loss=0.111, val_acc=0.966, train_loss_epoch=0.266]Epoch 1:  30%|██▉       | 43/144 [00:01<00:02, 33.92it/s, v_num=80885, train_loss_step=0.0869, val_loss=0.111, val_acc=0.966, train_loss_epoch=0.266]Epoch 1:  31%|███       | 44/144 [00:01<00:02, 34.02it/s, v_num=80885, train_loss_step=0.0869, val_loss=0.111, val_acc=0.966, train_loss_epoch=0.266]Epoch 1:  31%|███       | 44/144 [00:01<00:02, 34.02it/s, v_num=80885, train_loss_step=0.106, val_loss=0.111, val_acc=0.966, train_loss_epoch=0.266] Epoch 1:  31%|███▏      | 45/144 [00:01<00:02, 34.12it/s, v_num=80885, train_loss_step=0.106, val_loss=0.111, val_acc=0.966, train_loss_epoch=0.266]Epoch 1:  31%|███▏      | 45/144 [00:01<00:02, 34.12it/s, v_num=80885, train_loss_step=0.0894, val_loss=0.111, val_acc=0.966, train_loss_epoch=0.266]Epoch 1:  32%|███▏      | 46/144 [00:01<00:02, 34.13it/s, v_num=80885, train_loss_step=0.0894, val_loss=0.111, val_acc=0.966, train_loss_epoch=0.266]Epoch 1:  32%|███▏      | 46/144 [00:01<00:02, 34.12it/s, v_num=80885, train_loss_step=0.0818, val_loss=0.111, val_acc=0.966, train_loss_epoch=0.266]Epoch 1:  33%|███▎      | 47/144 [00:01<00:02, 34.24it/s, v_num=80885, train_loss_step=0.0818, val_loss=0.111, val_acc=0.966, train_loss_epoch=0.266]Epoch 1:  33%|███▎      | 47/144 [00:01<00:02, 34.23it/s, v_num=80885, train_loss_step=0.076, val_loss=0.111, val_acc=0.966, train_loss_epoch=0.266] Epoch 1:  33%|███▎      | 48/144 [00:01<00:02, 34.34it/s, v_num=80885, train_loss_step=0.076, val_loss=0.111, val_acc=0.966, train_loss_epoch=0.266]Epoch 1:  33%|███▎      | 48/144 [00:01<00:02, 34.34it/s, v_num=80885, train_loss_step=0.0792, val_loss=0.111, val_acc=0.966, train_loss_epoch=0.266]Epoch 1:  34%|███▍      | 49/144 [00:01<00:02, 34.41it/s, v_num=80885, train_loss_step=0.0792, val_loss=0.111, val_acc=0.966, train_loss_epoch=0.266]Epoch 1:  34%|███▍      | 49/144 [00:01<00:02, 34.40it/s, v_num=80885, train_loss_step=0.0697, val_loss=0.111, val_acc=0.966, train_loss_epoch=0.266]Epoch 1:  35%|███▍      | 50/144 [00:01<00:02, 34.43it/s, v_num=80885, train_loss_step=0.0697, val_loss=0.111, val_acc=0.966, train_loss_epoch=0.266]Epoch 1:  35%|███▍      | 50/144 [00:01<00:02, 34.43it/s, v_num=80885, train_loss_step=0.0804, val_loss=0.111, val_acc=0.966, train_loss_epoch=0.266]Epoch 1:  35%|███▌      | 51/144 [00:01<00:02, 34.52it/s, v_num=80885, train_loss_step=0.0804, val_loss=0.111, val_acc=0.966, train_loss_epoch=0.266]Epoch 1:  35%|███▌      | 51/144 [00:01<00:02, 34.52it/s, v_num=80885, train_loss_step=0.085, val_loss=0.111, val_acc=0.966, train_loss_epoch=0.266] Epoch 1:  36%|███▌      | 52/144 [00:01<00:02, 34.59it/s, v_num=80885, train_loss_step=0.085, val_loss=0.111, val_acc=0.966, train_loss_epoch=0.266]Epoch 1:  36%|███▌      | 52/144 [00:01<00:02, 34.59it/s, v_num=80885, train_loss_step=0.108, val_loss=0.111, val_acc=0.966, train_loss_epoch=0.266]Epoch 1:  37%|███▋      | 53/144 [00:01<00:02, 34.66it/s, v_num=80885, train_loss_step=0.108, val_loss=0.111, val_acc=0.966, train_loss_epoch=0.266]Epoch 1:  37%|███▋      | 53/144 [00:01<00:02, 34.65it/s, v_num=80885, train_loss_step=0.0453, val_loss=0.111, val_acc=0.966, train_loss_epoch=0.266]Epoch 1:  38%|███▊      | 54/144 [00:01<00:02, 34.65it/s, v_num=80885, train_loss_step=0.0453, val_loss=0.111, val_acc=0.966, train_loss_epoch=0.266]Epoch 1:  38%|███▊      | 54/144 [00:01<00:02, 34.65it/s, v_num=80885, train_loss_step=0.120, val_loss=0.111, val_acc=0.966, train_loss_epoch=0.266] Epoch 1:  38%|███▊      | 55/144 [00:01<00:02, 34.72it/s, v_num=80885, train_loss_step=0.120, val_loss=0.111, val_acc=0.966, train_loss_epoch=0.266]Epoch 1:  38%|███▊      | 55/144 [00:01<00:02, 34.72it/s, v_num=80885, train_loss_step=0.112, val_loss=0.111, val_acc=0.966, train_loss_epoch=0.266]Epoch 1:  39%|███▉      | 56/144 [00:01<00:02, 34.77it/s, v_num=80885, train_loss_step=0.112, val_loss=0.111, val_acc=0.966, train_loss_epoch=0.266]Epoch 1:  39%|███▉      | 56/144 [00:01<00:02, 34.77it/s, v_num=80885, train_loss_step=0.0706, val_loss=0.111, val_acc=0.966, train_loss_epoch=0.266]Epoch 1:  40%|███▉      | 57/144 [00:01<00:02, 34.83it/s, v_num=80885, train_loss_step=0.0706, val_loss=0.111, val_acc=0.966, train_loss_epoch=0.266]Epoch 1:  40%|███▉      | 57/144 [00:01<00:02, 34.82it/s, v_num=80885, train_loss_step=0.0803, val_loss=0.111, val_acc=0.966, train_loss_epoch=0.266]Epoch 1:  40%|████      | 58/144 [00:01<00:02, 34.78it/s, v_num=80885, train_loss_step=0.0803, val_loss=0.111, val_acc=0.966, train_loss_epoch=0.266]Epoch 1:  40%|████      | 58/144 [00:01<00:02, 34.77it/s, v_num=80885, train_loss_step=0.087, val_loss=0.111, val_acc=0.966, train_loss_epoch=0.266] Epoch 1:  41%|████      | 59/144 [00:01<00:02, 34.85it/s, v_num=80885, train_loss_step=0.087, val_loss=0.111, val_acc=0.966, train_loss_epoch=0.266]Epoch 1:  41%|████      | 59/144 [00:01<00:02, 34.84it/s, v_num=80885, train_loss_step=0.0704, val_loss=0.111, val_acc=0.966, train_loss_epoch=0.266]Epoch 1:  42%|████▏     | 60/144 [00:01<00:02, 34.89it/s, v_num=80885, train_loss_step=0.0704, val_loss=0.111, val_acc=0.966, train_loss_epoch=0.266]Epoch 1:  42%|████▏     | 60/144 [00:01<00:02, 34.89it/s, v_num=80885, train_loss_step=0.0594, val_loss=0.111, val_acc=0.966, train_loss_epoch=0.266]Epoch 1:  42%|████▏     | 61/144 [00:01<00:02, 34.94it/s, v_num=80885, train_loss_step=0.0594, val_loss=0.111, val_acc=0.966, train_loss_epoch=0.266]Epoch 1:  42%|████▏     | 61/144 [00:01<00:02, 34.94it/s, v_num=80885, train_loss_step=0.0936, val_loss=0.111, val_acc=0.966, train_loss_epoch=0.266]Epoch 1:  43%|████▎     | 62/144 [00:01<00:02, 34.93it/s, v_num=80885, train_loss_step=0.0936, val_loss=0.111, val_acc=0.966, train_loss_epoch=0.266]Epoch 1:  43%|████▎     | 62/144 [00:01<00:02, 34.93it/s, v_num=80885, train_loss_step=0.0826, val_loss=0.111, val_acc=0.966, train_loss_epoch=0.266]Epoch 1:  44%|████▍     | 63/144 [00:01<00:02, 35.00it/s, v_num=80885, train_loss_step=0.0826, val_loss=0.111, val_acc=0.966, train_loss_epoch=0.266]Epoch 1:  44%|████▍     | 63/144 [00:01<00:02, 35.00it/s, v_num=80885, train_loss_step=0.0557, val_loss=0.111, val_acc=0.966, train_loss_epoch=0.266]Epoch 1:  44%|████▍     | 64/144 [00:01<00:02, 35.05it/s, v_num=80885, train_loss_step=0.0557, val_loss=0.111, val_acc=0.966, train_loss_epoch=0.266]Epoch 1:  44%|████▍     | 64/144 [00:01<00:02, 35.05it/s, v_num=80885, train_loss_step=0.0925, val_loss=0.111, val_acc=0.966, train_loss_epoch=0.266]Epoch 1:  45%|████▌     | 65/144 [00:01<00:02, 35.11it/s, v_num=80885, train_loss_step=0.0925, val_loss=0.111, val_acc=0.966, train_loss_epoch=0.266]Epoch 1:  45%|████▌     | 65/144 [00:01<00:02, 35.11it/s, v_num=80885, train_loss_step=0.045, val_loss=0.111, val_acc=0.966, train_loss_epoch=0.266] Epoch 1:  46%|████▌     | 66/144 [00:01<00:02, 35.11it/s, v_num=80885, train_loss_step=0.045, val_loss=0.111, val_acc=0.966, train_loss_epoch=0.266]Epoch 1:  46%|████▌     | 66/144 [00:01<00:02, 35.11it/s, v_num=80885, train_loss_step=0.0772, val_loss=0.111, val_acc=0.966, train_loss_epoch=0.266]Epoch 1:  47%|████▋     | 67/144 [00:01<00:02, 35.17it/s, v_num=80885, train_loss_step=0.0772, val_loss=0.111, val_acc=0.966, train_loss_epoch=0.266]Epoch 1:  47%|████▋     | 67/144 [00:01<00:02, 35.16it/s, v_num=80885, train_loss_step=0.0661, val_loss=0.111, val_acc=0.966, train_loss_epoch=0.266]Epoch 1:  47%|████▋     | 68/144 [00:01<00:02, 35.21it/s, v_num=80885, train_loss_step=0.0661, val_loss=0.111, val_acc=0.966, train_loss_epoch=0.266]Epoch 1:  47%|████▋     | 68/144 [00:01<00:02, 35.20it/s, v_num=80885, train_loss_step=0.0595, val_loss=0.111, val_acc=0.966, train_loss_epoch=0.266]Epoch 1:  48%|████▊     | 69/144 [00:01<00:02, 35.26it/s, v_num=80885, train_loss_step=0.0595, val_loss=0.111, val_acc=0.966, train_loss_epoch=0.266]Epoch 1:  48%|████▊     | 69/144 [00:01<00:02, 35.26it/s, v_num=80885, train_loss_step=0.153, val_loss=0.111, val_acc=0.966, train_loss_epoch=0.266] Epoch 1:  49%|████▊     | 70/144 [00:01<00:02, 35.26it/s, v_num=80885, train_loss_step=0.153, val_loss=0.111, val_acc=0.966, train_loss_epoch=0.266]Epoch 1:  49%|████▊     | 70/144 [00:01<00:02, 35.26it/s, v_num=80885, train_loss_step=0.0457, val_loss=0.111, val_acc=0.966, train_loss_epoch=0.266]Epoch 1:  49%|████▉     | 71/144 [00:02<00:02, 35.30it/s, v_num=80885, train_loss_step=0.0457, val_loss=0.111, val_acc=0.966, train_loss_epoch=0.266]Epoch 1:  49%|████▉     | 71/144 [00:02<00:02, 35.30it/s, v_num=80885, train_loss_step=0.111, val_loss=0.111, val_acc=0.966, train_loss_epoch=0.266] Epoch 1:  50%|█████     | 72/144 [00:02<00:02, 35.27it/s, v_num=80885, train_loss_step=0.111, val_loss=0.111, val_acc=0.966, train_loss_epoch=0.266]Epoch 1:  50%|█████     | 72/144 [00:02<00:02, 35.27it/s, v_num=80885, train_loss_step=0.0524, val_loss=0.111, val_acc=0.966, train_loss_epoch=0.266]Epoch 1:  51%|█████     | 73/144 [00:02<00:02, 35.29it/s, v_num=80885, train_loss_step=0.0524, val_loss=0.111, val_acc=0.966, train_loss_epoch=0.266]Epoch 1:  51%|█████     | 73/144 [00:02<00:02, 35.29it/s, v_num=80885, train_loss_step=0.0938, val_loss=0.111, val_acc=0.966, train_loss_epoch=0.266]Epoch 1:  51%|█████▏    | 74/144 [00:02<00:01, 35.26it/s, v_num=80885, train_loss_step=0.0938, val_loss=0.111, val_acc=0.966, train_loss_epoch=0.266]Epoch 1:  51%|█████▏    | 74/144 [00:02<00:01, 35.25it/s, v_num=80885, train_loss_step=0.0838, val_loss=0.111, val_acc=0.966, train_loss_epoch=0.266]Epoch 1:  52%|█████▏    | 75/144 [00:02<00:01, 35.31it/s, v_num=80885, train_loss_step=0.0838, val_loss=0.111, val_acc=0.966, train_loss_epoch=0.266]Epoch 1:  52%|█████▏    | 75/144 [00:02<00:01, 35.30it/s, v_num=80885, train_loss_step=0.0361, val_loss=0.111, val_acc=0.966, train_loss_epoch=0.266]Epoch 1:  53%|█████▎    | 76/144 [00:02<00:01, 35.34it/s, v_num=80885, train_loss_step=0.0361, val_loss=0.111, val_acc=0.966, train_loss_epoch=0.266]Epoch 1:  53%|█████▎    | 76/144 [00:02<00:01, 35.33it/s, v_num=80885, train_loss_step=0.0822, val_loss=0.111, val_acc=0.966, train_loss_epoch=0.266]Epoch 1:  53%|█████▎    | 77/144 [00:02<00:01, 35.36it/s, v_num=80885, train_loss_step=0.0822, val_loss=0.111, val_acc=0.966, train_loss_epoch=0.266]Epoch 1:  53%|█████▎    | 77/144 [00:02<00:01, 35.36it/s, v_num=80885, train_loss_step=0.0621, val_loss=0.111, val_acc=0.966, train_loss_epoch=0.266]Epoch 1:  54%|█████▍    | 78/144 [00:02<00:01, 35.26it/s, v_num=80885, train_loss_step=0.0621, val_loss=0.111, val_acc=0.966, train_loss_epoch=0.266]Epoch 1:  54%|█████▍    | 78/144 [00:02<00:01, 35.26it/s, v_num=80885, train_loss_step=0.105, val_loss=0.111, val_acc=0.966, train_loss_epoch=0.266] Epoch 1:  55%|█████▍    | 79/144 [00:02<00:01, 35.25it/s, v_num=80885, train_loss_step=0.105, val_loss=0.111, val_acc=0.966, train_loss_epoch=0.266]Epoch 1:  55%|█████▍    | 79/144 [00:02<00:01, 35.25it/s, v_num=80885, train_loss_step=0.101, val_loss=0.111, val_acc=0.966, train_loss_epoch=0.266]Epoch 1:  56%|█████▌    | 80/144 [00:02<00:01, 35.27it/s, v_num=80885, train_loss_step=0.101, val_loss=0.111, val_acc=0.966, train_loss_epoch=0.266]Epoch 1:  56%|█████▌    | 80/144 [00:02<00:01, 35.27it/s, v_num=80885, train_loss_step=0.119, val_loss=0.111, val_acc=0.966, train_loss_epoch=0.266]Epoch 1:  56%|█████▋    | 81/144 [00:02<00:01, 35.31it/s, v_num=80885, train_loss_step=0.119, val_loss=0.111, val_acc=0.966, train_loss_epoch=0.266]Epoch 1:  56%|█████▋    | 81/144 [00:02<00:01, 35.30it/s, v_num=80885, train_loss_step=0.057, val_loss=0.111, val_acc=0.966, train_loss_epoch=0.266]Epoch 1:  57%|█████▋    | 82/144 [00:02<00:01, 35.25it/s, v_num=80885, train_loss_step=0.057, val_loss=0.111, val_acc=0.966, train_loss_epoch=0.266]Epoch 1:  57%|█████▋    | 82/144 [00:02<00:01, 35.25it/s, v_num=80885, train_loss_step=0.110, val_loss=0.111, val_acc=0.966, train_loss_epoch=0.266]Epoch 1:  58%|█████▊    | 83/144 [00:02<00:01, 35.21it/s, v_num=80885, train_loss_step=0.110, val_loss=0.111, val_acc=0.966, train_loss_epoch=0.266]Epoch 1:  58%|█████▊    | 83/144 [00:02<00:01, 35.21it/s, v_num=80885, train_loss_step=0.0902, val_loss=0.111, val_acc=0.966, train_loss_epoch=0.266]Epoch 1:  58%|█████▊    | 84/144 [00:02<00:01, 35.24it/s, v_num=80885, train_loss_step=0.0902, val_loss=0.111, val_acc=0.966, train_loss_epoch=0.266]Epoch 1:  58%|█████▊    | 84/144 [00:02<00:01, 35.24it/s, v_num=80885, train_loss_step=0.0764, val_loss=0.111, val_acc=0.966, train_loss_epoch=0.266]Epoch 1:  59%|█████▉    | 85/144 [00:02<00:01, 35.28it/s, v_num=80885, train_loss_step=0.0764, val_loss=0.111, val_acc=0.966, train_loss_epoch=0.266]Epoch 1:  59%|█████▉    | 85/144 [00:02<00:01, 35.27it/s, v_num=80885, train_loss_step=0.0657, val_loss=0.111, val_acc=0.966, train_loss_epoch=0.266]Epoch 1:  60%|█████▉    | 86/144 [00:02<00:01, 35.25it/s, v_num=80885, train_loss_step=0.0657, val_loss=0.111, val_acc=0.966, train_loss_epoch=0.266]Epoch 1:  60%|█████▉    | 86/144 [00:02<00:01, 35.25it/s, v_num=80885, train_loss_step=0.058, val_loss=0.111, val_acc=0.966, train_loss_epoch=0.266] Epoch 1:  60%|██████    | 87/144 [00:02<00:01, 35.23it/s, v_num=80885, train_loss_step=0.058, val_loss=0.111, val_acc=0.966, train_loss_epoch=0.266]Epoch 1:  60%|██████    | 87/144 [00:02<00:01, 35.23it/s, v_num=80885, train_loss_step=0.0732, val_loss=0.111, val_acc=0.966, train_loss_epoch=0.266]Epoch 1:  61%|██████    | 88/144 [00:02<00:01, 35.26it/s, v_num=80885, train_loss_step=0.0732, val_loss=0.111, val_acc=0.966, train_loss_epoch=0.266]Epoch 1:  61%|██████    | 88/144 [00:02<00:01, 35.26it/s, v_num=80885, train_loss_step=0.097, val_loss=0.111, val_acc=0.966, train_loss_epoch=0.266] Epoch 1:  62%|██████▏   | 89/144 [00:02<00:01, 35.28it/s, v_num=80885, train_loss_step=0.097, val_loss=0.111, val_acc=0.966, train_loss_epoch=0.266]Epoch 1:  62%|██████▏   | 89/144 [00:02<00:01, 35.28it/s, v_num=80885, train_loss_step=0.0569, val_loss=0.111, val_acc=0.966, train_loss_epoch=0.266]Epoch 1:  62%|██████▎   | 90/144 [00:02<00:01, 35.27it/s, v_num=80885, train_loss_step=0.0569, val_loss=0.111, val_acc=0.966, train_loss_epoch=0.266]Epoch 1:  62%|██████▎   | 90/144 [00:02<00:01, 35.27it/s, v_num=80885, train_loss_step=0.114, val_loss=0.111, val_acc=0.966, train_loss_epoch=0.266] Epoch 1:  63%|██████▎   | 91/144 [00:02<00:01, 35.26it/s, v_num=80885, train_loss_step=0.114, val_loss=0.111, val_acc=0.966, train_loss_epoch=0.266]Epoch 1:  63%|██████▎   | 91/144 [00:02<00:01, 35.25it/s, v_num=80885, train_loss_step=0.0908, val_loss=0.111, val_acc=0.966, train_loss_epoch=0.266]Epoch 1:  64%|██████▍   | 92/144 [00:02<00:01, 35.29it/s, v_num=80885, train_loss_step=0.0908, val_loss=0.111, val_acc=0.966, train_loss_epoch=0.266]Epoch 1:  64%|██████▍   | 92/144 [00:02<00:01, 35.29it/s, v_num=80885, train_loss_step=0.0421, val_loss=0.111, val_acc=0.966, train_loss_epoch=0.266]Epoch 1:  65%|██████▍   | 93/144 [00:02<00:01, 35.33it/s, v_num=80885, train_loss_step=0.0421, val_loss=0.111, val_acc=0.966, train_loss_epoch=0.266]Epoch 1:  65%|██████▍   | 93/144 [00:02<00:01, 35.33it/s, v_num=80885, train_loss_step=0.105, val_loss=0.111, val_acc=0.966, train_loss_epoch=0.266] Epoch 1:  65%|██████▌   | 94/144 [00:02<00:01, 35.33it/s, v_num=80885, train_loss_step=0.105, val_loss=0.111, val_acc=0.966, train_loss_epoch=0.266]Epoch 1:  65%|██████▌   | 94/144 [00:02<00:01, 35.33it/s, v_num=80885, train_loss_step=0.096, val_loss=0.111, val_acc=0.966, train_loss_epoch=0.266]Epoch 1:  66%|██████▌   | 95/144 [00:02<00:01, 35.37it/s, v_num=80885, train_loss_step=0.096, val_loss=0.111, val_acc=0.966, train_loss_epoch=0.266]Epoch 1:  66%|██████▌   | 95/144 [00:02<00:01, 35.37it/s, v_num=80885, train_loss_step=0.0664, val_loss=0.111, val_acc=0.966, train_loss_epoch=0.266]Epoch 1:  67%|██████▋   | 96/144 [00:02<00:01, 35.40it/s, v_num=80885, train_loss_step=0.0664, val_loss=0.111, val_acc=0.966, train_loss_epoch=0.266]Epoch 1:  67%|██████▋   | 96/144 [00:02<00:01, 35.40it/s, v_num=80885, train_loss_step=0.0833, val_loss=0.111, val_acc=0.966, train_loss_epoch=0.266]Epoch 1:  67%|██████▋   | 97/144 [00:02<00:01, 35.45it/s, v_num=80885, train_loss_step=0.0833, val_loss=0.111, val_acc=0.966, train_loss_epoch=0.266]Epoch 1:  67%|██████▋   | 97/144 [00:02<00:01, 35.45it/s, v_num=80885, train_loss_step=0.0665, val_loss=0.111, val_acc=0.966, train_loss_epoch=0.266]Epoch 1:  68%|██████▊   | 98/144 [00:02<00:01, 35.45it/s, v_num=80885, train_loss_step=0.0665, val_loss=0.111, val_acc=0.966, train_loss_epoch=0.266]Epoch 1:  68%|██████▊   | 98/144 [00:02<00:01, 35.45it/s, v_num=80885, train_loss_step=0.0711, val_loss=0.111, val_acc=0.966, train_loss_epoch=0.266]Epoch 1:  69%|██████▉   | 99/144 [00:02<00:01, 35.45it/s, v_num=80885, train_loss_step=0.0711, val_loss=0.111, val_acc=0.966, train_loss_epoch=0.266]Epoch 1:  69%|██████▉   | 99/144 [00:02<00:01, 35.45it/s, v_num=80885, train_loss_step=0.0863, val_loss=0.111, val_acc=0.966, train_loss_epoch=0.266]Epoch 1:  69%|██████▉   | 100/144 [00:02<00:01, 35.46it/s, v_num=80885, train_loss_step=0.0863, val_loss=0.111, val_acc=0.966, train_loss_epoch=0.266]Epoch 1:  69%|██████▉   | 100/144 [00:02<00:01, 35.46it/s, v_num=80885, train_loss_step=0.104, val_loss=0.111, val_acc=0.966, train_loss_epoch=0.266] Epoch 1:  70%|███████   | 101/144 [00:02<00:01, 35.48it/s, v_num=80885, train_loss_step=0.104, val_loss=0.111, val_acc=0.966, train_loss_epoch=0.266]Epoch 1:  70%|███████   | 101/144 [00:02<00:01, 35.48it/s, v_num=80885, train_loss_step=0.0435, val_loss=0.111, val_acc=0.966, train_loss_epoch=0.266]Epoch 1:  71%|███████   | 102/144 [00:02<00:01, 35.46it/s, v_num=80885, train_loss_step=0.0435, val_loss=0.111, val_acc=0.966, train_loss_epoch=0.266]Epoch 1:  71%|███████   | 102/144 [00:02<00:01, 35.46it/s, v_num=80885, train_loss_step=0.0718, val_loss=0.111, val_acc=0.966, train_loss_epoch=0.266]Epoch 1:  72%|███████▏  | 103/144 [00:02<00:01, 35.48it/s, v_num=80885, train_loss_step=0.0718, val_loss=0.111, val_acc=0.966, train_loss_epoch=0.266]Epoch 1:  72%|███████▏  | 103/144 [00:02<00:01, 35.48it/s, v_num=80885, train_loss_step=0.0553, val_loss=0.111, val_acc=0.966, train_loss_epoch=0.266]Epoch 1:  72%|███████▏  | 104/144 [00:02<00:01, 35.49it/s, v_num=80885, train_loss_step=0.0553, val_loss=0.111, val_acc=0.966, train_loss_epoch=0.266]Epoch 1:  72%|███████▏  | 104/144 [00:02<00:01, 35.49it/s, v_num=80885, train_loss_step=0.0756, val_loss=0.111, val_acc=0.966, train_loss_epoch=0.266]Epoch 1:  73%|███████▎  | 105/144 [00:02<00:01, 35.50it/s, v_num=80885, train_loss_step=0.0756, val_loss=0.111, val_acc=0.966, train_loss_epoch=0.266]Epoch 1:  73%|███████▎  | 105/144 [00:02<00:01, 35.50it/s, v_num=80885, train_loss_step=0.122, val_loss=0.111, val_acc=0.966, train_loss_epoch=0.266] Epoch 1:  74%|███████▎  | 106/144 [00:02<00:01, 35.49it/s, v_num=80885, train_loss_step=0.122, val_loss=0.111, val_acc=0.966, train_loss_epoch=0.266]Epoch 1:  74%|███████▎  | 106/144 [00:02<00:01, 35.48it/s, v_num=80885, train_loss_step=0.102, val_loss=0.111, val_acc=0.966, train_loss_epoch=0.266]Epoch 1:  74%|███████▍  | 107/144 [00:03<00:01, 35.48it/s, v_num=80885, train_loss_step=0.102, val_loss=0.111, val_acc=0.966, train_loss_epoch=0.266]Epoch 1:  74%|███████▍  | 107/144 [00:03<00:01, 35.48it/s, v_num=80885, train_loss_step=0.103, val_loss=0.111, val_acc=0.966, train_loss_epoch=0.266]Epoch 1:  75%|███████▌  | 108/144 [00:03<00:01, 35.49it/s, v_num=80885, train_loss_step=0.103, val_loss=0.111, val_acc=0.966, train_loss_epoch=0.266]Epoch 1:  75%|███████▌  | 108/144 [00:03<00:01, 35.49it/s, v_num=80885, train_loss_step=0.0688, val_loss=0.111, val_acc=0.966, train_loss_epoch=0.266]Epoch 1:  76%|███████▌  | 109/144 [00:03<00:00, 35.50it/s, v_num=80885, train_loss_step=0.0688, val_loss=0.111, val_acc=0.966, train_loss_epoch=0.266]Epoch 1:  76%|███████▌  | 109/144 [00:03<00:00, 35.50it/s, v_num=80885, train_loss_step=0.0716, val_loss=0.111, val_acc=0.966, train_loss_epoch=0.266]Epoch 1:  76%|███████▋  | 110/144 [00:03<00:00, 35.47it/s, v_num=80885, train_loss_step=0.0716, val_loss=0.111, val_acc=0.966, train_loss_epoch=0.266]Epoch 1:  76%|███████▋  | 110/144 [00:03<00:00, 35.47it/s, v_num=80885, train_loss_step=0.0764, val_loss=0.111, val_acc=0.966, train_loss_epoch=0.266]Epoch 1:  77%|███████▋  | 111/144 [00:03<00:00, 35.49it/s, v_num=80885, train_loss_step=0.0764, val_loss=0.111, val_acc=0.966, train_loss_epoch=0.266]Epoch 1:  77%|███████▋  | 111/144 [00:03<00:00, 35.49it/s, v_num=80885, train_loss_step=0.132, val_loss=0.111, val_acc=0.966, train_loss_epoch=0.266] Epoch 1:  78%|███████▊  | 112/144 [00:03<00:00, 35.51it/s, v_num=80885, train_loss_step=0.132, val_loss=0.111, val_acc=0.966, train_loss_epoch=0.266]Epoch 1:  78%|███████▊  | 112/144 [00:03<00:00, 35.51it/s, v_num=80885, train_loss_step=0.0926, val_loss=0.111, val_acc=0.966, train_loss_epoch=0.266]Epoch 1:  78%|███████▊  | 113/144 [00:03<00:00, 35.53it/s, v_num=80885, train_loss_step=0.0926, val_loss=0.111, val_acc=0.966, train_loss_epoch=0.266]Epoch 1:  78%|███████▊  | 113/144 [00:03<00:00, 35.53it/s, v_num=80885, train_loss_step=0.0854, val_loss=0.111, val_acc=0.966, train_loss_epoch=0.266]Epoch 1:  79%|███████▉  | 114/144 [00:03<00:00, 35.52it/s, v_num=80885, train_loss_step=0.0854, val_loss=0.111, val_acc=0.966, train_loss_epoch=0.266]Epoch 1:  79%|███████▉  | 114/144 [00:03<00:00, 35.52it/s, v_num=80885, train_loss_step=0.0625, val_loss=0.111, val_acc=0.966, train_loss_epoch=0.266]Epoch 1:  80%|███████▉  | 115/144 [00:03<00:00, 35.53it/s, v_num=80885, train_loss_step=0.0625, val_loss=0.111, val_acc=0.966, train_loss_epoch=0.266]Epoch 1:  80%|███████▉  | 115/144 [00:03<00:00, 35.52it/s, v_num=80885, train_loss_step=0.115, val_loss=0.111, val_acc=0.966, train_loss_epoch=0.266] Epoch 1:  81%|████████  | 116/144 [00:03<00:00, 35.56it/s, v_num=80885, train_loss_step=0.115, val_loss=0.111, val_acc=0.966, train_loss_epoch=0.266]Epoch 1:  81%|████████  | 116/144 [00:03<00:00, 35.56it/s, v_num=80885, train_loss_step=0.0968, val_loss=0.111, val_acc=0.966, train_loss_epoch=0.266]Epoch 1:  81%|████████▏ | 117/144 [00:03<00:00, 35.58it/s, v_num=80885, train_loss_step=0.0968, val_loss=0.111, val_acc=0.966, train_loss_epoch=0.266]Epoch 1:  81%|████████▏ | 117/144 [00:03<00:00, 35.58it/s, v_num=80885, train_loss_step=0.0867, val_loss=0.111, val_acc=0.966, train_loss_epoch=0.266]Epoch 1:  82%|████████▏ | 118/144 [00:03<00:00, 35.57it/s, v_num=80885, train_loss_step=0.0867, val_loss=0.111, val_acc=0.966, train_loss_epoch=0.266]Epoch 1:  82%|████████▏ | 118/144 [00:03<00:00, 35.57it/s, v_num=80885, train_loss_step=0.0616, val_loss=0.111, val_acc=0.966, train_loss_epoch=0.266]Epoch 1:  83%|████████▎ | 119/144 [00:03<00:00, 35.59it/s, v_num=80885, train_loss_step=0.0616, val_loss=0.111, val_acc=0.966, train_loss_epoch=0.266]Epoch 1:  83%|████████▎ | 119/144 [00:03<00:00, 35.58it/s, v_num=80885, train_loss_step=0.049, val_loss=0.111, val_acc=0.966, train_loss_epoch=0.266] Epoch 1:  83%|████████▎ | 120/144 [00:03<00:00, 35.61it/s, v_num=80885, train_loss_step=0.049, val_loss=0.111, val_acc=0.966, train_loss_epoch=0.266]Epoch 1:  83%|████████▎ | 120/144 [00:03<00:00, 35.61it/s, v_num=80885, train_loss_step=0.161, val_loss=0.111, val_acc=0.966, train_loss_epoch=0.266]Epoch 1:  84%|████████▍ | 121/144 [00:03<00:00, 35.63it/s, v_num=80885, train_loss_step=0.161, val_loss=0.111, val_acc=0.966, train_loss_epoch=0.266]Epoch 1:  84%|████████▍ | 121/144 [00:03<00:00, 35.63it/s, v_num=80885, train_loss_step=0.113, val_loss=0.111, val_acc=0.966, train_loss_epoch=0.266]Epoch 1:  85%|████████▍ | 122/144 [00:03<00:00, 35.61it/s, v_num=80885, train_loss_step=0.113, val_loss=0.111, val_acc=0.966, train_loss_epoch=0.266]Epoch 1:  85%|████████▍ | 122/144 [00:03<00:00, 35.61it/s, v_num=80885, train_loss_step=0.129, val_loss=0.111, val_acc=0.966, train_loss_epoch=0.266]Epoch 1:  85%|████████▌ | 123/144 [00:03<00:00, 35.64it/s, v_num=80885, train_loss_step=0.129, val_loss=0.111, val_acc=0.966, train_loss_epoch=0.266]Epoch 1:  85%|████████▌ | 123/144 [00:03<00:00, 35.64it/s, v_num=80885, train_loss_step=0.0722, val_loss=0.111, val_acc=0.966, train_loss_epoch=0.266]Epoch 1:  86%|████████▌ | 124/144 [00:03<00:00, 35.67it/s, v_num=80885, train_loss_step=0.0722, val_loss=0.111, val_acc=0.966, train_loss_epoch=0.266]Epoch 1:  86%|████████▌ | 124/144 [00:03<00:00, 35.66it/s, v_num=80885, train_loss_step=0.0868, val_loss=0.111, val_acc=0.966, train_loss_epoch=0.266]Epoch 1:  87%|████████▋ | 125/144 [00:03<00:00, 35.70it/s, v_num=80885, train_loss_step=0.0868, val_loss=0.111, val_acc=0.966, train_loss_epoch=0.266]Epoch 1:  87%|████████▋ | 125/144 [00:03<00:00, 35.70it/s, v_num=80885, train_loss_step=0.0854, val_loss=0.111, val_acc=0.966, train_loss_epoch=0.266]Epoch 1:  88%|████████▊ | 126/144 [00:03<00:00, 35.67it/s, v_num=80885, train_loss_step=0.0854, val_loss=0.111, val_acc=0.966, train_loss_epoch=0.266]Epoch 1:  88%|████████▊ | 126/144 [00:03<00:00, 35.67it/s, v_num=80885, train_loss_step=0.120, val_loss=0.111, val_acc=0.966, train_loss_epoch=0.266] Epoch 1:  88%|████████▊ | 127/144 [00:03<00:00, 35.69it/s, v_num=80885, train_loss_step=0.120, val_loss=0.111, val_acc=0.966, train_loss_epoch=0.266]Epoch 1:  88%|████████▊ | 127/144 [00:03<00:00, 35.69it/s, v_num=80885, train_loss_step=0.0782, val_loss=0.111, val_acc=0.966, train_loss_epoch=0.266]Epoch 1:  89%|████████▉ | 128/144 [00:03<00:00, 35.73it/s, v_num=80885, train_loss_step=0.0782, val_loss=0.111, val_acc=0.966, train_loss_epoch=0.266]Epoch 1:  89%|████████▉ | 128/144 [00:03<00:00, 35.73it/s, v_num=80885, train_loss_step=0.0526, val_loss=0.111, val_acc=0.966, train_loss_epoch=0.266]Epoch 1:  90%|████████▉ | 129/144 [00:03<00:00, 35.76it/s, v_num=80885, train_loss_step=0.0526, val_loss=0.111, val_acc=0.966, train_loss_epoch=0.266]Epoch 1:  90%|████████▉ | 129/144 [00:03<00:00, 35.76it/s, v_num=80885, train_loss_step=0.0806, val_loss=0.111, val_acc=0.966, train_loss_epoch=0.266]Epoch 1:  90%|█████████ | 130/144 [00:03<00:00, 35.75it/s, v_num=80885, train_loss_step=0.0806, val_loss=0.111, val_acc=0.966, train_loss_epoch=0.266]Epoch 1:  90%|█████████ | 130/144 [00:03<00:00, 35.75it/s, v_num=80885, train_loss_step=0.0693, val_loss=0.111, val_acc=0.966, train_loss_epoch=0.266]Epoch 1:  91%|█████████ | 131/144 [00:03<00:00, 35.78it/s, v_num=80885, train_loss_step=0.0693, val_loss=0.111, val_acc=0.966, train_loss_epoch=0.266]Epoch 1:  91%|█████████ | 131/144 [00:03<00:00, 35.77it/s, v_num=80885, train_loss_step=0.106, val_loss=0.111, val_acc=0.966, train_loss_epoch=0.266] Epoch 1:  92%|█████████▏| 132/144 [00:03<00:00, 35.81it/s, v_num=80885, train_loss_step=0.106, val_loss=0.111, val_acc=0.966, train_loss_epoch=0.266]Epoch 1:  92%|█████████▏| 132/144 [00:03<00:00, 35.81it/s, v_num=80885, train_loss_step=0.0727, val_loss=0.111, val_acc=0.966, train_loss_epoch=0.266]Epoch 1:  92%|█████████▏| 133/144 [00:03<00:00, 35.84it/s, v_num=80885, train_loss_step=0.0727, val_loss=0.111, val_acc=0.966, train_loss_epoch=0.266]Epoch 1:  92%|█████████▏| 133/144 [00:03<00:00, 35.83it/s, v_num=80885, train_loss_step=0.0672, val_loss=0.111, val_acc=0.966, train_loss_epoch=0.266]Epoch 1:  93%|█████████▎| 134/144 [00:03<00:00, 35.81it/s, v_num=80885, train_loss_step=0.0672, val_loss=0.111, val_acc=0.966, train_loss_epoch=0.266]Epoch 1:  93%|█████████▎| 134/144 [00:03<00:00, 35.81it/s, v_num=80885, train_loss_step=0.0591, val_loss=0.111, val_acc=0.966, train_loss_epoch=0.266]Epoch 1:  94%|█████████▍| 135/144 [00:03<00:00, 35.75it/s, v_num=80885, train_loss_step=0.0591, val_loss=0.111, val_acc=0.966, train_loss_epoch=0.266]Epoch 1:  94%|█████████▍| 135/144 [00:03<00:00, 35.75it/s, v_num=80885, train_loss_step=0.0978, val_loss=0.111, val_acc=0.966, train_loss_epoch=0.266]Epoch 1:  94%|█████████▍| 136/144 [00:03<00:00, 35.78it/s, v_num=80885, train_loss_step=0.0978, val_loss=0.111, val_acc=0.966, train_loss_epoch=0.266]Epoch 1:  94%|█████████▍| 136/144 [00:03<00:00, 35.78it/s, v_num=80885, train_loss_step=0.100, val_loss=0.111, val_acc=0.966, train_loss_epoch=0.266] Epoch 1:  95%|█████████▌| 137/144 [00:03<00:00, 35.80it/s, v_num=80885, train_loss_step=0.100, val_loss=0.111, val_acc=0.966, train_loss_epoch=0.266]Epoch 1:  95%|█████████▌| 137/144 [00:03<00:00, 35.80it/s, v_num=80885, train_loss_step=0.129, val_loss=0.111, val_acc=0.966, train_loss_epoch=0.266]Epoch 1:  96%|█████████▌| 138/144 [00:03<00:00, 35.83it/s, v_num=80885, train_loss_step=0.129, val_loss=0.111, val_acc=0.966, train_loss_epoch=0.266]Epoch 1:  96%|█████████▌| 138/144 [00:03<00:00, 35.83it/s, v_num=80885, train_loss_step=0.106, val_loss=0.111, val_acc=0.966, train_loss_epoch=0.266]Epoch 1:  97%|█████████▋| 139/144 [00:03<00:00, 35.84it/s, v_num=80885, train_loss_step=0.106, val_loss=0.111, val_acc=0.966, train_loss_epoch=0.266]Epoch 1:  97%|█████████▋| 139/144 [00:03<00:00, 35.84it/s, v_num=80885, train_loss_step=0.0593, val_loss=0.111, val_acc=0.966, train_loss_epoch=0.266]Epoch 1:  97%|█████████▋| 140/144 [00:03<00:00, 35.77it/s, v_num=80885, train_loss_step=0.0593, val_loss=0.111, val_acc=0.966, train_loss_epoch=0.266]Epoch 1:  97%|█████████▋| 140/144 [00:03<00:00, 35.77it/s, v_num=80885, train_loss_step=0.107, val_loss=0.111, val_acc=0.966, train_loss_epoch=0.266] Epoch 1:  98%|█████████▊| 141/144 [00:03<00:00, 35.78it/s, v_num=80885, train_loss_step=0.107, val_loss=0.111, val_acc=0.966, train_loss_epoch=0.266]Epoch 1:  98%|█████████▊| 141/144 [00:03<00:00, 35.77it/s, v_num=80885, train_loss_step=0.0429, val_loss=0.111, val_acc=0.966, train_loss_epoch=0.266]Epoch 1:  99%|█████████▊| 142/144 [00:03<00:00, 35.80it/s, v_num=80885, train_loss_step=0.0429, val_loss=0.111, val_acc=0.966, train_loss_epoch=0.266]Epoch 1:  99%|█████████▊| 142/144 [00:03<00:00, 35.80it/s, v_num=80885, train_loss_step=0.0981, val_loss=0.111, val_acc=0.966, train_loss_epoch=0.266]Epoch 1:  99%|█████████▉| 143/144 [00:03<00:00, 35.82it/s, v_num=80885, train_loss_step=0.0981, val_loss=0.111, val_acc=0.966, train_loss_epoch=0.266]Epoch 1:  99%|█████████▉| 143/144 [00:03<00:00, 35.82it/s, v_num=80885, train_loss_step=0.0949, val_loss=0.111, val_acc=0.966, train_loss_epoch=0.266]Epoch 1: 100%|██████████| 144/144 [00:04<00:00, 35.81it/s, v_num=80885, train_loss_step=0.0949, val_loss=0.111, val_acc=0.966, train_loss_epoch=0.266]Epoch 1: 100%|██████████| 144/144 [00:04<00:00, 35.81it/s, v_num=80885, train_loss_step=0.122, val_loss=0.111, val_acc=0.966, train_loss_epoch=0.266] 
Validation: |          | 0/? [00:00<?, ?it/s][A
Validation:   0%|          | 0/14 [00:00<?, ?it/s][A
Validation DataLoader 0:   0%|          | 0/14 [00:00<?, ?it/s][A
Validation DataLoader 0:   7%|▋         | 1/14 [00:00<00:00, 131.48it/s][A
Validation DataLoader 0:  14%|█▍        | 2/14 [00:00<00:00, 65.72it/s] [A
Validation DataLoader 0:  21%|██▏       | 3/14 [00:00<00:00, 73.20it/s][A
Validation DataLoader 0:  29%|██▊       | 4/14 [00:00<00:00, 78.90it/s][A
Validation DataLoader 0:  36%|███▌      | 5/14 [00:00<00:00, 82.56it/s][A
Validation DataLoader 0:  43%|████▎     | 6/14 [00:00<00:00, 80.82it/s][A
Validation DataLoader 0:  50%|█████     | 7/14 [00:00<00:00, 83.35it/s][A
Validation DataLoader 0:  57%|█████▋    | 8/14 [00:00<00:00, 85.15it/s][A
Validation DataLoader 0:  64%|██████▍   | 9/14 [00:00<00:00, 86.58it/s][A
Validation DataLoader 0:  71%|███████▏  | 10/14 [00:00<00:00, 87.91it/s][A
Validation DataLoader 0:  79%|███████▊  | 11/14 [00:00<00:00, 85.95it/s][A
Validation DataLoader 0:  86%|████████▌ | 12/14 [00:00<00:00, 86.94it/s][A
Validation DataLoader 0:  93%|█████████▎| 13/14 [00:00<00:00, 87.87it/s][A
Validation DataLoader 0: 100%|██████████| 14/14 [00:00<00:00, 88.77it/s][A
                                                                        [AEpoch 1: 100%|██████████| 144/144 [00:04<00:00, 34.30it/s, v_num=80885, train_loss_step=0.122, val_loss=0.096, val_acc=0.969, train_loss_epoch=0.266]Epoch 1: 100%|██████████| 144/144 [00:04<00:00, 34.30it/s, v_num=80885, train_loss_step=0.122, val_loss=0.096, val_acc=0.969, train_loss_epoch=0.091]Epoch 1:   0%|          | 0/144 [00:00<?, ?it/s, v_num=80885, train_loss_step=0.122, val_loss=0.096, val_acc=0.969, train_loss_epoch=0.091]          Epoch 2:   0%|          | 0/144 [00:00<?, ?it/s, v_num=80885, train_loss_step=0.122, val_loss=0.096, val_acc=0.969, train_loss_epoch=0.091]Epoch 2:   1%|          | 1/144 [00:00<00:13, 10.76it/s, v_num=80885, train_loss_step=0.122, val_loss=0.096, val_acc=0.969, train_loss_epoch=0.091]Epoch 2:   1%|          | 1/144 [00:00<00:13, 10.74it/s, v_num=80885, train_loss_step=0.0739, val_loss=0.096, val_acc=0.969, train_loss_epoch=0.091]Epoch 2:   1%|▏         | 2/144 [00:00<00:08, 15.87it/s, v_num=80885, train_loss_step=0.0739, val_loss=0.096, val_acc=0.969, train_loss_epoch=0.091]Epoch 2:   1%|▏         | 2/144 [00:00<00:08, 15.85it/s, v_num=80885, train_loss_step=0.116, val_loss=0.096, val_acc=0.969, train_loss_epoch=0.091] Epoch 2:   2%|▏         | 3/144 [00:00<00:07, 19.59it/s, v_num=80885, train_loss_step=0.116, val_loss=0.096, val_acc=0.969, train_loss_epoch=0.091]Epoch 2:   2%|▏         | 3/144 [00:00<00:07, 19.57it/s, v_num=80885, train_loss_step=0.0745, val_loss=0.096, val_acc=0.969, train_loss_epoch=0.091]Epoch 2:   3%|▎         | 4/144 [00:00<00:06, 22.01it/s, v_num=80885, train_loss_step=0.0745, val_loss=0.096, val_acc=0.969, train_loss_epoch=0.091]Epoch 2:   3%|▎         | 4/144 [00:00<00:06, 21.99it/s, v_num=80885, train_loss_step=0.113, val_loss=0.096, val_acc=0.969, train_loss_epoch=0.091] Epoch 2:   3%|▎         | 5/144 [00:00<00:05, 24.10it/s, v_num=80885, train_loss_step=0.113, val_loss=0.096, val_acc=0.969, train_loss_epoch=0.091]Epoch 2:   3%|▎         | 5/144 [00:00<00:05, 24.08it/s, v_num=80885, train_loss_step=0.079, val_loss=0.096, val_acc=0.969, train_loss_epoch=0.091]Epoch 2:   4%|▍         | 6/144 [00:00<00:05, 25.28it/s, v_num=80885, train_loss_step=0.079, val_loss=0.096, val_acc=0.969, train_loss_epoch=0.091]Epoch 2:   4%|▍         | 6/144 [00:00<00:05, 25.27it/s, v_num=80885, train_loss_step=0.0867, val_loss=0.096, val_acc=0.969, train_loss_epoch=0.091]Epoch 2:   5%|▍         | 7/144 [00:00<00:05, 26.57it/s, v_num=80885, train_loss_step=0.0867, val_loss=0.096, val_acc=0.969, train_loss_epoch=0.091]Epoch 2:   5%|▍         | 7/144 [00:00<00:05, 26.55it/s, v_num=80885, train_loss_step=0.109, val_loss=0.096, val_acc=0.969, train_loss_epoch=0.091] Epoch 2:   6%|▌         | 8/144 [00:00<00:04, 27.71it/s, v_num=80885, train_loss_step=0.109, val_loss=0.096, val_acc=0.969, train_loss_epoch=0.091]Epoch 2:   6%|▌         | 8/144 [00:00<00:04, 27.70it/s, v_num=80885, train_loss_step=0.0707, val_loss=0.096, val_acc=0.969, train_loss_epoch=0.091]Epoch 2:   6%|▋         | 9/144 [00:00<00:04, 28.55it/s, v_num=80885, train_loss_step=0.0707, val_loss=0.096, val_acc=0.969, train_loss_epoch=0.091]Epoch 2:   6%|▋         | 9/144 [00:00<00:04, 28.54it/s, v_num=80885, train_loss_step=0.0928, val_loss=0.096, val_acc=0.969, train_loss_epoch=0.091]Epoch 2:   7%|▋         | 10/144 [00:00<00:04, 29.01it/s, v_num=80885, train_loss_step=0.0928, val_loss=0.096, val_acc=0.969, train_loss_epoch=0.091]Epoch 2:   7%|▋         | 10/144 [00:00<00:04, 28.99it/s, v_num=80885, train_loss_step=0.0683, val_loss=0.096, val_acc=0.969, train_loss_epoch=0.091]Epoch 2:   8%|▊         | 11/144 [00:00<00:04, 29.56it/s, v_num=80885, train_loss_step=0.0683, val_loss=0.096, val_acc=0.969, train_loss_epoch=0.091]Epoch 2:   8%|▊         | 11/144 [00:00<00:04, 29.55it/s, v_num=80885, train_loss_step=0.0853, val_loss=0.096, val_acc=0.969, train_loss_epoch=0.091]Epoch 2:   8%|▊         | 12/144 [00:00<00:04, 30.19it/s, v_num=80885, train_loss_step=0.0853, val_loss=0.096, val_acc=0.969, train_loss_epoch=0.091]Epoch 2:   8%|▊         | 12/144 [00:00<00:04, 30.18it/s, v_num=80885, train_loss_step=0.0718, val_loss=0.096, val_acc=0.969, train_loss_epoch=0.091]Epoch 2:   9%|▉         | 13/144 [00:00<00:04, 30.63it/s, v_num=80885, train_loss_step=0.0718, val_loss=0.096, val_acc=0.969, train_loss_epoch=0.091]Epoch 2:   9%|▉         | 13/144 [00:00<00:04, 30.61it/s, v_num=80885, train_loss_step=0.0648, val_loss=0.096, val_acc=0.969, train_loss_epoch=0.091]Epoch 2:  10%|▉         | 14/144 [00:00<00:04, 30.81it/s, v_num=80885, train_loss_step=0.0648, val_loss=0.096, val_acc=0.969, train_loss_epoch=0.091]Epoch 2:  10%|▉         | 14/144 [00:00<00:04, 30.80it/s, v_num=80885, train_loss_step=0.071, val_loss=0.096, val_acc=0.969, train_loss_epoch=0.091] Epoch 2:  10%|█         | 15/144 [00:00<00:04, 31.27it/s, v_num=80885, train_loss_step=0.071, val_loss=0.096, val_acc=0.969, train_loss_epoch=0.091]Epoch 2:  10%|█         | 15/144 [00:00<00:04, 31.26it/s, v_num=80885, train_loss_step=0.0501, val_loss=0.096, val_acc=0.969, train_loss_epoch=0.091]Epoch 2:  11%|█         | 16/144 [00:00<00:04, 31.64it/s, v_num=80885, train_loss_step=0.0501, val_loss=0.096, val_acc=0.969, train_loss_epoch=0.091]Epoch 2:  11%|█         | 16/144 [00:00<00:04, 31.63it/s, v_num=80885, train_loss_step=0.119, val_loss=0.096, val_acc=0.969, train_loss_epoch=0.091] Epoch 2:  12%|█▏        | 17/144 [00:00<00:03, 32.03it/s, v_num=80885, train_loss_step=0.119, val_loss=0.096, val_acc=0.969, train_loss_epoch=0.091]Epoch 2:  12%|█▏        | 17/144 [00:00<00:03, 32.02it/s, v_num=80885, train_loss_step=0.0822, val_loss=0.096, val_acc=0.969, train_loss_epoch=0.091]Epoch 2:  12%|█▎        | 18/144 [00:00<00:03, 32.07it/s, v_num=80885, train_loss_step=0.0822, val_loss=0.096, val_acc=0.969, train_loss_epoch=0.091]Epoch 2:  12%|█▎        | 18/144 [00:00<00:03, 32.05it/s, v_num=80885, train_loss_step=0.0764, val_loss=0.096, val_acc=0.969, train_loss_epoch=0.091]Epoch 2:  13%|█▎        | 19/144 [00:00<00:03, 32.33it/s, v_num=80885, train_loss_step=0.0764, val_loss=0.096, val_acc=0.969, train_loss_epoch=0.091]Epoch 2:  13%|█▎        | 19/144 [00:00<00:03, 32.32it/s, v_num=80885, train_loss_step=0.0535, val_loss=0.096, val_acc=0.969, train_loss_epoch=0.091]Epoch 2:  14%|█▍        | 20/144 [00:00<00:03, 32.51it/s, v_num=80885, train_loss_step=0.0535, val_loss=0.096, val_acc=0.969, train_loss_epoch=0.091]Epoch 2:  14%|█▍        | 20/144 [00:00<00:03, 32.50it/s, v_num=80885, train_loss_step=0.0453, val_loss=0.096, val_acc=0.969, train_loss_epoch=0.091]Epoch 2:  15%|█▍        | 21/144 [00:00<00:03, 32.71it/s, v_num=80885, train_loss_step=0.0453, val_loss=0.096, val_acc=0.969, train_loss_epoch=0.091]Epoch 2:  15%|█▍        | 21/144 [00:00<00:03, 32.71it/s, v_num=80885, train_loss_step=0.0591, val_loss=0.096, val_acc=0.969, train_loss_epoch=0.091]Epoch 2:  15%|█▌        | 22/144 [00:00<00:03, 32.38it/s, v_num=80885, train_loss_step=0.0591, val_loss=0.096, val_acc=0.969, train_loss_epoch=0.091]Epoch 2:  15%|█▌        | 22/144 [00:00<00:03, 32.37it/s, v_num=80885, train_loss_step=0.0455, val_loss=0.096, val_acc=0.969, train_loss_epoch=0.091]Epoch 2:  16%|█▌        | 23/144 [00:00<00:03, 32.58it/s, v_num=80885, train_loss_step=0.0455, val_loss=0.096, val_acc=0.969, train_loss_epoch=0.091]Epoch 2:  16%|█▌        | 23/144 [00:00<00:03, 32.57it/s, v_num=80885, train_loss_step=0.0357, val_loss=0.096, val_acc=0.969, train_loss_epoch=0.091]Epoch 2:  17%|█▋        | 24/144 [00:00<00:03, 32.76it/s, v_num=80885, train_loss_step=0.0357, val_loss=0.096, val_acc=0.969, train_loss_epoch=0.091]Epoch 2:  17%|█▋        | 24/144 [00:00<00:03, 32.76it/s, v_num=80885, train_loss_step=0.0878, val_loss=0.096, val_acc=0.969, train_loss_epoch=0.091]Epoch 2:  17%|█▋        | 25/144 [00:00<00:03, 32.98it/s, v_num=80885, train_loss_step=0.0878, val_loss=0.096, val_acc=0.969, train_loss_epoch=0.091]Epoch 2:  17%|█▋        | 25/144 [00:00<00:03, 32.98it/s, v_num=80885, train_loss_step=0.0489, val_loss=0.096, val_acc=0.969, train_loss_epoch=0.091]Epoch 2:  18%|█▊        | 26/144 [00:00<00:03, 33.03it/s, v_num=80885, train_loss_step=0.0489, val_loss=0.096, val_acc=0.969, train_loss_epoch=0.091]Epoch 2:  18%|█▊        | 26/144 [00:00<00:03, 33.03it/s, v_num=80885, train_loss_step=0.0397, val_loss=0.096, val_acc=0.969, train_loss_epoch=0.091]Epoch 2:  19%|█▉        | 27/144 [00:00<00:03, 33.21it/s, v_num=80885, train_loss_step=0.0397, val_loss=0.096, val_acc=0.969, train_loss_epoch=0.091]Epoch 2:  19%|█▉        | 27/144 [00:00<00:03, 33.20it/s, v_num=80885, train_loss_step=0.0569, val_loss=0.096, val_acc=0.969, train_loss_epoch=0.091]Epoch 2:  19%|█▉        | 28/144 [00:00<00:03, 33.36it/s, v_num=80885, train_loss_step=0.0569, val_loss=0.096, val_acc=0.969, train_loss_epoch=0.091]Epoch 2:  19%|█▉        | 28/144 [00:00<00:03, 33.35it/s, v_num=80885, train_loss_step=0.0707, val_loss=0.096, val_acc=0.969, train_loss_epoch=0.091]Epoch 2:  20%|██        | 29/144 [00:00<00:03, 33.18it/s, v_num=80885, train_loss_step=0.0707, val_loss=0.096, val_acc=0.969, train_loss_epoch=0.091]Epoch 2:  20%|██        | 29/144 [00:00<00:03, 33.18it/s, v_num=80885, train_loss_step=0.0706, val_loss=0.096, val_acc=0.969, train_loss_epoch=0.091]Epoch 2:  21%|██        | 30/144 [00:00<00:03, 33.12it/s, v_num=80885, train_loss_step=0.0706, val_loss=0.096, val_acc=0.969, train_loss_epoch=0.091]Epoch 2:  21%|██        | 30/144 [00:00<00:03, 33.11it/s, v_num=80885, train_loss_step=0.059, val_loss=0.096, val_acc=0.969, train_loss_epoch=0.091] Epoch 2:  22%|██▏       | 31/144 [00:00<00:03, 33.22it/s, v_num=80885, train_loss_step=0.059, val_loss=0.096, val_acc=0.969, train_loss_epoch=0.091]Epoch 2:  22%|██▏       | 31/144 [00:00<00:03, 33.22it/s, v_num=80885, train_loss_step=0.0594, val_loss=0.096, val_acc=0.969, train_loss_epoch=0.091]Epoch 2:  22%|██▏       | 32/144 [00:00<00:03, 33.29it/s, v_num=80885, train_loss_step=0.0594, val_loss=0.096, val_acc=0.969, train_loss_epoch=0.091]Epoch 2:  22%|██▏       | 32/144 [00:00<00:03, 33.28it/s, v_num=80885, train_loss_step=0.0652, val_loss=0.096, val_acc=0.969, train_loss_epoch=0.091]Epoch 2:  23%|██▎       | 33/144 [00:00<00:03, 33.24it/s, v_num=80885, train_loss_step=0.0652, val_loss=0.096, val_acc=0.969, train_loss_epoch=0.091]Epoch 2:  23%|██▎       | 33/144 [00:00<00:03, 33.23it/s, v_num=80885, train_loss_step=0.0866, val_loss=0.096, val_acc=0.969, train_loss_epoch=0.091]Epoch 2:  24%|██▎       | 34/144 [00:01<00:03, 33.22it/s, v_num=80885, train_loss_step=0.0866, val_loss=0.096, val_acc=0.969, train_loss_epoch=0.091]Epoch 2:  24%|██▎       | 34/144 [00:01<00:03, 33.21it/s, v_num=80885, train_loss_step=0.0871, val_loss=0.096, val_acc=0.969, train_loss_epoch=0.091]Epoch 2:  24%|██▍       | 35/144 [00:01<00:03, 33.35it/s, v_num=80885, train_loss_step=0.0871, val_loss=0.096, val_acc=0.969, train_loss_epoch=0.091]Epoch 2:  24%|██▍       | 35/144 [00:01<00:03, 33.35it/s, v_num=80885, train_loss_step=0.0616, val_loss=0.096, val_acc=0.969, train_loss_epoch=0.091]Epoch 2:  25%|██▌       | 36/144 [00:01<00:03, 33.47it/s, v_num=80885, train_loss_step=0.0616, val_loss=0.096, val_acc=0.969, train_loss_epoch=0.091]Epoch 2:  25%|██▌       | 36/144 [00:01<00:03, 33.47it/s, v_num=80885, train_loss_step=0.0646, val_loss=0.096, val_acc=0.969, train_loss_epoch=0.091]Epoch 2:  26%|██▌       | 37/144 [00:01<00:03, 33.45it/s, v_num=80885, train_loss_step=0.0646, val_loss=0.096, val_acc=0.969, train_loss_epoch=0.091]Epoch 2:  26%|██▌       | 37/144 [00:01<00:03, 33.45it/s, v_num=80885, train_loss_step=0.0771, val_loss=0.096, val_acc=0.969, train_loss_epoch=0.091]Epoch 2:  26%|██▋       | 38/144 [00:01<00:03, 33.46it/s, v_num=80885, train_loss_step=0.0771, val_loss=0.096, val_acc=0.969, train_loss_epoch=0.091]Epoch 2:  26%|██▋       | 38/144 [00:01<00:03, 33.45it/s, v_num=80885, train_loss_step=0.0505, val_loss=0.096, val_acc=0.969, train_loss_epoch=0.091]Epoch 2:  27%|██▋       | 39/144 [00:01<00:03, 33.59it/s, v_num=80885, train_loss_step=0.0505, val_loss=0.096, val_acc=0.969, train_loss_epoch=0.091]Epoch 2:  27%|██▋       | 39/144 [00:01<00:03, 33.58it/s, v_num=80885, train_loss_step=0.0549, val_loss=0.096, val_acc=0.969, train_loss_epoch=0.091]Epoch 2:  28%|██▊       | 40/144 [00:01<00:03, 33.69it/s, v_num=80885, train_loss_step=0.0549, val_loss=0.096, val_acc=0.969, train_loss_epoch=0.091]Epoch 2:  28%|██▊       | 40/144 [00:01<00:03, 33.68it/s, v_num=80885, train_loss_step=0.0435, val_loss=0.096, val_acc=0.969, train_loss_epoch=0.091]Epoch 2:  28%|██▊       | 41/144 [00:01<00:03, 33.73it/s, v_num=80885, train_loss_step=0.0435, val_loss=0.096, val_acc=0.969, train_loss_epoch=0.091]Epoch 2:  28%|██▊       | 41/144 [00:01<00:03, 33.73it/s, v_num=80885, train_loss_step=0.0547, val_loss=0.096, val_acc=0.969, train_loss_epoch=0.091]Epoch 2:  29%|██▉       | 42/144 [00:01<00:03, 33.76it/s, v_num=80885, train_loss_step=0.0547, val_loss=0.096, val_acc=0.969, train_loss_epoch=0.091]Epoch 2:  29%|██▉       | 42/144 [00:01<00:03, 33.76it/s, v_num=80885, train_loss_step=0.0499, val_loss=0.096, val_acc=0.969, train_loss_epoch=0.091]Epoch 2:  30%|██▉       | 43/144 [00:01<00:02, 33.86it/s, v_num=80885, train_loss_step=0.0499, val_loss=0.096, val_acc=0.969, train_loss_epoch=0.091]Epoch 2:  30%|██▉       | 43/144 [00:01<00:02, 33.86it/s, v_num=80885, train_loss_step=0.105, val_loss=0.096, val_acc=0.969, train_loss_epoch=0.091] Epoch 2:  31%|███       | 44/144 [00:01<00:02, 33.96it/s, v_num=80885, train_loss_step=0.105, val_loss=0.096, val_acc=0.969, train_loss_epoch=0.091]Epoch 2:  31%|███       | 44/144 [00:01<00:02, 33.96it/s, v_num=80885, train_loss_step=0.0544, val_loss=0.096, val_acc=0.969, train_loss_epoch=0.091]Epoch 2:  31%|███▏      | 45/144 [00:01<00:02, 34.06it/s, v_num=80885, train_loss_step=0.0544, val_loss=0.096, val_acc=0.969, train_loss_epoch=0.091]Epoch 2:  31%|███▏      | 45/144 [00:01<00:02, 34.05it/s, v_num=80885, train_loss_step=0.0701, val_loss=0.096, val_acc=0.969, train_loss_epoch=0.091]Epoch 2:  32%|███▏      | 46/144 [00:01<00:02, 34.04it/s, v_num=80885, train_loss_step=0.0701, val_loss=0.096, val_acc=0.969, train_loss_epoch=0.091]Epoch 2:  32%|███▏      | 46/144 [00:01<00:02, 34.04it/s, v_num=80885, train_loss_step=0.0541, val_loss=0.096, val_acc=0.969, train_loss_epoch=0.091]Epoch 2:  33%|███▎      | 47/144 [00:01<00:02, 34.15it/s, v_num=80885, train_loss_step=0.0541, val_loss=0.096, val_acc=0.969, train_loss_epoch=0.091]Epoch 2:  33%|███▎      | 47/144 [00:01<00:02, 34.14it/s, v_num=80885, train_loss_step=0.0929, val_loss=0.096, val_acc=0.969, train_loss_epoch=0.091]Epoch 2:  33%|███▎      | 48/144 [00:01<00:02, 34.24it/s, v_num=80885, train_loss_step=0.0929, val_loss=0.096, val_acc=0.969, train_loss_epoch=0.091]Epoch 2:  33%|███▎      | 48/144 [00:01<00:02, 34.23it/s, v_num=80885, train_loss_step=0.063, val_loss=0.096, val_acc=0.969, train_loss_epoch=0.091] Epoch 2:  34%|███▍      | 49/144 [00:01<00:02, 34.31it/s, v_num=80885, train_loss_step=0.063, val_loss=0.096, val_acc=0.969, train_loss_epoch=0.091]Epoch 2:  34%|███▍      | 49/144 [00:01<00:02, 34.30it/s, v_num=80885, train_loss_step=0.0534, val_loss=0.096, val_acc=0.969, train_loss_epoch=0.091]Epoch 2:  35%|███▍      | 50/144 [00:01<00:02, 34.29it/s, v_num=80885, train_loss_step=0.0534, val_loss=0.096, val_acc=0.969, train_loss_epoch=0.091]Epoch 2:  35%|███▍      | 50/144 [00:01<00:02, 34.28it/s, v_num=80885, train_loss_step=0.0614, val_loss=0.096, val_acc=0.969, train_loss_epoch=0.091]Epoch 2:  35%|███▌      | 51/144 [00:01<00:02, 34.35it/s, v_num=80885, train_loss_step=0.0614, val_loss=0.096, val_acc=0.969, train_loss_epoch=0.091]Epoch 2:  35%|███▌      | 51/144 [00:01<00:02, 34.35it/s, v_num=80885, train_loss_step=0.0509, val_loss=0.096, val_acc=0.969, train_loss_epoch=0.091]Epoch 2:  36%|███▌      | 52/144 [00:01<00:02, 34.41it/s, v_num=80885, train_loss_step=0.0509, val_loss=0.096, val_acc=0.969, train_loss_epoch=0.091]Epoch 2:  36%|███▌      | 52/144 [00:01<00:02, 34.41it/s, v_num=80885, train_loss_step=0.0533, val_loss=0.096, val_acc=0.969, train_loss_epoch=0.091]Epoch 2:  37%|███▋      | 53/144 [00:01<00:02, 34.47it/s, v_num=80885, train_loss_step=0.0533, val_loss=0.096, val_acc=0.969, train_loss_epoch=0.091]Epoch 2:  37%|███▋      | 53/144 [00:01<00:02, 34.47it/s, v_num=80885, train_loss_step=0.0553, val_loss=0.096, val_acc=0.969, train_loss_epoch=0.091]Epoch 2:  38%|███▊      | 54/144 [00:01<00:02, 34.48it/s, v_num=80885, train_loss_step=0.0553, val_loss=0.096, val_acc=0.969, train_loss_epoch=0.091]Epoch 2:  38%|███▊      | 54/144 [00:01<00:02, 34.47it/s, v_num=80885, train_loss_step=0.108, val_loss=0.096, val_acc=0.969, train_loss_epoch=0.091] Epoch 2:  38%|███▊      | 55/144 [00:01<00:02, 34.24it/s, v_num=80885, train_loss_step=0.108, val_loss=0.096, val_acc=0.969, train_loss_epoch=0.091]Epoch 2:  38%|███▊      | 55/144 [00:01<00:02, 34.24it/s, v_num=80885, train_loss_step=0.0729, val_loss=0.096, val_acc=0.969, train_loss_epoch=0.091]Epoch 2:  39%|███▉      | 56/144 [00:01<00:02, 34.24it/s, v_num=80885, train_loss_step=0.0729, val_loss=0.096, val_acc=0.969, train_loss_epoch=0.091]Epoch 2:  39%|███▉      | 56/144 [00:01<00:02, 34.24it/s, v_num=80885, train_loss_step=0.084, val_loss=0.096, val_acc=0.969, train_loss_epoch=0.091] Epoch 2:  40%|███▉      | 57/144 [00:01<00:02, 34.19it/s, v_num=80885, train_loss_step=0.084, val_loss=0.096, val_acc=0.969, train_loss_epoch=0.091]Epoch 2:  40%|███▉      | 57/144 [00:01<00:02, 34.19it/s, v_num=80885, train_loss_step=0.058, val_loss=0.096, val_acc=0.969, train_loss_epoch=0.091]Epoch 2:  40%|████      | 58/144 [00:01<00:02, 34.25it/s, v_num=80885, train_loss_step=0.058, val_loss=0.096, val_acc=0.969, train_loss_epoch=0.091]Epoch 2:  40%|████      | 58/144 [00:01<00:02, 34.25it/s, v_num=80885, train_loss_step=0.0529, val_loss=0.096, val_acc=0.969, train_loss_epoch=0.091]Epoch 2:  41%|████      | 59/144 [00:01<00:02, 34.30it/s, v_num=80885, train_loss_step=0.0529, val_loss=0.096, val_acc=0.969, train_loss_epoch=0.091]Epoch 2:  41%|████      | 59/144 [00:01<00:02, 34.30it/s, v_num=80885, train_loss_step=0.0456, val_loss=0.096, val_acc=0.969, train_loss_epoch=0.091]Epoch 2:  42%|████▏     | 60/144 [00:01<00:02, 34.33it/s, v_num=80885, train_loss_step=0.0456, val_loss=0.096, val_acc=0.969, train_loss_epoch=0.091]Epoch 2:  42%|████▏     | 60/144 [00:01<00:02, 34.32it/s, v_num=80885, train_loss_step=0.0383, val_loss=0.096, val_acc=0.969, train_loss_epoch=0.091]Epoch 2:  42%|████▏     | 61/144 [00:01<00:02, 34.31it/s, v_num=80885, train_loss_step=0.0383, val_loss=0.096, val_acc=0.969, train_loss_epoch=0.091]Epoch 2:  42%|████▏     | 61/144 [00:01<00:02, 34.30it/s, v_num=80885, train_loss_step=0.0563, val_loss=0.096, val_acc=0.969, train_loss_epoch=0.091]Epoch 2:  43%|████▎     | 62/144 [00:01<00:02, 34.37it/s, v_num=80885, train_loss_step=0.0563, val_loss=0.096, val_acc=0.969, train_loss_epoch=0.091]Epoch 2:  43%|████▎     | 62/144 [00:01<00:02, 34.37it/s, v_num=80885, train_loss_step=0.0328, val_loss=0.096, val_acc=0.969, train_loss_epoch=0.091]Epoch 2:  44%|████▍     | 63/144 [00:01<00:02, 34.43it/s, v_num=80885, train_loss_step=0.0328, val_loss=0.096, val_acc=0.969, train_loss_epoch=0.091]Epoch 2:  44%|████▍     | 63/144 [00:01<00:02, 34.42it/s, v_num=80885, train_loss_step=0.0378, val_loss=0.096, val_acc=0.969, train_loss_epoch=0.091]Epoch 2:  44%|████▍     | 64/144 [00:01<00:02, 34.38it/s, v_num=80885, train_loss_step=0.0378, val_loss=0.096, val_acc=0.969, train_loss_epoch=0.091]Epoch 2:  44%|████▍     | 64/144 [00:01<00:02, 34.38it/s, v_num=80885, train_loss_step=0.108, val_loss=0.096, val_acc=0.969, train_loss_epoch=0.091] Epoch 2:  45%|████▌     | 65/144 [00:01<00:02, 34.28it/s, v_num=80885, train_loss_step=0.108, val_loss=0.096, val_acc=0.969, train_loss_epoch=0.091]Epoch 2:  45%|████▌     | 65/144 [00:01<00:02, 34.28it/s, v_num=80885, train_loss_step=0.0514, val_loss=0.096, val_acc=0.969, train_loss_epoch=0.091]Epoch 2:  46%|████▌     | 66/144 [00:01<00:02, 34.33it/s, v_num=80885, train_loss_step=0.0514, val_loss=0.096, val_acc=0.969, train_loss_epoch=0.091]Epoch 2:  46%|████▌     | 66/144 [00:01<00:02, 34.33it/s, v_num=80885, train_loss_step=0.0568, val_loss=0.096, val_acc=0.969, train_loss_epoch=0.091]Epoch 2:  47%|████▋     | 67/144 [00:01<00:02, 34.38it/s, v_num=80885, train_loss_step=0.0568, val_loss=0.096, val_acc=0.969, train_loss_epoch=0.091]Epoch 2:  47%|████▋     | 67/144 [00:01<00:02, 34.38it/s, v_num=80885, train_loss_step=0.0556, val_loss=0.096, val_acc=0.969, train_loss_epoch=0.091]Epoch 2:  47%|████▋     | 68/144 [00:01<00:02, 34.41it/s, v_num=80885, train_loss_step=0.0556, val_loss=0.096, val_acc=0.969, train_loss_epoch=0.091]Epoch 2:  47%|████▋     | 68/144 [00:01<00:02, 34.41it/s, v_num=80885, train_loss_step=0.0234, val_loss=0.096, val_acc=0.969, train_loss_epoch=0.091]Epoch 2:  48%|████▊     | 69/144 [00:02<00:02, 34.41it/s, v_num=80885, train_loss_step=0.0234, val_loss=0.096, val_acc=0.969, train_loss_epoch=0.091]Epoch 2:  48%|████▊     | 69/144 [00:02<00:02, 34.41it/s, v_num=80885, train_loss_step=0.0325, val_loss=0.096, val_acc=0.969, train_loss_epoch=0.091]Epoch 2:  49%|████▊     | 70/144 [00:02<00:02, 34.46it/s, v_num=80885, train_loss_step=0.0325, val_loss=0.096, val_acc=0.969, train_loss_epoch=0.091]Epoch 2:  49%|████▊     | 70/144 [00:02<00:02, 34.45it/s, v_num=80885, train_loss_step=0.0786, val_loss=0.096, val_acc=0.969, train_loss_epoch=0.091]Epoch 2:  49%|████▉     | 71/144 [00:02<00:02, 34.49it/s, v_num=80885, train_loss_step=0.0786, val_loss=0.096, val_acc=0.969, train_loss_epoch=0.091]Epoch 2:  49%|████▉     | 71/144 [00:02<00:02, 34.48it/s, v_num=80885, train_loss_step=0.0365, val_loss=0.096, val_acc=0.969, train_loss_epoch=0.091]Epoch 2:  50%|█████     | 72/144 [00:02<00:02, 34.46it/s, v_num=80885, train_loss_step=0.0365, val_loss=0.096, val_acc=0.969, train_loss_epoch=0.091]Epoch 2:  50%|█████     | 72/144 [00:02<00:02, 34.45it/s, v_num=80885, train_loss_step=0.0393, val_loss=0.096, val_acc=0.969, train_loss_epoch=0.091]Epoch 2:  51%|█████     | 73/144 [00:02<00:02, 34.44it/s, v_num=80885, train_loss_step=0.0393, val_loss=0.096, val_acc=0.969, train_loss_epoch=0.091]Epoch 2:  51%|█████     | 73/144 [00:02<00:02, 34.44it/s, v_num=80885, train_loss_step=0.0557, val_loss=0.096, val_acc=0.969, train_loss_epoch=0.091]Epoch 2:  51%|█████▏    | 74/144 [00:02<00:02, 34.49it/s, v_num=80885, train_loss_step=0.0557, val_loss=0.096, val_acc=0.969, train_loss_epoch=0.091]Epoch 2:  51%|█████▏    | 74/144 [00:02<00:02, 34.49it/s, v_num=80885, train_loss_step=0.0305, val_loss=0.096, val_acc=0.969, train_loss_epoch=0.091]Epoch 2:  52%|█████▏    | 75/144 [00:02<00:01, 34.56it/s, v_num=80885, train_loss_step=0.0305, val_loss=0.096, val_acc=0.969, train_loss_epoch=0.091]Epoch 2:  52%|█████▏    | 75/144 [00:02<00:01, 34.55it/s, v_num=80885, train_loss_step=0.0327, val_loss=0.096, val_acc=0.969, train_loss_epoch=0.091]Epoch 2:  53%|█████▎    | 76/144 [00:02<00:01, 34.53it/s, v_num=80885, train_loss_step=0.0327, val_loss=0.096, val_acc=0.969, train_loss_epoch=0.091]Epoch 2:  53%|█████▎    | 76/144 [00:02<00:01, 34.52it/s, v_num=80885, train_loss_step=0.0449, val_loss=0.096, val_acc=0.969, train_loss_epoch=0.091]Epoch 2:  53%|█████▎    | 77/144 [00:02<00:01, 34.54it/s, v_num=80885, train_loss_step=0.0449, val_loss=0.096, val_acc=0.969, train_loss_epoch=0.091]Epoch 2:  53%|█████▎    | 77/144 [00:02<00:01, 34.53it/s, v_num=80885, train_loss_step=0.0742, val_loss=0.096, val_acc=0.969, train_loss_epoch=0.091]Epoch 2:  54%|█████▍    | 78/144 [00:02<00:01, 34.59it/s, v_num=80885, train_loss_step=0.0742, val_loss=0.096, val_acc=0.969, train_loss_epoch=0.091]Epoch 2:  54%|█████▍    | 78/144 [00:02<00:01, 34.58it/s, v_num=80885, train_loss_step=0.0516, val_loss=0.096, val_acc=0.969, train_loss_epoch=0.091]Epoch 2:  55%|█████▍    | 79/144 [00:02<00:01, 34.63it/s, v_num=80885, train_loss_step=0.0516, val_loss=0.096, val_acc=0.969, train_loss_epoch=0.091]Epoch 2:  55%|█████▍    | 79/144 [00:02<00:01, 34.63it/s, v_num=80885, train_loss_step=0.119, val_loss=0.096, val_acc=0.969, train_loss_epoch=0.091] Epoch 2:  56%|█████▌    | 80/144 [00:02<00:01, 34.69it/s, v_num=80885, train_loss_step=0.119, val_loss=0.096, val_acc=0.969, train_loss_epoch=0.091]Epoch 2:  56%|█████▌    | 80/144 [00:02<00:01, 34.68it/s, v_num=80885, train_loss_step=0.0402, val_loss=0.096, val_acc=0.969, train_loss_epoch=0.091]Epoch 2:  56%|█████▋    | 81/144 [00:02<00:01, 34.68it/s, v_num=80885, train_loss_step=0.0402, val_loss=0.096, val_acc=0.969, train_loss_epoch=0.091]Epoch 2:  56%|█████▋    | 81/144 [00:02<00:01, 34.68it/s, v_num=80885, train_loss_step=0.0868, val_loss=0.096, val_acc=0.969, train_loss_epoch=0.091]Epoch 2:  57%|█████▋    | 82/144 [00:02<00:01, 34.72it/s, v_num=80885, train_loss_step=0.0868, val_loss=0.096, val_acc=0.969, train_loss_epoch=0.091]Epoch 2:  57%|█████▋    | 82/144 [00:02<00:01, 34.72it/s, v_num=80885, train_loss_step=0.095, val_loss=0.096, val_acc=0.969, train_loss_epoch=0.091] Epoch 2:  58%|█████▊    | 83/144 [00:02<00:01, 34.77it/s, v_num=80885, train_loss_step=0.095, val_loss=0.096, val_acc=0.969, train_loss_epoch=0.091]Epoch 2:  58%|█████▊    | 83/144 [00:02<00:01, 34.77it/s, v_num=80885, train_loss_step=0.0754, val_loss=0.096, val_acc=0.969, train_loss_epoch=0.091]Epoch 2:  58%|█████▊    | 84/144 [00:02<00:01, 34.79it/s, v_num=80885, train_loss_step=0.0754, val_loss=0.096, val_acc=0.969, train_loss_epoch=0.091]Epoch 2:  58%|█████▊    | 84/144 [00:02<00:01, 34.79it/s, v_num=80885, train_loss_step=0.0443, val_loss=0.096, val_acc=0.969, train_loss_epoch=0.091]Epoch 2:  59%|█████▉    | 85/144 [00:02<00:01, 34.76it/s, v_num=80885, train_loss_step=0.0443, val_loss=0.096, val_acc=0.969, train_loss_epoch=0.091]Epoch 2:  59%|█████▉    | 85/144 [00:02<00:01, 34.76it/s, v_num=80885, train_loss_step=0.0732, val_loss=0.096, val_acc=0.969, train_loss_epoch=0.091]Epoch 2:  60%|█████▉    | 86/144 [00:02<00:01, 34.82it/s, v_num=80885, train_loss_step=0.0732, val_loss=0.096, val_acc=0.969, train_loss_epoch=0.091]Epoch 2:  60%|█████▉    | 86/144 [00:02<00:01, 34.81it/s, v_num=80885, train_loss_step=0.067, val_loss=0.096, val_acc=0.969, train_loss_epoch=0.091] Epoch 2:  60%|██████    | 87/144 [00:02<00:01, 34.86it/s, v_num=80885, train_loss_step=0.067, val_loss=0.096, val_acc=0.969, train_loss_epoch=0.091]Epoch 2:  60%|██████    | 87/144 [00:02<00:01, 34.86it/s, v_num=80885, train_loss_step=0.0562, val_loss=0.096, val_acc=0.969, train_loss_epoch=0.091]Epoch 2:  61%|██████    | 88/144 [00:02<00:01, 34.91it/s, v_num=80885, train_loss_step=0.0562, val_loss=0.096, val_acc=0.969, train_loss_epoch=0.091]Epoch 2:  61%|██████    | 88/144 [00:02<00:01, 34.90it/s, v_num=80885, train_loss_step=0.0524, val_loss=0.096, val_acc=0.969, train_loss_epoch=0.091]Epoch 2:  62%|██████▏   | 89/144 [00:02<00:01, 34.90it/s, v_num=80885, train_loss_step=0.0524, val_loss=0.096, val_acc=0.969, train_loss_epoch=0.091]Epoch 2:  62%|██████▏   | 89/144 [00:02<00:01, 34.90it/s, v_num=80885, train_loss_step=0.0585, val_loss=0.096, val_acc=0.969, train_loss_epoch=0.091]Epoch 2:  62%|██████▎   | 90/144 [00:02<00:01, 34.92it/s, v_num=80885, train_loss_step=0.0585, val_loss=0.096, val_acc=0.969, train_loss_epoch=0.091]Epoch 2:  62%|██████▎   | 90/144 [00:02<00:01, 34.92it/s, v_num=80885, train_loss_step=0.0854, val_loss=0.096, val_acc=0.969, train_loss_epoch=0.091]Epoch 2:  63%|██████▎   | 91/144 [00:02<00:01, 34.97it/s, v_num=80885, train_loss_step=0.0854, val_loss=0.096, val_acc=0.969, train_loss_epoch=0.091]Epoch 2:  63%|██████▎   | 91/144 [00:02<00:01, 34.97it/s, v_num=80885, train_loss_step=0.0449, val_loss=0.096, val_acc=0.969, train_loss_epoch=0.091]Epoch 2:  64%|██████▍   | 92/144 [00:02<00:01, 34.99it/s, v_num=80885, train_loss_step=0.0449, val_loss=0.096, val_acc=0.969, train_loss_epoch=0.091]Epoch 2:  64%|██████▍   | 92/144 [00:02<00:01, 34.99it/s, v_num=80885, train_loss_step=0.0266, val_loss=0.096, val_acc=0.969, train_loss_epoch=0.091]Epoch 2:  65%|██████▍   | 93/144 [00:02<00:01, 34.99it/s, v_num=80885, train_loss_step=0.0266, val_loss=0.096, val_acc=0.969, train_loss_epoch=0.091]Epoch 2:  65%|██████▍   | 93/144 [00:02<00:01, 34.98it/s, v_num=80885, train_loss_step=0.0778, val_loss=0.096, val_acc=0.969, train_loss_epoch=0.091]Epoch 2:  65%|██████▌   | 94/144 [00:02<00:01, 35.01it/s, v_num=80885, train_loss_step=0.0778, val_loss=0.096, val_acc=0.969, train_loss_epoch=0.091]Epoch 2:  65%|██████▌   | 94/144 [00:02<00:01, 35.01it/s, v_num=80885, train_loss_step=0.025, val_loss=0.096, val_acc=0.969, train_loss_epoch=0.091] Epoch 2:  66%|██████▌   | 95/144 [00:02<00:01, 35.05it/s, v_num=80885, train_loss_step=0.025, val_loss=0.096, val_acc=0.969, train_loss_epoch=0.091]Epoch 2:  66%|██████▌   | 95/144 [00:02<00:01, 35.05it/s, v_num=80885, train_loss_step=0.0714, val_loss=0.096, val_acc=0.969, train_loss_epoch=0.091]Epoch 2:  67%|██████▋   | 96/144 [00:02<00:01, 35.07it/s, v_num=80885, train_loss_step=0.0714, val_loss=0.096, val_acc=0.969, train_loss_epoch=0.091]Epoch 2:  67%|██████▋   | 96/144 [00:02<00:01, 35.07it/s, v_num=80885, train_loss_step=0.0891, val_loss=0.096, val_acc=0.969, train_loss_epoch=0.091]Epoch 2:  67%|██████▋   | 97/144 [00:02<00:01, 35.06it/s, v_num=80885, train_loss_step=0.0891, val_loss=0.096, val_acc=0.969, train_loss_epoch=0.091]Epoch 2:  67%|██████▋   | 97/144 [00:02<00:01, 35.06it/s, v_num=80885, train_loss_step=0.0283, val_loss=0.096, val_acc=0.969, train_loss_epoch=0.091]Epoch 2:  68%|██████▊   | 98/144 [00:02<00:01, 35.11it/s, v_num=80885, train_loss_step=0.0283, val_loss=0.096, val_acc=0.969, train_loss_epoch=0.091]Epoch 2:  68%|██████▊   | 98/144 [00:02<00:01, 35.11it/s, v_num=80885, train_loss_step=0.0869, val_loss=0.096, val_acc=0.969, train_loss_epoch=0.091]Epoch 2:  69%|██████▉   | 99/144 [00:02<00:01, 35.16it/s, v_num=80885, train_loss_step=0.0869, val_loss=0.096, val_acc=0.969, train_loss_epoch=0.091]Epoch 2:  69%|██████▉   | 99/144 [00:02<00:01, 35.16it/s, v_num=80885, train_loss_step=0.0448, val_loss=0.096, val_acc=0.969, train_loss_epoch=0.091]Epoch 2:  69%|██████▉   | 100/144 [00:02<00:01, 35.20it/s, v_num=80885, train_loss_step=0.0448, val_loss=0.096, val_acc=0.969, train_loss_epoch=0.091]Epoch 2:  69%|██████▉   | 100/144 [00:02<00:01, 35.20it/s, v_num=80885, train_loss_step=0.0488, val_loss=0.096, val_acc=0.969, train_loss_epoch=0.091]Epoch 2:  70%|███████   | 101/144 [00:02<00:01, 35.20it/s, v_num=80885, train_loss_step=0.0488, val_loss=0.096, val_acc=0.969, train_loss_epoch=0.091]Epoch 2:  70%|███████   | 101/144 [00:02<00:01, 35.19it/s, v_num=80885, train_loss_step=0.0936, val_loss=0.096, val_acc=0.969, train_loss_epoch=0.091]Epoch 2:  71%|███████   | 102/144 [00:02<00:01, 35.23it/s, v_num=80885, train_loss_step=0.0936, val_loss=0.096, val_acc=0.969, train_loss_epoch=0.091]Epoch 2:  71%|███████   | 102/144 [00:02<00:01, 35.23it/s, v_num=80885, train_loss_step=0.0897, val_loss=0.096, val_acc=0.969, train_loss_epoch=0.091]Epoch 2:  72%|███████▏  | 103/144 [00:02<00:01, 35.24it/s, v_num=80885, train_loss_step=0.0897, val_loss=0.096, val_acc=0.969, train_loss_epoch=0.091]Epoch 2:  72%|███████▏  | 103/144 [00:02<00:01, 35.24it/s, v_num=80885, train_loss_step=0.0518, val_loss=0.096, val_acc=0.969, train_loss_epoch=0.091]Epoch 2:  72%|███████▏  | 104/144 [00:02<00:01, 35.27it/s, v_num=80885, train_loss_step=0.0518, val_loss=0.096, val_acc=0.969, train_loss_epoch=0.091]Epoch 2:  72%|███████▏  | 104/144 [00:02<00:01, 35.27it/s, v_num=80885, train_loss_step=0.0384, val_loss=0.096, val_acc=0.969, train_loss_epoch=0.091]Epoch 2:  73%|███████▎  | 105/144 [00:02<00:01, 35.16it/s, v_num=80885, train_loss_step=0.0384, val_loss=0.096, val_acc=0.969, train_loss_epoch=0.091]Epoch 2:  73%|███████▎  | 105/144 [00:02<00:01, 35.16it/s, v_num=80885, train_loss_step=0.0368, val_loss=0.096, val_acc=0.969, train_loss_epoch=0.091]Epoch 2:  74%|███████▎  | 106/144 [00:03<00:01, 35.18it/s, v_num=80885, train_loss_step=0.0368, val_loss=0.096, val_acc=0.969, train_loss_epoch=0.091]Epoch 2:  74%|███████▎  | 106/144 [00:03<00:01, 35.18it/s, v_num=80885, train_loss_step=0.0524, val_loss=0.096, val_acc=0.969, train_loss_epoch=0.091]Epoch 2:  74%|███████▍  | 107/144 [00:03<00:01, 35.21it/s, v_num=80885, train_loss_step=0.0524, val_loss=0.096, val_acc=0.969, train_loss_epoch=0.091]Epoch 2:  74%|███████▍  | 107/144 [00:03<00:01, 35.21it/s, v_num=80885, train_loss_step=0.0498, val_loss=0.096, val_acc=0.969, train_loss_epoch=0.091]Epoch 2:  75%|███████▌  | 108/144 [00:03<00:01, 35.25it/s, v_num=80885, train_loss_step=0.0498, val_loss=0.096, val_acc=0.969, train_loss_epoch=0.091]Epoch 2:  75%|███████▌  | 108/144 [00:03<00:01, 35.25it/s, v_num=80885, train_loss_step=0.088, val_loss=0.096, val_acc=0.969, train_loss_epoch=0.091] Epoch 2:  76%|███████▌  | 109/144 [00:03<00:00, 35.24it/s, v_num=80885, train_loss_step=0.088, val_loss=0.096, val_acc=0.969, train_loss_epoch=0.091]Epoch 2:  76%|███████▌  | 109/144 [00:03<00:00, 35.24it/s, v_num=80885, train_loss_step=0.0756, val_loss=0.096, val_acc=0.969, train_loss_epoch=0.091]Epoch 2:  76%|███████▋  | 110/144 [00:03<00:00, 35.28it/s, v_num=80885, train_loss_step=0.0756, val_loss=0.096, val_acc=0.969, train_loss_epoch=0.091]Epoch 2:  76%|███████▋  | 110/144 [00:03<00:00, 35.28it/s, v_num=80885, train_loss_step=0.0549, val_loss=0.096, val_acc=0.969, train_loss_epoch=0.091]Epoch 2:  77%|███████▋  | 111/144 [00:03<00:00, 35.32it/s, v_num=80885, train_loss_step=0.0549, val_loss=0.096, val_acc=0.969, train_loss_epoch=0.091]Epoch 2:  77%|███████▋  | 111/144 [00:03<00:00, 35.32it/s, v_num=80885, train_loss_step=0.0388, val_loss=0.096, val_acc=0.969, train_loss_epoch=0.091]Epoch 2:  78%|███████▊  | 112/144 [00:03<00:00, 35.36it/s, v_num=80885, train_loss_step=0.0388, val_loss=0.096, val_acc=0.969, train_loss_epoch=0.091]Epoch 2:  78%|███████▊  | 112/144 [00:03<00:00, 35.35it/s, v_num=80885, train_loss_step=0.0732, val_loss=0.096, val_acc=0.969, train_loss_epoch=0.091]Epoch 2:  78%|███████▊  | 113/144 [00:03<00:00, 35.33it/s, v_num=80885, train_loss_step=0.0732, val_loss=0.096, val_acc=0.969, train_loss_epoch=0.091]Epoch 2:  78%|███████▊  | 113/144 [00:03<00:00, 35.33it/s, v_num=80885, train_loss_step=0.0911, val_loss=0.096, val_acc=0.969, train_loss_epoch=0.091]Epoch 2:  79%|███████▉  | 114/144 [00:03<00:00, 35.36it/s, v_num=80885, train_loss_step=0.0911, val_loss=0.096, val_acc=0.969, train_loss_epoch=0.091]Epoch 2:  79%|███████▉  | 114/144 [00:03<00:00, 35.36it/s, v_num=80885, train_loss_step=0.0603, val_loss=0.096, val_acc=0.969, train_loss_epoch=0.091]Epoch 2:  80%|███████▉  | 115/144 [00:03<00:00, 35.39it/s, v_num=80885, train_loss_step=0.0603, val_loss=0.096, val_acc=0.969, train_loss_epoch=0.091]Epoch 2:  80%|███████▉  | 115/144 [00:03<00:00, 35.39it/s, v_num=80885, train_loss_step=0.0445, val_loss=0.096, val_acc=0.969, train_loss_epoch=0.091]Epoch 2:  81%|████████  | 116/144 [00:03<00:00, 35.42it/s, v_num=80885, train_loss_step=0.0445, val_loss=0.096, val_acc=0.969, train_loss_epoch=0.091]Epoch 2:  81%|████████  | 116/144 [00:03<00:00, 35.42it/s, v_num=80885, train_loss_step=0.0451, val_loss=0.096, val_acc=0.969, train_loss_epoch=0.091]Epoch 2:  81%|████████▏ | 117/144 [00:03<00:00, 35.43it/s, v_num=80885, train_loss_step=0.0451, val_loss=0.096, val_acc=0.969, train_loss_epoch=0.091]Epoch 2:  81%|████████▏ | 117/144 [00:03<00:00, 35.43it/s, v_num=80885, train_loss_step=0.0439, val_loss=0.096, val_acc=0.969, train_loss_epoch=0.091]Epoch 2:  82%|████████▏ | 118/144 [00:03<00:00, 35.48it/s, v_num=80885, train_loss_step=0.0439, val_loss=0.096, val_acc=0.969, train_loss_epoch=0.091]Epoch 2:  82%|████████▏ | 118/144 [00:03<00:00, 35.48it/s, v_num=80885, train_loss_step=0.094, val_loss=0.096, val_acc=0.969, train_loss_epoch=0.091] Epoch 2:  83%|████████▎ | 119/144 [00:03<00:00, 35.52it/s, v_num=80885, train_loss_step=0.094, val_loss=0.096, val_acc=0.969, train_loss_epoch=0.091]Epoch 2:  83%|████████▎ | 119/144 [00:03<00:00, 35.52it/s, v_num=80885, train_loss_step=0.080, val_loss=0.096, val_acc=0.969, train_loss_epoch=0.091]Epoch 2:  83%|████████▎ | 120/144 [00:03<00:00, 35.56it/s, v_num=80885, train_loss_step=0.080, val_loss=0.096, val_acc=0.969, train_loss_epoch=0.091]Epoch 2:  83%|████████▎ | 120/144 [00:03<00:00, 35.56it/s, v_num=80885, train_loss_step=0.0275, val_loss=0.096, val_acc=0.969, train_loss_epoch=0.091]Epoch 2:  84%|████████▍ | 121/144 [00:03<00:00, 35.43it/s, v_num=80885, train_loss_step=0.0275, val_loss=0.096, val_acc=0.969, train_loss_epoch=0.091]Epoch 2:  84%|████████▍ | 121/144 [00:03<00:00, 35.43it/s, v_num=80885, train_loss_step=0.0605, val_loss=0.096, val_acc=0.969, train_loss_epoch=0.091]Epoch 2:  85%|████████▍ | 122/144 [00:03<00:00, 35.39it/s, v_num=80885, train_loss_step=0.0605, val_loss=0.096, val_acc=0.969, train_loss_epoch=0.091]Epoch 2:  85%|████████▍ | 122/144 [00:03<00:00, 35.39it/s, v_num=80885, train_loss_step=0.0458, val_loss=0.096, val_acc=0.969, train_loss_epoch=0.091]Epoch 2:  85%|████████▌ | 123/144 [00:03<00:00, 35.43it/s, v_num=80885, train_loss_step=0.0458, val_loss=0.096, val_acc=0.969, train_loss_epoch=0.091]Epoch 2:  85%|████████▌ | 123/144 [00:03<00:00, 35.43it/s, v_num=80885, train_loss_step=0.0332, val_loss=0.096, val_acc=0.969, train_loss_epoch=0.091]Epoch 2:  86%|████████▌ | 124/144 [00:03<00:00, 35.46it/s, v_num=80885, train_loss_step=0.0332, val_loss=0.096, val_acc=0.969, train_loss_epoch=0.091]Epoch 2:  86%|████████▌ | 124/144 [00:03<00:00, 35.46it/s, v_num=80885, train_loss_step=0.101, val_loss=0.096, val_acc=0.969, train_loss_epoch=0.091] Epoch 2:  87%|████████▋ | 125/144 [00:03<00:00, 35.49it/s, v_num=80885, train_loss_step=0.101, val_loss=0.096, val_acc=0.969, train_loss_epoch=0.091]Epoch 2:  87%|████████▋ | 125/144 [00:03<00:00, 35.48it/s, v_num=80885, train_loss_step=0.0587, val_loss=0.096, val_acc=0.969, train_loss_epoch=0.091]Epoch 2:  88%|████████▊ | 126/144 [00:03<00:00, 35.47it/s, v_num=80885, train_loss_step=0.0587, val_loss=0.096, val_acc=0.969, train_loss_epoch=0.091]Epoch 2:  88%|████████▊ | 126/144 [00:03<00:00, 35.47it/s, v_num=80885, train_loss_step=0.0993, val_loss=0.096, val_acc=0.969, train_loss_epoch=0.091]Epoch 2:  88%|████████▊ | 127/144 [00:03<00:00, 35.51it/s, v_num=80885, train_loss_step=0.0993, val_loss=0.096, val_acc=0.969, train_loss_epoch=0.091]Epoch 2:  88%|████████▊ | 127/144 [00:03<00:00, 35.51it/s, v_num=80885, train_loss_step=0.0629, val_loss=0.096, val_acc=0.969, train_loss_epoch=0.091]Epoch 2:  89%|████████▉ | 128/144 [00:03<00:00, 35.54it/s, v_num=80885, train_loss_step=0.0629, val_loss=0.096, val_acc=0.969, train_loss_epoch=0.091]Epoch 2:  89%|████████▉ | 128/144 [00:03<00:00, 35.53it/s, v_num=80885, train_loss_step=0.0554, val_loss=0.096, val_acc=0.969, train_loss_epoch=0.091]Epoch 2:  90%|████████▉ | 129/144 [00:03<00:00, 35.56it/s, v_num=80885, train_loss_step=0.0554, val_loss=0.096, val_acc=0.969, train_loss_epoch=0.091]Epoch 2:  90%|████████▉ | 129/144 [00:03<00:00, 35.56it/s, v_num=80885, train_loss_step=0.0801, val_loss=0.096, val_acc=0.969, train_loss_epoch=0.091]Epoch 2:  90%|█████████ | 130/144 [00:03<00:00, 35.56it/s, v_num=80885, train_loss_step=0.0801, val_loss=0.096, val_acc=0.969, train_loss_epoch=0.091]Epoch 2:  90%|█████████ | 130/144 [00:03<00:00, 35.55it/s, v_num=80885, train_loss_step=0.0693, val_loss=0.096, val_acc=0.969, train_loss_epoch=0.091]Epoch 2:  91%|█████████ | 131/144 [00:03<00:00, 35.57it/s, v_num=80885, train_loss_step=0.0693, val_loss=0.096, val_acc=0.969, train_loss_epoch=0.091]Epoch 2:  91%|█████████ | 131/144 [00:03<00:00, 35.57it/s, v_num=80885, train_loss_step=0.0541, val_loss=0.096, val_acc=0.969, train_loss_epoch=0.091]Epoch 2:  92%|█████████▏| 132/144 [00:03<00:00, 35.60it/s, v_num=80885, train_loss_step=0.0541, val_loss=0.096, val_acc=0.969, train_loss_epoch=0.091]Epoch 2:  92%|█████████▏| 132/144 [00:03<00:00, 35.59it/s, v_num=80885, train_loss_step=0.0783, val_loss=0.096, val_acc=0.969, train_loss_epoch=0.091]Epoch 2:  92%|█████████▏| 133/144 [00:03<00:00, 35.60it/s, v_num=80885, train_loss_step=0.0783, val_loss=0.096, val_acc=0.969, train_loss_epoch=0.091]Epoch 2:  92%|█████████▏| 133/144 [00:03<00:00, 35.60it/s, v_num=80885, train_loss_step=0.0341, val_loss=0.096, val_acc=0.969, train_loss_epoch=0.091]Epoch 2:  93%|█████████▎| 134/144 [00:03<00:00, 35.58it/s, v_num=80885, train_loss_step=0.0341, val_loss=0.096, val_acc=0.969, train_loss_epoch=0.091]Epoch 2:  93%|█████████▎| 134/144 [00:03<00:00, 35.57it/s, v_num=80885, train_loss_step=0.032, val_loss=0.096, val_acc=0.969, train_loss_epoch=0.091] Epoch 2:  94%|█████████▍| 135/144 [00:03<00:00, 35.57it/s, v_num=80885, train_loss_step=0.032, val_loss=0.096, val_acc=0.969, train_loss_epoch=0.091]Epoch 2:  94%|█████████▍| 135/144 [00:03<00:00, 35.57it/s, v_num=80885, train_loss_step=0.0803, val_loss=0.096, val_acc=0.969, train_loss_epoch=0.091]Epoch 2:  94%|█████████▍| 136/144 [00:03<00:00, 35.57it/s, v_num=80885, train_loss_step=0.0803, val_loss=0.096, val_acc=0.969, train_loss_epoch=0.091]Epoch 2:  94%|█████████▍| 136/144 [00:03<00:00, 35.57it/s, v_num=80885, train_loss_step=0.0898, val_loss=0.096, val_acc=0.969, train_loss_epoch=0.091]Epoch 2:  95%|█████████▌| 137/144 [00:03<00:00, 35.60it/s, v_num=80885, train_loss_step=0.0898, val_loss=0.096, val_acc=0.969, train_loss_epoch=0.091]Epoch 2:  95%|█████████▌| 137/144 [00:03<00:00, 35.60it/s, v_num=80885, train_loss_step=0.0303, val_loss=0.096, val_acc=0.969, train_loss_epoch=0.091]Epoch 2:  96%|█████████▌| 138/144 [00:03<00:00, 35.60it/s, v_num=80885, train_loss_step=0.0303, val_loss=0.096, val_acc=0.969, train_loss_epoch=0.091]Epoch 2:  96%|█████████▌| 138/144 [00:03<00:00, 35.60it/s, v_num=80885, train_loss_step=0.0586, val_loss=0.096, val_acc=0.969, train_loss_epoch=0.091]Epoch 2:  97%|█████████▋| 139/144 [00:03<00:00, 35.63it/s, v_num=80885, train_loss_step=0.0586, val_loss=0.096, val_acc=0.969, train_loss_epoch=0.091]Epoch 2:  97%|█████████▋| 139/144 [00:03<00:00, 35.63it/s, v_num=80885, train_loss_step=0.0335, val_loss=0.096, val_acc=0.969, train_loss_epoch=0.091]Epoch 2:  97%|█████████▋| 140/144 [00:03<00:00, 35.66it/s, v_num=80885, train_loss_step=0.0335, val_loss=0.096, val_acc=0.969, train_loss_epoch=0.091]Epoch 2:  97%|█████████▋| 140/144 [00:03<00:00, 35.66it/s, v_num=80885, train_loss_step=0.0685, val_loss=0.096, val_acc=0.969, train_loss_epoch=0.091]Epoch 2:  98%|█████████▊| 141/144 [00:03<00:00, 35.69it/s, v_num=80885, train_loss_step=0.0685, val_loss=0.096, val_acc=0.969, train_loss_epoch=0.091]Epoch 2:  98%|█████████▊| 141/144 [00:03<00:00, 35.69it/s, v_num=80885, train_loss_step=0.0607, val_loss=0.096, val_acc=0.969, train_loss_epoch=0.091]Epoch 2:  99%|█████████▊| 142/144 [00:03<00:00, 35.68it/s, v_num=80885, train_loss_step=0.0607, val_loss=0.096, val_acc=0.969, train_loss_epoch=0.091]Epoch 2:  99%|█████████▊| 142/144 [00:03<00:00, 35.68it/s, v_num=80885, train_loss_step=0.0404, val_loss=0.096, val_acc=0.969, train_loss_epoch=0.091]Epoch 2:  99%|█████████▉| 143/144 [00:04<00:00, 35.63it/s, v_num=80885, train_loss_step=0.0404, val_loss=0.096, val_acc=0.969, train_loss_epoch=0.091]Epoch 2:  99%|█████████▉| 143/144 [00:04<00:00, 35.63it/s, v_num=80885, train_loss_step=0.0823, val_loss=0.096, val_acc=0.969, train_loss_epoch=0.091]Epoch 2: 100%|██████████| 144/144 [00:04<00:00, 35.64it/s, v_num=80885, train_loss_step=0.0823, val_loss=0.096, val_acc=0.969, train_loss_epoch=0.091]Epoch 2: 100%|██████████| 144/144 [00:04<00:00, 35.64it/s, v_num=80885, train_loss_step=0.151, val_loss=0.096, val_acc=0.969, train_loss_epoch=0.091] 
Validation: |          | 0/? [00:00<?, ?it/s][A
Validation:   0%|          | 0/14 [00:00<?, ?it/s][A
Validation DataLoader 0:   0%|          | 0/14 [00:00<?, ?it/s][A
Validation DataLoader 0:   7%|▋         | 1/14 [00:00<00:00, 123.29it/s][A
Validation DataLoader 0:  14%|█▍        | 2/14 [00:00<00:00, 81.07it/s] [A
Validation DataLoader 0:  21%|██▏       | 3/14 [00:00<00:00, 86.12it/s][A
Validation DataLoader 0:  29%|██▊       | 4/14 [00:00<00:00, 89.40it/s][A
Validation DataLoader 0:  36%|███▌      | 5/14 [00:00<00:00, 83.72it/s][A
Validation DataLoader 0:  43%|████▎     | 6/14 [00:00<00:00, 80.72it/s][A
Validation DataLoader 0:  50%|█████     | 7/14 [00:00<00:00, 78.83it/s][A
Validation DataLoader 0:  57%|█████▋    | 8/14 [00:00<00:00, 77.25it/s][A
Validation DataLoader 0:  64%|██████▍   | 9/14 [00:00<00:00, 76.13it/s][A
Validation DataLoader 0:  71%|███████▏  | 10/14 [00:00<00:00, 75.17it/s][A
Validation DataLoader 0:  79%|███████▊  | 11/14 [00:00<00:00, 74.52it/s][A
Validation DataLoader 0:  86%|████████▌ | 12/14 [00:00<00:00, 73.92it/s][A
Validation DataLoader 0:  93%|█████████▎| 13/14 [00:00<00:00, 73.47it/s][A
Validation DataLoader 0: 100%|██████████| 14/14 [00:00<00:00, 73.11it/s][A
                                                                        [AEpoch 2: 100%|██████████| 144/144 [00:04<00:00, 33.84it/s, v_num=80885, train_loss_step=0.151, val_loss=0.0833, val_acc=0.975, train_loss_epoch=0.091]Epoch 2: 100%|██████████| 144/144 [00:04<00:00, 33.83it/s, v_num=80885, train_loss_step=0.151, val_loss=0.0833, val_acc=0.975, train_loss_epoch=0.0634]Epoch 2:   0%|          | 0/144 [00:00<?, ?it/s, v_num=80885, train_loss_step=0.151, val_loss=0.0833, val_acc=0.975, train_loss_epoch=0.0634]          Epoch 3:   0%|          | 0/144 [00:00<?, ?it/s, v_num=80885, train_loss_step=0.151, val_loss=0.0833, val_acc=0.975, train_loss_epoch=0.0634]Epoch 3:   1%|          | 1/144 [00:00<00:12, 11.66it/s, v_num=80885, train_loss_step=0.151, val_loss=0.0833, val_acc=0.975, train_loss_epoch=0.0634]Epoch 3:   1%|          | 1/144 [00:00<00:12, 11.63it/s, v_num=80885, train_loss_step=0.0815, val_loss=0.0833, val_acc=0.975, train_loss_epoch=0.0634]Epoch 3:   1%|▏         | 2/144 [00:00<00:08, 16.61it/s, v_num=80885, train_loss_step=0.0815, val_loss=0.0833, val_acc=0.975, train_loss_epoch=0.0634]Epoch 3:   1%|▏         | 2/144 [00:00<00:08, 16.59it/s, v_num=80885, train_loss_step=0.140, val_loss=0.0833, val_acc=0.975, train_loss_epoch=0.0634] Epoch 3:   2%|▏         | 3/144 [00:00<00:07, 19.99it/s, v_num=80885, train_loss_step=0.140, val_loss=0.0833, val_acc=0.975, train_loss_epoch=0.0634]Epoch 3:   2%|▏         | 3/144 [00:00<00:07, 19.96it/s, v_num=80885, train_loss_step=0.0701, val_loss=0.0833, val_acc=0.975, train_loss_epoch=0.0634]Epoch 3:   3%|▎         | 4/144 [00:00<00:06, 22.40it/s, v_num=80885, train_loss_step=0.0701, val_loss=0.0833, val_acc=0.975, train_loss_epoch=0.0634]Epoch 3:   3%|▎         | 4/144 [00:00<00:06, 22.38it/s, v_num=80885, train_loss_step=0.119, val_loss=0.0833, val_acc=0.975, train_loss_epoch=0.0634] Epoch 3:   3%|▎         | 5/144 [00:00<00:05, 24.17it/s, v_num=80885, train_loss_step=0.119, val_loss=0.0833, val_acc=0.975, train_loss_epoch=0.0634]Epoch 3:   3%|▎         | 5/144 [00:00<00:05, 24.15it/s, v_num=80885, train_loss_step=0.0926, val_loss=0.0833, val_acc=0.975, train_loss_epoch=0.0634]Epoch 3:   4%|▍         | 6/144 [00:00<00:05, 25.37it/s, v_num=80885, train_loss_step=0.0926, val_loss=0.0833, val_acc=0.975, train_loss_epoch=0.0634]Epoch 3:   4%|▍         | 6/144 [00:00<00:05, 25.35it/s, v_num=80885, train_loss_step=0.0676, val_loss=0.0833, val_acc=0.975, train_loss_epoch=0.0634]Epoch 3:   5%|▍         | 7/144 [00:00<00:05, 26.64it/s, v_num=80885, train_loss_step=0.0676, val_loss=0.0833, val_acc=0.975, train_loss_epoch=0.0634]Epoch 3:   5%|▍         | 7/144 [00:00<00:05, 26.62it/s, v_num=80885, train_loss_step=0.0955, val_loss=0.0833, val_acc=0.975, train_loss_epoch=0.0634]Epoch 3:   6%|▌         | 8/144 [00:00<00:04, 27.42it/s, v_num=80885, train_loss_step=0.0955, val_loss=0.0833, val_acc=0.975, train_loss_epoch=0.0634]Epoch 3:   6%|▌         | 8/144 [00:00<00:04, 27.40it/s, v_num=80885, train_loss_step=0.104, val_loss=0.0833, val_acc=0.975, train_loss_epoch=0.0634] Epoch 3:   6%|▋         | 9/144 [00:00<00:05, 26.90it/s, v_num=80885, train_loss_step=0.104, val_loss=0.0833, val_acc=0.975, train_loss_epoch=0.0634]Epoch 3:   6%|▋         | 9/144 [00:00<00:05, 26.89it/s, v_num=80885, train_loss_step=0.0392, val_loss=0.0833, val_acc=0.975, train_loss_epoch=0.0634]Epoch 3:   7%|▋         | 10/144 [00:00<00:04, 27.78it/s, v_num=80885, train_loss_step=0.0392, val_loss=0.0833, val_acc=0.975, train_loss_epoch=0.0634]Epoch 3:   7%|▋         | 10/144 [00:00<00:04, 27.77it/s, v_num=80885, train_loss_step=0.113, val_loss=0.0833, val_acc=0.975, train_loss_epoch=0.0634] Epoch 3:   8%|▊         | 11/144 [00:00<00:04, 28.56it/s, v_num=80885, train_loss_step=0.113, val_loss=0.0833, val_acc=0.975, train_loss_epoch=0.0634]Epoch 3:   8%|▊         | 11/144 [00:00<00:04, 28.55it/s, v_num=80885, train_loss_step=0.0717, val_loss=0.0833, val_acc=0.975, train_loss_epoch=0.0634]Epoch 3:   8%|▊         | 12/144 [00:00<00:04, 29.18it/s, v_num=80885, train_loss_step=0.0717, val_loss=0.0833, val_acc=0.975, train_loss_epoch=0.0634]Epoch 3:   8%|▊         | 12/144 [00:00<00:04, 29.17it/s, v_num=80885, train_loss_step=0.0576, val_loss=0.0833, val_acc=0.975, train_loss_epoch=0.0634]Epoch 3:   9%|▉         | 13/144 [00:00<00:04, 29.53it/s, v_num=80885, train_loss_step=0.0576, val_loss=0.0833, val_acc=0.975, train_loss_epoch=0.0634]Epoch 3:   9%|▉         | 13/144 [00:00<00:04, 29.52it/s, v_num=80885, train_loss_step=0.0704, val_loss=0.0833, val_acc=0.975, train_loss_epoch=0.0634]Epoch 3:  10%|▉         | 14/144 [00:00<00:04, 30.07it/s, v_num=80885, train_loss_step=0.0704, val_loss=0.0833, val_acc=0.975, train_loss_epoch=0.0634]Epoch 3:  10%|▉         | 14/144 [00:00<00:04, 30.06it/s, v_num=80885, train_loss_step=0.0452, val_loss=0.0833, val_acc=0.975, train_loss_epoch=0.0634]Epoch 3:  10%|█         | 15/144 [00:00<00:04, 30.32it/s, v_num=80885, train_loss_step=0.0452, val_loss=0.0833, val_acc=0.975, train_loss_epoch=0.0634]Epoch 3:  10%|█         | 15/144 [00:00<00:04, 30.31it/s, v_num=80885, train_loss_step=0.0465, val_loss=0.0833, val_acc=0.975, train_loss_epoch=0.0634]Epoch 3:  11%|█         | 16/144 [00:00<00:04, 30.48it/s, v_num=80885, train_loss_step=0.0465, val_loss=0.0833, val_acc=0.975, train_loss_epoch=0.0634]Epoch 3:  11%|█         | 16/144 [00:00<00:04, 30.47it/s, v_num=80885, train_loss_step=0.0611, val_loss=0.0833, val_acc=0.975, train_loss_epoch=0.0634]Epoch 3:  12%|█▏        | 17/144 [00:00<00:04, 30.41it/s, v_num=80885, train_loss_step=0.0611, val_loss=0.0833, val_acc=0.975, train_loss_epoch=0.0634]Epoch 3:  12%|█▏        | 17/144 [00:00<00:04, 30.40it/s, v_num=80885, train_loss_step=0.0728, val_loss=0.0833, val_acc=0.975, train_loss_epoch=0.0634]Epoch 3:  12%|█▎        | 18/144 [00:00<00:04, 30.73it/s, v_num=80885, train_loss_step=0.0728, val_loss=0.0833, val_acc=0.975, train_loss_epoch=0.0634]Epoch 3:  12%|█▎        | 18/144 [00:00<00:04, 30.72it/s, v_num=80885, train_loss_step=0.0801, val_loss=0.0833, val_acc=0.975, train_loss_epoch=0.0634]Epoch 3:  13%|█▎        | 19/144 [00:00<00:04, 30.99it/s, v_num=80885, train_loss_step=0.0801, val_loss=0.0833, val_acc=0.975, train_loss_epoch=0.0634]Epoch 3:  13%|█▎        | 19/144 [00:00<00:04, 30.99it/s, v_num=80885, train_loss_step=0.0539, val_loss=0.0833, val_acc=0.975, train_loss_epoch=0.0634]Epoch 3:  14%|█▍        | 20/144 [00:00<00:03, 31.24it/s, v_num=80885, train_loss_step=0.0539, val_loss=0.0833, val_acc=0.975, train_loss_epoch=0.0634]Epoch 3:  14%|█▍        | 20/144 [00:00<00:03, 31.23it/s, v_num=80885, train_loss_step=0.087, val_loss=0.0833, val_acc=0.975, train_loss_epoch=0.0634] Epoch 3:  15%|█▍        | 21/144 [00:00<00:03, 31.28it/s, v_num=80885, train_loss_step=0.087, val_loss=0.0833, val_acc=0.975, train_loss_epoch=0.0634]Epoch 3:  15%|█▍        | 21/144 [00:00<00:03, 31.28it/s, v_num=80885, train_loss_step=0.065, val_loss=0.0833, val_acc=0.975, train_loss_epoch=0.0634]Epoch 3:  15%|█▌        | 22/144 [00:00<00:03, 31.54it/s, v_num=80885, train_loss_step=0.065, val_loss=0.0833, val_acc=0.975, train_loss_epoch=0.0634]Epoch 3:  15%|█▌        | 22/144 [00:00<00:03, 31.53it/s, v_num=80885, train_loss_step=0.0624, val_loss=0.0833, val_acc=0.975, train_loss_epoch=0.0634]Epoch 3:  16%|█▌        | 23/144 [00:00<00:03, 31.78it/s, v_num=80885, train_loss_step=0.0624, val_loss=0.0833, val_acc=0.975, train_loss_epoch=0.0634]Epoch 3:  16%|█▌        | 23/144 [00:00<00:03, 31.77it/s, v_num=80885, train_loss_step=0.0526, val_loss=0.0833, val_acc=0.975, train_loss_epoch=0.0634]Epoch 3:  17%|█▋        | 24/144 [00:00<00:03, 31.84it/s, v_num=80885, train_loss_step=0.0526, val_loss=0.0833, val_acc=0.975, train_loss_epoch=0.0634]Epoch 3:  17%|█▋        | 24/144 [00:00<00:03, 31.84it/s, v_num=80885, train_loss_step=0.0431, val_loss=0.0833, val_acc=0.975, train_loss_epoch=0.0634]Epoch 3:  17%|█▋        | 25/144 [00:00<00:03, 31.89it/s, v_num=80885, train_loss_step=0.0431, val_loss=0.0833, val_acc=0.975, train_loss_epoch=0.0634]Epoch 3:  17%|█▋        | 25/144 [00:00<00:03, 31.88it/s, v_num=80885, train_loss_step=0.0381, val_loss=0.0833, val_acc=0.975, train_loss_epoch=0.0634]Epoch 3:  18%|█▊        | 26/144 [00:00<00:03, 32.10it/s, v_num=80885, train_loss_step=0.0381, val_loss=0.0833, val_acc=0.975, train_loss_epoch=0.0634]Epoch 3:  18%|█▊        | 26/144 [00:00<00:03, 32.10it/s, v_num=80885, train_loss_step=0.0279, val_loss=0.0833, val_acc=0.975, train_loss_epoch=0.0634]Epoch 3:  19%|█▉        | 27/144 [00:00<00:03, 32.31it/s, v_num=80885, train_loss_step=0.0279, val_loss=0.0833, val_acc=0.975, train_loss_epoch=0.0634]Epoch 3:  19%|█▉        | 27/144 [00:00<00:03, 32.30it/s, v_num=80885, train_loss_step=0.0302, val_loss=0.0833, val_acc=0.975, train_loss_epoch=0.0634]Epoch 3:  19%|█▉        | 28/144 [00:00<00:03, 32.50it/s, v_num=80885, train_loss_step=0.0302, val_loss=0.0833, val_acc=0.975, train_loss_epoch=0.0634]Epoch 3:  19%|█▉        | 28/144 [00:00<00:03, 32.49it/s, v_num=80885, train_loss_step=0.0232, val_loss=0.0833, val_acc=0.975, train_loss_epoch=0.0634]Epoch 3:  20%|██        | 29/144 [00:00<00:03, 32.48it/s, v_num=80885, train_loss_step=0.0232, val_loss=0.0833, val_acc=0.975, train_loss_epoch=0.0634]Epoch 3:  20%|██        | 29/144 [00:00<00:03, 32.48it/s, v_num=80885, train_loss_step=0.0327, val_loss=0.0833, val_acc=0.975, train_loss_epoch=0.0634]Epoch 3:  21%|██        | 30/144 [00:00<00:03, 32.65it/s, v_num=80885, train_loss_step=0.0327, val_loss=0.0833, val_acc=0.975, train_loss_epoch=0.0634]Epoch 3:  21%|██        | 30/144 [00:00<00:03, 32.64it/s, v_num=80885, train_loss_step=0.0285, val_loss=0.0833, val_acc=0.975, train_loss_epoch=0.0634]Epoch 3:  22%|██▏       | 31/144 [00:00<00:03, 32.84it/s, v_num=80885, train_loss_step=0.0285, val_loss=0.0833, val_acc=0.975, train_loss_epoch=0.0634]Epoch 3:  22%|██▏       | 31/144 [00:00<00:03, 32.83it/s, v_num=80885, train_loss_step=0.0396, val_loss=0.0833, val_acc=0.975, train_loss_epoch=0.0634]Epoch 3:  22%|██▏       | 32/144 [00:00<00:03, 33.02it/s, v_num=80885, train_loss_step=0.0396, val_loss=0.0833, val_acc=0.975, train_loss_epoch=0.0634]Epoch 3:  22%|██▏       | 32/144 [00:00<00:03, 33.02it/s, v_num=80885, train_loss_step=0.055, val_loss=0.0833, val_acc=0.975, train_loss_epoch=0.0634] Epoch 3:  23%|██▎       | 33/144 [00:01<00:03, 32.99it/s, v_num=80885, train_loss_step=0.055, val_loss=0.0833, val_acc=0.975, train_loss_epoch=0.0634]Epoch 3:  23%|██▎       | 33/144 [00:01<00:03, 32.98it/s, v_num=80885, train_loss_step=0.0981, val_loss=0.0833, val_acc=0.975, train_loss_epoch=0.0634]Epoch 3:  24%|██▎       | 34/144 [00:01<00:03, 33.11it/s, v_num=80885, train_loss_step=0.0981, val_loss=0.0833, val_acc=0.975, train_loss_epoch=0.0634]Epoch 3:  24%|██▎       | 34/144 [00:01<00:03, 33.11it/s, v_num=80885, train_loss_step=0.0314, val_loss=0.0833, val_acc=0.975, train_loss_epoch=0.0634]Epoch 3:  24%|██▍       | 35/144 [00:01<00:03, 33.15it/s, v_num=80885, train_loss_step=0.0314, val_loss=0.0833, val_acc=0.975, train_loss_epoch=0.0634]Epoch 3:  24%|██▍       | 35/144 [00:01<00:03, 33.15it/s, v_num=80885, train_loss_step=0.0415, val_loss=0.0833, val_acc=0.975, train_loss_epoch=0.0634]Epoch 3:  25%|██▌       | 36/144 [00:01<00:03, 33.28it/s, v_num=80885, train_loss_step=0.0415, val_loss=0.0833, val_acc=0.975, train_loss_epoch=0.0634]Epoch 3:  25%|██▌       | 36/144 [00:01<00:03, 33.27it/s, v_num=80885, train_loss_step=0.0698, val_loss=0.0833, val_acc=0.975, train_loss_epoch=0.0634]Epoch 3:  26%|██▌       | 37/144 [00:01<00:03, 33.22it/s, v_num=80885, train_loss_step=0.0698, val_loss=0.0833, val_acc=0.975, train_loss_epoch=0.0634]Epoch 3:  26%|██▌       | 37/144 [00:01<00:03, 33.22it/s, v_num=80885, train_loss_step=0.0897, val_loss=0.0833, val_acc=0.975, train_loss_epoch=0.0634]Epoch 3:  26%|██▋       | 38/144 [00:01<00:03, 33.35it/s, v_num=80885, train_loss_step=0.0897, val_loss=0.0833, val_acc=0.975, train_loss_epoch=0.0634]Epoch 3:  26%|██▋       | 38/144 [00:01<00:03, 33.35it/s, v_num=80885, train_loss_step=0.0594, val_loss=0.0833, val_acc=0.975, train_loss_epoch=0.0634]Epoch 3:  27%|██▋       | 39/144 [00:01<00:03, 33.42it/s, v_num=80885, train_loss_step=0.0594, val_loss=0.0833, val_acc=0.975, train_loss_epoch=0.0634]Epoch 3:  27%|██▋       | 39/144 [00:01<00:03, 33.41it/s, v_num=80885, train_loss_step=0.103, val_loss=0.0833, val_acc=0.975, train_loss_epoch=0.0634] Epoch 3:  28%|██▊       | 40/144 [00:01<00:03, 33.46it/s, v_num=80885, train_loss_step=0.103, val_loss=0.0833, val_acc=0.975, train_loss_epoch=0.0634]Epoch 3:  28%|██▊       | 40/144 [00:01<00:03, 33.45it/s, v_num=80885, train_loss_step=0.132, val_loss=0.0833, val_acc=0.975, train_loss_epoch=0.0634]Epoch 3:  28%|██▊       | 41/144 [00:01<00:03, 33.37it/s, v_num=80885, train_loss_step=0.132, val_loss=0.0833, val_acc=0.975, train_loss_epoch=0.0634]Epoch 3:  28%|██▊       | 41/144 [00:01<00:03, 33.37it/s, v_num=80885, train_loss_step=0.0536, val_loss=0.0833, val_acc=0.975, train_loss_epoch=0.0634]Epoch 3:  29%|██▉       | 42/144 [00:01<00:03, 33.45it/s, v_num=80885, train_loss_step=0.0536, val_loss=0.0833, val_acc=0.975, train_loss_epoch=0.0634]Epoch 3:  29%|██▉       | 42/144 [00:01<00:03, 33.44it/s, v_num=80885, train_loss_step=0.0577, val_loss=0.0833, val_acc=0.975, train_loss_epoch=0.0634]Epoch 3:  30%|██▉       | 43/144 [00:01<00:03, 33.50it/s, v_num=80885, train_loss_step=0.0577, val_loss=0.0833, val_acc=0.975, train_loss_epoch=0.0634]Epoch 3:  30%|██▉       | 43/144 [00:01<00:03, 33.49it/s, v_num=80885, train_loss_step=0.0607, val_loss=0.0833, val_acc=0.975, train_loss_epoch=0.0634]Epoch 3:  31%|███       | 44/144 [00:01<00:02, 33.56it/s, v_num=80885, train_loss_step=0.0607, val_loss=0.0833, val_acc=0.975, train_loss_epoch=0.0634]Epoch 3:  31%|███       | 44/144 [00:01<00:02, 33.56it/s, v_num=80885, train_loss_step=0.020, val_loss=0.0833, val_acc=0.975, train_loss_epoch=0.0634] Epoch 3:  31%|███▏      | 45/144 [00:01<00:02, 33.48it/s, v_num=80885, train_loss_step=0.020, val_loss=0.0833, val_acc=0.975, train_loss_epoch=0.0634]Epoch 3:  31%|███▏      | 45/144 [00:01<00:02, 33.47it/s, v_num=80885, train_loss_step=0.0354, val_loss=0.0833, val_acc=0.975, train_loss_epoch=0.0634]Epoch 3:  32%|███▏      | 46/144 [00:01<00:02, 33.57it/s, v_num=80885, train_loss_step=0.0354, val_loss=0.0833, val_acc=0.975, train_loss_epoch=0.0634]Epoch 3:  32%|███▏      | 46/144 [00:01<00:02, 33.57it/s, v_num=80885, train_loss_step=0.0344, val_loss=0.0833, val_acc=0.975, train_loss_epoch=0.0634]Epoch 3:  33%|███▎      | 47/144 [00:01<00:02, 33.68it/s, v_num=80885, train_loss_step=0.0344, val_loss=0.0833, val_acc=0.975, train_loss_epoch=0.0634]Epoch 3:  33%|███▎      | 47/144 [00:01<00:02, 33.68it/s, v_num=80885, train_loss_step=0.0407, val_loss=0.0833, val_acc=0.975, train_loss_epoch=0.0634]Epoch 3:  33%|███▎      | 48/144 [00:01<00:02, 33.77it/s, v_num=80885, train_loss_step=0.0407, val_loss=0.0833, val_acc=0.975, train_loss_epoch=0.0634]Epoch 3:  33%|███▎      | 48/144 [00:01<00:02, 33.77it/s, v_num=80885, train_loss_step=0.0475, val_loss=0.0833, val_acc=0.975, train_loss_epoch=0.0634]Epoch 3:  34%|███▍      | 49/144 [00:01<00:02, 33.72it/s, v_num=80885, train_loss_step=0.0475, val_loss=0.0833, val_acc=0.975, train_loss_epoch=0.0634]Epoch 3:  34%|███▍      | 49/144 [00:01<00:02, 33.72it/s, v_num=80885, train_loss_step=0.0741, val_loss=0.0833, val_acc=0.975, train_loss_epoch=0.0634]Epoch 3:  35%|███▍      | 50/144 [00:01<00:02, 33.74it/s, v_num=80885, train_loss_step=0.0741, val_loss=0.0833, val_acc=0.975, train_loss_epoch=0.0634]Epoch 3:  35%|███▍      | 50/144 [00:01<00:02, 33.74it/s, v_num=80885, train_loss_step=0.0361, val_loss=0.0833, val_acc=0.975, train_loss_epoch=0.0634]Epoch 3:  35%|███▌      | 51/144 [00:01<00:02, 33.80it/s, v_num=80885, train_loss_step=0.0361, val_loss=0.0833, val_acc=0.975, train_loss_epoch=0.0634]Epoch 3:  35%|███▌      | 51/144 [00:01<00:02, 33.79it/s, v_num=80885, train_loss_step=0.0552, val_loss=0.0833, val_acc=0.975, train_loss_epoch=0.0634]Epoch 3:  36%|███▌      | 52/144 [00:01<00:02, 33.81it/s, v_num=80885, train_loss_step=0.0552, val_loss=0.0833, val_acc=0.975, train_loss_epoch=0.0634]Epoch 3:  36%|███▌      | 52/144 [00:01<00:02, 33.81it/s, v_num=80885, train_loss_step=0.0437, val_loss=0.0833, val_acc=0.975, train_loss_epoch=0.0634]Epoch 3:  37%|███▋      | 53/144 [00:01<00:02, 33.75it/s, v_num=80885, train_loss_step=0.0437, val_loss=0.0833, val_acc=0.975, train_loss_epoch=0.0634]Epoch 3:  37%|███▋      | 53/144 [00:01<00:02, 33.74it/s, v_num=80885, train_loss_step=0.055, val_loss=0.0833, val_acc=0.975, train_loss_epoch=0.0634] Epoch 3:  38%|███▊      | 54/144 [00:01<00:02, 33.84it/s, v_num=80885, train_loss_step=0.055, val_loss=0.0833, val_acc=0.975, train_loss_epoch=0.0634]Epoch 3:  38%|███▊      | 54/144 [00:01<00:02, 33.84it/s, v_num=80885, train_loss_step=0.0358, val_loss=0.0833, val_acc=0.975, train_loss_epoch=0.0634]Epoch 3:  38%|███▊      | 55/144 [00:01<00:02, 33.92it/s, v_num=80885, train_loss_step=0.0358, val_loss=0.0833, val_acc=0.975, train_loss_epoch=0.0634]Epoch 3:  38%|███▊      | 55/144 [00:01<00:02, 33.92it/s, v_num=80885, train_loss_step=0.0312, val_loss=0.0833, val_acc=0.975, train_loss_epoch=0.0634]Epoch 3:  39%|███▉      | 56/144 [00:01<00:02, 34.00it/s, v_num=80885, train_loss_step=0.0312, val_loss=0.0833, val_acc=0.975, train_loss_epoch=0.0634]Epoch 3:  39%|███▉      | 56/144 [00:01<00:02, 33.99it/s, v_num=80885, train_loss_step=0.0505, val_loss=0.0833, val_acc=0.975, train_loss_epoch=0.0634]Epoch 3:  40%|███▉      | 57/144 [00:01<00:02, 34.01it/s, v_num=80885, train_loss_step=0.0505, val_loss=0.0833, val_acc=0.975, train_loss_epoch=0.0634]Epoch 3:  40%|███▉      | 57/144 [00:01<00:02, 34.00it/s, v_num=80885, train_loss_step=0.0679, val_loss=0.0833, val_acc=0.975, train_loss_epoch=0.0634]Epoch 3:  40%|████      | 58/144 [00:01<00:02, 34.06it/s, v_num=80885, train_loss_step=0.0679, val_loss=0.0833, val_acc=0.975, train_loss_epoch=0.0634]Epoch 3:  40%|████      | 58/144 [00:01<00:02, 34.06it/s, v_num=80885, train_loss_step=0.0657, val_loss=0.0833, val_acc=0.975, train_loss_epoch=0.0634]Epoch 3:  41%|████      | 59/144 [00:01<00:02, 34.12it/s, v_num=80885, train_loss_step=0.0657, val_loss=0.0833, val_acc=0.975, train_loss_epoch=0.0634]Epoch 3:  41%|████      | 59/144 [00:01<00:02, 34.12it/s, v_num=80885, train_loss_step=0.0484, val_loss=0.0833, val_acc=0.975, train_loss_epoch=0.0634]Epoch 3:  42%|████▏     | 60/144 [00:01<00:02, 34.20it/s, v_num=80885, train_loss_step=0.0484, val_loss=0.0833, val_acc=0.975, train_loss_epoch=0.0634]Epoch 3:  42%|████▏     | 60/144 [00:01<00:02, 34.19it/s, v_num=80885, train_loss_step=0.0673, val_loss=0.0833, val_acc=0.975, train_loss_epoch=0.0634]Epoch 3:  42%|████▏     | 61/144 [00:01<00:02, 34.15it/s, v_num=80885, train_loss_step=0.0673, val_loss=0.0833, val_acc=0.975, train_loss_epoch=0.0634]Epoch 3:  42%|████▏     | 61/144 [00:01<00:02, 34.14it/s, v_num=80885, train_loss_step=0.061, val_loss=0.0833, val_acc=0.975, train_loss_epoch=0.0634] Epoch 3:  43%|████▎     | 62/144 [00:01<00:02, 34.20it/s, v_num=80885, train_loss_step=0.061, val_loss=0.0833, val_acc=0.975, train_loss_epoch=0.0634]Epoch 3:  43%|████▎     | 62/144 [00:01<00:02, 34.19it/s, v_num=80885, train_loss_step=0.0434, val_loss=0.0833, val_acc=0.975, train_loss_epoch=0.0634]Epoch 3:  44%|████▍     | 63/144 [00:01<00:02, 34.24it/s, v_num=80885, train_loss_step=0.0434, val_loss=0.0833, val_acc=0.975, train_loss_epoch=0.0634]Epoch 3:  44%|████▍     | 63/144 [00:01<00:02, 34.23it/s, v_num=80885, train_loss_step=0.0809, val_loss=0.0833, val_acc=0.975, train_loss_epoch=0.0634]Epoch 3:  44%|████▍     | 64/144 [00:01<00:02, 34.31it/s, v_num=80885, train_loss_step=0.0809, val_loss=0.0833, val_acc=0.975, train_loss_epoch=0.0634]Epoch 3:  44%|████▍     | 64/144 [00:01<00:02, 34.30it/s, v_num=80885, train_loss_step=0.048, val_loss=0.0833, val_acc=0.975, train_loss_epoch=0.0634] Epoch 3:  45%|████▌     | 65/144 [00:01<00:02, 34.30it/s, v_num=80885, train_loss_step=0.048, val_loss=0.0833, val_acc=0.975, train_loss_epoch=0.0634]Epoch 3:  45%|████▌     | 65/144 [00:01<00:02, 34.30it/s, v_num=80885, train_loss_step=0.0754, val_loss=0.0833, val_acc=0.975, train_loss_epoch=0.0634]Epoch 3:  46%|████▌     | 66/144 [00:01<00:02, 34.36it/s, v_num=80885, train_loss_step=0.0754, val_loss=0.0833, val_acc=0.975, train_loss_epoch=0.0634]Epoch 3:  46%|████▌     | 66/144 [00:01<00:02, 34.36it/s, v_num=80885, train_loss_step=0.052, val_loss=0.0833, val_acc=0.975, train_loss_epoch=0.0634] Epoch 3:  47%|████▋     | 67/144 [00:01<00:02, 34.41it/s, v_num=80885, train_loss_step=0.052, val_loss=0.0833, val_acc=0.975, train_loss_epoch=0.0634]Epoch 3:  47%|████▋     | 67/144 [00:01<00:02, 34.41it/s, v_num=80885, train_loss_step=0.0372, val_loss=0.0833, val_acc=0.975, train_loss_epoch=0.0634]Epoch 3:  47%|████▋     | 68/144 [00:01<00:02, 34.46it/s, v_num=80885, train_loss_step=0.0372, val_loss=0.0833, val_acc=0.975, train_loss_epoch=0.0634]Epoch 3:  47%|████▋     | 68/144 [00:01<00:02, 34.46it/s, v_num=80885, train_loss_step=0.055, val_loss=0.0833, val_acc=0.975, train_loss_epoch=0.0634] Epoch 3:  48%|████▊     | 69/144 [00:02<00:02, 34.46it/s, v_num=80885, train_loss_step=0.055, val_loss=0.0833, val_acc=0.975, train_loss_epoch=0.0634]Epoch 3:  48%|████▊     | 69/144 [00:02<00:02, 34.46it/s, v_num=80885, train_loss_step=0.0962, val_loss=0.0833, val_acc=0.975, train_loss_epoch=0.0634]Epoch 3:  49%|████▊     | 70/144 [00:02<00:02, 34.49it/s, v_num=80885, train_loss_step=0.0962, val_loss=0.0833, val_acc=0.975, train_loss_epoch=0.0634]Epoch 3:  49%|████▊     | 70/144 [00:02<00:02, 34.49it/s, v_num=80885, train_loss_step=0.0439, val_loss=0.0833, val_acc=0.975, train_loss_epoch=0.0634]Epoch 3:  49%|████▉     | 71/144 [00:02<00:02, 34.50it/s, v_num=80885, train_loss_step=0.0439, val_loss=0.0833, val_acc=0.975, train_loss_epoch=0.0634]Epoch 3:  49%|████▉     | 71/144 [00:02<00:02, 34.50it/s, v_num=80885, train_loss_step=0.0672, val_loss=0.0833, val_acc=0.975, train_loss_epoch=0.0634]Epoch 3:  50%|█████     | 72/144 [00:02<00:02, 34.55it/s, v_num=80885, train_loss_step=0.0672, val_loss=0.0833, val_acc=0.975, train_loss_epoch=0.0634]Epoch 3:  50%|█████     | 72/144 [00:02<00:02, 34.54it/s, v_num=80885, train_loss_step=0.0707, val_loss=0.0833, val_acc=0.975, train_loss_epoch=0.0634]Epoch 3:  51%|█████     | 73/144 [00:02<00:02, 34.55it/s, v_num=80885, train_loss_step=0.0707, val_loss=0.0833, val_acc=0.975, train_loss_epoch=0.0634]Epoch 3:  51%|█████     | 73/144 [00:02<00:02, 34.55it/s, v_num=80885, train_loss_step=0.0597, val_loss=0.0833, val_acc=0.975, train_loss_epoch=0.0634]Epoch 3:  51%|█████▏    | 74/144 [00:02<00:02, 34.61it/s, v_num=80885, train_loss_step=0.0597, val_loss=0.0833, val_acc=0.975, train_loss_epoch=0.0634]Epoch 3:  51%|█████▏    | 74/144 [00:02<00:02, 34.61it/s, v_num=80885, train_loss_step=0.0464, val_loss=0.0833, val_acc=0.975, train_loss_epoch=0.0634]Epoch 3:  52%|█████▏    | 75/144 [00:02<00:01, 34.67it/s, v_num=80885, train_loss_step=0.0464, val_loss=0.0833, val_acc=0.975, train_loss_epoch=0.0634]Epoch 3:  52%|█████▏    | 75/144 [00:02<00:01, 34.66it/s, v_num=80885, train_loss_step=0.0612, val_loss=0.0833, val_acc=0.975, train_loss_epoch=0.0634]Epoch 3:  53%|█████▎    | 76/144 [00:02<00:01, 34.72it/s, v_num=80885, train_loss_step=0.0612, val_loss=0.0833, val_acc=0.975, train_loss_epoch=0.0634]Epoch 3:  53%|█████▎    | 76/144 [00:02<00:01, 34.71it/s, v_num=80885, train_loss_step=0.0245, val_loss=0.0833, val_acc=0.975, train_loss_epoch=0.0634]Epoch 3:  53%|█████▎    | 77/144 [00:02<00:01, 34.70it/s, v_num=80885, train_loss_step=0.0245, val_loss=0.0833, val_acc=0.975, train_loss_epoch=0.0634]Epoch 3:  53%|█████▎    | 77/144 [00:02<00:01, 34.70it/s, v_num=80885, train_loss_step=0.0645, val_loss=0.0833, val_acc=0.975, train_loss_epoch=0.0634]Epoch 3:  54%|█████▍    | 78/144 [00:02<00:01, 34.74it/s, v_num=80885, train_loss_step=0.0645, val_loss=0.0833, val_acc=0.975, train_loss_epoch=0.0634]Epoch 3:  54%|█████▍    | 78/144 [00:02<00:01, 34.74it/s, v_num=80885, train_loss_step=0.0391, val_loss=0.0833, val_acc=0.975, train_loss_epoch=0.0634]Epoch 3:  55%|█████▍    | 79/144 [00:02<00:01, 34.80it/s, v_num=80885, train_loss_step=0.0391, val_loss=0.0833, val_acc=0.975, train_loss_epoch=0.0634]Epoch 3:  55%|█████▍    | 79/144 [00:02<00:01, 34.80it/s, v_num=80885, train_loss_step=0.0558, val_loss=0.0833, val_acc=0.975, train_loss_epoch=0.0634]Epoch 3:  56%|█████▌    | 80/144 [00:02<00:01, 34.85it/s, v_num=80885, train_loss_step=0.0558, val_loss=0.0833, val_acc=0.975, train_loss_epoch=0.0634]Epoch 3:  56%|█████▌    | 80/144 [00:02<00:01, 34.84it/s, v_num=80885, train_loss_step=0.031, val_loss=0.0833, val_acc=0.975, train_loss_epoch=0.0634] Epoch 3:  56%|█████▋    | 81/144 [00:02<00:01, 34.84it/s, v_num=80885, train_loss_step=0.031, val_loss=0.0833, val_acc=0.975, train_loss_epoch=0.0634]Epoch 3:  56%|█████▋    | 81/144 [00:02<00:01, 34.84it/s, v_num=80885, train_loss_step=0.0635, val_loss=0.0833, val_acc=0.975, train_loss_epoch=0.0634]Epoch 3:  57%|█████▋    | 82/144 [00:02<00:01, 34.88it/s, v_num=80885, train_loss_step=0.0635, val_loss=0.0833, val_acc=0.975, train_loss_epoch=0.0634]Epoch 3:  57%|█████▋    | 82/144 [00:02<00:01, 34.88it/s, v_num=80885, train_loss_step=0.0417, val_loss=0.0833, val_acc=0.975, train_loss_epoch=0.0634]Epoch 3:  58%|█████▊    | 83/144 [00:02<00:01, 34.92it/s, v_num=80885, train_loss_step=0.0417, val_loss=0.0833, val_acc=0.975, train_loss_epoch=0.0634]Epoch 3:  58%|█████▊    | 83/144 [00:02<00:01, 34.92it/s, v_num=80885, train_loss_step=0.0657, val_loss=0.0833, val_acc=0.975, train_loss_epoch=0.0634]Epoch 3:  58%|█████▊    | 84/144 [00:02<00:01, 34.97it/s, v_num=80885, train_loss_step=0.0657, val_loss=0.0833, val_acc=0.975, train_loss_epoch=0.0634]Epoch 3:  58%|█████▊    | 84/144 [00:02<00:01, 34.96it/s, v_num=80885, train_loss_step=0.0497, val_loss=0.0833, val_acc=0.975, train_loss_epoch=0.0634]Epoch 3:  59%|█████▉    | 85/144 [00:02<00:01, 34.95it/s, v_num=80885, train_loss_step=0.0497, val_loss=0.0833, val_acc=0.975, train_loss_epoch=0.0634]Epoch 3:  59%|█████▉    | 85/144 [00:02<00:01, 34.95it/s, v_num=80885, train_loss_step=0.0573, val_loss=0.0833, val_acc=0.975, train_loss_epoch=0.0634]Epoch 3:  60%|█████▉    | 86/144 [00:02<00:01, 34.91it/s, v_num=80885, train_loss_step=0.0573, val_loss=0.0833, val_acc=0.975, train_loss_epoch=0.0634]Epoch 3:  60%|█████▉    | 86/144 [00:02<00:01, 34.90it/s, v_num=80885, train_loss_step=0.0534, val_loss=0.0833, val_acc=0.975, train_loss_epoch=0.0634]Epoch 3:  60%|██████    | 87/144 [00:02<00:01, 34.93it/s, v_num=80885, train_loss_step=0.0534, val_loss=0.0833, val_acc=0.975, train_loss_epoch=0.0634]Epoch 3:  60%|██████    | 87/144 [00:02<00:01, 34.92it/s, v_num=80885, train_loss_step=0.0332, val_loss=0.0833, val_acc=0.975, train_loss_epoch=0.0634]Epoch 3:  61%|██████    | 88/144 [00:02<00:01, 34.95it/s, v_num=80885, train_loss_step=0.0332, val_loss=0.0833, val_acc=0.975, train_loss_epoch=0.0634]Epoch 3:  61%|██████    | 88/144 [00:02<00:01, 34.94it/s, v_num=80885, train_loss_step=0.0262, val_loss=0.0833, val_acc=0.975, train_loss_epoch=0.0634]Epoch 3:  62%|██████▏   | 89/144 [00:02<00:01, 34.94it/s, v_num=80885, train_loss_step=0.0262, val_loss=0.0833, val_acc=0.975, train_loss_epoch=0.0634]Epoch 3:  62%|██████▏   | 89/144 [00:02<00:01, 34.94it/s, v_num=80885, train_loss_step=0.0338, val_loss=0.0833, val_acc=0.975, train_loss_epoch=0.0634]Epoch 3:  62%|██████▎   | 90/144 [00:02<00:01, 34.98it/s, v_num=80885, train_loss_step=0.0338, val_loss=0.0833, val_acc=0.975, train_loss_epoch=0.0634]Epoch 3:  62%|██████▎   | 90/144 [00:02<00:01, 34.98it/s, v_num=80885, train_loss_step=0.0384, val_loss=0.0833, val_acc=0.975, train_loss_epoch=0.0634]Epoch 3:  63%|██████▎   | 91/144 [00:02<00:01, 35.02it/s, v_num=80885, train_loss_step=0.0384, val_loss=0.0833, val_acc=0.975, train_loss_epoch=0.0634]Epoch 3:  63%|██████▎   | 91/144 [00:02<00:01, 35.02it/s, v_num=80885, train_loss_step=0.0226, val_loss=0.0833, val_acc=0.975, train_loss_epoch=0.0634]Epoch 3:  64%|██████▍   | 92/144 [00:02<00:01, 35.06it/s, v_num=80885, train_loss_step=0.0226, val_loss=0.0833, val_acc=0.975, train_loss_epoch=0.0634]Epoch 3:  64%|██████▍   | 92/144 [00:02<00:01, 35.06it/s, v_num=80885, train_loss_step=0.0312, val_loss=0.0833, val_acc=0.975, train_loss_epoch=0.0634]Epoch 3:  65%|██████▍   | 93/144 [00:02<00:01, 35.05it/s, v_num=80885, train_loss_step=0.0312, val_loss=0.0833, val_acc=0.975, train_loss_epoch=0.0634]Epoch 3:  65%|██████▍   | 93/144 [00:02<00:01, 35.05it/s, v_num=80885, train_loss_step=0.0402, val_loss=0.0833, val_acc=0.975, train_loss_epoch=0.0634]Epoch 3:  65%|██████▌   | 94/144 [00:02<00:01, 35.05it/s, v_num=80885, train_loss_step=0.0402, val_loss=0.0833, val_acc=0.975, train_loss_epoch=0.0634]Epoch 3:  65%|██████▌   | 94/144 [00:02<00:01, 35.04it/s, v_num=80885, train_loss_step=0.031, val_loss=0.0833, val_acc=0.975, train_loss_epoch=0.0634] Epoch 3:  66%|██████▌   | 95/144 [00:02<00:01, 35.07it/s, v_num=80885, train_loss_step=0.031, val_loss=0.0833, val_acc=0.975, train_loss_epoch=0.0634]Epoch 3:  66%|██████▌   | 95/144 [00:02<00:01, 35.07it/s, v_num=80885, train_loss_step=0.0355, val_loss=0.0833, val_acc=0.975, train_loss_epoch=0.0634]Epoch 3:  67%|██████▋   | 96/144 [00:02<00:01, 35.08it/s, v_num=80885, train_loss_step=0.0355, val_loss=0.0833, val_acc=0.975, train_loss_epoch=0.0634]Epoch 3:  67%|██████▋   | 96/144 [00:02<00:01, 35.08it/s, v_num=80885, train_loss_step=0.0223, val_loss=0.0833, val_acc=0.975, train_loss_epoch=0.0634]Epoch 3:  67%|██████▋   | 97/144 [00:02<00:01, 35.07it/s, v_num=80885, train_loss_step=0.0223, val_loss=0.0833, val_acc=0.975, train_loss_epoch=0.0634]Epoch 3:  67%|██████▋   | 97/144 [00:02<00:01, 35.07it/s, v_num=80885, train_loss_step=0.0176, val_loss=0.0833, val_acc=0.975, train_loss_epoch=0.0634]Epoch 3:  68%|██████▊   | 98/144 [00:02<00:01, 35.04it/s, v_num=80885, train_loss_step=0.0176, val_loss=0.0833, val_acc=0.975, train_loss_epoch=0.0634]Epoch 3:  68%|██████▊   | 98/144 [00:02<00:01, 35.04it/s, v_num=80885, train_loss_step=0.0429, val_loss=0.0833, val_acc=0.975, train_loss_epoch=0.0634]Epoch 3:  69%|██████▉   | 99/144 [00:02<00:01, 35.07it/s, v_num=80885, train_loss_step=0.0429, val_loss=0.0833, val_acc=0.975, train_loss_epoch=0.0634]Epoch 3:  69%|██████▉   | 99/144 [00:02<00:01, 35.07it/s, v_num=80885, train_loss_step=0.0528, val_loss=0.0833, val_acc=0.975, train_loss_epoch=0.0634]Epoch 3:  69%|██████▉   | 100/144 [00:02<00:01, 35.12it/s, v_num=80885, train_loss_step=0.0528, val_loss=0.0833, val_acc=0.975, train_loss_epoch=0.0634]Epoch 3:  69%|██████▉   | 100/144 [00:02<00:01, 35.11it/s, v_num=80885, train_loss_step=0.0364, val_loss=0.0833, val_acc=0.975, train_loss_epoch=0.0634]Epoch 3:  70%|███████   | 101/144 [00:02<00:01, 35.12it/s, v_num=80885, train_loss_step=0.0364, val_loss=0.0833, val_acc=0.975, train_loss_epoch=0.0634]Epoch 3:  70%|███████   | 101/144 [00:02<00:01, 35.12it/s, v_num=80885, train_loss_step=0.0552, val_loss=0.0833, val_acc=0.975, train_loss_epoch=0.0634]Epoch 3:  71%|███████   | 102/144 [00:02<00:01, 35.17it/s, v_num=80885, train_loss_step=0.0552, val_loss=0.0833, val_acc=0.975, train_loss_epoch=0.0634]Epoch 3:  71%|███████   | 102/144 [00:02<00:01, 35.17it/s, v_num=80885, train_loss_step=0.0162, val_loss=0.0833, val_acc=0.975, train_loss_epoch=0.0634]Epoch 3:  72%|███████▏  | 103/144 [00:02<00:01, 35.22it/s, v_num=80885, train_loss_step=0.0162, val_loss=0.0833, val_acc=0.975, train_loss_epoch=0.0634]Epoch 3:  72%|███████▏  | 103/144 [00:02<00:01, 35.22it/s, v_num=80885, train_loss_step=0.0172, val_loss=0.0833, val_acc=0.975, train_loss_epoch=0.0634]Epoch 3:  72%|███████▏  | 104/144 [00:02<00:01, 35.27it/s, v_num=80885, train_loss_step=0.0172, val_loss=0.0833, val_acc=0.975, train_loss_epoch=0.0634]Epoch 3:  72%|███████▏  | 104/144 [00:02<00:01, 35.27it/s, v_num=80885, train_loss_step=0.0503, val_loss=0.0833, val_acc=0.975, train_loss_epoch=0.0634]Epoch 3:  73%|███████▎  | 105/144 [00:02<00:01, 35.23it/s, v_num=80885, train_loss_step=0.0503, val_loss=0.0833, val_acc=0.975, train_loss_epoch=0.0634]Epoch 3:  73%|███████▎  | 105/144 [00:02<00:01, 35.23it/s, v_num=80885, train_loss_step=0.0691, val_loss=0.0833, val_acc=0.975, train_loss_epoch=0.0634]Epoch 3:  74%|███████▎  | 106/144 [00:03<00:01, 35.20it/s, v_num=80885, train_loss_step=0.0691, val_loss=0.0833, val_acc=0.975, train_loss_epoch=0.0634]Epoch 3:  74%|███████▎  | 106/144 [00:03<00:01, 35.20it/s, v_num=80885, train_loss_step=0.0447, val_loss=0.0833, val_acc=0.975, train_loss_epoch=0.0634]Epoch 3:  74%|███████▍  | 107/144 [00:03<00:01, 35.18it/s, v_num=80885, train_loss_step=0.0447, val_loss=0.0833, val_acc=0.975, train_loss_epoch=0.0634]Epoch 3:  74%|███████▍  | 107/144 [00:03<00:01, 35.18it/s, v_num=80885, train_loss_step=0.0292, val_loss=0.0833, val_acc=0.975, train_loss_epoch=0.0634]Epoch 3:  75%|███████▌  | 108/144 [00:03<00:01, 35.22it/s, v_num=80885, train_loss_step=0.0292, val_loss=0.0833, val_acc=0.975, train_loss_epoch=0.0634]Epoch 3:  75%|███████▌  | 108/144 [00:03<00:01, 35.22it/s, v_num=80885, train_loss_step=0.0461, val_loss=0.0833, val_acc=0.975, train_loss_epoch=0.0634]Epoch 3:  76%|███████▌  | 109/144 [00:03<00:00, 35.25it/s, v_num=80885, train_loss_step=0.0461, val_loss=0.0833, val_acc=0.975, train_loss_epoch=0.0634]Epoch 3:  76%|███████▌  | 109/144 [00:03<00:00, 35.25it/s, v_num=80885, train_loss_step=0.0879, val_loss=0.0833, val_acc=0.975, train_loss_epoch=0.0634]Epoch 3:  76%|███████▋  | 110/144 [00:03<00:00, 35.25it/s, v_num=80885, train_loss_step=0.0879, val_loss=0.0833, val_acc=0.975, train_loss_epoch=0.0634]Epoch 3:  76%|███████▋  | 110/144 [00:03<00:00, 35.25it/s, v_num=80885, train_loss_step=0.0316, val_loss=0.0833, val_acc=0.975, train_loss_epoch=0.0634]Epoch 3:  77%|███████▋  | 111/144 [00:03<00:00, 35.27it/s, v_num=80885, train_loss_step=0.0316, val_loss=0.0833, val_acc=0.975, train_loss_epoch=0.0634]Epoch 3:  77%|███████▋  | 111/144 [00:03<00:00, 35.27it/s, v_num=80885, train_loss_step=0.0465, val_loss=0.0833, val_acc=0.975, train_loss_epoch=0.0634]Epoch 3:  78%|███████▊  | 112/144 [00:03<00:00, 35.29it/s, v_num=80885, train_loss_step=0.0465, val_loss=0.0833, val_acc=0.975, train_loss_epoch=0.0634]Epoch 3:  78%|███████▊  | 112/144 [00:03<00:00, 35.28it/s, v_num=80885, train_loss_step=0.0198, val_loss=0.0833, val_acc=0.975, train_loss_epoch=0.0634]Epoch 3:  78%|███████▊  | 113/144 [00:03<00:00, 35.32it/s, v_num=80885, train_loss_step=0.0198, val_loss=0.0833, val_acc=0.975, train_loss_epoch=0.0634]Epoch 3:  78%|███████▊  | 113/144 [00:03<00:00, 35.31it/s, v_num=80885, train_loss_step=0.039, val_loss=0.0833, val_acc=0.975, train_loss_epoch=0.0634] Epoch 3:  79%|███████▉  | 114/144 [00:03<00:00, 35.27it/s, v_num=80885, train_loss_step=0.039, val_loss=0.0833, val_acc=0.975, train_loss_epoch=0.0634]Epoch 3:  79%|███████▉  | 114/144 [00:03<00:00, 35.27it/s, v_num=80885, train_loss_step=0.0318, val_loss=0.0833, val_acc=0.975, train_loss_epoch=0.0634]Epoch 3:  80%|███████▉  | 115/144 [00:03<00:00, 35.30it/s, v_num=80885, train_loss_step=0.0318, val_loss=0.0833, val_acc=0.975, train_loss_epoch=0.0634]Epoch 3:  80%|███████▉  | 115/144 [00:03<00:00, 35.30it/s, v_num=80885, train_loss_step=0.0376, val_loss=0.0833, val_acc=0.975, train_loss_epoch=0.0634]Epoch 3:  81%|████████  | 116/144 [00:03<00:00, 35.34it/s, v_num=80885, train_loss_step=0.0376, val_loss=0.0833, val_acc=0.975, train_loss_epoch=0.0634]Epoch 3:  81%|████████  | 116/144 [00:03<00:00, 35.34it/s, v_num=80885, train_loss_step=0.0394, val_loss=0.0833, val_acc=0.975, train_loss_epoch=0.0634]Epoch 3:  81%|████████▏ | 117/144 [00:03<00:00, 35.37it/s, v_num=80885, train_loss_step=0.0394, val_loss=0.0833, val_acc=0.975, train_loss_epoch=0.0634]Epoch 3:  81%|████████▏ | 117/144 [00:03<00:00, 35.37it/s, v_num=80885, train_loss_step=0.0508, val_loss=0.0833, val_acc=0.975, train_loss_epoch=0.0634]Epoch 3:  82%|████████▏ | 118/144 [00:03<00:00, 35.37it/s, v_num=80885, train_loss_step=0.0508, val_loss=0.0833, val_acc=0.975, train_loss_epoch=0.0634]Epoch 3:  82%|████████▏ | 118/144 [00:03<00:00, 35.37it/s, v_num=80885, train_loss_step=0.0187, val_loss=0.0833, val_acc=0.975, train_loss_epoch=0.0634]Epoch 3:  83%|████████▎ | 119/144 [00:03<00:00, 35.41it/s, v_num=80885, train_loss_step=0.0187, val_loss=0.0833, val_acc=0.975, train_loss_epoch=0.0634]Epoch 3:  83%|████████▎ | 119/144 [00:03<00:00, 35.40it/s, v_num=80885, train_loss_step=0.056, val_loss=0.0833, val_acc=0.975, train_loss_epoch=0.0634] Epoch 3:  83%|████████▎ | 120/144 [00:03<00:00, 35.44it/s, v_num=80885, train_loss_step=0.056, val_loss=0.0833, val_acc=0.975, train_loss_epoch=0.0634]Epoch 3:  83%|████████▎ | 120/144 [00:03<00:00, 35.44it/s, v_num=80885, train_loss_step=0.0451, val_loss=0.0833, val_acc=0.975, train_loss_epoch=0.0634]Epoch 3:  84%|████████▍ | 121/144 [00:03<00:00, 35.46it/s, v_num=80885, train_loss_step=0.0451, val_loss=0.0833, val_acc=0.975, train_loss_epoch=0.0634]Epoch 3:  84%|████████▍ | 121/144 [00:03<00:00, 35.46it/s, v_num=80885, train_loss_step=0.0511, val_loss=0.0833, val_acc=0.975, train_loss_epoch=0.0634]Epoch 3:  85%|████████▍ | 122/144 [00:03<00:00, 35.46it/s, v_num=80885, train_loss_step=0.0511, val_loss=0.0833, val_acc=0.975, train_loss_epoch=0.0634]Epoch 3:  85%|████████▍ | 122/144 [00:03<00:00, 35.46it/s, v_num=80885, train_loss_step=0.0482, val_loss=0.0833, val_acc=0.975, train_loss_epoch=0.0634]Epoch 3:  85%|████████▌ | 123/144 [00:03<00:00, 35.45it/s, v_num=80885, train_loss_step=0.0482, val_loss=0.0833, val_acc=0.975, train_loss_epoch=0.0634]Epoch 3:  85%|████████▌ | 123/144 [00:03<00:00, 35.45it/s, v_num=80885, train_loss_step=0.0543, val_loss=0.0833, val_acc=0.975, train_loss_epoch=0.0634]Epoch 3:  86%|████████▌ | 124/144 [00:03<00:00, 35.49it/s, v_num=80885, train_loss_step=0.0543, val_loss=0.0833, val_acc=0.975, train_loss_epoch=0.0634]Epoch 3:  86%|████████▌ | 124/144 [00:03<00:00, 35.49it/s, v_num=80885, train_loss_step=0.0494, val_loss=0.0833, val_acc=0.975, train_loss_epoch=0.0634]Epoch 3:  87%|████████▋ | 125/144 [00:03<00:00, 35.49it/s, v_num=80885, train_loss_step=0.0494, val_loss=0.0833, val_acc=0.975, train_loss_epoch=0.0634]Epoch 3:  87%|████████▋ | 125/144 [00:03<00:00, 35.49it/s, v_num=80885, train_loss_step=0.0409, val_loss=0.0833, val_acc=0.975, train_loss_epoch=0.0634]Epoch 3:  88%|████████▊ | 126/144 [00:03<00:00, 35.52it/s, v_num=80885, train_loss_step=0.0409, val_loss=0.0833, val_acc=0.975, train_loss_epoch=0.0634]Epoch 3:  88%|████████▊ | 126/144 [00:03<00:00, 35.52it/s, v_num=80885, train_loss_step=0.0567, val_loss=0.0833, val_acc=0.975, train_loss_epoch=0.0634]Epoch 3:  88%|████████▊ | 127/144 [00:03<00:00, 35.53it/s, v_num=80885, train_loss_step=0.0567, val_loss=0.0833, val_acc=0.975, train_loss_epoch=0.0634]Epoch 3:  88%|████████▊ | 127/144 [00:03<00:00, 35.53it/s, v_num=80885, train_loss_step=0.024, val_loss=0.0833, val_acc=0.975, train_loss_epoch=0.0634] Epoch 3:  89%|████████▉ | 128/144 [00:03<00:00, 35.57it/s, v_num=80885, train_loss_step=0.024, val_loss=0.0833, val_acc=0.975, train_loss_epoch=0.0634]Epoch 3:  89%|████████▉ | 128/144 [00:03<00:00, 35.57it/s, v_num=80885, train_loss_step=0.0379, val_loss=0.0833, val_acc=0.975, train_loss_epoch=0.0634]Epoch 3:  90%|████████▉ | 129/144 [00:03<00:00, 35.59it/s, v_num=80885, train_loss_step=0.0379, val_loss=0.0833, val_acc=0.975, train_loss_epoch=0.0634]Epoch 3:  90%|████████▉ | 129/144 [00:03<00:00, 35.59it/s, v_num=80885, train_loss_step=0.0231, val_loss=0.0833, val_acc=0.975, train_loss_epoch=0.0634]Epoch 3:  90%|█████████ | 130/144 [00:03<00:00, 35.63it/s, v_num=80885, train_loss_step=0.0231, val_loss=0.0833, val_acc=0.975, train_loss_epoch=0.0634]Epoch 3:  90%|█████████ | 130/144 [00:03<00:00, 35.63it/s, v_num=80885, train_loss_step=0.0401, val_loss=0.0833, val_acc=0.975, train_loss_epoch=0.0634]Epoch 3:  91%|█████████ | 131/144 [00:03<00:00, 35.64it/s, v_num=80885, train_loss_step=0.0401, val_loss=0.0833, val_acc=0.975, train_loss_epoch=0.0634]Epoch 3:  91%|█████████ | 131/144 [00:03<00:00, 35.64it/s, v_num=80885, train_loss_step=0.0703, val_loss=0.0833, val_acc=0.975, train_loss_epoch=0.0634]Epoch 3:  92%|█████████▏| 132/144 [00:03<00:00, 35.68it/s, v_num=80885, train_loss_step=0.0703, val_loss=0.0833, val_acc=0.975, train_loss_epoch=0.0634]Epoch 3:  92%|█████████▏| 132/144 [00:03<00:00, 35.67it/s, v_num=80885, train_loss_step=0.0272, val_loss=0.0833, val_acc=0.975, train_loss_epoch=0.0634]Epoch 3:  92%|█████████▏| 133/144 [00:03<00:00, 35.71it/s, v_num=80885, train_loss_step=0.0272, val_loss=0.0833, val_acc=0.975, train_loss_epoch=0.0634]Epoch 3:  92%|█████████▏| 133/144 [00:03<00:00, 35.71it/s, v_num=80885, train_loss_step=0.0432, val_loss=0.0833, val_acc=0.975, train_loss_epoch=0.0634]Epoch 3:  93%|█████████▎| 134/144 [00:03<00:00, 35.75it/s, v_num=80885, train_loss_step=0.0432, val_loss=0.0833, val_acc=0.975, train_loss_epoch=0.0634]Epoch 3:  93%|█████████▎| 134/144 [00:03<00:00, 35.75it/s, v_num=80885, train_loss_step=0.0236, val_loss=0.0833, val_acc=0.975, train_loss_epoch=0.0634]Epoch 3:  94%|█████████▍| 135/144 [00:03<00:00, 35.76it/s, v_num=80885, train_loss_step=0.0236, val_loss=0.0833, val_acc=0.975, train_loss_epoch=0.0634]Epoch 3:  94%|█████████▍| 135/144 [00:03<00:00, 35.76it/s, v_num=80885, train_loss_step=0.0322, val_loss=0.0833, val_acc=0.975, train_loss_epoch=0.0634]Epoch 3:  94%|█████████▍| 136/144 [00:03<00:00, 35.75it/s, v_num=80885, train_loss_step=0.0322, val_loss=0.0833, val_acc=0.975, train_loss_epoch=0.0634]Epoch 3:  94%|█████████▍| 136/144 [00:03<00:00, 35.74it/s, v_num=80885, train_loss_step=0.0834, val_loss=0.0833, val_acc=0.975, train_loss_epoch=0.0634]Epoch 3:  95%|█████████▌| 137/144 [00:03<00:00, 35.78it/s, v_num=80885, train_loss_step=0.0834, val_loss=0.0833, val_acc=0.975, train_loss_epoch=0.0634]Epoch 3:  95%|█████████▌| 137/144 [00:03<00:00, 35.78it/s, v_num=80885, train_loss_step=0.0135, val_loss=0.0833, val_acc=0.975, train_loss_epoch=0.0634]Epoch 3:  96%|█████████▌| 138/144 [00:03<00:00, 35.81it/s, v_num=80885, train_loss_step=0.0135, val_loss=0.0833, val_acc=0.975, train_loss_epoch=0.0634]Epoch 3:  96%|█████████▌| 138/144 [00:03<00:00, 35.81it/s, v_num=80885, train_loss_step=0.0327, val_loss=0.0833, val_acc=0.975, train_loss_epoch=0.0634]Epoch 3:  97%|█████████▋| 139/144 [00:03<00:00, 35.84it/s, v_num=80885, train_loss_step=0.0327, val_loss=0.0833, val_acc=0.975, train_loss_epoch=0.0634]Epoch 3:  97%|█████████▋| 139/144 [00:03<00:00, 35.84it/s, v_num=80885, train_loss_step=0.0582, val_loss=0.0833, val_acc=0.975, train_loss_epoch=0.0634]Epoch 3:  97%|█████████▋| 140/144 [00:03<00:00, 35.83it/s, v_num=80885, train_loss_step=0.0582, val_loss=0.0833, val_acc=0.975, train_loss_epoch=0.0634]Epoch 3:  97%|█████████▋| 140/144 [00:03<00:00, 35.83it/s, v_num=80885, train_loss_step=0.0647, val_loss=0.0833, val_acc=0.975, train_loss_epoch=0.0634]Epoch 3:  98%|█████████▊| 141/144 [00:03<00:00, 35.86it/s, v_num=80885, train_loss_step=0.0647, val_loss=0.0833, val_acc=0.975, train_loss_epoch=0.0634]Epoch 3:  98%|█████████▊| 141/144 [00:03<00:00, 35.86it/s, v_num=80885, train_loss_step=0.0532, val_loss=0.0833, val_acc=0.975, train_loss_epoch=0.0634]Epoch 3:  99%|█████████▊| 142/144 [00:03<00:00, 35.89it/s, v_num=80885, train_loss_step=0.0532, val_loss=0.0833, val_acc=0.975, train_loss_epoch=0.0634]Epoch 3:  99%|█████████▊| 142/144 [00:03<00:00, 35.89it/s, v_num=80885, train_loss_step=0.0428, val_loss=0.0833, val_acc=0.975, train_loss_epoch=0.0634]Epoch 3:  99%|█████████▉| 143/144 [00:03<00:00, 35.90it/s, v_num=80885, train_loss_step=0.0428, val_loss=0.0833, val_acc=0.975, train_loss_epoch=0.0634]Epoch 3:  99%|█████████▉| 143/144 [00:03<00:00, 35.89it/s, v_num=80885, train_loss_step=0.0412, val_loss=0.0833, val_acc=0.975, train_loss_epoch=0.0634]Epoch 3: 100%|██████████| 144/144 [00:04<00:00, 35.88it/s, v_num=80885, train_loss_step=0.0412, val_loss=0.0833, val_acc=0.975, train_loss_epoch=0.0634]Epoch 3: 100%|██████████| 144/144 [00:04<00:00, 35.88it/s, v_num=80885, train_loss_step=0.0791, val_loss=0.0833, val_acc=0.975, train_loss_epoch=0.0634]
Validation: |          | 0/? [00:00<?, ?it/s][A
Validation:   0%|          | 0/14 [00:00<?, ?it/s][A
Validation DataLoader 0:   0%|          | 0/14 [00:00<?, ?it/s][A
Validation DataLoader 0:   7%|▋         | 1/14 [00:00<00:00, 120.75it/s][A
Validation DataLoader 0:  14%|█▍        | 2/14 [00:00<00:00, 77.00it/s] [A
Validation DataLoader 0:  21%|██▏       | 3/14 [00:00<00:00, 83.53it/s][A
Validation DataLoader 0:  29%|██▊       | 4/14 [00:00<00:00, 87.36it/s][A
Validation DataLoader 0:  36%|███▌      | 5/14 [00:00<00:00, 90.29it/s][A
Validation DataLoader 0:  43%|████▎     | 6/14 [00:00<00:00, 91.98it/s][A
Validation DataLoader 0:  50%|█████     | 7/14 [00:00<00:00, 93.39it/s][A
Validation DataLoader 0:  57%|█████▋    | 8/14 [00:00<00:00, 88.99it/s][A
Validation DataLoader 0:  64%|██████▍   | 9/14 [00:00<00:00, 86.28it/s][A
Validation DataLoader 0:  71%|███████▏  | 10/14 [00:00<00:00, 84.23it/s][A
Validation DataLoader 0:  79%|███████▊  | 11/14 [00:00<00:00, 82.59it/s][A
Validation DataLoader 0:  86%|████████▌ | 12/14 [00:00<00:00, 81.21it/s][A
Validation DataLoader 0:  93%|█████████▎| 13/14 [00:00<00:00, 80.19it/s][A
Validation DataLoader 0: 100%|██████████| 14/14 [00:00<00:00, 79.27it/s][A
                                                                        [AEpoch 3: 100%|██████████| 144/144 [00:04<00:00, 34.19it/s, v_num=80885, train_loss_step=0.0791, val_loss=0.0409, val_acc=0.986, train_loss_epoch=0.0634]Epoch 3: 100%|██████████| 144/144 [00:04<00:00, 34.18it/s, v_num=80885, train_loss_step=0.0791, val_loss=0.0409, val_acc=0.986, train_loss_epoch=0.052] Epoch 3:   0%|          | 0/144 [00:00<?, ?it/s, v_num=80885, train_loss_step=0.0791, val_loss=0.0409, val_acc=0.986, train_loss_epoch=0.052]          Epoch 4:   0%|          | 0/144 [00:00<?, ?it/s, v_num=80885, train_loss_step=0.0791, val_loss=0.0409, val_acc=0.986, train_loss_epoch=0.052]Epoch 4:   1%|          | 1/144 [00:00<00:13, 10.71it/s, v_num=80885, train_loss_step=0.0791, val_loss=0.0409, val_acc=0.986, train_loss_epoch=0.052]Epoch 4:   1%|          | 1/144 [00:00<00:13, 10.68it/s, v_num=80885, train_loss_step=0.040, val_loss=0.0409, val_acc=0.986, train_loss_epoch=0.052] Epoch 4:   1%|▏         | 2/144 [00:00<00:08, 16.00it/s, v_num=80885, train_loss_step=0.040, val_loss=0.0409, val_acc=0.986, train_loss_epoch=0.052]Epoch 4:   1%|▏         | 2/144 [00:00<00:08, 15.97it/s, v_num=80885, train_loss_step=0.101, val_loss=0.0409, val_acc=0.986, train_loss_epoch=0.052]Epoch 4:   2%|▏         | 3/144 [00:00<00:07, 19.47it/s, v_num=80885, train_loss_step=0.101, val_loss=0.0409, val_acc=0.986, train_loss_epoch=0.052]Epoch 4:   2%|▏         | 3/144 [00:00<00:07, 19.45it/s, v_num=80885, train_loss_step=0.0882, val_loss=0.0409, val_acc=0.986, train_loss_epoch=0.052]Epoch 4:   3%|▎         | 4/144 [00:00<00:06, 21.90it/s, v_num=80885, train_loss_step=0.0882, val_loss=0.0409, val_acc=0.986, train_loss_epoch=0.052]Epoch 4:   3%|▎         | 4/144 [00:00<00:06, 21.88it/s, v_num=80885, train_loss_step=0.0543, val_loss=0.0409, val_acc=0.986, train_loss_epoch=0.052]Epoch 4:   3%|▎         | 5/144 [00:00<00:05, 23.61it/s, v_num=80885, train_loss_step=0.0543, val_loss=0.0409, val_acc=0.986, train_loss_epoch=0.052]Epoch 4:   3%|▎         | 5/144 [00:00<00:05, 23.59it/s, v_num=80885, train_loss_step=0.0492, val_loss=0.0409, val_acc=0.986, train_loss_epoch=0.052]Epoch 4:   4%|▍         | 6/144 [00:00<00:05, 24.64it/s, v_num=80885, train_loss_step=0.0492, val_loss=0.0409, val_acc=0.986, train_loss_epoch=0.052]Epoch 4:   4%|▍         | 6/144 [00:00<00:05, 24.62it/s, v_num=80885, train_loss_step=0.0951, val_loss=0.0409, val_acc=0.986, train_loss_epoch=0.052]Epoch 4:   5%|▍         | 7/144 [00:00<00:05, 25.63it/s, v_num=80885, train_loss_step=0.0951, val_loss=0.0409, val_acc=0.986, train_loss_epoch=0.052]Epoch 4:   5%|▍         | 7/144 [00:00<00:05, 25.61it/s, v_num=80885, train_loss_step=0.0647, val_loss=0.0409, val_acc=0.986, train_loss_epoch=0.052]Epoch 4:   6%|▌         | 8/144 [00:00<00:05, 26.33it/s, v_num=80885, train_loss_step=0.0647, val_loss=0.0409, val_acc=0.986, train_loss_epoch=0.052]Epoch 4:   6%|▌         | 8/144 [00:00<00:05, 26.32it/s, v_num=80885, train_loss_step=0.128, val_loss=0.0409, val_acc=0.986, train_loss_epoch=0.052] Epoch 4:   6%|▋         | 9/144 [00:00<00:05, 26.81it/s, v_num=80885, train_loss_step=0.128, val_loss=0.0409, val_acc=0.986, train_loss_epoch=0.052]Epoch 4:   6%|▋         | 9/144 [00:00<00:05, 26.79it/s, v_num=80885, train_loss_step=0.0518, val_loss=0.0409, val_acc=0.986, train_loss_epoch=0.052]Epoch 4:   7%|▋         | 10/144 [00:00<00:04, 27.43it/s, v_num=80885, train_loss_step=0.0518, val_loss=0.0409, val_acc=0.986, train_loss_epoch=0.052]Epoch 4:   7%|▋         | 10/144 [00:00<00:04, 27.42it/s, v_num=80885, train_loss_step=0.0409, val_loss=0.0409, val_acc=0.986, train_loss_epoch=0.052]Epoch 4:   8%|▊         | 11/144 [00:00<00:04, 27.86it/s, v_num=80885, train_loss_step=0.0409, val_loss=0.0409, val_acc=0.986, train_loss_epoch=0.052]Epoch 4:   8%|▊         | 11/144 [00:00<00:04, 27.84it/s, v_num=80885, train_loss_step=0.078, val_loss=0.0409, val_acc=0.986, train_loss_epoch=0.052] Epoch 4:   8%|▊         | 12/144 [00:00<00:04, 28.27it/s, v_num=80885, train_loss_step=0.078, val_loss=0.0409, val_acc=0.986, train_loss_epoch=0.052]Epoch 4:   8%|▊         | 12/144 [00:00<00:04, 28.26it/s, v_num=80885, train_loss_step=0.053, val_loss=0.0409, val_acc=0.986, train_loss_epoch=0.052]Epoch 4:   9%|▉         | 13/144 [00:00<00:04, 28.50it/s, v_num=80885, train_loss_step=0.053, val_loss=0.0409, val_acc=0.986, train_loss_epoch=0.052]Epoch 4:   9%|▉         | 13/144 [00:00<00:04, 28.49it/s, v_num=80885, train_loss_step=0.070, val_loss=0.0409, val_acc=0.986, train_loss_epoch=0.052]Epoch 4:  10%|▉         | 14/144 [00:00<00:04, 28.97it/s, v_num=80885, train_loss_step=0.070, val_loss=0.0409, val_acc=0.986, train_loss_epoch=0.052]Epoch 4:  10%|▉         | 14/144 [00:00<00:04, 28.96it/s, v_num=80885, train_loss_step=0.0463, val_loss=0.0409, val_acc=0.986, train_loss_epoch=0.052]Epoch 4:  10%|█         | 15/144 [00:00<00:04, 29.37it/s, v_num=80885, train_loss_step=0.0463, val_loss=0.0409, val_acc=0.986, train_loss_epoch=0.052]Epoch 4:  10%|█         | 15/144 [00:00<00:04, 29.36it/s, v_num=80885, train_loss_step=0.0439, val_loss=0.0409, val_acc=0.986, train_loss_epoch=0.052]Epoch 4:  11%|█         | 16/144 [00:00<00:04, 29.76it/s, v_num=80885, train_loss_step=0.0439, val_loss=0.0409, val_acc=0.986, train_loss_epoch=0.052]Epoch 4:  11%|█         | 16/144 [00:00<00:04, 29.75it/s, v_num=80885, train_loss_step=0.0699, val_loss=0.0409, val_acc=0.986, train_loss_epoch=0.052]Epoch 4:  12%|█▏        | 17/144 [00:00<00:04, 29.88it/s, v_num=80885, train_loss_step=0.0699, val_loss=0.0409, val_acc=0.986, train_loss_epoch=0.052]Epoch 4:  12%|█▏        | 17/144 [00:00<00:04, 29.88it/s, v_num=80885, train_loss_step=0.0283, val_loss=0.0409, val_acc=0.986, train_loss_epoch=0.052]Epoch 4:  12%|█▎        | 18/144 [00:00<00:04, 30.16it/s, v_num=80885, train_loss_step=0.0283, val_loss=0.0409, val_acc=0.986, train_loss_epoch=0.052]Epoch 4:  12%|█▎        | 18/144 [00:00<00:04, 30.15it/s, v_num=80885, train_loss_step=0.035, val_loss=0.0409, val_acc=0.986, train_loss_epoch=0.052] Epoch 4:  13%|█▎        | 19/144 [00:00<00:04, 30.42it/s, v_num=80885, train_loss_step=0.035, val_loss=0.0409, val_acc=0.986, train_loss_epoch=0.052]Epoch 4:  13%|█▎        | 19/144 [00:00<00:04, 30.41it/s, v_num=80885, train_loss_step=0.0543, val_loss=0.0409, val_acc=0.986, train_loss_epoch=0.052]Epoch 4:  14%|█▍        | 20/144 [00:00<00:04, 30.65it/s, v_num=80885, train_loss_step=0.0543, val_loss=0.0409, val_acc=0.986, train_loss_epoch=0.052]Epoch 4:  14%|█▍        | 20/144 [00:00<00:04, 30.64it/s, v_num=80885, train_loss_step=0.0538, val_loss=0.0409, val_acc=0.986, train_loss_epoch=0.052]Epoch 4:  15%|█▍        | 21/144 [00:00<00:04, 30.75it/s, v_num=80885, train_loss_step=0.0538, val_loss=0.0409, val_acc=0.986, train_loss_epoch=0.052]Epoch 4:  15%|█▍        | 21/144 [00:00<00:04, 30.74it/s, v_num=80885, train_loss_step=0.0188, val_loss=0.0409, val_acc=0.986, train_loss_epoch=0.052]Epoch 4:  15%|█▌        | 22/144 [00:00<00:03, 30.97it/s, v_num=80885, train_loss_step=0.0188, val_loss=0.0409, val_acc=0.986, train_loss_epoch=0.052]Epoch 4:  15%|█▌        | 22/144 [00:00<00:03, 30.96it/s, v_num=80885, train_loss_step=0.0253, val_loss=0.0409, val_acc=0.986, train_loss_epoch=0.052]Epoch 4:  16%|█▌        | 23/144 [00:00<00:03, 31.20it/s, v_num=80885, train_loss_step=0.0253, val_loss=0.0409, val_acc=0.986, train_loss_epoch=0.052]Epoch 4:  16%|█▌        | 23/144 [00:00<00:03, 31.19it/s, v_num=80885, train_loss_step=0.0127, val_loss=0.0409, val_acc=0.986, train_loss_epoch=0.052]Epoch 4:  17%|█▋        | 24/144 [00:00<00:03, 31.45it/s, v_num=80885, train_loss_step=0.0127, val_loss=0.0409, val_acc=0.986, train_loss_epoch=0.052]Epoch 4:  17%|█▋        | 24/144 [00:00<00:03, 31.45it/s, v_num=80885, train_loss_step=0.066, val_loss=0.0409, val_acc=0.986, train_loss_epoch=0.052] Epoch 4:  17%|█▋        | 25/144 [00:00<00:03, 31.32it/s, v_num=80885, train_loss_step=0.066, val_loss=0.0409, val_acc=0.986, train_loss_epoch=0.052]Epoch 4:  17%|█▋        | 25/144 [00:00<00:03, 31.32it/s, v_num=80885, train_loss_step=0.0575, val_loss=0.0409, val_acc=0.986, train_loss_epoch=0.052]Epoch 4:  18%|█▊        | 26/144 [00:00<00:03, 31.30it/s, v_num=80885, train_loss_step=0.0575, val_loss=0.0409, val_acc=0.986, train_loss_epoch=0.052]Epoch 4:  18%|█▊        | 26/144 [00:00<00:03, 31.29it/s, v_num=80885, train_loss_step=0.0266, val_loss=0.0409, val_acc=0.986, train_loss_epoch=0.052]Epoch 4:  19%|█▉        | 27/144 [00:00<00:03, 31.45it/s, v_num=80885, train_loss_step=0.0266, val_loss=0.0409, val_acc=0.986, train_loss_epoch=0.052]Epoch 4:  19%|█▉        | 27/144 [00:00<00:03, 31.45it/s, v_num=80885, train_loss_step=0.0668, val_loss=0.0409, val_acc=0.986, train_loss_epoch=0.052]Epoch 4:  19%|█▉        | 28/144 [00:00<00:03, 31.56it/s, v_num=80885, train_loss_step=0.0668, val_loss=0.0409, val_acc=0.986, train_loss_epoch=0.052]Epoch 4:  19%|█▉        | 28/144 [00:00<00:03, 31.56it/s, v_num=80885, train_loss_step=0.0406, val_loss=0.0409, val_acc=0.986, train_loss_epoch=0.052]Epoch 4:  20%|██        | 29/144 [00:00<00:03, 31.74it/s, v_num=80885, train_loss_step=0.0406, val_loss=0.0409, val_acc=0.986, train_loss_epoch=0.052]Epoch 4:  20%|██        | 29/144 [00:00<00:03, 31.74it/s, v_num=80885, train_loss_step=0.0732, val_loss=0.0409, val_acc=0.986, train_loss_epoch=0.052]Epoch 4:  21%|██        | 30/144 [00:00<00:03, 31.88it/s, v_num=80885, train_loss_step=0.0732, val_loss=0.0409, val_acc=0.986, train_loss_epoch=0.052]Epoch 4:  21%|██        | 30/144 [00:00<00:03, 31.87it/s, v_num=80885, train_loss_step=0.0716, val_loss=0.0409, val_acc=0.986, train_loss_epoch=0.052]Epoch 4:  22%|██▏       | 31/144 [00:00<00:03, 32.03it/s, v_num=80885, train_loss_step=0.0716, val_loss=0.0409, val_acc=0.986, train_loss_epoch=0.052]Epoch 4:  22%|██▏       | 31/144 [00:00<00:03, 32.03it/s, v_num=80885, train_loss_step=0.0362, val_loss=0.0409, val_acc=0.986, train_loss_epoch=0.052]Epoch 4:  22%|██▏       | 32/144 [00:00<00:03, 32.11it/s, v_num=80885, train_loss_step=0.0362, val_loss=0.0409, val_acc=0.986, train_loss_epoch=0.052]Epoch 4:  22%|██▏       | 32/144 [00:00<00:03, 32.10it/s, v_num=80885, train_loss_step=0.0835, val_loss=0.0409, val_acc=0.986, train_loss_epoch=0.052]Epoch 4:  23%|██▎       | 33/144 [00:01<00:03, 32.25it/s, v_num=80885, train_loss_step=0.0835, val_loss=0.0409, val_acc=0.986, train_loss_epoch=0.052]Epoch 4:  23%|██▎       | 33/144 [00:01<00:03, 32.24it/s, v_num=80885, train_loss_step=0.0445, val_loss=0.0409, val_acc=0.986, train_loss_epoch=0.052]Epoch 4:  24%|██▎       | 34/144 [00:01<00:03, 32.27it/s, v_num=80885, train_loss_step=0.0445, val_loss=0.0409, val_acc=0.986, train_loss_epoch=0.052]Epoch 4:  24%|██▎       | 34/144 [00:01<00:03, 32.26it/s, v_num=80885, train_loss_step=0.0351, val_loss=0.0409, val_acc=0.986, train_loss_epoch=0.052]Epoch 4:  24%|██▍       | 35/144 [00:01<00:03, 32.42it/s, v_num=80885, train_loss_step=0.0351, val_loss=0.0409, val_acc=0.986, train_loss_epoch=0.052]Epoch 4:  24%|██▍       | 35/144 [00:01<00:03, 32.41it/s, v_num=80885, train_loss_step=0.0428, val_loss=0.0409, val_acc=0.986, train_loss_epoch=0.052]Epoch 4:  25%|██▌       | 36/144 [00:01<00:03, 32.49it/s, v_num=80885, train_loss_step=0.0428, val_loss=0.0409, val_acc=0.986, train_loss_epoch=0.052]Epoch 4:  25%|██▌       | 36/144 [00:01<00:03, 32.49it/s, v_num=80885, train_loss_step=0.0456, val_loss=0.0409, val_acc=0.986, train_loss_epoch=0.052]Epoch 4:  26%|██▌       | 37/144 [00:01<00:03, 32.56it/s, v_num=80885, train_loss_step=0.0456, val_loss=0.0409, val_acc=0.986, train_loss_epoch=0.052]Epoch 4:  26%|██▌       | 37/144 [00:01<00:03, 32.56it/s, v_num=80885, train_loss_step=0.0981, val_loss=0.0409, val_acc=0.986, train_loss_epoch=0.052]Epoch 4:  26%|██▋       | 38/144 [00:01<00:03, 32.70it/s, v_num=80885, train_loss_step=0.0981, val_loss=0.0409, val_acc=0.986, train_loss_epoch=0.052]Epoch 4:  26%|██▋       | 38/144 [00:01<00:03, 32.69it/s, v_num=80885, train_loss_step=0.0293, val_loss=0.0409, val_acc=0.986, train_loss_epoch=0.052]Epoch 4:  27%|██▋       | 39/144 [00:01<00:03, 32.72it/s, v_num=80885, train_loss_step=0.0293, val_loss=0.0409, val_acc=0.986, train_loss_epoch=0.052]Epoch 4:  27%|██▋       | 39/144 [00:01<00:03, 32.71it/s, v_num=80885, train_loss_step=0.0701, val_loss=0.0409, val_acc=0.986, train_loss_epoch=0.052]Epoch 4:  28%|██▊       | 40/144 [00:01<00:03, 32.70it/s, v_num=80885, train_loss_step=0.0701, val_loss=0.0409, val_acc=0.986, train_loss_epoch=0.052]Epoch 4:  28%|██▊       | 40/144 [00:01<00:03, 32.70it/s, v_num=80885, train_loss_step=0.0593, val_loss=0.0409, val_acc=0.986, train_loss_epoch=0.052]Epoch 4:  28%|██▊       | 41/144 [00:01<00:03, 32.82it/s, v_num=80885, train_loss_step=0.0593, val_loss=0.0409, val_acc=0.986, train_loss_epoch=0.052]Epoch 4:  28%|██▊       | 41/144 [00:01<00:03, 32.82it/s, v_num=80885, train_loss_step=0.0326, val_loss=0.0409, val_acc=0.986, train_loss_epoch=0.052]Epoch 4:  29%|██▉       | 42/144 [00:01<00:03, 32.95it/s, v_num=80885, train_loss_step=0.0326, val_loss=0.0409, val_acc=0.986, train_loss_epoch=0.052]Epoch 4:  29%|██▉       | 42/144 [00:01<00:03, 32.95it/s, v_num=80885, train_loss_step=0.0552, val_loss=0.0409, val_acc=0.986, train_loss_epoch=0.052]Epoch 4:  30%|██▉       | 43/144 [00:01<00:03, 33.07it/s, v_num=80885, train_loss_step=0.0552, val_loss=0.0409, val_acc=0.986, train_loss_epoch=0.052]Epoch 4:  30%|██▉       | 43/144 [00:01<00:03, 33.07it/s, v_num=80885, train_loss_step=0.0285, val_loss=0.0409, val_acc=0.986, train_loss_epoch=0.052]Epoch 4:  31%|███       | 44/144 [00:01<00:03, 33.10it/s, v_num=80885, train_loss_step=0.0285, val_loss=0.0409, val_acc=0.986, train_loss_epoch=0.052]Epoch 4:  31%|███       | 44/144 [00:01<00:03, 33.10it/s, v_num=80885, train_loss_step=0.0334, val_loss=0.0409, val_acc=0.986, train_loss_epoch=0.052]Epoch 4:  31%|███▏      | 45/144 [00:01<00:02, 33.13it/s, v_num=80885, train_loss_step=0.0334, val_loss=0.0409, val_acc=0.986, train_loss_epoch=0.052]Epoch 4:  31%|███▏      | 45/144 [00:01<00:02, 33.12it/s, v_num=80885, train_loss_step=0.0516, val_loss=0.0409, val_acc=0.986, train_loss_epoch=0.052]Epoch 4:  32%|███▏      | 46/144 [00:01<00:02, 33.21it/s, v_num=80885, train_loss_step=0.0516, val_loss=0.0409, val_acc=0.986, train_loss_epoch=0.052]Epoch 4:  32%|███▏      | 46/144 [00:01<00:02, 33.21it/s, v_num=80885, train_loss_step=0.0415, val_loss=0.0409, val_acc=0.986, train_loss_epoch=0.052]Epoch 4:  33%|███▎      | 47/144 [00:01<00:02, 33.25it/s, v_num=80885, train_loss_step=0.0415, val_loss=0.0409, val_acc=0.986, train_loss_epoch=0.052]Epoch 4:  33%|███▎      | 47/144 [00:01<00:02, 33.25it/s, v_num=80885, train_loss_step=0.0415, val_loss=0.0409, val_acc=0.986, train_loss_epoch=0.052]Epoch 4:  33%|███▎      | 48/144 [00:01<00:02, 33.22it/s, v_num=80885, train_loss_step=0.0415, val_loss=0.0409, val_acc=0.986, train_loss_epoch=0.052]Epoch 4:  33%|███▎      | 48/144 [00:01<00:02, 33.22it/s, v_num=80885, train_loss_step=0.0442, val_loss=0.0409, val_acc=0.986, train_loss_epoch=0.052]Epoch 4:  34%|███▍      | 49/144 [00:01<00:02, 33.33it/s, v_num=80885, train_loss_step=0.0442, val_loss=0.0409, val_acc=0.986, train_loss_epoch=0.052]Epoch 4:  34%|███▍      | 49/144 [00:01<00:02, 33.32it/s, v_num=80885, train_loss_step=0.0496, val_loss=0.0409, val_acc=0.986, train_loss_epoch=0.052]Epoch 4:  35%|███▍      | 50/144 [00:01<00:02, 33.41it/s, v_num=80885, train_loss_step=0.0496, val_loss=0.0409, val_acc=0.986, train_loss_epoch=0.052]Epoch 4:  35%|███▍      | 50/144 [00:01<00:02, 33.40it/s, v_num=80885, train_loss_step=0.0403, val_loss=0.0409, val_acc=0.986, train_loss_epoch=0.052]Epoch 4:  35%|███▌      | 51/144 [00:01<00:02, 33.48it/s, v_num=80885, train_loss_step=0.0403, val_loss=0.0409, val_acc=0.986, train_loss_epoch=0.052]Epoch 4:  35%|███▌      | 51/144 [00:01<00:02, 33.48it/s, v_num=80885, train_loss_step=0.0263, val_loss=0.0409, val_acc=0.986, train_loss_epoch=0.052]Epoch 4:  36%|███▌      | 52/144 [00:01<00:02, 33.47it/s, v_num=80885, train_loss_step=0.0263, val_loss=0.0409, val_acc=0.986, train_loss_epoch=0.052]Epoch 4:  36%|███▌      | 52/144 [00:01<00:02, 33.47it/s, v_num=80885, train_loss_step=0.0465, val_loss=0.0409, val_acc=0.986, train_loss_epoch=0.052]Epoch 4:  37%|███▋      | 53/144 [00:01<00:02, 33.52it/s, v_num=80885, train_loss_step=0.0465, val_loss=0.0409, val_acc=0.986, train_loss_epoch=0.052]Epoch 4:  37%|███▋      | 53/144 [00:01<00:02, 33.52it/s, v_num=80885, train_loss_step=0.0429, val_loss=0.0409, val_acc=0.986, train_loss_epoch=0.052]Epoch 4:  38%|███▊      | 54/144 [00:01<00:02, 33.57it/s, v_num=80885, train_loss_step=0.0429, val_loss=0.0409, val_acc=0.986, train_loss_epoch=0.052]Epoch 4:  38%|███▊      | 54/144 [00:01<00:02, 33.57it/s, v_num=80885, train_loss_step=0.0777, val_loss=0.0409, val_acc=0.986, train_loss_epoch=0.052]Epoch 4:  38%|███▊      | 55/144 [00:01<00:02, 33.65it/s, v_num=80885, train_loss_step=0.0777, val_loss=0.0409, val_acc=0.986, train_loss_epoch=0.052]Epoch 4:  38%|███▊      | 55/144 [00:01<00:02, 33.65it/s, v_num=80885, train_loss_step=0.0524, val_loss=0.0409, val_acc=0.986, train_loss_epoch=0.052]Epoch 4:  39%|███▉      | 56/144 [00:01<00:02, 33.60it/s, v_num=80885, train_loss_step=0.0524, val_loss=0.0409, val_acc=0.986, train_loss_epoch=0.052]Epoch 4:  39%|███▉      | 56/144 [00:01<00:02, 33.60it/s, v_num=80885, train_loss_step=0.0516, val_loss=0.0409, val_acc=0.986, train_loss_epoch=0.052]Epoch 4:  40%|███▉      | 57/144 [00:01<00:02, 33.67it/s, v_num=80885, train_loss_step=0.0516, val_loss=0.0409, val_acc=0.986, train_loss_epoch=0.052]Epoch 4:  40%|███▉      | 57/144 [00:01<00:02, 33.67it/s, v_num=80885, train_loss_step=0.0203, val_loss=0.0409, val_acc=0.986, train_loss_epoch=0.052]Epoch 4:  40%|████      | 58/144 [00:01<00:02, 33.75it/s, v_num=80885, train_loss_step=0.0203, val_loss=0.0409, val_acc=0.986, train_loss_epoch=0.052]Epoch 4:  40%|████      | 58/144 [00:01<00:02, 33.75it/s, v_num=80885, train_loss_step=0.0323, val_loss=0.0409, val_acc=0.986, train_loss_epoch=0.052]Epoch 4:  41%|████      | 59/144 [00:01<00:02, 33.81it/s, v_num=80885, train_loss_step=0.0323, val_loss=0.0409, val_acc=0.986, train_loss_epoch=0.052]Epoch 4:  41%|████      | 59/144 [00:01<00:02, 33.81it/s, v_num=80885, train_loss_step=0.017, val_loss=0.0409, val_acc=0.986, train_loss_epoch=0.052] Epoch 4:  42%|████▏     | 60/144 [00:01<00:02, 33.82it/s, v_num=80885, train_loss_step=0.017, val_loss=0.0409, val_acc=0.986, train_loss_epoch=0.052]Epoch 4:  42%|████▏     | 60/144 [00:01<00:02, 33.82it/s, v_num=80885, train_loss_step=0.0518, val_loss=0.0409, val_acc=0.986, train_loss_epoch=0.052]Epoch 4:  42%|████▏     | 61/144 [00:01<00:02, 33.88it/s, v_num=80885, train_loss_step=0.0518, val_loss=0.0409, val_acc=0.986, train_loss_epoch=0.052]Epoch 4:  42%|████▏     | 61/144 [00:01<00:02, 33.88it/s, v_num=80885, train_loss_step=0.0489, val_loss=0.0409, val_acc=0.986, train_loss_epoch=0.052]Epoch 4:  43%|████▎     | 62/144 [00:01<00:02, 33.93it/s, v_num=80885, train_loss_step=0.0489, val_loss=0.0409, val_acc=0.986, train_loss_epoch=0.052]Epoch 4:  43%|████▎     | 62/144 [00:01<00:02, 33.92it/s, v_num=80885, train_loss_step=0.0357, val_loss=0.0409, val_acc=0.986, train_loss_epoch=0.052]Epoch 4:  44%|████▍     | 63/144 [00:01<00:02, 33.93it/s, v_num=80885, train_loss_step=0.0357, val_loss=0.0409, val_acc=0.986, train_loss_epoch=0.052]Epoch 4:  44%|████▍     | 63/144 [00:01<00:02, 33.93it/s, v_num=80885, train_loss_step=0.0285, val_loss=0.0409, val_acc=0.986, train_loss_epoch=0.052]Epoch 4:  44%|████▍     | 64/144 [00:01<00:02, 33.91it/s, v_num=80885, train_loss_step=0.0285, val_loss=0.0409, val_acc=0.986, train_loss_epoch=0.052]Epoch 4:  44%|████▍     | 64/144 [00:01<00:02, 33.90it/s, v_num=80885, train_loss_step=0.0157, val_loss=0.0409, val_acc=0.986, train_loss_epoch=0.052]Epoch 4:  45%|████▌     | 65/144 [00:01<00:02, 33.94it/s, v_num=80885, train_loss_step=0.0157, val_loss=0.0409, val_acc=0.986, train_loss_epoch=0.052]Epoch 4:  45%|████▌     | 65/144 [00:01<00:02, 33.93it/s, v_num=80885, train_loss_step=0.0413, val_loss=0.0409, val_acc=0.986, train_loss_epoch=0.052]Epoch 4:  46%|████▌     | 66/144 [00:01<00:02, 33.97it/s, v_num=80885, train_loss_step=0.0413, val_loss=0.0409, val_acc=0.986, train_loss_epoch=0.052]Epoch 4:  46%|████▌     | 66/144 [00:01<00:02, 33.97it/s, v_num=80885, train_loss_step=0.0116, val_loss=0.0409, val_acc=0.986, train_loss_epoch=0.052]Epoch 4:  47%|████▋     | 67/144 [00:01<00:02, 34.01it/s, v_num=80885, train_loss_step=0.0116, val_loss=0.0409, val_acc=0.986, train_loss_epoch=0.052]Epoch 4:  47%|████▋     | 67/144 [00:01<00:02, 34.01it/s, v_num=80885, train_loss_step=0.084, val_loss=0.0409, val_acc=0.986, train_loss_epoch=0.052] Epoch 4:  47%|████▋     | 68/144 [00:02<00:02, 33.98it/s, v_num=80885, train_loss_step=0.084, val_loss=0.0409, val_acc=0.986, train_loss_epoch=0.052]Epoch 4:  47%|████▋     | 68/144 [00:02<00:02, 33.98it/s, v_num=80885, train_loss_step=0.0316, val_loss=0.0409, val_acc=0.986, train_loss_epoch=0.052]Epoch 4:  48%|████▊     | 69/144 [00:02<00:02, 33.97it/s, v_num=80885, train_loss_step=0.0316, val_loss=0.0409, val_acc=0.986, train_loss_epoch=0.052]Epoch 4:  48%|████▊     | 69/144 [00:02<00:02, 33.97it/s, v_num=80885, train_loss_step=0.0224, val_loss=0.0409, val_acc=0.986, train_loss_epoch=0.052]Epoch 4:  49%|████▊     | 70/144 [00:02<00:02, 34.03it/s, v_num=80885, train_loss_step=0.0224, val_loss=0.0409, val_acc=0.986, train_loss_epoch=0.052]Epoch 4:  49%|████▊     | 70/144 [00:02<00:02, 34.03it/s, v_num=80885, train_loss_step=0.0771, val_loss=0.0409, val_acc=0.986, train_loss_epoch=0.052]Epoch 4:  49%|████▉     | 71/144 [00:02<00:02, 34.10it/s, v_num=80885, train_loss_step=0.0771, val_loss=0.0409, val_acc=0.986, train_loss_epoch=0.052]Epoch 4:  49%|████▉     | 71/144 [00:02<00:02, 34.10it/s, v_num=80885, train_loss_step=0.0331, val_loss=0.0409, val_acc=0.986, train_loss_epoch=0.052]Epoch 4:  50%|█████     | 72/144 [00:02<00:02, 34.11it/s, v_num=80885, train_loss_step=0.0331, val_loss=0.0409, val_acc=0.986, train_loss_epoch=0.052]Epoch 4:  50%|█████     | 72/144 [00:02<00:02, 34.11it/s, v_num=80885, train_loss_step=0.0229, val_loss=0.0409, val_acc=0.986, train_loss_epoch=0.052]Epoch 4:  51%|█████     | 73/144 [00:02<00:02, 34.16it/s, v_num=80885, train_loss_step=0.0229, val_loss=0.0409, val_acc=0.986, train_loss_epoch=0.052]Epoch 4:  51%|█████     | 73/144 [00:02<00:02, 34.16it/s, v_num=80885, train_loss_step=0.0476, val_loss=0.0409, val_acc=0.986, train_loss_epoch=0.052]Epoch 4:  51%|█████▏    | 74/144 [00:02<00:02, 34.21it/s, v_num=80885, train_loss_step=0.0476, val_loss=0.0409, val_acc=0.986, train_loss_epoch=0.052]Epoch 4:  51%|█████▏    | 74/144 [00:02<00:02, 34.21it/s, v_num=80885, train_loss_step=0.0513, val_loss=0.0409, val_acc=0.986, train_loss_epoch=0.052]Epoch 4:  52%|█████▏    | 75/144 [00:02<00:02, 34.24it/s, v_num=80885, train_loss_step=0.0513, val_loss=0.0409, val_acc=0.986, train_loss_epoch=0.052]Epoch 4:  52%|█████▏    | 75/144 [00:02<00:02, 34.24it/s, v_num=80885, train_loss_step=0.0486, val_loss=0.0409, val_acc=0.986, train_loss_epoch=0.052]Epoch 4:  53%|█████▎    | 76/144 [00:02<00:01, 34.22it/s, v_num=80885, train_loss_step=0.0486, val_loss=0.0409, val_acc=0.986, train_loss_epoch=0.052]Epoch 4:  53%|█████▎    | 76/144 [00:02<00:01, 34.22it/s, v_num=80885, train_loss_step=0.0788, val_loss=0.0409, val_acc=0.986, train_loss_epoch=0.052]Epoch 4:  53%|█████▎    | 77/144 [00:02<00:01, 34.27it/s, v_num=80885, train_loss_step=0.0788, val_loss=0.0409, val_acc=0.986, train_loss_epoch=0.052]Epoch 4:  53%|█████▎    | 77/144 [00:02<00:01, 34.27it/s, v_num=80885, train_loss_step=0.0228, val_loss=0.0409, val_acc=0.986, train_loss_epoch=0.052]Epoch 4:  54%|█████▍    | 78/144 [00:02<00:01, 34.30it/s, v_num=80885, train_loss_step=0.0228, val_loss=0.0409, val_acc=0.986, train_loss_epoch=0.052]Epoch 4:  54%|█████▍    | 78/144 [00:02<00:01, 34.29it/s, v_num=80885, train_loss_step=0.0424, val_loss=0.0409, val_acc=0.986, train_loss_epoch=0.052]Epoch 4:  55%|█████▍    | 79/144 [00:02<00:01, 34.34it/s, v_num=80885, train_loss_step=0.0424, val_loss=0.0409, val_acc=0.986, train_loss_epoch=0.052]Epoch 4:  55%|█████▍    | 79/144 [00:02<00:01, 34.33it/s, v_num=80885, train_loss_step=0.084, val_loss=0.0409, val_acc=0.986, train_loss_epoch=0.052] Epoch 4:  56%|█████▌    | 80/144 [00:02<00:01, 34.33it/s, v_num=80885, train_loss_step=0.084, val_loss=0.0409, val_acc=0.986, train_loss_epoch=0.052]Epoch 4:  56%|█████▌    | 80/144 [00:02<00:01, 34.33it/s, v_num=80885, train_loss_step=0.0477, val_loss=0.0409, val_acc=0.986, train_loss_epoch=0.052]Epoch 4:  56%|█████▋    | 81/144 [00:02<00:01, 34.36it/s, v_num=80885, train_loss_step=0.0477, val_loss=0.0409, val_acc=0.986, train_loss_epoch=0.052]Epoch 4:  56%|█████▋    | 81/144 [00:02<00:01, 34.36it/s, v_num=80885, train_loss_step=0.0239, val_loss=0.0409, val_acc=0.986, train_loss_epoch=0.052]Epoch 4:  57%|█████▋    | 82/144 [00:02<00:01, 34.38it/s, v_num=80885, train_loss_step=0.0239, val_loss=0.0409, val_acc=0.986, train_loss_epoch=0.052]Epoch 4:  57%|█████▋    | 82/144 [00:02<00:01, 34.37it/s, v_num=80885, train_loss_step=0.0371, val_loss=0.0409, val_acc=0.986, train_loss_epoch=0.052]Epoch 4:  58%|█████▊    | 83/144 [00:02<00:01, 34.40it/s, v_num=80885, train_loss_step=0.0371, val_loss=0.0409, val_acc=0.986, train_loss_epoch=0.052]Epoch 4:  58%|█████▊    | 83/144 [00:02<00:01, 34.40it/s, v_num=80885, train_loss_step=0.0423, val_loss=0.0409, val_acc=0.986, train_loss_epoch=0.052]Epoch 4:  58%|█████▊    | 84/144 [00:02<00:01, 34.37it/s, v_num=80885, train_loss_step=0.0423, val_loss=0.0409, val_acc=0.986, train_loss_epoch=0.052]Epoch 4:  58%|█████▊    | 84/144 [00:02<00:01, 34.37it/s, v_num=80885, train_loss_step=0.0404, val_loss=0.0409, val_acc=0.986, train_loss_epoch=0.052]Epoch 4:  59%|█████▉    | 85/144 [00:02<00:01, 34.41it/s, v_num=80885, train_loss_step=0.0404, val_loss=0.0409, val_acc=0.986, train_loss_epoch=0.052]Epoch 4:  59%|█████▉    | 85/144 [00:02<00:01, 34.41it/s, v_num=80885, train_loss_step=0.0499, val_loss=0.0409, val_acc=0.986, train_loss_epoch=0.052]Epoch 4:  60%|█████▉    | 86/144 [00:02<00:01, 34.45it/s, v_num=80885, train_loss_step=0.0499, val_loss=0.0409, val_acc=0.986, train_loss_epoch=0.052]Epoch 4:  60%|█████▉    | 86/144 [00:02<00:01, 34.45it/s, v_num=80885, train_loss_step=0.0377, val_loss=0.0409, val_acc=0.986, train_loss_epoch=0.052]Epoch 4:  60%|██████    | 87/144 [00:02<00:01, 34.48it/s, v_num=80885, train_loss_step=0.0377, val_loss=0.0409, val_acc=0.986, train_loss_epoch=0.052]Epoch 4:  60%|██████    | 87/144 [00:02<00:01, 34.47it/s, v_num=80885, train_loss_step=0.0456, val_loss=0.0409, val_acc=0.986, train_loss_epoch=0.052]Epoch 4:  61%|██████    | 88/144 [00:02<00:01, 34.46it/s, v_num=80885, train_loss_step=0.0456, val_loss=0.0409, val_acc=0.986, train_loss_epoch=0.052]Epoch 4:  61%|██████    | 88/144 [00:02<00:01, 34.46it/s, v_num=80885, train_loss_step=0.0339, val_loss=0.0409, val_acc=0.986, train_loss_epoch=0.052]Epoch 4:  62%|██████▏   | 89/144 [00:02<00:01, 34.48it/s, v_num=80885, train_loss_step=0.0339, val_loss=0.0409, val_acc=0.986, train_loss_epoch=0.052]Epoch 4:  62%|██████▏   | 89/144 [00:02<00:01, 34.48it/s, v_num=80885, train_loss_step=0.0379, val_loss=0.0409, val_acc=0.986, train_loss_epoch=0.052]Epoch 4:  62%|██████▎   | 90/144 [00:02<00:01, 34.52it/s, v_num=80885, train_loss_step=0.0379, val_loss=0.0409, val_acc=0.986, train_loss_epoch=0.052]Epoch 4:  62%|██████▎   | 90/144 [00:02<00:01, 34.52it/s, v_num=80885, train_loss_step=0.0537, val_loss=0.0409, val_acc=0.986, train_loss_epoch=0.052]Epoch 4:  63%|██████▎   | 91/144 [00:02<00:01, 34.56it/s, v_num=80885, train_loss_step=0.0537, val_loss=0.0409, val_acc=0.986, train_loss_epoch=0.052]Epoch 4:  63%|██████▎   | 91/144 [00:02<00:01, 34.55it/s, v_num=80885, train_loss_step=0.0542, val_loss=0.0409, val_acc=0.986, train_loss_epoch=0.052]Epoch 4:  64%|██████▍   | 92/144 [00:02<00:01, 34.54it/s, v_num=80885, train_loss_step=0.0542, val_loss=0.0409, val_acc=0.986, train_loss_epoch=0.052]Epoch 4:  64%|██████▍   | 92/144 [00:02<00:01, 34.53it/s, v_num=80885, train_loss_step=0.0332, val_loss=0.0409, val_acc=0.986, train_loss_epoch=0.052]Epoch 4:  65%|██████▍   | 93/144 [00:02<00:01, 34.58it/s, v_num=80885, train_loss_step=0.0332, val_loss=0.0409, val_acc=0.986, train_loss_epoch=0.052]Epoch 4:  65%|██████▍   | 93/144 [00:02<00:01, 34.58it/s, v_num=80885, train_loss_step=0.0376, val_loss=0.0409, val_acc=0.986, train_loss_epoch=0.052]Epoch 4:  65%|██████▌   | 94/144 [00:02<00:01, 34.59it/s, v_num=80885, train_loss_step=0.0376, val_loss=0.0409, val_acc=0.986, train_loss_epoch=0.052]Epoch 4:  65%|██████▌   | 94/144 [00:02<00:01, 34.59it/s, v_num=80885, train_loss_step=0.0358, val_loss=0.0409, val_acc=0.986, train_loss_epoch=0.052]Epoch 4:  66%|██████▌   | 95/144 [00:02<00:01, 34.63it/s, v_num=80885, train_loss_step=0.0358, val_loss=0.0409, val_acc=0.986, train_loss_epoch=0.052]Epoch 4:  66%|██████▌   | 95/144 [00:02<00:01, 34.63it/s, v_num=80885, train_loss_step=0.0335, val_loss=0.0409, val_acc=0.986, train_loss_epoch=0.052]Epoch 4:  67%|██████▋   | 96/144 [00:02<00:01, 34.63it/s, v_num=80885, train_loss_step=0.0335, val_loss=0.0409, val_acc=0.986, train_loss_epoch=0.052]Epoch 4:  67%|██████▋   | 96/144 [00:02<00:01, 34.62it/s, v_num=80885, train_loss_step=0.0425, val_loss=0.0409, val_acc=0.986, train_loss_epoch=0.052]Epoch 4:  67%|██████▋   | 97/144 [00:02<00:01, 34.67it/s, v_num=80885, train_loss_step=0.0425, val_loss=0.0409, val_acc=0.986, train_loss_epoch=0.052]Epoch 4:  67%|██████▋   | 97/144 [00:02<00:01, 34.66it/s, v_num=80885, train_loss_step=0.0301, val_loss=0.0409, val_acc=0.986, train_loss_epoch=0.052]Epoch 4:  68%|██████▊   | 98/144 [00:02<00:01, 34.71it/s, v_num=80885, train_loss_step=0.0301, val_loss=0.0409, val_acc=0.986, train_loss_epoch=0.052]Epoch 4:  68%|██████▊   | 98/144 [00:02<00:01, 34.71it/s, v_num=80885, train_loss_step=0.0405, val_loss=0.0409, val_acc=0.986, train_loss_epoch=0.052]Epoch 4:  69%|██████▉   | 99/144 [00:02<00:01, 34.76it/s, v_num=80885, train_loss_step=0.0405, val_loss=0.0409, val_acc=0.986, train_loss_epoch=0.052]Epoch 4:  69%|██████▉   | 99/144 [00:02<00:01, 34.76it/s, v_num=80885, train_loss_step=0.0471, val_loss=0.0409, val_acc=0.986, train_loss_epoch=0.052]Epoch 4:  69%|██████▉   | 100/144 [00:02<00:01, 34.72it/s, v_num=80885, train_loss_step=0.0471, val_loss=0.0409, val_acc=0.986, train_loss_epoch=0.052]Epoch 4:  69%|██████▉   | 100/144 [00:02<00:01, 34.72it/s, v_num=80885, train_loss_step=0.0462, val_loss=0.0409, val_acc=0.986, train_loss_epoch=0.052]Epoch 4:  70%|███████   | 101/144 [00:02<00:01, 34.76it/s, v_num=80885, train_loss_step=0.0462, val_loss=0.0409, val_acc=0.986, train_loss_epoch=0.052]Epoch 4:  70%|███████   | 101/144 [00:02<00:01, 34.76it/s, v_num=80885, train_loss_step=0.0343, val_loss=0.0409, val_acc=0.986, train_loss_epoch=0.052]Epoch 4:  71%|███████   | 102/144 [00:02<00:01, 34.79it/s, v_num=80885, train_loss_step=0.0343, val_loss=0.0409, val_acc=0.986, train_loss_epoch=0.052]Epoch 4:  71%|███████   | 102/144 [00:02<00:01, 34.79it/s, v_num=80885, train_loss_step=0.0346, val_loss=0.0409, val_acc=0.986, train_loss_epoch=0.052]Epoch 4:  72%|███████▏  | 103/144 [00:02<00:01, 34.83it/s, v_num=80885, train_loss_step=0.0346, val_loss=0.0409, val_acc=0.986, train_loss_epoch=0.052]Epoch 4:  72%|███████▏  | 103/144 [00:02<00:01, 34.83it/s, v_num=80885, train_loss_step=0.0236, val_loss=0.0409, val_acc=0.986, train_loss_epoch=0.052]Epoch 4:  72%|███████▏  | 104/144 [00:02<00:01, 34.83it/s, v_num=80885, train_loss_step=0.0236, val_loss=0.0409, val_acc=0.986, train_loss_epoch=0.052]Epoch 4:  72%|███████▏  | 104/144 [00:02<00:01, 34.83it/s, v_num=80885, train_loss_step=0.043, val_loss=0.0409, val_acc=0.986, train_loss_epoch=0.052] Epoch 4:  73%|███████▎  | 105/144 [00:03<00:01, 34.86it/s, v_num=80885, train_loss_step=0.043, val_loss=0.0409, val_acc=0.986, train_loss_epoch=0.052]Epoch 4:  73%|███████▎  | 105/144 [00:03<00:01, 34.86it/s, v_num=80885, train_loss_step=0.0272, val_loss=0.0409, val_acc=0.986, train_loss_epoch=0.052]Epoch 4:  74%|███████▎  | 106/144 [00:03<00:01, 34.90it/s, v_num=80885, train_loss_step=0.0272, val_loss=0.0409, val_acc=0.986, train_loss_epoch=0.052]Epoch 4:  74%|███████▎  | 106/144 [00:03<00:01, 34.90it/s, v_num=80885, train_loss_step=0.0707, val_loss=0.0409, val_acc=0.986, train_loss_epoch=0.052]Epoch 4:  74%|███████▍  | 107/144 [00:03<00:01, 34.96it/s, v_num=80885, train_loss_step=0.0707, val_loss=0.0409, val_acc=0.986, train_loss_epoch=0.052]Epoch 4:  74%|███████▍  | 107/144 [00:03<00:01, 34.95it/s, v_num=80885, train_loss_step=0.0244, val_loss=0.0409, val_acc=0.986, train_loss_epoch=0.052]Epoch 4:  75%|███████▌  | 108/144 [00:03<00:01, 34.96it/s, v_num=80885, train_loss_step=0.0244, val_loss=0.0409, val_acc=0.986, train_loss_epoch=0.052]Epoch 4:  75%|███████▌  | 108/144 [00:03<00:01, 34.96it/s, v_num=80885, train_loss_step=0.0234, val_loss=0.0409, val_acc=0.986, train_loss_epoch=0.052]Epoch 4:  76%|███████▌  | 109/144 [00:03<00:01, 34.95it/s, v_num=80885, train_loss_step=0.0234, val_loss=0.0409, val_acc=0.986, train_loss_epoch=0.052]Epoch 4:  76%|███████▌  | 109/144 [00:03<00:01, 34.95it/s, v_num=80885, train_loss_step=0.068, val_loss=0.0409, val_acc=0.986, train_loss_epoch=0.052] Epoch 4:  76%|███████▋  | 110/144 [00:03<00:00, 34.96it/s, v_num=80885, train_loss_step=0.068, val_loss=0.0409, val_acc=0.986, train_loss_epoch=0.052]Epoch 4:  76%|███████▋  | 110/144 [00:03<00:00, 34.96it/s, v_num=80885, train_loss_step=0.0203, val_loss=0.0409, val_acc=0.986, train_loss_epoch=0.052]Epoch 4:  77%|███████▋  | 111/144 [00:03<00:00, 35.01it/s, v_num=80885, train_loss_step=0.0203, val_loss=0.0409, val_acc=0.986, train_loss_epoch=0.052]Epoch 4:  77%|███████▋  | 111/144 [00:03<00:00, 35.01it/s, v_num=80885, train_loss_step=0.0299, val_loss=0.0409, val_acc=0.986, train_loss_epoch=0.052]Epoch 4:  78%|███████▊  | 112/144 [00:03<00:00, 35.05it/s, v_num=80885, train_loss_step=0.0299, val_loss=0.0409, val_acc=0.986, train_loss_epoch=0.052]Epoch 4:  78%|███████▊  | 112/144 [00:03<00:00, 35.05it/s, v_num=80885, train_loss_step=0.0274, val_loss=0.0409, val_acc=0.986, train_loss_epoch=0.052]Epoch 4:  78%|███████▊  | 113/144 [00:03<00:00, 35.03it/s, v_num=80885, train_loss_step=0.0274, val_loss=0.0409, val_acc=0.986, train_loss_epoch=0.052]Epoch 4:  78%|███████▊  | 113/144 [00:03<00:00, 35.03it/s, v_num=80885, train_loss_step=0.0584, val_loss=0.0409, val_acc=0.986, train_loss_epoch=0.052]Epoch 4:  79%|███████▉  | 114/144 [00:03<00:00, 35.08it/s, v_num=80885, train_loss_step=0.0584, val_loss=0.0409, val_acc=0.986, train_loss_epoch=0.052]Epoch 4:  79%|███████▉  | 114/144 [00:03<00:00, 35.08it/s, v_num=80885, train_loss_step=0.0311, val_loss=0.0409, val_acc=0.986, train_loss_epoch=0.052]Epoch 4:  80%|███████▉  | 115/144 [00:03<00:00, 35.13it/s, v_num=80885, train_loss_step=0.0311, val_loss=0.0409, val_acc=0.986, train_loss_epoch=0.052]Epoch 4:  80%|███████▉  | 115/144 [00:03<00:00, 35.13it/s, v_num=80885, train_loss_step=0.0682, val_loss=0.0409, val_acc=0.986, train_loss_epoch=0.052]Epoch 4:  81%|████████  | 116/144 [00:03<00:00, 35.16it/s, v_num=80885, train_loss_step=0.0682, val_loss=0.0409, val_acc=0.986, train_loss_epoch=0.052]Epoch 4:  81%|████████  | 116/144 [00:03<00:00, 35.16it/s, v_num=80885, train_loss_step=0.0637, val_loss=0.0409, val_acc=0.986, train_loss_epoch=0.052]Epoch 4:  81%|████████▏ | 117/144 [00:03<00:00, 35.17it/s, v_num=80885, train_loss_step=0.0637, val_loss=0.0409, val_acc=0.986, train_loss_epoch=0.052]Epoch 4:  81%|████████▏ | 117/144 [00:03<00:00, 35.16it/s, v_num=80885, train_loss_step=0.0495, val_loss=0.0409, val_acc=0.986, train_loss_epoch=0.052]Epoch 4:  82%|████████▏ | 118/144 [00:03<00:00, 35.16it/s, v_num=80885, train_loss_step=0.0495, val_loss=0.0409, val_acc=0.986, train_loss_epoch=0.052]Epoch 4:  82%|████████▏ | 118/144 [00:03<00:00, 35.16it/s, v_num=80885, train_loss_step=0.0384, val_loss=0.0409, val_acc=0.986, train_loss_epoch=0.052]Epoch 4:  83%|████████▎ | 119/144 [00:03<00:00, 35.18it/s, v_num=80885, train_loss_step=0.0384, val_loss=0.0409, val_acc=0.986, train_loss_epoch=0.052]Epoch 4:  83%|████████▎ | 119/144 [00:03<00:00, 35.18it/s, v_num=80885, train_loss_step=0.0388, val_loss=0.0409, val_acc=0.986, train_loss_epoch=0.052]Epoch 4:  83%|████████▎ | 120/144 [00:03<00:00, 35.22it/s, v_num=80885, train_loss_step=0.0388, val_loss=0.0409, val_acc=0.986, train_loss_epoch=0.052]Epoch 4:  83%|████████▎ | 120/144 [00:03<00:00, 35.22it/s, v_num=80885, train_loss_step=0.0332, val_loss=0.0409, val_acc=0.986, train_loss_epoch=0.052]Epoch 4:  84%|████████▍ | 121/144 [00:03<00:00, 35.26it/s, v_num=80885, train_loss_step=0.0332, val_loss=0.0409, val_acc=0.986, train_loss_epoch=0.052]Epoch 4:  84%|████████▍ | 121/144 [00:03<00:00, 35.26it/s, v_num=80885, train_loss_step=0.0533, val_loss=0.0409, val_acc=0.986, train_loss_epoch=0.052]Epoch 4:  85%|████████▍ | 122/144 [00:03<00:00, 35.25it/s, v_num=80885, train_loss_step=0.0533, val_loss=0.0409, val_acc=0.986, train_loss_epoch=0.052]Epoch 4:  85%|████████▍ | 122/144 [00:03<00:00, 35.25it/s, v_num=80885, train_loss_step=0.0492, val_loss=0.0409, val_acc=0.986, train_loss_epoch=0.052]Epoch 4:  85%|████████▌ | 123/144 [00:03<00:00, 35.29it/s, v_num=80885, train_loss_step=0.0492, val_loss=0.0409, val_acc=0.986, train_loss_epoch=0.052]Epoch 4:  85%|████████▌ | 123/144 [00:03<00:00, 35.28it/s, v_num=80885, train_loss_step=0.0957, val_loss=0.0409, val_acc=0.986, train_loss_epoch=0.052]Epoch 4:  86%|████████▌ | 124/144 [00:03<00:00, 35.32it/s, v_num=80885, train_loss_step=0.0957, val_loss=0.0409, val_acc=0.986, train_loss_epoch=0.052]Epoch 4:  86%|████████▌ | 124/144 [00:03<00:00, 35.32it/s, v_num=80885, train_loss_step=0.0462, val_loss=0.0409, val_acc=0.986, train_loss_epoch=0.052]Epoch 4:  87%|████████▋ | 125/144 [00:03<00:00, 35.35it/s, v_num=80885, train_loss_step=0.0462, val_loss=0.0409, val_acc=0.986, train_loss_epoch=0.052]Epoch 4:  87%|████████▋ | 125/144 [00:03<00:00, 35.35it/s, v_num=80885, train_loss_step=0.0604, val_loss=0.0409, val_acc=0.986, train_loss_epoch=0.052]Epoch 4:  88%|████████▊ | 126/144 [00:03<00:00, 35.36it/s, v_num=80885, train_loss_step=0.0604, val_loss=0.0409, val_acc=0.986, train_loss_epoch=0.052]Epoch 4:  88%|████████▊ | 126/144 [00:03<00:00, 35.36it/s, v_num=80885, train_loss_step=0.0379, val_loss=0.0409, val_acc=0.986, train_loss_epoch=0.052]Epoch 4:  88%|████████▊ | 127/144 [00:03<00:00, 35.40it/s, v_num=80885, train_loss_step=0.0379, val_loss=0.0409, val_acc=0.986, train_loss_epoch=0.052]Epoch 4:  88%|████████▊ | 127/144 [00:03<00:00, 35.40it/s, v_num=80885, train_loss_step=0.0401, val_loss=0.0409, val_acc=0.986, train_loss_epoch=0.052]Epoch 4:  89%|████████▉ | 128/144 [00:03<00:00, 35.44it/s, v_num=80885, train_loss_step=0.0401, val_loss=0.0409, val_acc=0.986, train_loss_epoch=0.052]Epoch 4:  89%|████████▉ | 128/144 [00:03<00:00, 35.44it/s, v_num=80885, train_loss_step=0.0557, val_loss=0.0409, val_acc=0.986, train_loss_epoch=0.052]Epoch 4:  90%|████████▉ | 129/144 [00:03<00:00, 35.47it/s, v_num=80885, train_loss_step=0.0557, val_loss=0.0409, val_acc=0.986, train_loss_epoch=0.052]Epoch 4:  90%|████████▉ | 129/144 [00:03<00:00, 35.47it/s, v_num=80885, train_loss_step=0.0464, val_loss=0.0409, val_acc=0.986, train_loss_epoch=0.052]Epoch 4:  90%|█████████ | 130/144 [00:03<00:00, 35.51it/s, v_num=80885, train_loss_step=0.0464, val_loss=0.0409, val_acc=0.986, train_loss_epoch=0.052]Epoch 4:  90%|█████████ | 130/144 [00:03<00:00, 35.50it/s, v_num=80885, train_loss_step=0.0265, val_loss=0.0409, val_acc=0.986, train_loss_epoch=0.052]Epoch 4:  91%|█████████ | 131/144 [00:03<00:00, 35.50it/s, v_num=80885, train_loss_step=0.0265, val_loss=0.0409, val_acc=0.986, train_loss_epoch=0.052]Epoch 4:  91%|█████████ | 131/144 [00:03<00:00, 35.50it/s, v_num=80885, train_loss_step=0.0416, val_loss=0.0409, val_acc=0.986, train_loss_epoch=0.052]Epoch 4:  92%|█████████▏| 132/144 [00:03<00:00, 35.54it/s, v_num=80885, train_loss_step=0.0416, val_loss=0.0409, val_acc=0.986, train_loss_epoch=0.052]Epoch 4:  92%|█████████▏| 132/144 [00:03<00:00, 35.53it/s, v_num=80885, train_loss_step=0.0248, val_loss=0.0409, val_acc=0.986, train_loss_epoch=0.052]Epoch 4:  92%|█████████▏| 133/144 [00:03<00:00, 35.57it/s, v_num=80885, train_loss_step=0.0248, val_loss=0.0409, val_acc=0.986, train_loss_epoch=0.052]Epoch 4:  92%|█████████▏| 133/144 [00:03<00:00, 35.57it/s, v_num=80885, train_loss_step=0.0183, val_loss=0.0409, val_acc=0.986, train_loss_epoch=0.052]Epoch 4:  93%|█████████▎| 134/144 [00:03<00:00, 35.61it/s, v_num=80885, train_loss_step=0.0183, val_loss=0.0409, val_acc=0.986, train_loss_epoch=0.052]Epoch 4:  93%|█████████▎| 134/144 [00:03<00:00, 35.61it/s, v_num=80885, train_loss_step=0.0333, val_loss=0.0409, val_acc=0.986, train_loss_epoch=0.052]Epoch 4:  94%|█████████▍| 135/144 [00:03<00:00, 35.62it/s, v_num=80885, train_loss_step=0.0333, val_loss=0.0409, val_acc=0.986, train_loss_epoch=0.052]Epoch 4:  94%|█████████▍| 135/144 [00:03<00:00, 35.62it/s, v_num=80885, train_loss_step=0.0503, val_loss=0.0409, val_acc=0.986, train_loss_epoch=0.052]Epoch 4:  94%|█████████▍| 136/144 [00:03<00:00, 35.66it/s, v_num=80885, train_loss_step=0.0503, val_loss=0.0409, val_acc=0.986, train_loss_epoch=0.052]Epoch 4:  94%|█████████▍| 136/144 [00:03<00:00, 35.65it/s, v_num=80885, train_loss_step=0.0364, val_loss=0.0409, val_acc=0.986, train_loss_epoch=0.052]Epoch 4:  95%|█████████▌| 137/144 [00:03<00:00, 35.69it/s, v_num=80885, train_loss_step=0.0364, val_loss=0.0409, val_acc=0.986, train_loss_epoch=0.052]Epoch 4:  95%|█████████▌| 137/144 [00:03<00:00, 35.69it/s, v_num=80885, train_loss_step=0.0263, val_loss=0.0409, val_acc=0.986, train_loss_epoch=0.052]Epoch 4:  96%|█████████▌| 138/144 [00:03<00:00, 35.72it/s, v_num=80885, train_loss_step=0.0263, val_loss=0.0409, val_acc=0.986, train_loss_epoch=0.052]Epoch 4:  96%|█████████▌| 138/144 [00:03<00:00, 35.72it/s, v_num=80885, train_loss_step=0.027, val_loss=0.0409, val_acc=0.986, train_loss_epoch=0.052] Epoch 4:  97%|█████████▋| 139/144 [00:03<00:00, 35.72it/s, v_num=80885, train_loss_step=0.027, val_loss=0.0409, val_acc=0.986, train_loss_epoch=0.052]Epoch 4:  97%|█████████▋| 139/144 [00:03<00:00, 35.72it/s, v_num=80885, train_loss_step=0.0315, val_loss=0.0409, val_acc=0.986, train_loss_epoch=0.052]Epoch 4:  97%|█████████▋| 140/144 [00:03<00:00, 35.71it/s, v_num=80885, train_loss_step=0.0315, val_loss=0.0409, val_acc=0.986, train_loss_epoch=0.052]Epoch 4:  97%|█████████▋| 140/144 [00:03<00:00, 35.71it/s, v_num=80885, train_loss_step=0.0333, val_loss=0.0409, val_acc=0.986, train_loss_epoch=0.052]Epoch 4:  98%|█████████▊| 141/144 [00:03<00:00, 35.75it/s, v_num=80885, train_loss_step=0.0333, val_loss=0.0409, val_acc=0.986, train_loss_epoch=0.052]Epoch 4:  98%|█████████▊| 141/144 [00:03<00:00, 35.75it/s, v_num=80885, train_loss_step=0.0276, val_loss=0.0409, val_acc=0.986, train_loss_epoch=0.052]Epoch 4:  99%|█████████▊| 142/144 [00:03<00:00, 35.78it/s, v_num=80885, train_loss_step=0.0276, val_loss=0.0409, val_acc=0.986, train_loss_epoch=0.052]Epoch 4:  99%|█████████▊| 142/144 [00:03<00:00, 35.78it/s, v_num=80885, train_loss_step=0.0472, val_loss=0.0409, val_acc=0.986, train_loss_epoch=0.052]Epoch 4:  99%|█████████▉| 143/144 [00:03<00:00, 35.81it/s, v_num=80885, train_loss_step=0.0472, val_loss=0.0409, val_acc=0.986, train_loss_epoch=0.052]Epoch 4:  99%|█████████▉| 143/144 [00:03<00:00, 35.81it/s, v_num=80885, train_loss_step=0.0304, val_loss=0.0409, val_acc=0.986, train_loss_epoch=0.052]Epoch 4: 100%|██████████| 144/144 [00:04<00:00, 35.81it/s, v_num=80885, train_loss_step=0.0304, val_loss=0.0409, val_acc=0.986, train_loss_epoch=0.052]Epoch 4: 100%|██████████| 144/144 [00:04<00:00, 35.81it/s, v_num=80885, train_loss_step=0.013, val_loss=0.0409, val_acc=0.986, train_loss_epoch=0.052] 
Validation: |          | 0/? [00:00<?, ?it/s][A
Validation:   0%|          | 0/14 [00:00<?, ?it/s][A
Validation DataLoader 0:   0%|          | 0/14 [00:00<?, ?it/s][A
Validation DataLoader 0:   7%|▋         | 1/14 [00:00<00:00, 114.42it/s][A
Validation DataLoader 0:  14%|█▍        | 2/14 [00:00<00:00, 71.68it/s] [A
Validation DataLoader 0:  21%|██▏       | 3/14 [00:00<00:00, 78.17it/s][A
Validation DataLoader 0:  29%|██▊       | 4/14 [00:00<00:00, 82.20it/s][A
Validation DataLoader 0:  36%|███▌      | 5/14 [00:00<00:00, 84.74it/s][A
Validation DataLoader 0:  43%|████▎     | 6/14 [00:00<00:00, 86.56it/s][A
Validation DataLoader 0:  50%|█████     | 7/14 [00:00<00:00, 84.12it/s][A
Validation DataLoader 0:  57%|█████▋    | 8/14 [00:00<00:00, 82.00it/s][A
Validation DataLoader 0:  64%|██████▍   | 9/14 [00:00<00:00, 80.20it/s][A
Validation DataLoader 0:  71%|███████▏  | 10/14 [00:00<00:00, 78.84it/s][A
Validation DataLoader 0:  79%|███████▊  | 11/14 [00:00<00:00, 77.84it/s][A
Validation DataLoader 0:  86%|████████▌ | 12/14 [00:00<00:00, 76.91it/s][A
Validation DataLoader 0:  93%|█████████▎| 13/14 [00:00<00:00, 75.74it/s][A
Validation DataLoader 0: 100%|██████████| 14/14 [00:00<00:00, 75.26it/s][A
                                                                        [AEpoch 4: 100%|██████████| 144/144 [00:04<00:00, 34.06it/s, v_num=80885, train_loss_step=0.013, val_loss=0.0378, val_acc=0.988, train_loss_epoch=0.052]Epoch 4: 100%|██████████| 144/144 [00:04<00:00, 34.05it/s, v_num=80885, train_loss_step=0.013, val_loss=0.0378, val_acc=0.988, train_loss_epoch=0.0455][2025-09-11 12:53:43,738] [INFO] [logging.py:107:log_dist] [Rank 0] [Torch] Checkpoint checkpoint is begin to save!
[2025-09-11 12:53:43,742] [INFO] [logging.py:107:log_dist] [Rank 0] Saving model checkpoint: deepspeed_logs/lightning_logs/version_80885/checkpoints/deepspeed-epoch=04-val_acc=0.99.ckpt/checkpoint/zero_pp_rank_0_mp_rank_00_model_states.pt
Epoch 4:   0%|          | 0/144 [00:00<?, ?it/s, v_num=80885, train_loss_step=0.013, val_loss=0.0378, val_acc=0.988, train_loss_epoch=0.0455]          Epoch 5:   0%|          | 0/144 [00:00<?, ?it/s, v_num=80885, train_loss_step=0.013, val_loss=0.0378, val_acc=0.988, train_loss_epoch=0.0455]Epoch 5:   1%|          | 1/144 [00:00<00:12, 11.35it/s, v_num=80885, train_loss_step=0.013, val_loss=0.0378, val_acc=0.988, train_loss_epoch=0.0455]Epoch 5:   1%|          | 1/144 [00:00<00:12, 11.33it/s, v_num=80885, train_loss_step=0.0321, val_loss=0.0378, val_acc=0.988, train_loss_epoch=0.0455]Epoch 5:   1%|▏         | 2/144 [00:00<00:08, 17.10it/s, v_num=80885, train_loss_step=0.0321, val_loss=0.0378, val_acc=0.988, train_loss_epoch=0.0455]Epoch 5:   1%|▏         | 2/144 [00:00<00:08, 17.07it/s, v_num=80885, train_loss_step=0.0367, val_loss=0.0378, val_acc=0.988, train_loss_epoch=0.0455]Epoch 5:   2%|▏         | 3/144 [00:00<00:06, 20.41it/s, v_num=80885, train_loss_step=0.0367, val_loss=0.0378, val_acc=0.988, train_loss_epoch=0.0455]Epoch 5:   2%|▏         | 3/144 [00:00<00:06, 20.39it/s, v_num=80885, train_loss_step=0.0433, val_loss=0.0378, val_acc=0.988, train_loss_epoch=0.0455]Epoch 5:   3%|▎         | 4/144 [00:00<00:06, 22.74it/s, v_num=80885, train_loss_step=0.0433, val_loss=0.0378, val_acc=0.988, train_loss_epoch=0.0455]Epoch 5:   3%|▎         | 4/144 [00:00<00:06, 22.72it/s, v_num=80885, train_loss_step=0.0299, val_loss=0.0378, val_acc=0.988, train_loss_epoch=0.0455]Epoch 5:   3%|▎         | 5/144 [00:00<00:05, 24.50it/s, v_num=80885, train_loss_step=0.0299, val_loss=0.0378, val_acc=0.988, train_loss_epoch=0.0455]Epoch 5:   3%|▎         | 5/144 [00:00<00:05, 24.48it/s, v_num=80885, train_loss_step=0.0216, val_loss=0.0378, val_acc=0.988, train_loss_epoch=0.0455]Epoch 5:   4%|▍         | 6/144 [00:00<00:05, 25.31it/s, v_num=80885, train_loss_step=0.0216, val_loss=0.0378, val_acc=0.988, train_loss_epoch=0.0455]Epoch 5:   4%|▍         | 6/144 [00:00<00:05, 25.30it/s, v_num=80885, train_loss_step=0.057, val_loss=0.0378, val_acc=0.988, train_loss_epoch=0.0455] Epoch 5:   5%|▍         | 7/144 [00:00<00:05, 26.00it/s, v_num=80885, train_loss_step=0.057, val_loss=0.0378, val_acc=0.988, train_loss_epoch=0.0455]Epoch 5:   5%|▍         | 7/144 [00:00<00:05, 25.98it/s, v_num=80885, train_loss_step=0.0474, val_loss=0.0378, val_acc=0.988, train_loss_epoch=0.0455]Epoch 5:   6%|▌         | 8/144 [00:00<00:05, 26.95it/s, v_num=80885, train_loss_step=0.0474, val_loss=0.0378, val_acc=0.988, train_loss_epoch=0.0455]Epoch 5:   6%|▌         | 8/144 [00:00<00:05, 26.94it/s, v_num=80885, train_loss_step=0.010, val_loss=0.0378, val_acc=0.988, train_loss_epoch=0.0455] Epoch 5:   6%|▋         | 9/144 [00:00<00:04, 27.74it/s, v_num=80885, train_loss_step=0.010, val_loss=0.0378, val_acc=0.988, train_loss_epoch=0.0455]Epoch 5:   6%|▋         | 9/144 [00:00<00:04, 27.72it/s, v_num=80885, train_loss_step=0.0591, val_loss=0.0378, val_acc=0.988, train_loss_epoch=0.0455]Epoch 5:   7%|▋         | 10/144 [00:00<00:04, 28.16it/s, v_num=80885, train_loss_step=0.0591, val_loss=0.0378, val_acc=0.988, train_loss_epoch=0.0455]Epoch 5:   7%|▋         | 10/144 [00:00<00:04, 28.15it/s, v_num=80885, train_loss_step=0.0289, val_loss=0.0378, val_acc=0.988, train_loss_epoch=0.0455]Epoch 5:   8%|▊         | 11/144 [00:00<00:04, 28.61it/s, v_num=80885, train_loss_step=0.0289, val_loss=0.0378, val_acc=0.988, train_loss_epoch=0.0455]Epoch 5:   8%|▊         | 11/144 [00:00<00:04, 28.60it/s, v_num=80885, train_loss_step=0.0801, val_loss=0.0378, val_acc=0.988, train_loss_epoch=0.0455]Epoch 5:   8%|▊         | 12/144 [00:00<00:04, 29.06it/s, v_num=80885, train_loss_step=0.0801, val_loss=0.0378, val_acc=0.988, train_loss_epoch=0.0455]Epoch 5:   8%|▊         | 12/144 [00:00<00:04, 29.05it/s, v_num=80885, train_loss_step=0.0344, val_loss=0.0378, val_acc=0.988, train_loss_epoch=0.0455]Epoch 5:   9%|▉         | 13/144 [00:00<00:04, 29.53it/s, v_num=80885, train_loss_step=0.0344, val_loss=0.0378, val_acc=0.988, train_loss_epoch=0.0455]Epoch 5:   9%|▉         | 13/144 [00:00<00:04, 29.52it/s, v_num=80885, train_loss_step=0.0381, val_loss=0.0378, val_acc=0.988, train_loss_epoch=0.0455]Epoch 5:  10%|▉         | 14/144 [00:00<00:04, 29.69it/s, v_num=80885, train_loss_step=0.0381, val_loss=0.0378, val_acc=0.988, train_loss_epoch=0.0455]Epoch 5:  10%|▉         | 14/144 [00:00<00:04, 29.68it/s, v_num=80885, train_loss_step=0.053, val_loss=0.0378, val_acc=0.988, train_loss_epoch=0.0455] Epoch 5:  10%|█         | 15/144 [00:00<00:04, 29.89it/s, v_num=80885, train_loss_step=0.053, val_loss=0.0378, val_acc=0.988, train_loss_epoch=0.0455]Epoch 5:  10%|█         | 15/144 [00:00<00:04, 29.88it/s, v_num=80885, train_loss_step=0.0443, val_loss=0.0378, val_acc=0.988, train_loss_epoch=0.0455]Epoch 5:  11%|█         | 16/144 [00:00<00:04, 30.04it/s, v_num=80885, train_loss_step=0.0443, val_loss=0.0378, val_acc=0.988, train_loss_epoch=0.0455]Epoch 5:  11%|█         | 16/144 [00:00<00:04, 30.03it/s, v_num=80885, train_loss_step=0.043, val_loss=0.0378, val_acc=0.988, train_loss_epoch=0.0455] Epoch 5:  12%|█▏        | 17/144 [00:00<00:04, 30.19it/s, v_num=80885, train_loss_step=0.043, val_loss=0.0378, val_acc=0.988, train_loss_epoch=0.0455]Epoch 5:  12%|█▏        | 17/144 [00:00<00:04, 30.18it/s, v_num=80885, train_loss_step=0.0531, val_loss=0.0378, val_acc=0.988, train_loss_epoch=0.0455]Epoch 5:  12%|█▎        | 18/144 [00:00<00:04, 30.22it/s, v_num=80885, train_loss_step=0.0531, val_loss=0.0378, val_acc=0.988, train_loss_epoch=0.0455]Epoch 5:  12%|█▎        | 18/144 [00:00<00:04, 30.21it/s, v_num=80885, train_loss_step=0.0817, val_loss=0.0378, val_acc=0.988, train_loss_epoch=0.0455]Epoch 5:  13%|█▎        | 19/144 [00:00<00:04, 30.55it/s, v_num=80885, train_loss_step=0.0817, val_loss=0.0378, val_acc=0.988, train_loss_epoch=0.0455]Epoch 5:  13%|█▎        | 19/144 [00:00<00:04, 30.54it/s, v_num=80885, train_loss_step=0.0252, val_loss=0.0378, val_acc=0.988, train_loss_epoch=0.0455]Epoch 5:  14%|█▍        | 20/144 [00:00<00:04, 30.78it/s, v_num=80885, train_loss_step=0.0252, val_loss=0.0378, val_acc=0.988, train_loss_epoch=0.0455]Epoch 5:  14%|█▍        | 20/144 [00:00<00:04, 30.77it/s, v_num=80885, train_loss_step=0.0312, val_loss=0.0378, val_acc=0.988, train_loss_epoch=0.0455]Epoch 5:  15%|█▍        | 21/144 [00:00<00:03, 30.95it/s, v_num=80885, train_loss_step=0.0312, val_loss=0.0378, val_acc=0.988, train_loss_epoch=0.0455]Epoch 5:  15%|█▍        | 21/144 [00:00<00:03, 30.94it/s, v_num=80885, train_loss_step=0.0275, val_loss=0.0378, val_acc=0.988, train_loss_epoch=0.0455]Epoch 5:  15%|█▌        | 22/144 [00:00<00:03, 31.05it/s, v_num=80885, train_loss_step=0.0275, val_loss=0.0378, val_acc=0.988, train_loss_epoch=0.0455]Epoch 5:  15%|█▌        | 22/144 [00:00<00:03, 31.04it/s, v_num=80885, train_loss_step=0.0189, val_loss=0.0378, val_acc=0.988, train_loss_epoch=0.0455]Epoch 5:  16%|█▌        | 23/144 [00:00<00:03, 31.31it/s, v_num=80885, train_loss_step=0.0189, val_loss=0.0378, val_acc=0.988, train_loss_epoch=0.0455]Epoch 5:  16%|█▌        | 23/144 [00:00<00:03, 31.30it/s, v_num=80885, train_loss_step=0.045, val_loss=0.0378, val_acc=0.988, train_loss_epoch=0.0455] Epoch 5:  17%|█▋        | 24/144 [00:00<00:03, 31.53it/s, v_num=80885, train_loss_step=0.045, val_loss=0.0378, val_acc=0.988, train_loss_epoch=0.0455]Epoch 5:  17%|█▋        | 24/144 [00:00<00:03, 31.52it/s, v_num=80885, train_loss_step=0.026, val_loss=0.0378, val_acc=0.988, train_loss_epoch=0.0455]Epoch 5:  17%|█▋        | 25/144 [00:00<00:03, 31.65it/s, v_num=80885, train_loss_step=0.026, val_loss=0.0378, val_acc=0.988, train_loss_epoch=0.0455]Epoch 5:  17%|█▋        | 25/144 [00:00<00:03, 31.64it/s, v_num=80885, train_loss_step=0.0414, val_loss=0.0378, val_acc=0.988, train_loss_epoch=0.0455]Epoch 5:  18%|█▊        | 26/144 [00:00<00:03, 31.65it/s, v_num=80885, train_loss_step=0.0414, val_loss=0.0378, val_acc=0.988, train_loss_epoch=0.0455]Epoch 5:  18%|█▊        | 26/144 [00:00<00:03, 31.64it/s, v_num=80885, train_loss_step=0.0217, val_loss=0.0378, val_acc=0.988, train_loss_epoch=0.0455]Epoch 5:  19%|█▉        | 27/144 [00:00<00:03, 31.83it/s, v_num=80885, train_loss_step=0.0217, val_loss=0.0378, val_acc=0.988, train_loss_epoch=0.0455]Epoch 5:  19%|█▉        | 27/144 [00:00<00:03, 31.82it/s, v_num=80885, train_loss_step=0.0104, val_loss=0.0378, val_acc=0.988, train_loss_epoch=0.0455]Epoch 5:  19%|█▉        | 28/144 [00:00<00:03, 31.95it/s, v_num=80885, train_loss_step=0.0104, val_loss=0.0378, val_acc=0.988, train_loss_epoch=0.0455]Epoch 5:  19%|█▉        | 28/144 [00:00<00:03, 31.94it/s, v_num=80885, train_loss_step=0.046, val_loss=0.0378, val_acc=0.988, train_loss_epoch=0.0455] Epoch 5:  20%|██        | 29/144 [00:00<00:03, 32.09it/s, v_num=80885, train_loss_step=0.046, val_loss=0.0378, val_acc=0.988, train_loss_epoch=0.0455]Epoch 5:  20%|██        | 29/144 [00:00<00:03, 32.09it/s, v_num=80885, train_loss_step=0.0287, val_loss=0.0378, val_acc=0.988, train_loss_epoch=0.0455]Epoch 5:  21%|██        | 30/144 [00:00<00:03, 31.99it/s, v_num=80885, train_loss_step=0.0287, val_loss=0.0378, val_acc=0.988, train_loss_epoch=0.0455]Epoch 5:  21%|██        | 30/144 [00:00<00:03, 31.99it/s, v_num=80885, train_loss_step=0.0325, val_loss=0.0378, val_acc=0.988, train_loss_epoch=0.0455]Epoch 5:  22%|██▏       | 31/144 [00:00<00:03, 32.17it/s, v_num=80885, train_loss_step=0.0325, val_loss=0.0378, val_acc=0.988, train_loss_epoch=0.0455]Epoch 5:  22%|██▏       | 31/144 [00:00<00:03, 32.16it/s, v_num=80885, train_loss_step=0.0198, val_loss=0.0378, val_acc=0.988, train_loss_epoch=0.0455]Epoch 5:  22%|██▏       | 32/144 [00:00<00:03, 32.18it/s, v_num=80885, train_loss_step=0.0198, val_loss=0.0378, val_acc=0.988, train_loss_epoch=0.0455]Epoch 5:  22%|██▏       | 32/144 [00:00<00:03, 32.17it/s, v_num=80885, train_loss_step=0.0345, val_loss=0.0378, val_acc=0.988, train_loss_epoch=0.0455]Epoch 5:  23%|██▎       | 33/144 [00:01<00:03, 32.31it/s, v_num=80885, train_loss_step=0.0345, val_loss=0.0378, val_acc=0.988, train_loss_epoch=0.0455]Epoch 5:  23%|██▎       | 33/144 [00:01<00:03, 32.30it/s, v_num=80885, train_loss_step=0.0259, val_loss=0.0378, val_acc=0.988, train_loss_epoch=0.0455]Epoch 5:  24%|██▎       | 34/144 [00:01<00:03, 32.30it/s, v_num=80885, train_loss_step=0.0259, val_loss=0.0378, val_acc=0.988, train_loss_epoch=0.0455]Epoch 5:  24%|██▎       | 34/144 [00:01<00:03, 32.30it/s, v_num=80885, train_loss_step=0.0792, val_loss=0.0378, val_acc=0.988, train_loss_epoch=0.0455]Epoch 5:  24%|██▍       | 35/144 [00:01<00:03, 32.39it/s, v_num=80885, train_loss_step=0.0792, val_loss=0.0378, val_acc=0.988, train_loss_epoch=0.0455]Epoch 5:  24%|██▍       | 35/144 [00:01<00:03, 32.39it/s, v_num=80885, train_loss_step=0.0165, val_loss=0.0378, val_acc=0.988, train_loss_epoch=0.0455]Epoch 5:  25%|██▌       | 36/144 [00:01<00:03, 32.52it/s, v_num=80885, train_loss_step=0.0165, val_loss=0.0378, val_acc=0.988, train_loss_epoch=0.0455]Epoch 5:  25%|██▌       | 36/144 [00:01<00:03, 32.52it/s, v_num=80885, train_loss_step=0.0318, val_loss=0.0378, val_acc=0.988, train_loss_epoch=0.0455]Epoch 5:  26%|██▌       | 37/144 [00:01<00:03, 32.65it/s, v_num=80885, train_loss_step=0.0318, val_loss=0.0378, val_acc=0.988, train_loss_epoch=0.0455]Epoch 5:  26%|██▌       | 37/144 [00:01<00:03, 32.65it/s, v_num=80885, train_loss_step=0.0328, val_loss=0.0378, val_acc=0.988, train_loss_epoch=0.0455]Epoch 5:  26%|██▋       | 38/144 [00:01<00:03, 32.63it/s, v_num=80885, train_loss_step=0.0328, val_loss=0.0378, val_acc=0.988, train_loss_epoch=0.0455]Epoch 5:  26%|██▋       | 38/144 [00:01<00:03, 32.63it/s, v_num=80885, train_loss_step=0.0114, val_loss=0.0378, val_acc=0.988, train_loss_epoch=0.0455]Epoch 5:  27%|██▋       | 39/144 [00:01<00:03, 32.74it/s, v_num=80885, train_loss_step=0.0114, val_loss=0.0378, val_acc=0.988, train_loss_epoch=0.0455]Epoch 5:  27%|██▋       | 39/144 [00:01<00:03, 32.73it/s, v_num=80885, train_loss_step=0.0404, val_loss=0.0378, val_acc=0.988, train_loss_epoch=0.0455]Epoch 5:  28%|██▊       | 40/144 [00:01<00:03, 32.85it/s, v_num=80885, train_loss_step=0.0404, val_loss=0.0378, val_acc=0.988, train_loss_epoch=0.0455]Epoch 5:  28%|██▊       | 40/144 [00:01<00:03, 32.85it/s, v_num=80885, train_loss_step=0.0175, val_loss=0.0378, val_acc=0.988, train_loss_epoch=0.0455]Epoch 5:  28%|██▊       | 41/144 [00:01<00:03, 32.89it/s, v_num=80885, train_loss_step=0.0175, val_loss=0.0378, val_acc=0.988, train_loss_epoch=0.0455]Epoch 5:  28%|██▊       | 41/144 [00:01<00:03, 32.89it/s, v_num=80885, train_loss_step=0.0346, val_loss=0.0378, val_acc=0.988, train_loss_epoch=0.0455]Epoch 5:  29%|██▉       | 42/144 [00:01<00:03, 32.89it/s, v_num=80885, train_loss_step=0.0346, val_loss=0.0378, val_acc=0.988, train_loss_epoch=0.0455]Epoch 5:  29%|██▉       | 42/144 [00:01<00:03, 32.88it/s, v_num=80885, train_loss_step=0.0101, val_loss=0.0378, val_acc=0.988, train_loss_epoch=0.0455]Epoch 5:  30%|██▉       | 43/144 [00:01<00:03, 32.99it/s, v_num=80885, train_loss_step=0.0101, val_loss=0.0378, val_acc=0.988, train_loss_epoch=0.0455]Epoch 5:  30%|██▉       | 43/144 [00:01<00:03, 32.99it/s, v_num=80885, train_loss_step=0.0235, val_loss=0.0378, val_acc=0.988, train_loss_epoch=0.0455]Epoch 5:  31%|███       | 44/144 [00:01<00:03, 33.09it/s, v_num=80885, train_loss_step=0.0235, val_loss=0.0378, val_acc=0.988, train_loss_epoch=0.0455]Epoch 5:  31%|███       | 44/144 [00:01<00:03, 33.08it/s, v_num=80885, train_loss_step=0.0485, val_loss=0.0378, val_acc=0.988, train_loss_epoch=0.0455]Epoch 5:  31%|███▏      | 45/144 [00:01<00:02, 33.16it/s, v_num=80885, train_loss_step=0.0485, val_loss=0.0378, val_acc=0.988, train_loss_epoch=0.0455]Epoch 5:  31%|███▏      | 45/144 [00:01<00:02, 33.16it/s, v_num=80885, train_loss_step=0.0181, val_loss=0.0378, val_acc=0.988, train_loss_epoch=0.0455]Epoch 5:  32%|███▏      | 46/144 [00:01<00:02, 33.17it/s, v_num=80885, train_loss_step=0.0181, val_loss=0.0378, val_acc=0.988, train_loss_epoch=0.0455]Epoch 5:  32%|███▏      | 46/144 [00:01<00:02, 33.17it/s, v_num=80885, train_loss_step=0.0295, val_loss=0.0378, val_acc=0.988, train_loss_epoch=0.0455]Epoch 5:  33%|███▎      | 47/144 [00:01<00:02, 33.27it/s, v_num=80885, train_loss_step=0.0295, val_loss=0.0378, val_acc=0.988, train_loss_epoch=0.0455]Epoch 5:  33%|███▎      | 47/144 [00:01<00:02, 33.27it/s, v_num=80885, train_loss_step=0.0319, val_loss=0.0378, val_acc=0.988, train_loss_epoch=0.0455]Epoch 5:  33%|███▎      | 48/144 [00:01<00:02, 33.34it/s, v_num=80885, train_loss_step=0.0319, val_loss=0.0378, val_acc=0.988, train_loss_epoch=0.0455]Epoch 5:  33%|███▎      | 48/144 [00:01<00:02, 33.34it/s, v_num=80885, train_loss_step=0.0323, val_loss=0.0378, val_acc=0.988, train_loss_epoch=0.0455]Epoch 5:  34%|███▍      | 49/144 [00:01<00:02, 33.40it/s, v_num=80885, train_loss_step=0.0323, val_loss=0.0378, val_acc=0.988, train_loss_epoch=0.0455]Epoch 5:  34%|███▍      | 49/144 [00:01<00:02, 33.39it/s, v_num=80885, train_loss_step=0.0442, val_loss=0.0378, val_acc=0.988, train_loss_epoch=0.0455]Epoch 5:  35%|███▍      | 50/144 [00:01<00:02, 33.40it/s, v_num=80885, train_loss_step=0.0442, val_loss=0.0378, val_acc=0.988, train_loss_epoch=0.0455]Epoch 5:  35%|███▍      | 50/144 [00:01<00:02, 33.40it/s, v_num=80885, train_loss_step=0.0247, val_loss=0.0378, val_acc=0.988, train_loss_epoch=0.0455]Epoch 5:  35%|███▌      | 51/144 [00:01<00:02, 33.48it/s, v_num=80885, train_loss_step=0.0247, val_loss=0.0378, val_acc=0.988, train_loss_epoch=0.0455]Epoch 5:  35%|███▌      | 51/144 [00:01<00:02, 33.48it/s, v_num=80885, train_loss_step=0.0364, val_loss=0.0378, val_acc=0.988, train_loss_epoch=0.0455]Epoch 5:  36%|███▌      | 52/144 [00:01<00:02, 33.56it/s, v_num=80885, train_loss_step=0.0364, val_loss=0.0378, val_acc=0.988, train_loss_epoch=0.0455]Epoch 5:  36%|███▌      | 52/144 [00:01<00:02, 33.55it/s, v_num=80885, train_loss_step=0.042, val_loss=0.0378, val_acc=0.988, train_loss_epoch=0.0455] Epoch 5:  37%|███▋      | 53/144 [00:01<00:02, 33.62it/s, v_num=80885, train_loss_step=0.042, val_loss=0.0378, val_acc=0.988, train_loss_epoch=0.0455]Epoch 5:  37%|███▋      | 53/144 [00:01<00:02, 33.62it/s, v_num=80885, train_loss_step=0.0922, val_loss=0.0378, val_acc=0.988, train_loss_epoch=0.0455]Epoch 5:  38%|███▊      | 54/144 [00:01<00:02, 33.62it/s, v_num=80885, train_loss_step=0.0922, val_loss=0.0378, val_acc=0.988, train_loss_epoch=0.0455]Epoch 5:  38%|███▊      | 54/144 [00:01<00:02, 33.61it/s, v_num=80885, train_loss_step=0.0739, val_loss=0.0378, val_acc=0.988, train_loss_epoch=0.0455]Epoch 5:  38%|███▊      | 55/144 [00:01<00:02, 33.67it/s, v_num=80885, train_loss_step=0.0739, val_loss=0.0378, val_acc=0.988, train_loss_epoch=0.0455]Epoch 5:  38%|███▊      | 55/144 [00:01<00:02, 33.66it/s, v_num=80885, train_loss_step=0.0363, val_loss=0.0378, val_acc=0.988, train_loss_epoch=0.0455]Epoch 5:  39%|███▉      | 56/144 [00:01<00:02, 33.73it/s, v_num=80885, train_loss_step=0.0363, val_loss=0.0378, val_acc=0.988, train_loss_epoch=0.0455]Epoch 5:  39%|███▉      | 56/144 [00:01<00:02, 33.73it/s, v_num=80885, train_loss_step=0.0547, val_loss=0.0378, val_acc=0.988, train_loss_epoch=0.0455]Epoch 5:  40%|███▉      | 57/144 [00:01<00:02, 33.79it/s, v_num=80885, train_loss_step=0.0547, val_loss=0.0378, val_acc=0.988, train_loss_epoch=0.0455]Epoch 5:  40%|███▉      | 57/144 [00:01<00:02, 33.78it/s, v_num=80885, train_loss_step=0.0418, val_loss=0.0378, val_acc=0.988, train_loss_epoch=0.0455]Epoch 5:  40%|████      | 58/144 [00:01<00:02, 33.79it/s, v_num=80885, train_loss_step=0.0418, val_loss=0.0378, val_acc=0.988, train_loss_epoch=0.0455]Epoch 5:  40%|████      | 58/144 [00:01<00:02, 33.79it/s, v_num=80885, train_loss_step=0.0352, val_loss=0.0378, val_acc=0.988, train_loss_epoch=0.0455]Epoch 5:  41%|████      | 59/144 [00:01<00:02, 33.85it/s, v_num=80885, train_loss_step=0.0352, val_loss=0.0378, val_acc=0.988, train_loss_epoch=0.0455]Epoch 5:  41%|████      | 59/144 [00:01<00:02, 33.84it/s, v_num=80885, train_loss_step=0.036, val_loss=0.0378, val_acc=0.988, train_loss_epoch=0.0455] Epoch 5:  42%|████▏     | 60/144 [00:01<00:02, 33.91it/s, v_num=80885, train_loss_step=0.036, val_loss=0.0378, val_acc=0.988, train_loss_epoch=0.0455]Epoch 5:  42%|████▏     | 60/144 [00:01<00:02, 33.91it/s, v_num=80885, train_loss_step=0.0382, val_loss=0.0378, val_acc=0.988, train_loss_epoch=0.0455]Epoch 5:  42%|████▏     | 61/144 [00:01<00:02, 33.95it/s, v_num=80885, train_loss_step=0.0382, val_loss=0.0378, val_acc=0.988, train_loss_epoch=0.0455]Epoch 5:  42%|████▏     | 61/144 [00:01<00:02, 33.95it/s, v_num=80885, train_loss_step=0.0388, val_loss=0.0378, val_acc=0.988, train_loss_epoch=0.0455]Epoch 5:  43%|████▎     | 62/144 [00:01<00:02, 33.95it/s, v_num=80885, train_loss_step=0.0388, val_loss=0.0378, val_acc=0.988, train_loss_epoch=0.0455]Epoch 5:  43%|████▎     | 62/144 [00:01<00:02, 33.95it/s, v_num=80885, train_loss_step=0.0259, val_loss=0.0378, val_acc=0.988, train_loss_epoch=0.0455]Epoch 5:  44%|████▍     | 63/144 [00:01<00:02, 33.96it/s, v_num=80885, train_loss_step=0.0259, val_loss=0.0378, val_acc=0.988, train_loss_epoch=0.0455]Epoch 5:  44%|████▍     | 63/144 [00:01<00:02, 33.96it/s, v_num=80885, train_loss_step=0.0243, val_loss=0.0378, val_acc=0.988, train_loss_epoch=0.0455]Epoch 5:  44%|████▍     | 64/144 [00:01<00:02, 34.03it/s, v_num=80885, train_loss_step=0.0243, val_loss=0.0378, val_acc=0.988, train_loss_epoch=0.0455]Epoch 5:  44%|████▍     | 64/144 [00:01<00:02, 34.03it/s, v_num=80885, train_loss_step=0.0753, val_loss=0.0378, val_acc=0.988, train_loss_epoch=0.0455]Epoch 5:  45%|████▌     | 65/144 [00:01<00:02, 34.08it/s, v_num=80885, train_loss_step=0.0753, val_loss=0.0378, val_acc=0.988, train_loss_epoch=0.0455]Epoch 5:  45%|████▌     | 65/144 [00:01<00:02, 34.08it/s, v_num=80885, train_loss_step=0.0198, val_loss=0.0378, val_acc=0.988, train_loss_epoch=0.0455]Epoch 5:  46%|████▌     | 66/144 [00:01<00:02, 34.07it/s, v_num=80885, train_loss_step=0.0198, val_loss=0.0378, val_acc=0.988, train_loss_epoch=0.0455]Epoch 5:  46%|████▌     | 66/144 [00:01<00:02, 34.06it/s, v_num=80885, train_loss_step=0.0263, val_loss=0.0378, val_acc=0.988, train_loss_epoch=0.0455]Epoch 5:  47%|████▋     | 67/144 [00:01<00:02, 34.12it/s, v_num=80885, train_loss_step=0.0263, val_loss=0.0378, val_acc=0.988, train_loss_epoch=0.0455]Epoch 5:  47%|████▋     | 67/144 [00:01<00:02, 34.11it/s, v_num=80885, train_loss_step=0.0325, val_loss=0.0378, val_acc=0.988, train_loss_epoch=0.0455]Epoch 5:  47%|████▋     | 68/144 [00:01<00:02, 34.17it/s, v_num=80885, train_loss_step=0.0325, val_loss=0.0378, val_acc=0.988, train_loss_epoch=0.0455]Epoch 5:  47%|████▋     | 68/144 [00:01<00:02, 34.17it/s, v_num=80885, train_loss_step=0.0614, val_loss=0.0378, val_acc=0.988, train_loss_epoch=0.0455]Epoch 5:  48%|████▊     | 69/144 [00:02<00:02, 34.23it/s, v_num=80885, train_loss_step=0.0614, val_loss=0.0378, val_acc=0.988, train_loss_epoch=0.0455]Epoch 5:  48%|████▊     | 69/144 [00:02<00:02, 34.23it/s, v_num=80885, train_loss_step=0.0223, val_loss=0.0378, val_acc=0.988, train_loss_epoch=0.0455]Epoch 5:  49%|████▊     | 70/144 [00:02<00:02, 34.21it/s, v_num=80885, train_loss_step=0.0223, val_loss=0.0378, val_acc=0.988, train_loss_epoch=0.0455]Epoch 5:  49%|████▊     | 70/144 [00:02<00:02, 34.21it/s, v_num=80885, train_loss_step=0.0621, val_loss=0.0378, val_acc=0.988, train_loss_epoch=0.0455]Epoch 5:  49%|████▉     | 71/144 [00:02<00:02, 34.27it/s, v_num=80885, train_loss_step=0.0621, val_loss=0.0378, val_acc=0.988, train_loss_epoch=0.0455]Epoch 5:  49%|████▉     | 71/144 [00:02<00:02, 34.26it/s, v_num=80885, train_loss_step=0.0177, val_loss=0.0378, val_acc=0.988, train_loss_epoch=0.0455]Epoch 5:  50%|█████     | 72/144 [00:02<00:02, 34.31it/s, v_num=80885, train_loss_step=0.0177, val_loss=0.0378, val_acc=0.988, train_loss_epoch=0.0455]Epoch 5:  50%|█████     | 72/144 [00:02<00:02, 34.30it/s, v_num=80885, train_loss_step=0.0289, val_loss=0.0378, val_acc=0.988, train_loss_epoch=0.0455]Epoch 5:  51%|█████     | 73/144 [00:02<00:02, 34.35it/s, v_num=80885, train_loss_step=0.0289, val_loss=0.0378, val_acc=0.988, train_loss_epoch=0.0455]Epoch 5:  51%|█████     | 73/144 [00:02<00:02, 34.35it/s, v_num=80885, train_loss_step=0.0292, val_loss=0.0378, val_acc=0.988, train_loss_epoch=0.0455]Epoch 5:  51%|█████▏    | 74/144 [00:02<00:02, 34.35it/s, v_num=80885, train_loss_step=0.0292, val_loss=0.0378, val_acc=0.988, train_loss_epoch=0.0455]Epoch 5:  51%|█████▏    | 74/144 [00:02<00:02, 34.35it/s, v_num=80885, train_loss_step=0.0221, val_loss=0.0378, val_acc=0.988, train_loss_epoch=0.0455]Epoch 5:  52%|█████▏    | 75/144 [00:02<00:02, 34.40it/s, v_num=80885, train_loss_step=0.0221, val_loss=0.0378, val_acc=0.988, train_loss_epoch=0.0455]Epoch 5:  52%|█████▏    | 75/144 [00:02<00:02, 34.39it/s, v_num=80885, train_loss_step=0.0177, val_loss=0.0378, val_acc=0.988, train_loss_epoch=0.0455]Epoch 5:  53%|█████▎    | 76/144 [00:02<00:01, 34.44it/s, v_num=80885, train_loss_step=0.0177, val_loss=0.0378, val_acc=0.988, train_loss_epoch=0.0455]Epoch 5:  53%|█████▎    | 76/144 [00:02<00:01, 34.44it/s, v_num=80885, train_loss_step=0.0288, val_loss=0.0378, val_acc=0.988, train_loss_epoch=0.0455]Epoch 5:  53%|█████▎    | 77/144 [00:02<00:01, 34.47it/s, v_num=80885, train_loss_step=0.0288, val_loss=0.0378, val_acc=0.988, train_loss_epoch=0.0455]Epoch 5:  53%|█████▎    | 77/144 [00:02<00:01, 34.47it/s, v_num=80885, train_loss_step=0.0237, val_loss=0.0378, val_acc=0.988, train_loss_epoch=0.0455]Epoch 5:  54%|█████▍    | 78/144 [00:02<00:01, 34.46it/s, v_num=80885, train_loss_step=0.0237, val_loss=0.0378, val_acc=0.988, train_loss_epoch=0.0455]Epoch 5:  54%|█████▍    | 78/144 [00:02<00:01, 34.46it/s, v_num=80885, train_loss_step=0.0509, val_loss=0.0378, val_acc=0.988, train_loss_epoch=0.0455]Epoch 5:  55%|█████▍    | 79/144 [00:02<00:01, 34.50it/s, v_num=80885, train_loss_step=0.0509, val_loss=0.0378, val_acc=0.988, train_loss_epoch=0.0455]Epoch 5:  55%|█████▍    | 79/144 [00:02<00:01, 34.50it/s, v_num=80885, train_loss_step=0.0311, val_loss=0.0378, val_acc=0.988, train_loss_epoch=0.0455]Epoch 5:  56%|█████▌    | 80/144 [00:02<00:01, 34.53it/s, v_num=80885, train_loss_step=0.0311, val_loss=0.0378, val_acc=0.988, train_loss_epoch=0.0455]Epoch 5:  56%|█████▌    | 80/144 [00:02<00:01, 34.53it/s, v_num=80885, train_loss_step=0.0118, val_loss=0.0378, val_acc=0.988, train_loss_epoch=0.0455]Epoch 5:  56%|█████▋    | 81/144 [00:02<00:01, 34.52it/s, v_num=80885, train_loss_step=0.0118, val_loss=0.0378, val_acc=0.988, train_loss_epoch=0.0455]Epoch 5:  56%|█████▋    | 81/144 [00:02<00:01, 34.52it/s, v_num=80885, train_loss_step=0.0364, val_loss=0.0378, val_acc=0.988, train_loss_epoch=0.0455]Epoch 5:  57%|█████▋    | 82/144 [00:02<00:01, 34.50it/s, v_num=80885, train_loss_step=0.0364, val_loss=0.0378, val_acc=0.988, train_loss_epoch=0.0455]Epoch 5:  57%|█████▋    | 82/144 [00:02<00:01, 34.50it/s, v_num=80885, train_loss_step=0.0197, val_loss=0.0378, val_acc=0.988, train_loss_epoch=0.0455]Epoch 5:  58%|█████▊    | 83/144 [00:02<00:01, 34.54it/s, v_num=80885, train_loss_step=0.0197, val_loss=0.0378, val_acc=0.988, train_loss_epoch=0.0455]Epoch 5:  58%|█████▊    | 83/144 [00:02<00:01, 34.54it/s, v_num=80885, train_loss_step=0.0138, val_loss=0.0378, val_acc=0.988, train_loss_epoch=0.0455]Epoch 5:  58%|█████▊    | 84/144 [00:02<00:01, 34.59it/s, v_num=80885, train_loss_step=0.0138, val_loss=0.0378, val_acc=0.988, train_loss_epoch=0.0455]Epoch 5:  58%|█████▊    | 84/144 [00:02<00:01, 34.59it/s, v_num=80885, train_loss_step=0.078, val_loss=0.0378, val_acc=0.988, train_loss_epoch=0.0455] Epoch 5:  59%|█████▉    | 85/144 [00:02<00:01, 34.64it/s, v_num=80885, train_loss_step=0.078, val_loss=0.0378, val_acc=0.988, train_loss_epoch=0.0455]Epoch 5:  59%|█████▉    | 85/144 [00:02<00:01, 34.64it/s, v_num=80885, train_loss_step=0.0193, val_loss=0.0378, val_acc=0.988, train_loss_epoch=0.0455]Epoch 5:  60%|█████▉    | 86/144 [00:02<00:01, 34.63it/s, v_num=80885, train_loss_step=0.0193, val_loss=0.0378, val_acc=0.988, train_loss_epoch=0.0455]Epoch 5:  60%|█████▉    | 86/144 [00:02<00:01, 34.62it/s, v_num=80885, train_loss_step=0.0269, val_loss=0.0378, val_acc=0.988, train_loss_epoch=0.0455]Epoch 5:  60%|██████    | 87/144 [00:02<00:01, 34.67it/s, v_num=80885, train_loss_step=0.0269, val_loss=0.0378, val_acc=0.988, train_loss_epoch=0.0455]Epoch 5:  60%|██████    | 87/144 [00:02<00:01, 34.67it/s, v_num=80885, train_loss_step=0.0626, val_loss=0.0378, val_acc=0.988, train_loss_epoch=0.0455]Epoch 5:  61%|██████    | 88/144 [00:02<00:01, 34.71it/s, v_num=80885, train_loss_step=0.0626, val_loss=0.0378, val_acc=0.988, train_loss_epoch=0.0455]Epoch 5:  61%|██████    | 88/144 [00:02<00:01, 34.71it/s, v_num=80885, train_loss_step=0.0416, val_loss=0.0378, val_acc=0.988, train_loss_epoch=0.0455]Epoch 5:  62%|██████▏   | 89/144 [00:02<00:01, 34.68it/s, v_num=80885, train_loss_step=0.0416, val_loss=0.0378, val_acc=0.988, train_loss_epoch=0.0455]Epoch 5:  62%|██████▏   | 89/144 [00:02<00:01, 34.68it/s, v_num=80885, train_loss_step=0.0256, val_loss=0.0378, val_acc=0.988, train_loss_epoch=0.0455]Epoch 5:  62%|██████▎   | 90/144 [00:02<00:01, 34.66it/s, v_num=80885, train_loss_step=0.0256, val_loss=0.0378, val_acc=0.988, train_loss_epoch=0.0455]Epoch 5:  62%|██████▎   | 90/144 [00:02<00:01, 34.65it/s, v_num=80885, train_loss_step=0.0425, val_loss=0.0378, val_acc=0.988, train_loss_epoch=0.0455]Epoch 5:  63%|██████▎   | 91/144 [00:02<00:01, 34.70it/s, v_num=80885, train_loss_step=0.0425, val_loss=0.0378, val_acc=0.988, train_loss_epoch=0.0455]Epoch 5:  63%|██████▎   | 91/144 [00:02<00:01, 34.70it/s, v_num=80885, train_loss_step=0.0479, val_loss=0.0378, val_acc=0.988, train_loss_epoch=0.0455]Epoch 5:  64%|██████▍   | 92/144 [00:02<00:01, 34.71it/s, v_num=80885, train_loss_step=0.0479, val_loss=0.0378, val_acc=0.988, train_loss_epoch=0.0455]Epoch 5:  64%|██████▍   | 92/144 [00:02<00:01, 34.71it/s, v_num=80885, train_loss_step=0.0355, val_loss=0.0378, val_acc=0.988, train_loss_epoch=0.0455]Epoch 5:  65%|██████▍   | 93/144 [00:02<00:01, 34.74it/s, v_num=80885, train_loss_step=0.0355, val_loss=0.0378, val_acc=0.988, train_loss_epoch=0.0455]Epoch 5:  65%|██████▍   | 93/144 [00:02<00:01, 34.74it/s, v_num=80885, train_loss_step=0.0257, val_loss=0.0378, val_acc=0.988, train_loss_epoch=0.0455]Epoch 5:  65%|██████▌   | 94/144 [00:02<00:01, 34.74it/s, v_num=80885, train_loss_step=0.0257, val_loss=0.0378, val_acc=0.988, train_loss_epoch=0.0455]Epoch 5:  65%|██████▌   | 94/144 [00:02<00:01, 34.74it/s, v_num=80885, train_loss_step=0.0176, val_loss=0.0378, val_acc=0.988, train_loss_epoch=0.0455]Epoch 5:  66%|██████▌   | 95/144 [00:02<00:01, 34.79it/s, v_num=80885, train_loss_step=0.0176, val_loss=0.0378, val_acc=0.988, train_loss_epoch=0.0455]Epoch 5:  66%|██████▌   | 95/144 [00:02<00:01, 34.79it/s, v_num=80885, train_loss_step=0.0509, val_loss=0.0378, val_acc=0.988, train_loss_epoch=0.0455]Epoch 5:  67%|██████▋   | 96/144 [00:02<00:01, 34.82it/s, v_num=80885, train_loss_step=0.0509, val_loss=0.0378, val_acc=0.988, train_loss_epoch=0.0455]Epoch 5:  67%|██████▋   | 96/144 [00:02<00:01, 34.81it/s, v_num=80885, train_loss_step=0.0351, val_loss=0.0378, val_acc=0.988, train_loss_epoch=0.0455]Epoch 5:  67%|██████▋   | 97/144 [00:02<00:01, 34.86it/s, v_num=80885, train_loss_step=0.0351, val_loss=0.0378, val_acc=0.988, train_loss_epoch=0.0455]Epoch 5:  67%|██████▋   | 97/144 [00:02<00:01, 34.86it/s, v_num=80885, train_loss_step=0.0322, val_loss=0.0378, val_acc=0.988, train_loss_epoch=0.0455]Epoch 5:  68%|██████▊   | 98/144 [00:02<00:01, 34.87it/s, v_num=80885, train_loss_step=0.0322, val_loss=0.0378, val_acc=0.988, train_loss_epoch=0.0455]Epoch 5:  68%|██████▊   | 98/144 [00:02<00:01, 34.87it/s, v_num=80885, train_loss_step=0.0259, val_loss=0.0378, val_acc=0.988, train_loss_epoch=0.0455]Epoch 5:  69%|██████▉   | 99/144 [00:02<00:01, 34.93it/s, v_num=80885, train_loss_step=0.0259, val_loss=0.0378, val_acc=0.988, train_loss_epoch=0.0455]Epoch 5:  69%|██████▉   | 99/144 [00:02<00:01, 34.92it/s, v_num=80885, train_loss_step=0.0337, val_loss=0.0378, val_acc=0.988, train_loss_epoch=0.0455]Epoch 5:  69%|██████▉   | 100/144 [00:02<00:01, 34.98it/s, v_num=80885, train_loss_step=0.0337, val_loss=0.0378, val_acc=0.988, train_loss_epoch=0.0455]Epoch 5:  69%|██████▉   | 100/144 [00:02<00:01, 34.97it/s, v_num=80885, train_loss_step=0.0271, val_loss=0.0378, val_acc=0.988, train_loss_epoch=0.0455]Epoch 5:  70%|███████   | 101/144 [00:02<00:01, 35.01it/s, v_num=80885, train_loss_step=0.0271, val_loss=0.0378, val_acc=0.988, train_loss_epoch=0.0455]Epoch 5:  70%|███████   | 101/144 [00:02<00:01, 35.00it/s, v_num=80885, train_loss_step=0.031, val_loss=0.0378, val_acc=0.988, train_loss_epoch=0.0455] Epoch 5:  71%|███████   | 102/144 [00:02<00:01, 35.00it/s, v_num=80885, train_loss_step=0.031, val_loss=0.0378, val_acc=0.988, train_loss_epoch=0.0455]Epoch 5:  71%|███████   | 102/144 [00:02<00:01, 35.00it/s, v_num=80885, train_loss_step=0.0427, val_loss=0.0378, val_acc=0.988, train_loss_epoch=0.0455]Epoch 5:  72%|███████▏  | 103/144 [00:02<00:01, 35.04it/s, v_num=80885, train_loss_step=0.0427, val_loss=0.0378, val_acc=0.988, train_loss_epoch=0.0455]Epoch 5:  72%|███████▏  | 103/144 [00:02<00:01, 35.04it/s, v_num=80885, train_loss_step=0.0429, val_loss=0.0378, val_acc=0.988, train_loss_epoch=0.0455]Epoch 5:  72%|███████▏  | 104/144 [00:02<00:01, 35.09it/s, v_num=80885, train_loss_step=0.0429, val_loss=0.0378, val_acc=0.988, train_loss_epoch=0.0455]Epoch 5:  72%|███████▏  | 104/144 [00:02<00:01, 35.09it/s, v_num=80885, train_loss_step=0.0166, val_loss=0.0378, val_acc=0.988, train_loss_epoch=0.0455]Epoch 5:  73%|███████▎  | 105/144 [00:02<00:01, 35.13it/s, v_num=80885, train_loss_step=0.0166, val_loss=0.0378, val_acc=0.988, train_loss_epoch=0.0455]Epoch 5:  73%|███████▎  | 105/144 [00:02<00:01, 35.13it/s, v_num=80885, train_loss_step=0.0162, val_loss=0.0378, val_acc=0.988, train_loss_epoch=0.0455]Epoch 5:  74%|███████▎  | 106/144 [00:03<00:01, 35.14it/s, v_num=80885, train_loss_step=0.0162, val_loss=0.0378, val_acc=0.988, train_loss_epoch=0.0455]Epoch 5:  74%|███████▎  | 106/144 [00:03<00:01, 35.14it/s, v_num=80885, train_loss_step=0.0326, val_loss=0.0378, val_acc=0.988, train_loss_epoch=0.0455]Epoch 5:  74%|███████▍  | 107/144 [00:03<00:01, 35.17it/s, v_num=80885, train_loss_step=0.0326, val_loss=0.0378, val_acc=0.988, train_loss_epoch=0.0455]Epoch 5:  74%|███████▍  | 107/144 [00:03<00:01, 35.17it/s, v_num=80885, train_loss_step=0.0686, val_loss=0.0378, val_acc=0.988, train_loss_epoch=0.0455]Epoch 5:  75%|███████▌  | 108/144 [00:03<00:01, 35.22it/s, v_num=80885, train_loss_step=0.0686, val_loss=0.0378, val_acc=0.988, train_loss_epoch=0.0455]Epoch 5:  75%|███████▌  | 108/144 [00:03<00:01, 35.22it/s, v_num=80885, train_loss_step=0.0134, val_loss=0.0378, val_acc=0.988, train_loss_epoch=0.0455]Epoch 5:  76%|███████▌  | 109/144 [00:03<00:00, 35.27it/s, v_num=80885, train_loss_step=0.0134, val_loss=0.0378, val_acc=0.988, train_loss_epoch=0.0455]Epoch 5:  76%|███████▌  | 109/144 [00:03<00:00, 35.27it/s, v_num=80885, train_loss_step=0.0454, val_loss=0.0378, val_acc=0.988, train_loss_epoch=0.0455]Epoch 5:  76%|███████▋  | 110/144 [00:03<00:00, 35.29it/s, v_num=80885, train_loss_step=0.0454, val_loss=0.0378, val_acc=0.988, train_loss_epoch=0.0455]Epoch 5:  76%|███████▋  | 110/144 [00:03<00:00, 35.29it/s, v_num=80885, train_loss_step=0.0145, val_loss=0.0378, val_acc=0.988, train_loss_epoch=0.0455]Epoch 5:  77%|███████▋  | 111/144 [00:03<00:00, 35.27it/s, v_num=80885, train_loss_step=0.0145, val_loss=0.0378, val_acc=0.988, train_loss_epoch=0.0455]Epoch 5:  77%|███████▋  | 111/144 [00:03<00:00, 35.27it/s, v_num=80885, train_loss_step=0.0594, val_loss=0.0378, val_acc=0.988, train_loss_epoch=0.0455]Epoch 5:  78%|███████▊  | 112/144 [00:03<00:00, 35.31it/s, v_num=80885, train_loss_step=0.0594, val_loss=0.0378, val_acc=0.988, train_loss_epoch=0.0455]Epoch 5:  78%|███████▊  | 112/144 [00:03<00:00, 35.31it/s, v_num=80885, train_loss_step=0.0292, val_loss=0.0378, val_acc=0.988, train_loss_epoch=0.0455]Epoch 5:  78%|███████▊  | 113/144 [00:03<00:00, 35.35it/s, v_num=80885, train_loss_step=0.0292, val_loss=0.0378, val_acc=0.988, train_loss_epoch=0.0455]Epoch 5:  78%|███████▊  | 113/144 [00:03<00:00, 35.35it/s, v_num=80885, train_loss_step=0.0363, val_loss=0.0378, val_acc=0.988, train_loss_epoch=0.0455]Epoch 5:  79%|███████▉  | 114/144 [00:03<00:00, 35.39it/s, v_num=80885, train_loss_step=0.0363, val_loss=0.0378, val_acc=0.988, train_loss_epoch=0.0455]Epoch 5:  79%|███████▉  | 114/144 [00:03<00:00, 35.39it/s, v_num=80885, train_loss_step=0.0329, val_loss=0.0378, val_acc=0.988, train_loss_epoch=0.0455]Epoch 5:  80%|███████▉  | 115/144 [00:03<00:00, 35.38it/s, v_num=80885, train_loss_step=0.0329, val_loss=0.0378, val_acc=0.988, train_loss_epoch=0.0455]Epoch 5:  80%|███████▉  | 115/144 [00:03<00:00, 35.38it/s, v_num=80885, train_loss_step=0.034, val_loss=0.0378, val_acc=0.988, train_loss_epoch=0.0455] Epoch 5:  81%|████████  | 116/144 [00:03<00:00, 35.41it/s, v_num=80885, train_loss_step=0.034, val_loss=0.0378, val_acc=0.988, train_loss_epoch=0.0455]Epoch 5:  81%|████████  | 116/144 [00:03<00:00, 35.41it/s, v_num=80885, train_loss_step=0.0504, val_loss=0.0378, val_acc=0.988, train_loss_epoch=0.0455]Epoch 5:  81%|████████▏ | 117/144 [00:03<00:00, 35.45it/s, v_num=80885, train_loss_step=0.0504, val_loss=0.0378, val_acc=0.988, train_loss_epoch=0.0455]Epoch 5:  81%|████████▏ | 117/144 [00:03<00:00, 35.45it/s, v_num=80885, train_loss_step=0.0474, val_loss=0.0378, val_acc=0.988, train_loss_epoch=0.0455]Epoch 5:  82%|████████▏ | 118/144 [00:03<00:00, 35.49it/s, v_num=80885, train_loss_step=0.0474, val_loss=0.0378, val_acc=0.988, train_loss_epoch=0.0455]Epoch 5:  82%|████████▏ | 118/144 [00:03<00:00, 35.49it/s, v_num=80885, train_loss_step=0.0425, val_loss=0.0378, val_acc=0.988, train_loss_epoch=0.0455]Epoch 5:  83%|████████▎ | 119/144 [00:03<00:00, 35.48it/s, v_num=80885, train_loss_step=0.0425, val_loss=0.0378, val_acc=0.988, train_loss_epoch=0.0455]Epoch 5:  83%|████████▎ | 119/144 [00:03<00:00, 35.48it/s, v_num=80885, train_loss_step=0.0344, val_loss=0.0378, val_acc=0.988, train_loss_epoch=0.0455]Epoch 5:  83%|████████▎ | 120/144 [00:03<00:00, 35.51it/s, v_num=80885, train_loss_step=0.0344, val_loss=0.0378, val_acc=0.988, train_loss_epoch=0.0455]Epoch 5:  83%|████████▎ | 120/144 [00:03<00:00, 35.51it/s, v_num=80885, train_loss_step=0.0239, val_loss=0.0378, val_acc=0.988, train_loss_epoch=0.0455]Epoch 5:  84%|████████▍ | 121/144 [00:03<00:00, 35.51it/s, v_num=80885, train_loss_step=0.0239, val_loss=0.0378, val_acc=0.988, train_loss_epoch=0.0455]Epoch 5:  84%|████████▍ | 121/144 [00:03<00:00, 35.51it/s, v_num=80885, train_loss_step=0.0321, val_loss=0.0378, val_acc=0.988, train_loss_epoch=0.0455]Epoch 5:  85%|████████▍ | 122/144 [00:03<00:00, 35.55it/s, v_num=80885, train_loss_step=0.0321, val_loss=0.0378, val_acc=0.988, train_loss_epoch=0.0455]Epoch 5:  85%|████████▍ | 122/144 [00:03<00:00, 35.55it/s, v_num=80885, train_loss_step=0.0249, val_loss=0.0378, val_acc=0.988, train_loss_epoch=0.0455]Epoch 5:  85%|████████▌ | 123/144 [00:03<00:00, 35.55it/s, v_num=80885, train_loss_step=0.0249, val_loss=0.0378, val_acc=0.988, train_loss_epoch=0.0455]Epoch 5:  85%|████████▌ | 123/144 [00:03<00:00, 35.55it/s, v_num=80885, train_loss_step=0.0821, val_loss=0.0378, val_acc=0.988, train_loss_epoch=0.0455]Epoch 5:  86%|████████▌ | 124/144 [00:03<00:00, 35.59it/s, v_num=80885, train_loss_step=0.0821, val_loss=0.0378, val_acc=0.988, train_loss_epoch=0.0455]Epoch 5:  86%|████████▌ | 124/144 [00:03<00:00, 35.59it/s, v_num=80885, train_loss_step=0.0552, val_loss=0.0378, val_acc=0.988, train_loss_epoch=0.0455]Epoch 5:  87%|████████▋ | 125/144 [00:03<00:00, 35.62it/s, v_num=80885, train_loss_step=0.0552, val_loss=0.0378, val_acc=0.988, train_loss_epoch=0.0455]Epoch 5:  87%|████████▋ | 125/144 [00:03<00:00, 35.61it/s, v_num=80885, train_loss_step=0.040, val_loss=0.0378, val_acc=0.988, train_loss_epoch=0.0455] Epoch 5:  88%|████████▊ | 126/144 [00:03<00:00, 35.66it/s, v_num=80885, train_loss_step=0.040, val_loss=0.0378, val_acc=0.988, train_loss_epoch=0.0455]Epoch 5:  88%|████████▊ | 126/144 [00:03<00:00, 35.66it/s, v_num=80885, train_loss_step=0.0298, val_loss=0.0378, val_acc=0.988, train_loss_epoch=0.0455]Epoch 5:  88%|████████▊ | 127/144 [00:03<00:00, 35.66it/s, v_num=80885, train_loss_step=0.0298, val_loss=0.0378, val_acc=0.988, train_loss_epoch=0.0455]Epoch 5:  88%|████████▊ | 127/144 [00:03<00:00, 35.66it/s, v_num=80885, train_loss_step=0.0197, val_loss=0.0378, val_acc=0.988, train_loss_epoch=0.0455]Epoch 5:  89%|████████▉ | 128/144 [00:03<00:00, 35.68it/s, v_num=80885, train_loss_step=0.0197, val_loss=0.0378, val_acc=0.988, train_loss_epoch=0.0455]Epoch 5:  89%|████████▉ | 128/144 [00:03<00:00, 35.68it/s, v_num=80885, train_loss_step=0.0289, val_loss=0.0378, val_acc=0.988, train_loss_epoch=0.0455]Epoch 5:  90%|████████▉ | 129/144 [00:03<00:00, 35.72it/s, v_num=80885, train_loss_step=0.0289, val_loss=0.0378, val_acc=0.988, train_loss_epoch=0.0455]Epoch 5:  90%|████████▉ | 129/144 [00:03<00:00, 35.72it/s, v_num=80885, train_loss_step=0.0599, val_loss=0.0378, val_acc=0.988, train_loss_epoch=0.0455]Epoch 5:  90%|█████████ | 130/144 [00:03<00:00, 35.75it/s, v_num=80885, train_loss_step=0.0599, val_loss=0.0378, val_acc=0.988, train_loss_epoch=0.0455]Epoch 5:  90%|█████████ | 130/144 [00:03<00:00, 35.75it/s, v_num=80885, train_loss_step=0.0456, val_loss=0.0378, val_acc=0.988, train_loss_epoch=0.0455]Epoch 5:  91%|█████████ | 131/144 [00:03<00:00, 35.76it/s, v_num=80885, train_loss_step=0.0456, val_loss=0.0378, val_acc=0.988, train_loss_epoch=0.0455]Epoch 5:  91%|█████████ | 131/144 [00:03<00:00, 35.75it/s, v_num=80885, train_loss_step=0.0194, val_loss=0.0378, val_acc=0.988, train_loss_epoch=0.0455]Epoch 5:  92%|█████████▏| 132/144 [00:03<00:00, 35.79it/s, v_num=80885, train_loss_step=0.0194, val_loss=0.0378, val_acc=0.988, train_loss_epoch=0.0455]Epoch 5:  92%|█████████▏| 132/144 [00:03<00:00, 35.78it/s, v_num=80885, train_loss_step=0.0418, val_loss=0.0378, val_acc=0.988, train_loss_epoch=0.0455]Epoch 5:  92%|█████████▏| 133/144 [00:03<00:00, 35.82it/s, v_num=80885, train_loss_step=0.0418, val_loss=0.0378, val_acc=0.988, train_loss_epoch=0.0455]Epoch 5:  92%|█████████▏| 133/144 [00:03<00:00, 35.81it/s, v_num=80885, train_loss_step=0.00984, val_loss=0.0378, val_acc=0.988, train_loss_epoch=0.0455]Epoch 5:  93%|█████████▎| 134/144 [00:03<00:00, 35.84it/s, v_num=80885, train_loss_step=0.00984, val_loss=0.0378, val_acc=0.988, train_loss_epoch=0.0455]Epoch 5:  93%|█████████▎| 134/144 [00:03<00:00, 35.84it/s, v_num=80885, train_loss_step=0.0502, val_loss=0.0378, val_acc=0.988, train_loss_epoch=0.0455] Epoch 5:  94%|█████████▍| 135/144 [00:03<00:00, 35.86it/s, v_num=80885, train_loss_step=0.0502, val_loss=0.0378, val_acc=0.988, train_loss_epoch=0.0455]Epoch 5:  94%|█████████▍| 135/144 [00:03<00:00, 35.86it/s, v_num=80885, train_loss_step=0.0387, val_loss=0.0378, val_acc=0.988, train_loss_epoch=0.0455]Epoch 5:  94%|█████████▍| 136/144 [00:03<00:00, 35.84it/s, v_num=80885, train_loss_step=0.0387, val_loss=0.0378, val_acc=0.988, train_loss_epoch=0.0455]Epoch 5:  94%|█████████▍| 136/144 [00:03<00:00, 35.84it/s, v_num=80885, train_loss_step=0.0387, val_loss=0.0378, val_acc=0.988, train_loss_epoch=0.0455]Epoch 5:  95%|█████████▌| 137/144 [00:03<00:00, 35.87it/s, v_num=80885, train_loss_step=0.0387, val_loss=0.0378, val_acc=0.988, train_loss_epoch=0.0455]Epoch 5:  95%|█████████▌| 137/144 [00:03<00:00, 35.87it/s, v_num=80885, train_loss_step=0.0375, val_loss=0.0378, val_acc=0.988, train_loss_epoch=0.0455]Epoch 5:  96%|█████████▌| 138/144 [00:03<00:00, 35.90it/s, v_num=80885, train_loss_step=0.0375, val_loss=0.0378, val_acc=0.988, train_loss_epoch=0.0455]Epoch 5:  96%|█████████▌| 138/144 [00:03<00:00, 35.90it/s, v_num=80885, train_loss_step=0.0168, val_loss=0.0378, val_acc=0.988, train_loss_epoch=0.0455]Epoch 5:  97%|█████████▋| 139/144 [00:03<00:00, 35.93it/s, v_num=80885, train_loss_step=0.0168, val_loss=0.0378, val_acc=0.988, train_loss_epoch=0.0455]Epoch 5:  97%|█████████▋| 139/144 [00:03<00:00, 35.93it/s, v_num=80885, train_loss_step=0.0676, val_loss=0.0378, val_acc=0.988, train_loss_epoch=0.0455]Epoch 5:  97%|█████████▋| 140/144 [00:03<00:00, 35.91it/s, v_num=80885, train_loss_step=0.0676, val_loss=0.0378, val_acc=0.988, train_loss_epoch=0.0455]Epoch 5:  97%|█████████▋| 140/144 [00:03<00:00, 35.90it/s, v_num=80885, train_loss_step=0.0162, val_loss=0.0378, val_acc=0.988, train_loss_epoch=0.0455]Epoch 5:  98%|█████████▊| 141/144 [00:03<00:00, 35.94it/s, v_num=80885, train_loss_step=0.0162, val_loss=0.0378, val_acc=0.988, train_loss_epoch=0.0455]Epoch 5:  98%|█████████▊| 141/144 [00:03<00:00, 35.94it/s, v_num=80885, train_loss_step=0.043, val_loss=0.0378, val_acc=0.988, train_loss_epoch=0.0455] Epoch 5:  99%|█████████▊| 142/144 [00:03<00:00, 35.97it/s, v_num=80885, train_loss_step=0.043, val_loss=0.0378, val_acc=0.988, train_loss_epoch=0.0455]Epoch 5:  99%|█████████▊| 142/144 [00:03<00:00, 35.97it/s, v_num=80885, train_loss_step=0.0443, val_loss=0.0378, val_acc=0.988, train_loss_epoch=0.0455]Epoch 5:  99%|█████████▉| 143/144 [00:03<00:00, 36.00it/s, v_num=80885, train_loss_step=0.0443, val_loss=0.0378, val_acc=0.988, train_loss_epoch=0.0455]Epoch 5:  99%|█████████▉| 143/144 [00:03<00:00, 36.00it/s, v_num=80885, train_loss_step=0.0493, val_loss=0.0378, val_acc=0.988, train_loss_epoch=0.0455]Epoch 5: 100%|██████████| 144/144 [00:03<00:00, 36.01it/s, v_num=80885, train_loss_step=0.0493, val_loss=0.0378, val_acc=0.988, train_loss_epoch=0.0455]Epoch 5: 100%|██████████| 144/144 [00:03<00:00, 36.01it/s, v_num=80885, train_loss_step=0.109, val_loss=0.0378, val_acc=0.988, train_loss_epoch=0.0455] 
Validation: |          | 0/? [00:00<?, ?it/s][A
Validation:   0%|          | 0/14 [00:00<?, ?it/s][A
Validation DataLoader 0:   0%|          | 0/14 [00:00<?, ?it/s][A
Validation DataLoader 0:   7%|▋         | 1/14 [00:00<00:00, 105.23it/s][A
Validation DataLoader 0:  14%|█▍        | 2/14 [00:00<00:00, 75.75it/s] [A
Validation DataLoader 0:  21%|██▏       | 3/14 [00:00<00:00, 82.28it/s][A
Validation DataLoader 0:  29%|██▊       | 4/14 [00:00<00:00, 86.11it/s][A
Validation DataLoader 0:  36%|███▌      | 5/14 [00:00<00:00, 88.43it/s][A
Validation DataLoader 0:  43%|████▎     | 6/14 [00:00<00:00, 90.56it/s][A
Validation DataLoader 0:  50%|█████     | 7/14 [00:00<00:00, 91.78it/s][A
Validation DataLoader 0:  57%|█████▋    | 8/14 [00:00<00:00, 87.61it/s][A
Validation DataLoader 0:  64%|██████▍   | 9/14 [00:00<00:00, 84.90it/s][A
Validation DataLoader 0:  71%|███████▏  | 10/14 [00:00<00:00, 82.91it/s][A
Validation DataLoader 0:  79%|███████▊  | 11/14 [00:00<00:00, 81.32it/s][A
Validation DataLoader 0:  86%|████████▌ | 12/14 [00:00<00:00, 80.03it/s][A
Validation DataLoader 0:  93%|█████████▎| 13/14 [00:00<00:00, 79.00it/s][A
Validation DataLoader 0: 100%|██████████| 14/14 [00:00<00:00, 78.17it/s][A
                                                                        [AEpoch 5: 100%|██████████| 144/144 [00:04<00:00, 34.30it/s, v_num=80885, train_loss_step=0.109, val_loss=0.026, val_acc=0.990, train_loss_epoch=0.0455] Epoch 5: 100%|██████████| 144/144 [00:04<00:00, 34.29it/s, v_num=80885, train_loss_step=0.109, val_loss=0.026, val_acc=0.990, train_loss_epoch=0.0365]Epoch 5:   0%|          | 0/144 [00:00<?, ?it/s, v_num=80885, train_loss_step=0.109, val_loss=0.026, val_acc=0.990, train_loss_epoch=0.0365]          Epoch 6:   0%|          | 0/144 [00:00<?, ?it/s, v_num=80885, train_loss_step=0.109, val_loss=0.026, val_acc=0.990, train_loss_epoch=0.0365]Epoch 6:   1%|          | 1/144 [00:00<00:11, 12.08it/s, v_num=80885, train_loss_step=0.109, val_loss=0.026, val_acc=0.990, train_loss_epoch=0.0365]Epoch 6:   1%|          | 1/144 [00:00<00:11, 12.05it/s, v_num=80885, train_loss_step=0.029, val_loss=0.026, val_acc=0.990, train_loss_epoch=0.0365]Epoch 6:   1%|▏         | 2/144 [00:00<00:07, 17.96it/s, v_num=80885, train_loss_step=0.029, val_loss=0.026, val_acc=0.990, train_loss_epoch=0.0365]Epoch 6:   1%|▏         | 2/144 [00:00<00:07, 17.94it/s, v_num=80885, train_loss_step=0.0854, val_loss=0.026, val_acc=0.990, train_loss_epoch=0.0365]Epoch 6:   2%|▏         | 3/144 [00:00<00:06, 20.97it/s, v_num=80885, train_loss_step=0.0854, val_loss=0.026, val_acc=0.990, train_loss_epoch=0.0365]Epoch 6:   2%|▏         | 3/144 [00:00<00:06, 20.95it/s, v_num=80885, train_loss_step=0.0368, val_loss=0.026, val_acc=0.990, train_loss_epoch=0.0365]Epoch 6:   3%|▎         | 4/144 [00:00<00:06, 23.32it/s, v_num=80885, train_loss_step=0.0368, val_loss=0.026, val_acc=0.990, train_loss_epoch=0.0365]Epoch 6:   3%|▎         | 4/144 [00:00<00:06, 23.30it/s, v_num=80885, train_loss_step=0.0419, val_loss=0.026, val_acc=0.990, train_loss_epoch=0.0365]Epoch 6:   3%|▎         | 5/144 [00:00<00:05, 25.02it/s, v_num=80885, train_loss_step=0.0419, val_loss=0.026, val_acc=0.990, train_loss_epoch=0.0365]Epoch 6:   3%|▎         | 5/144 [00:00<00:05, 25.00it/s, v_num=80885, train_loss_step=0.016, val_loss=0.026, val_acc=0.990, train_loss_epoch=0.0365] Epoch 6:   4%|▍         | 6/144 [00:00<00:05, 26.40it/s, v_num=80885, train_loss_step=0.016, val_loss=0.026, val_acc=0.990, train_loss_epoch=0.0365]Epoch 6:   4%|▍         | 6/144 [00:00<00:05, 26.37it/s, v_num=80885, train_loss_step=0.0197, val_loss=0.026, val_acc=0.990, train_loss_epoch=0.0365]Epoch 6:   5%|▍         | 7/144 [00:00<00:05, 27.00it/s, v_num=80885, train_loss_step=0.0197, val_loss=0.026, val_acc=0.990, train_loss_epoch=0.0365]Epoch 6:   5%|▍         | 7/144 [00:00<00:05, 26.98it/s, v_num=80885, train_loss_step=0.0146, val_loss=0.026, val_acc=0.990, train_loss_epoch=0.0365]Epoch 6:   6%|▌         | 8/144 [00:00<00:04, 27.79it/s, v_num=80885, train_loss_step=0.0146, val_loss=0.026, val_acc=0.990, train_loss_epoch=0.0365]Epoch 6:   6%|▌         | 8/144 [00:00<00:04, 27.77it/s, v_num=80885, train_loss_step=0.0736, val_loss=0.026, val_acc=0.990, train_loss_epoch=0.0365]Epoch 6:   6%|▋         | 9/144 [00:00<00:04, 28.55it/s, v_num=80885, train_loss_step=0.0736, val_loss=0.026, val_acc=0.990, train_loss_epoch=0.0365]Epoch 6:   6%|▋         | 9/144 [00:00<00:04, 28.54it/s, v_num=80885, train_loss_step=0.0337, val_loss=0.026, val_acc=0.990, train_loss_epoch=0.0365]Epoch 6:   7%|▋         | 10/144 [00:00<00:04, 29.04it/s, v_num=80885, train_loss_step=0.0337, val_loss=0.026, val_acc=0.990, train_loss_epoch=0.0365]Epoch 6:   7%|▋         | 10/144 [00:00<00:04, 29.03it/s, v_num=80885, train_loss_step=0.0258, val_loss=0.026, val_acc=0.990, train_loss_epoch=0.0365]Epoch 6:   8%|▊         | 11/144 [00:00<00:04, 29.45it/s, v_num=80885, train_loss_step=0.0258, val_loss=0.026, val_acc=0.990, train_loss_epoch=0.0365]Epoch 6:   8%|▊         | 11/144 [00:00<00:04, 29.44it/s, v_num=80885, train_loss_step=0.0192, val_loss=0.026, val_acc=0.990, train_loss_epoch=0.0365]Epoch 6:   8%|▊         | 12/144 [00:00<00:04, 30.02it/s, v_num=80885, train_loss_step=0.0192, val_loss=0.026, val_acc=0.990, train_loss_epoch=0.0365]Epoch 6:   8%|▊         | 12/144 [00:00<00:04, 30.01it/s, v_num=80885, train_loss_step=0.0353, val_loss=0.026, val_acc=0.990, train_loss_epoch=0.0365]Epoch 6:   9%|▉         | 13/144 [00:00<00:04, 30.56it/s, v_num=80885, train_loss_step=0.0353, val_loss=0.026, val_acc=0.990, train_loss_epoch=0.0365]Epoch 6:   9%|▉         | 13/144 [00:00<00:04, 30.55it/s, v_num=80885, train_loss_step=0.0236, val_loss=0.026, val_acc=0.990, train_loss_epoch=0.0365]Epoch 6:  10%|▉         | 14/144 [00:00<00:04, 30.96it/s, v_num=80885, train_loss_step=0.0236, val_loss=0.026, val_acc=0.990, train_loss_epoch=0.0365]Epoch 6:  10%|▉         | 14/144 [00:00<00:04, 30.94it/s, v_num=80885, train_loss_step=0.0221, val_loss=0.026, val_acc=0.990, train_loss_epoch=0.0365]Epoch 6:  10%|█         | 15/144 [00:00<00:04, 31.00it/s, v_num=80885, train_loss_step=0.0221, val_loss=0.026, val_acc=0.990, train_loss_epoch=0.0365]Epoch 6:  10%|█         | 15/144 [00:00<00:04, 30.99it/s, v_num=80885, train_loss_step=0.0275, val_loss=0.026, val_acc=0.990, train_loss_epoch=0.0365]Epoch 6:  11%|█         | 16/144 [00:00<00:04, 31.35it/s, v_num=80885, train_loss_step=0.0275, val_loss=0.026, val_acc=0.990, train_loss_epoch=0.0365]Epoch 6:  11%|█         | 16/144 [00:00<00:04, 31.34it/s, v_num=80885, train_loss_step=0.0318, val_loss=0.026, val_acc=0.990, train_loss_epoch=0.0365]Epoch 6:  12%|█▏        | 17/144 [00:00<00:04, 31.60it/s, v_num=80885, train_loss_step=0.0318, val_loss=0.026, val_acc=0.990, train_loss_epoch=0.0365]Epoch 6:  12%|█▏        | 17/144 [00:00<00:04, 31.59it/s, v_num=80885, train_loss_step=0.00746, val_loss=0.026, val_acc=0.990, train_loss_epoch=0.0365]Epoch 6:  12%|█▎        | 18/144 [00:00<00:03, 31.75it/s, v_num=80885, train_loss_step=0.00746, val_loss=0.026, val_acc=0.990, train_loss_epoch=0.0365]Epoch 6:  12%|█▎        | 18/144 [00:00<00:03, 31.74it/s, v_num=80885, train_loss_step=0.0331, val_loss=0.026, val_acc=0.990, train_loss_epoch=0.0365] Epoch 6:  13%|█▎        | 19/144 [00:00<00:03, 31.78it/s, v_num=80885, train_loss_step=0.0331, val_loss=0.026, val_acc=0.990, train_loss_epoch=0.0365]Epoch 6:  13%|█▎        | 19/144 [00:00<00:03, 31.77it/s, v_num=80885, train_loss_step=0.0142, val_loss=0.026, val_acc=0.990, train_loss_epoch=0.0365]Epoch 6:  14%|█▍        | 20/144 [00:00<00:03, 31.85it/s, v_num=80885, train_loss_step=0.0142, val_loss=0.026, val_acc=0.990, train_loss_epoch=0.0365]Epoch 6:  14%|█▍        | 20/144 [00:00<00:03, 31.83it/s, v_num=80885, train_loss_step=0.0468, val_loss=0.026, val_acc=0.990, train_loss_epoch=0.0365]Epoch 6:  15%|█▍        | 21/144 [00:00<00:03, 31.63it/s, v_num=80885, train_loss_step=0.0468, val_loss=0.026, val_acc=0.990, train_loss_epoch=0.0365]Epoch 6:  15%|█▍        | 21/144 [00:00<00:03, 31.62it/s, v_num=80885, train_loss_step=0.0202, val_loss=0.026, val_acc=0.990, train_loss_epoch=0.0365]Epoch 6:  15%|█▌        | 22/144 [00:00<00:03, 31.36it/s, v_num=80885, train_loss_step=0.0202, val_loss=0.026, val_acc=0.990, train_loss_epoch=0.0365]Epoch 6:  15%|█▌        | 22/144 [00:00<00:03, 31.35it/s, v_num=80885, train_loss_step=0.0299, val_loss=0.026, val_acc=0.990, train_loss_epoch=0.0365]Epoch 6:  16%|█▌        | 23/144 [00:00<00:03, 31.52it/s, v_num=80885, train_loss_step=0.0299, val_loss=0.026, val_acc=0.990, train_loss_epoch=0.0365]Epoch 6:  16%|█▌        | 23/144 [00:00<00:03, 31.52it/s, v_num=80885, train_loss_step=0.0276, val_loss=0.026, val_acc=0.990, train_loss_epoch=0.0365]Epoch 6:  17%|█▋        | 24/144 [00:00<00:03, 31.69it/s, v_num=80885, train_loss_step=0.0276, val_loss=0.026, val_acc=0.990, train_loss_epoch=0.0365]Epoch 6:  17%|█▋        | 24/144 [00:00<00:03, 31.68it/s, v_num=80885, train_loss_step=0.0504, val_loss=0.026, val_acc=0.990, train_loss_epoch=0.0365]Epoch 6:  17%|█▋        | 25/144 [00:00<00:03, 31.85it/s, v_num=80885, train_loss_step=0.0504, val_loss=0.026, val_acc=0.990, train_loss_epoch=0.0365]Epoch 6:  17%|█▋        | 25/144 [00:00<00:03, 31.84it/s, v_num=80885, train_loss_step=0.00801, val_loss=0.026, val_acc=0.990, train_loss_epoch=0.0365]Epoch 6:  18%|█▊        | 26/144 [00:00<00:03, 31.91it/s, v_num=80885, train_loss_step=0.00801, val_loss=0.026, val_acc=0.990, train_loss_epoch=0.0365]Epoch 6:  18%|█▊        | 26/144 [00:00<00:03, 31.91it/s, v_num=80885, train_loss_step=0.0328, val_loss=0.026, val_acc=0.990, train_loss_epoch=0.0365] Epoch 6:  19%|█▉        | 27/144 [00:00<00:03, 32.03it/s, v_num=80885, train_loss_step=0.0328, val_loss=0.026, val_acc=0.990, train_loss_epoch=0.0365]Epoch 6:  19%|█▉        | 27/144 [00:00<00:03, 32.03it/s, v_num=80885, train_loss_step=0.0484, val_loss=0.026, val_acc=0.990, train_loss_epoch=0.0365]Epoch 6:  19%|█▉        | 28/144 [00:00<00:03, 32.10it/s, v_num=80885, train_loss_step=0.0484, val_loss=0.026, val_acc=0.990, train_loss_epoch=0.0365]Epoch 6:  19%|█▉        | 28/144 [00:00<00:03, 32.09it/s, v_num=80885, train_loss_step=0.0441, val_loss=0.026, val_acc=0.990, train_loss_epoch=0.0365]Epoch 6:  20%|██        | 29/144 [00:00<00:03, 31.48it/s, v_num=80885, train_loss_step=0.0441, val_loss=0.026, val_acc=0.990, train_loss_epoch=0.0365]Epoch 6:  20%|██        | 29/144 [00:00<00:03, 31.47it/s, v_num=80885, train_loss_step=0.0366, val_loss=0.026, val_acc=0.990, train_loss_epoch=0.0365]Epoch 6:  21%|██        | 30/144 [00:00<00:03, 31.58it/s, v_num=80885, train_loss_step=0.0366, val_loss=0.026, val_acc=0.990, train_loss_epoch=0.0365]Epoch 6:  21%|██        | 30/144 [00:00<00:03, 31.57it/s, v_num=80885, train_loss_step=0.0223, val_loss=0.026, val_acc=0.990, train_loss_epoch=0.0365]Epoch 6:  22%|██▏       | 31/144 [00:00<00:03, 31.56it/s, v_num=80885, train_loss_step=0.0223, val_loss=0.026, val_acc=0.990, train_loss_epoch=0.0365]Epoch 6:  22%|██▏       | 31/144 [00:00<00:03, 31.55it/s, v_num=80885, train_loss_step=0.030, val_loss=0.026, val_acc=0.990, train_loss_epoch=0.0365] Epoch 6:  22%|██▏       | 32/144 [00:01<00:03, 31.45it/s, v_num=80885, train_loss_step=0.030, val_loss=0.026, val_acc=0.990, train_loss_epoch=0.0365]Epoch 6:  22%|██▏       | 32/144 [00:01<00:03, 31.44it/s, v_num=80885, train_loss_step=0.0264, val_loss=0.026, val_acc=0.990, train_loss_epoch=0.0365]Epoch 6:  23%|██▎       | 33/144 [00:01<00:03, 31.46it/s, v_num=80885, train_loss_step=0.0264, val_loss=0.026, val_acc=0.990, train_loss_epoch=0.0365]Epoch 6:  23%|██▎       | 33/144 [00:01<00:03, 31.46it/s, v_num=80885, train_loss_step=0.0205, val_loss=0.026, val_acc=0.990, train_loss_epoch=0.0365]Epoch 6:  24%|██▎       | 34/144 [00:01<00:03, 31.58it/s, v_num=80885, train_loss_step=0.0205, val_loss=0.026, val_acc=0.990, train_loss_epoch=0.0365]Epoch 6:  24%|██▎       | 34/144 [00:01<00:03, 31.58it/s, v_num=80885, train_loss_step=0.0424, val_loss=0.026, val_acc=0.990, train_loss_epoch=0.0365]Epoch 6:  24%|██▍       | 35/144 [00:01<00:03, 31.70it/s, v_num=80885, train_loss_step=0.0424, val_loss=0.026, val_acc=0.990, train_loss_epoch=0.0365]Epoch 6:  24%|██▍       | 35/144 [00:01<00:03, 31.69it/s, v_num=80885, train_loss_step=0.0256, val_loss=0.026, val_acc=0.990, train_loss_epoch=0.0365]Epoch 6:  25%|██▌       | 36/144 [00:01<00:03, 31.58it/s, v_num=80885, train_loss_step=0.0256, val_loss=0.026, val_acc=0.990, train_loss_epoch=0.0365]Epoch 6:  25%|██▌       | 36/144 [00:01<00:03, 31.57it/s, v_num=80885, train_loss_step=0.0262, val_loss=0.026, val_acc=0.990, train_loss_epoch=0.0365]Epoch 6:  26%|██▌       | 37/144 [00:01<00:03, 31.63it/s, v_num=80885, train_loss_step=0.0262, val_loss=0.026, val_acc=0.990, train_loss_epoch=0.0365]Epoch 6:  26%|██▌       | 37/144 [00:01<00:03, 31.62it/s, v_num=80885, train_loss_step=0.0773, val_loss=0.026, val_acc=0.990, train_loss_epoch=0.0365]Epoch 6:  26%|██▋       | 38/144 [00:01<00:03, 31.73it/s, v_num=80885, train_loss_step=0.0773, val_loss=0.026, val_acc=0.990, train_loss_epoch=0.0365]Epoch 6:  26%|██▋       | 38/144 [00:01<00:03, 31.73it/s, v_num=80885, train_loss_step=0.0246, val_loss=0.026, val_acc=0.990, train_loss_epoch=0.0365]Epoch 6:  27%|██▋       | 39/144 [00:01<00:03, 31.83it/s, v_num=80885, train_loss_step=0.0246, val_loss=0.026, val_acc=0.990, train_loss_epoch=0.0365]Epoch 6:  27%|██▋       | 39/144 [00:01<00:03, 31.82it/s, v_num=80885, train_loss_step=0.0286, val_loss=0.026, val_acc=0.990, train_loss_epoch=0.0365]Epoch 6:  28%|██▊       | 40/144 [00:01<00:03, 31.76it/s, v_num=80885, train_loss_step=0.0286, val_loss=0.026, val_acc=0.990, train_loss_epoch=0.0365]Epoch 6:  28%|██▊       | 40/144 [00:01<00:03, 31.75it/s, v_num=80885, train_loss_step=0.0972, val_loss=0.026, val_acc=0.990, train_loss_epoch=0.0365]Epoch 6:  28%|██▊       | 41/144 [00:01<00:03, 31.83it/s, v_num=80885, train_loss_step=0.0972, val_loss=0.026, val_acc=0.990, train_loss_epoch=0.0365]Epoch 6:  28%|██▊       | 41/144 [00:01<00:03, 31.83it/s, v_num=80885, train_loss_step=0.0215, val_loss=0.026, val_acc=0.990, train_loss_epoch=0.0365]Epoch 6:  29%|██▉       | 42/144 [00:01<00:03, 31.93it/s, v_num=80885, train_loss_step=0.0215, val_loss=0.026, val_acc=0.990, train_loss_epoch=0.0365]Epoch 6:  29%|██▉       | 42/144 [00:01<00:03, 31.92it/s, v_num=80885, train_loss_step=0.0311, val_loss=0.026, val_acc=0.990, train_loss_epoch=0.0365]Epoch 6:  30%|██▉       | 43/144 [00:01<00:03, 32.01it/s, v_num=80885, train_loss_step=0.0311, val_loss=0.026, val_acc=0.990, train_loss_epoch=0.0365]Epoch 6:  30%|██▉       | 43/144 [00:01<00:03, 32.01it/s, v_num=80885, train_loss_step=0.067, val_loss=0.026, val_acc=0.990, train_loss_epoch=0.0365] Epoch 6:  31%|███       | 44/144 [00:01<00:03, 31.96it/s, v_num=80885, train_loss_step=0.067, val_loss=0.026, val_acc=0.990, train_loss_epoch=0.0365]Epoch 6:  31%|███       | 44/144 [00:01<00:03, 31.96it/s, v_num=80885, train_loss_step=0.0474, val_loss=0.026, val_acc=0.990, train_loss_epoch=0.0365]Epoch 6:  31%|███▏      | 45/144 [00:01<00:03, 32.06it/s, v_num=80885, train_loss_step=0.0474, val_loss=0.026, val_acc=0.990, train_loss_epoch=0.0365]Epoch 6:  31%|███▏      | 45/144 [00:01<00:03, 32.05it/s, v_num=80885, train_loss_step=0.0522, val_loss=0.026, val_acc=0.990, train_loss_epoch=0.0365]Epoch 6:  32%|███▏      | 46/144 [00:01<00:03, 32.09it/s, v_num=80885, train_loss_step=0.0522, val_loss=0.026, val_acc=0.990, train_loss_epoch=0.0365]Epoch 6:  32%|███▏      | 46/144 [00:01<00:03, 32.09it/s, v_num=80885, train_loss_step=0.0373, val_loss=0.026, val_acc=0.990, train_loss_epoch=0.0365]Epoch 6:  33%|███▎      | 47/144 [00:01<00:03, 32.18it/s, v_num=80885, train_loss_step=0.0373, val_loss=0.026, val_acc=0.990, train_loss_epoch=0.0365]Epoch 6:  33%|███▎      | 47/144 [00:01<00:03, 32.18it/s, v_num=80885, train_loss_step=0.0393, val_loss=0.026, val_acc=0.990, train_loss_epoch=0.0365]Epoch 6:  33%|███▎      | 48/144 [00:01<00:02, 32.16it/s, v_num=80885, train_loss_step=0.0393, val_loss=0.026, val_acc=0.990, train_loss_epoch=0.0365]Epoch 6:  33%|███▎      | 48/144 [00:01<00:02, 32.16it/s, v_num=80885, train_loss_step=0.0537, val_loss=0.026, val_acc=0.990, train_loss_epoch=0.0365]Epoch 6:  34%|███▍      | 49/144 [00:01<00:02, 32.18it/s, v_num=80885, train_loss_step=0.0537, val_loss=0.026, val_acc=0.990, train_loss_epoch=0.0365]Epoch 6:  34%|███▍      | 49/144 [00:01<00:02, 32.17it/s, v_num=80885, train_loss_step=0.041, val_loss=0.026, val_acc=0.990, train_loss_epoch=0.0365] Epoch 6:  35%|███▍      | 50/144 [00:01<00:02, 32.27it/s, v_num=80885, train_loss_step=0.041, val_loss=0.026, val_acc=0.990, train_loss_epoch=0.0365]Epoch 6:  35%|███▍      | 50/144 [00:01<00:02, 32.27it/s, v_num=80885, train_loss_step=0.0482, val_loss=0.026, val_acc=0.990, train_loss_epoch=0.0365]Epoch 6:  35%|███▌      | 51/144 [00:01<00:02, 32.34it/s, v_num=80885, train_loss_step=0.0482, val_loss=0.026, val_acc=0.990, train_loss_epoch=0.0365]Epoch 6:  35%|███▌      | 51/144 [00:01<00:02, 32.34it/s, v_num=80885, train_loss_step=0.0305, val_loss=0.026, val_acc=0.990, train_loss_epoch=0.0365]Epoch 6:  36%|███▌      | 52/144 [00:01<00:02, 32.35it/s, v_num=80885, train_loss_step=0.0305, val_loss=0.026, val_acc=0.990, train_loss_epoch=0.0365]Epoch 6:  36%|███▌      | 52/144 [00:01<00:02, 32.35it/s, v_num=80885, train_loss_step=0.025, val_loss=0.026, val_acc=0.990, train_loss_epoch=0.0365] Epoch 6:  37%|███▋      | 53/144 [00:01<00:02, 32.44it/s, v_num=80885, train_loss_step=0.025, val_loss=0.026, val_acc=0.990, train_loss_epoch=0.0365]Epoch 6:  37%|███▋      | 53/144 [00:01<00:02, 32.43it/s, v_num=80885, train_loss_step=0.0331, val_loss=0.026, val_acc=0.990, train_loss_epoch=0.0365]Epoch 6:  38%|███▊      | 54/144 [00:01<00:02, 32.52it/s, v_num=80885, train_loss_step=0.0331, val_loss=0.026, val_acc=0.990, train_loss_epoch=0.0365]Epoch 6:  38%|███▊      | 54/144 [00:01<00:02, 32.51it/s, v_num=80885, train_loss_step=0.0126, val_loss=0.026, val_acc=0.990, train_loss_epoch=0.0365]Epoch 6:  38%|███▊      | 55/144 [00:01<00:02, 32.60it/s, v_num=80885, train_loss_step=0.0126, val_loss=0.026, val_acc=0.990, train_loss_epoch=0.0365]Epoch 6:  38%|███▊      | 55/144 [00:01<00:02, 32.59it/s, v_num=80885, train_loss_step=0.0208, val_loss=0.026, val_acc=0.990, train_loss_epoch=0.0365]Epoch 6:  39%|███▉      | 56/144 [00:01<00:02, 32.60it/s, v_num=80885, train_loss_step=0.0208, val_loss=0.026, val_acc=0.990, train_loss_epoch=0.0365]Epoch 6:  39%|███▉      | 56/144 [00:01<00:02, 32.59it/s, v_num=80885, train_loss_step=0.0246, val_loss=0.026, val_acc=0.990, train_loss_epoch=0.0365]Epoch 6:  40%|███▉      | 57/144 [00:01<00:02, 32.67it/s, v_num=80885, train_loss_step=0.0246, val_loss=0.026, val_acc=0.990, train_loss_epoch=0.0365]Epoch 6:  40%|███▉      | 57/144 [00:01<00:02, 32.67it/s, v_num=80885, train_loss_step=0.0813, val_loss=0.026, val_acc=0.990, train_loss_epoch=0.0365]Epoch 6:  40%|████      | 58/144 [00:01<00:02, 32.74it/s, v_num=80885, train_loss_step=0.0813, val_loss=0.026, val_acc=0.990, train_loss_epoch=0.0365]Epoch 6:  40%|████      | 58/144 [00:01<00:02, 32.74it/s, v_num=80885, train_loss_step=0.0207, val_loss=0.026, val_acc=0.990, train_loss_epoch=0.0365]Epoch 6:  41%|████      | 59/144 [00:01<00:02, 32.81it/s, v_num=80885, train_loss_step=0.0207, val_loss=0.026, val_acc=0.990, train_loss_epoch=0.0365]Epoch 6:  41%|████      | 59/144 [00:01<00:02, 32.81it/s, v_num=80885, train_loss_step=0.00634, val_loss=0.026, val_acc=0.990, train_loss_epoch=0.0365]Epoch 6:  42%|████▏     | 60/144 [00:01<00:02, 32.84it/s, v_num=80885, train_loss_step=0.00634, val_loss=0.026, val_acc=0.990, train_loss_epoch=0.0365]Epoch 6:  42%|████▏     | 60/144 [00:01<00:02, 32.84it/s, v_num=80885, train_loss_step=0.0133, val_loss=0.026, val_acc=0.990, train_loss_epoch=0.0365] Epoch 6:  42%|████▏     | 61/144 [00:01<00:02, 32.92it/s, v_num=80885, train_loss_step=0.0133, val_loss=0.026, val_acc=0.990, train_loss_epoch=0.0365]Epoch 6:  42%|████▏     | 61/144 [00:01<00:02, 32.91it/s, v_num=80885, train_loss_step=0.0135, val_loss=0.026, val_acc=0.990, train_loss_epoch=0.0365]Epoch 6:  43%|████▎     | 62/144 [00:01<00:02, 33.00it/s, v_num=80885, train_loss_step=0.0135, val_loss=0.026, val_acc=0.990, train_loss_epoch=0.0365]Epoch 6:  43%|████▎     | 62/144 [00:01<00:02, 32.99it/s, v_num=80885, train_loss_step=0.0255, val_loss=0.026, val_acc=0.990, train_loss_epoch=0.0365]Epoch 6:  44%|████▍     | 63/144 [00:01<00:02, 33.03it/s, v_num=80885, train_loss_step=0.0255, val_loss=0.026, val_acc=0.990, train_loss_epoch=0.0365]Epoch 6:  44%|████▍     | 63/144 [00:01<00:02, 33.03it/s, v_num=80885, train_loss_step=0.0245, val_loss=0.026, val_acc=0.990, train_loss_epoch=0.0365]Epoch 6:  44%|████▍     | 64/144 [00:01<00:02, 33.07it/s, v_num=80885, train_loss_step=0.0245, val_loss=0.026, val_acc=0.990, train_loss_epoch=0.0365]Epoch 6:  44%|████▍     | 64/144 [00:01<00:02, 33.06it/s, v_num=80885, train_loss_step=0.0568, val_loss=0.026, val_acc=0.990, train_loss_epoch=0.0365]Epoch 6:  45%|████▌     | 65/144 [00:01<00:02, 33.12it/s, v_num=80885, train_loss_step=0.0568, val_loss=0.026, val_acc=0.990, train_loss_epoch=0.0365]Epoch 6:  45%|████▌     | 65/144 [00:01<00:02, 33.12it/s, v_num=80885, train_loss_step=0.0316, val_loss=0.026, val_acc=0.990, train_loss_epoch=0.0365]Epoch 6:  46%|████▌     | 66/144 [00:01<00:02, 33.19it/s, v_num=80885, train_loss_step=0.0316, val_loss=0.026, val_acc=0.990, train_loss_epoch=0.0365]Epoch 6:  46%|████▌     | 66/144 [00:01<00:02, 33.18it/s, v_num=80885, train_loss_step=0.0418, val_loss=0.026, val_acc=0.990, train_loss_epoch=0.0365]Epoch 6:  47%|████▋     | 67/144 [00:02<00:02, 33.23it/s, v_num=80885, train_loss_step=0.0418, val_loss=0.026, val_acc=0.990, train_loss_epoch=0.0365]Epoch 6:  47%|████▋     | 67/144 [00:02<00:02, 33.23it/s, v_num=80885, train_loss_step=0.035, val_loss=0.026, val_acc=0.990, train_loss_epoch=0.0365] Epoch 6:  47%|████▋     | 68/144 [00:02<00:02, 33.26it/s, v_num=80885, train_loss_step=0.035, val_loss=0.026, val_acc=0.990, train_loss_epoch=0.0365]Epoch 6:  47%|████▋     | 68/144 [00:02<00:02, 33.26it/s, v_num=80885, train_loss_step=0.0202, val_loss=0.026, val_acc=0.990, train_loss_epoch=0.0365]Epoch 6:  48%|████▊     | 69/144 [00:02<00:02, 33.33it/s, v_num=80885, train_loss_step=0.0202, val_loss=0.026, val_acc=0.990, train_loss_epoch=0.0365]Epoch 6:  48%|████▊     | 69/144 [00:02<00:02, 33.33it/s, v_num=80885, train_loss_step=0.0329, val_loss=0.026, val_acc=0.990, train_loss_epoch=0.0365]Epoch 6:  49%|████▊     | 70/144 [00:02<00:02, 33.39it/s, v_num=80885, train_loss_step=0.0329, val_loss=0.026, val_acc=0.990, train_loss_epoch=0.0365]Epoch 6:  49%|████▊     | 70/144 [00:02<00:02, 33.39it/s, v_num=80885, train_loss_step=0.0212, val_loss=0.026, val_acc=0.990, train_loss_epoch=0.0365]Epoch 6:  49%|████▉     | 71/144 [00:02<00:02, 33.46it/s, v_num=80885, train_loss_step=0.0212, val_loss=0.026, val_acc=0.990, train_loss_epoch=0.0365]Epoch 6:  49%|████▉     | 71/144 [00:02<00:02, 33.45it/s, v_num=80885, train_loss_step=0.0426, val_loss=0.026, val_acc=0.990, train_loss_epoch=0.0365]Epoch 6:  50%|█████     | 72/144 [00:02<00:02, 33.48it/s, v_num=80885, train_loss_step=0.0426, val_loss=0.026, val_acc=0.990, train_loss_epoch=0.0365]Epoch 6:  50%|█████     | 72/144 [00:02<00:02, 33.47it/s, v_num=80885, train_loss_step=0.0337, val_loss=0.026, val_acc=0.990, train_loss_epoch=0.0365]Epoch 6:  51%|█████     | 73/144 [00:02<00:02, 33.54it/s, v_num=80885, train_loss_step=0.0337, val_loss=0.026, val_acc=0.990, train_loss_epoch=0.0365]Epoch 6:  51%|█████     | 73/144 [00:02<00:02, 33.54it/s, v_num=80885, train_loss_step=0.0309, val_loss=0.026, val_acc=0.990, train_loss_epoch=0.0365]Epoch 6:  51%|█████▏    | 74/144 [00:02<00:02, 33.59it/s, v_num=80885, train_loss_step=0.0309, val_loss=0.026, val_acc=0.990, train_loss_epoch=0.0365]Epoch 6:  51%|█████▏    | 74/144 [00:02<00:02, 33.58it/s, v_num=80885, train_loss_step=0.0361, val_loss=0.026, val_acc=0.990, train_loss_epoch=0.0365]Epoch 6:  52%|█████▏    | 75/144 [00:02<00:02, 33.63it/s, v_num=80885, train_loss_step=0.0361, val_loss=0.026, val_acc=0.990, train_loss_epoch=0.0365]Epoch 6:  52%|█████▏    | 75/144 [00:02<00:02, 33.63it/s, v_num=80885, train_loss_step=0.0377, val_loss=0.026, val_acc=0.990, train_loss_epoch=0.0365]Epoch 6:  53%|█████▎    | 76/144 [00:02<00:02, 33.62it/s, v_num=80885, train_loss_step=0.0377, val_loss=0.026, val_acc=0.990, train_loss_epoch=0.0365]Epoch 6:  53%|█████▎    | 76/144 [00:02<00:02, 33.62it/s, v_num=80885, train_loss_step=0.0344, val_loss=0.026, val_acc=0.990, train_loss_epoch=0.0365]Epoch 6:  53%|█████▎    | 77/144 [00:02<00:01, 33.65it/s, v_num=80885, train_loss_step=0.0344, val_loss=0.026, val_acc=0.990, train_loss_epoch=0.0365]Epoch 6:  53%|█████▎    | 77/144 [00:02<00:01, 33.65it/s, v_num=80885, train_loss_step=0.0381, val_loss=0.026, val_acc=0.990, train_loss_epoch=0.0365]Epoch 6:  54%|█████▍    | 78/144 [00:02<00:01, 33.70it/s, v_num=80885, train_loss_step=0.0381, val_loss=0.026, val_acc=0.990, train_loss_epoch=0.0365]Epoch 6:  54%|█████▍    | 78/144 [00:02<00:01, 33.70it/s, v_num=80885, train_loss_step=0.022, val_loss=0.026, val_acc=0.990, train_loss_epoch=0.0365] Epoch 6:  55%|█████▍    | 79/144 [00:02<00:01, 33.70it/s, v_num=80885, train_loss_step=0.022, val_loss=0.026, val_acc=0.990, train_loss_epoch=0.0365]Epoch 6:  55%|█████▍    | 79/144 [00:02<00:01, 33.70it/s, v_num=80885, train_loss_step=0.0335, val_loss=0.026, val_acc=0.990, train_loss_epoch=0.0365]Epoch 6:  56%|█████▌    | 80/144 [00:02<00:01, 33.70it/s, v_num=80885, train_loss_step=0.0335, val_loss=0.026, val_acc=0.990, train_loss_epoch=0.0365]Epoch 6:  56%|█████▌    | 80/144 [00:02<00:01, 33.70it/s, v_num=80885, train_loss_step=0.025, val_loss=0.026, val_acc=0.990, train_loss_epoch=0.0365] Epoch 6:  56%|█████▋    | 81/144 [00:02<00:01, 33.76it/s, v_num=80885, train_loss_step=0.025, val_loss=0.026, val_acc=0.990, train_loss_epoch=0.0365]Epoch 6:  56%|█████▋    | 81/144 [00:02<00:01, 33.76it/s, v_num=80885, train_loss_step=0.00769, val_loss=0.026, val_acc=0.990, train_loss_epoch=0.0365]Epoch 6:  57%|█████▋    | 82/144 [00:02<00:01, 33.82it/s, v_num=80885, train_loss_step=0.00769, val_loss=0.026, val_acc=0.990, train_loss_epoch=0.0365]Epoch 6:  57%|█████▋    | 82/144 [00:02<00:01, 33.82it/s, v_num=80885, train_loss_step=0.0382, val_loss=0.026, val_acc=0.990, train_loss_epoch=0.0365] Epoch 6:  58%|█████▊    | 83/144 [00:02<00:01, 33.87it/s, v_num=80885, train_loss_step=0.0382, val_loss=0.026, val_acc=0.990, train_loss_epoch=0.0365]Epoch 6:  58%|█████▊    | 83/144 [00:02<00:01, 33.87it/s, v_num=80885, train_loss_step=0.0266, val_loss=0.026, val_acc=0.990, train_loss_epoch=0.0365]Epoch 6:  58%|█████▊    | 84/144 [00:02<00:01, 33.87it/s, v_num=80885, train_loss_step=0.0266, val_loss=0.026, val_acc=0.990, train_loss_epoch=0.0365]Epoch 6:  58%|█████▊    | 84/144 [00:02<00:01, 33.87it/s, v_num=80885, train_loss_step=0.0272, val_loss=0.026, val_acc=0.990, train_loss_epoch=0.0365]Epoch 6:  59%|█████▉    | 85/144 [00:02<00:01, 33.91it/s, v_num=80885, train_loss_step=0.0272, val_loss=0.026, val_acc=0.990, train_loss_epoch=0.0365]Epoch 6:  59%|█████▉    | 85/144 [00:02<00:01, 33.90it/s, v_num=80885, train_loss_step=0.0125, val_loss=0.026, val_acc=0.990, train_loss_epoch=0.0365]Epoch 6:  60%|█████▉    | 86/144 [00:02<00:01, 33.93it/s, v_num=80885, train_loss_step=0.0125, val_loss=0.026, val_acc=0.990, train_loss_epoch=0.0365]Epoch 6:  60%|█████▉    | 86/144 [00:02<00:01, 33.92it/s, v_num=80885, train_loss_step=0.0376, val_loss=0.026, val_acc=0.990, train_loss_epoch=0.0365]Epoch 6:  60%|██████    | 87/144 [00:02<00:01, 33.95it/s, v_num=80885, train_loss_step=0.0376, val_loss=0.026, val_acc=0.990, train_loss_epoch=0.0365]Epoch 6:  60%|██████    | 87/144 [00:02<00:01, 33.95it/s, v_num=80885, train_loss_step=0.0115, val_loss=0.026, val_acc=0.990, train_loss_epoch=0.0365]Epoch 6:  61%|██████    | 88/144 [00:02<00:01, 33.93it/s, v_num=80885, train_loss_step=0.0115, val_loss=0.026, val_acc=0.990, train_loss_epoch=0.0365]Epoch 6:  61%|██████    | 88/144 [00:02<00:01, 33.93it/s, v_num=80885, train_loss_step=0.0223, val_loss=0.026, val_acc=0.990, train_loss_epoch=0.0365]Epoch 6:  62%|██████▏   | 89/144 [00:02<00:01, 33.97it/s, v_num=80885, train_loss_step=0.0223, val_loss=0.026, val_acc=0.990, train_loss_epoch=0.0365]Epoch 6:  62%|██████▏   | 89/144 [00:02<00:01, 33.97it/s, v_num=80885, train_loss_step=0.036, val_loss=0.026, val_acc=0.990, train_loss_epoch=0.0365] Epoch 6:  62%|██████▎   | 90/144 [00:02<00:01, 34.00it/s, v_num=80885, train_loss_step=0.036, val_loss=0.026, val_acc=0.990, train_loss_epoch=0.0365]Epoch 6:  62%|██████▎   | 90/144 [00:02<00:01, 34.00it/s, v_num=80885, train_loss_step=0.0132, val_loss=0.026, val_acc=0.990, train_loss_epoch=0.0365]Epoch 6:  63%|██████▎   | 91/144 [00:02<00:01, 34.04it/s, v_num=80885, train_loss_step=0.0132, val_loss=0.026, val_acc=0.990, train_loss_epoch=0.0365]Epoch 6:  63%|██████▎   | 91/144 [00:02<00:01, 34.04it/s, v_num=80885, train_loss_step=0.0248, val_loss=0.026, val_acc=0.990, train_loss_epoch=0.0365]Epoch 6:  64%|██████▍   | 92/144 [00:02<00:01, 34.01it/s, v_num=80885, train_loss_step=0.0248, val_loss=0.026, val_acc=0.990, train_loss_epoch=0.0365]Epoch 6:  64%|██████▍   | 92/144 [00:02<00:01, 34.01it/s, v_num=80885, train_loss_step=0.028, val_loss=0.026, val_acc=0.990, train_loss_epoch=0.0365] Epoch 6:  65%|██████▍   | 93/144 [00:02<00:01, 34.03it/s, v_num=80885, train_loss_step=0.028, val_loss=0.026, val_acc=0.990, train_loss_epoch=0.0365]Epoch 6:  65%|██████▍   | 93/144 [00:02<00:01, 34.03it/s, v_num=80885, train_loss_step=0.0117, val_loss=0.026, val_acc=0.990, train_loss_epoch=0.0365]Epoch 6:  65%|██████▌   | 94/144 [00:02<00:01, 34.07it/s, v_num=80885, train_loss_step=0.0117, val_loss=0.026, val_acc=0.990, train_loss_epoch=0.0365]Epoch 6:  65%|██████▌   | 94/144 [00:02<00:01, 34.07it/s, v_num=80885, train_loss_step=0.0209, val_loss=0.026, val_acc=0.990, train_loss_epoch=0.0365]Epoch 6:  66%|██████▌   | 95/144 [00:02<00:01, 34.09it/s, v_num=80885, train_loss_step=0.0209, val_loss=0.026, val_acc=0.990, train_loss_epoch=0.0365]Epoch 6:  66%|██████▌   | 95/144 [00:02<00:01, 34.09it/s, v_num=80885, train_loss_step=0.00869, val_loss=0.026, val_acc=0.990, train_loss_epoch=0.0365]Epoch 6:  67%|██████▋   | 96/144 [00:02<00:01, 34.08it/s, v_num=80885, train_loss_step=0.00869, val_loss=0.026, val_acc=0.990, train_loss_epoch=0.0365]Epoch 6:  67%|██████▋   | 96/144 [00:02<00:01, 34.08it/s, v_num=80885, train_loss_step=0.0333, val_loss=0.026, val_acc=0.990, train_loss_epoch=0.0365] Epoch 6:  67%|██████▋   | 97/144 [00:02<00:01, 34.12it/s, v_num=80885, train_loss_step=0.0333, val_loss=0.026, val_acc=0.990, train_loss_epoch=0.0365]Epoch 6:  67%|██████▋   | 97/144 [00:02<00:01, 34.12it/s, v_num=80885, train_loss_step=0.0376, val_loss=0.026, val_acc=0.990, train_loss_epoch=0.0365]Epoch 6:  68%|██████▊   | 98/144 [00:02<00:01, 34.19it/s, v_num=80885, train_loss_step=0.0376, val_loss=0.026, val_acc=0.990, train_loss_epoch=0.0365]Epoch 6:  68%|██████▊   | 98/144 [00:02<00:01, 34.19it/s, v_num=80885, train_loss_step=0.0122, val_loss=0.026, val_acc=0.990, train_loss_epoch=0.0365]Epoch 6:  69%|██████▉   | 99/144 [00:02<00:01, 34.23it/s, v_num=80885, train_loss_step=0.0122, val_loss=0.026, val_acc=0.990, train_loss_epoch=0.0365]Epoch 6:  69%|██████▉   | 99/144 [00:02<00:01, 34.23it/s, v_num=80885, train_loss_step=0.0456, val_loss=0.026, val_acc=0.990, train_loss_epoch=0.0365]Epoch 6:  69%|██████▉   | 100/144 [00:02<00:01, 34.23it/s, v_num=80885, train_loss_step=0.0456, val_loss=0.026, val_acc=0.990, train_loss_epoch=0.0365]Epoch 6:  69%|██████▉   | 100/144 [00:02<00:01, 34.23it/s, v_num=80885, train_loss_step=0.0479, val_loss=0.026, val_acc=0.990, train_loss_epoch=0.0365]Epoch 6:  70%|███████   | 101/144 [00:02<00:01, 34.28it/s, v_num=80885, train_loss_step=0.0479, val_loss=0.026, val_acc=0.990, train_loss_epoch=0.0365]Epoch 6:  70%|███████   | 101/144 [00:02<00:01, 34.28it/s, v_num=80885, train_loss_step=0.0327, val_loss=0.026, val_acc=0.990, train_loss_epoch=0.0365]Epoch 6:  71%|███████   | 102/144 [00:02<00:01, 34.33it/s, v_num=80885, train_loss_step=0.0327, val_loss=0.026, val_acc=0.990, train_loss_epoch=0.0365]Epoch 6:  71%|███████   | 102/144 [00:02<00:01, 34.33it/s, v_num=80885, train_loss_step=0.0478, val_loss=0.026, val_acc=0.990, train_loss_epoch=0.0365]Epoch 6:  72%|███████▏  | 103/144 [00:02<00:01, 34.37it/s, v_num=80885, train_loss_step=0.0478, val_loss=0.026, val_acc=0.990, train_loss_epoch=0.0365]Epoch 6:  72%|███████▏  | 103/144 [00:02<00:01, 34.37it/s, v_num=80885, train_loss_step=0.0505, val_loss=0.026, val_acc=0.990, train_loss_epoch=0.0365]Epoch 6:  72%|███████▏  | 104/144 [00:03<00:01, 34.32it/s, v_num=80885, train_loss_step=0.0505, val_loss=0.026, val_acc=0.990, train_loss_epoch=0.0365]Epoch 6:  72%|███████▏  | 104/144 [00:03<00:01, 34.32it/s, v_num=80885, train_loss_step=0.0345, val_loss=0.026, val_acc=0.990, train_loss_epoch=0.0365]Epoch 6:  73%|███████▎  | 105/144 [00:03<00:01, 34.36it/s, v_num=80885, train_loss_step=0.0345, val_loss=0.026, val_acc=0.990, train_loss_epoch=0.0365]Epoch 6:  73%|███████▎  | 105/144 [00:03<00:01, 34.36it/s, v_num=80885, train_loss_step=0.00944, val_loss=0.026, val_acc=0.990, train_loss_epoch=0.0365]Epoch 6:  74%|███████▎  | 106/144 [00:03<00:01, 34.40it/s, v_num=80885, train_loss_step=0.00944, val_loss=0.026, val_acc=0.990, train_loss_epoch=0.0365]Epoch 6:  74%|███████▎  | 106/144 [00:03<00:01, 34.40it/s, v_num=80885, train_loss_step=0.0224, val_loss=0.026, val_acc=0.990, train_loss_epoch=0.0365] Epoch 6:  74%|███████▍  | 107/144 [00:03<00:01, 34.33it/s, v_num=80885, train_loss_step=0.0224, val_loss=0.026, val_acc=0.990, train_loss_epoch=0.0365]Epoch 6:  74%|███████▍  | 107/144 [00:03<00:01, 34.32it/s, v_num=80885, train_loss_step=0.0414, val_loss=0.026, val_acc=0.990, train_loss_epoch=0.0365]Epoch 6:  75%|███████▌  | 108/144 [00:03<00:01, 34.27it/s, v_num=80885, train_loss_step=0.0414, val_loss=0.026, val_acc=0.990, train_loss_epoch=0.0365]Epoch 6:  75%|███████▌  | 108/144 [00:03<00:01, 34.27it/s, v_num=80885, train_loss_step=0.0331, val_loss=0.026, val_acc=0.990, train_loss_epoch=0.0365]Epoch 6:  76%|███████▌  | 109/144 [00:03<00:01, 34.31it/s, v_num=80885, train_loss_step=0.0331, val_loss=0.026, val_acc=0.990, train_loss_epoch=0.0365]Epoch 6:  76%|███████▌  | 109/144 [00:03<00:01, 34.31it/s, v_num=80885, train_loss_step=0.0227, val_loss=0.026, val_acc=0.990, train_loss_epoch=0.0365]Epoch 6:  76%|███████▋  | 110/144 [00:03<00:00, 34.35it/s, v_num=80885, train_loss_step=0.0227, val_loss=0.026, val_acc=0.990, train_loss_epoch=0.0365]Epoch 6:  76%|███████▋  | 110/144 [00:03<00:00, 34.35it/s, v_num=80885, train_loss_step=0.0416, val_loss=0.026, val_acc=0.990, train_loss_epoch=0.0365]Epoch 6:  77%|███████▋  | 111/144 [00:03<00:00, 34.40it/s, v_num=80885, train_loss_step=0.0416, val_loss=0.026, val_acc=0.990, train_loss_epoch=0.0365]Epoch 6:  77%|███████▋  | 111/144 [00:03<00:00, 34.40it/s, v_num=80885, train_loss_step=0.0432, val_loss=0.026, val_acc=0.990, train_loss_epoch=0.0365]Epoch 6:  78%|███████▊  | 112/144 [00:03<00:00, 34.41it/s, v_num=80885, train_loss_step=0.0432, val_loss=0.026, val_acc=0.990, train_loss_epoch=0.0365]Epoch 6:  78%|███████▊  | 112/144 [00:03<00:00, 34.41it/s, v_num=80885, train_loss_step=0.023, val_loss=0.026, val_acc=0.990, train_loss_epoch=0.0365] Epoch 6:  78%|███████▊  | 113/144 [00:03<00:00, 34.46it/s, v_num=80885, train_loss_step=0.023, val_loss=0.026, val_acc=0.990, train_loss_epoch=0.0365]Epoch 6:  78%|███████▊  | 113/144 [00:03<00:00, 34.46it/s, v_num=80885, train_loss_step=0.0342, val_loss=0.026, val_acc=0.990, train_loss_epoch=0.0365]Epoch 6:  79%|███████▉  | 114/144 [00:03<00:00, 34.49it/s, v_num=80885, train_loss_step=0.0342, val_loss=0.026, val_acc=0.990, train_loss_epoch=0.0365]Epoch 6:  79%|███████▉  | 114/144 [00:03<00:00, 34.49it/s, v_num=80885, train_loss_step=0.00959, val_loss=0.026, val_acc=0.990, train_loss_epoch=0.0365]Epoch 6:  80%|███████▉  | 115/144 [00:03<00:00, 34.54it/s, v_num=80885, train_loss_step=0.00959, val_loss=0.026, val_acc=0.990, train_loss_epoch=0.0365]Epoch 6:  80%|███████▉  | 115/144 [00:03<00:00, 34.54it/s, v_num=80885, train_loss_step=0.0291, val_loss=0.026, val_acc=0.990, train_loss_epoch=0.0365] Epoch 6:  81%|████████  | 116/144 [00:03<00:00, 34.54it/s, v_num=80885, train_loss_step=0.0291, val_loss=0.026, val_acc=0.990, train_loss_epoch=0.0365]Epoch 6:  81%|████████  | 116/144 [00:03<00:00, 34.54it/s, v_num=80885, train_loss_step=0.0189, val_loss=0.026, val_acc=0.990, train_loss_epoch=0.0365]Epoch 6:  81%|████████▏ | 117/144 [00:03<00:00, 34.54it/s, v_num=80885, train_loss_step=0.0189, val_loss=0.026, val_acc=0.990, train_loss_epoch=0.0365]Epoch 6:  81%|████████▏ | 117/144 [00:03<00:00, 34.54it/s, v_num=80885, train_loss_step=0.0183, val_loss=0.026, val_acc=0.990, train_loss_epoch=0.0365]Epoch 6:  82%|████████▏ | 118/144 [00:03<00:00, 34.57it/s, v_num=80885, train_loss_step=0.0183, val_loss=0.026, val_acc=0.990, train_loss_epoch=0.0365]Epoch 6:  82%|████████▏ | 118/144 [00:03<00:00, 34.57it/s, v_num=80885, train_loss_step=0.0194, val_loss=0.026, val_acc=0.990, train_loss_epoch=0.0365]Epoch 6:  83%|████████▎ | 119/144 [00:03<00:00, 34.61it/s, v_num=80885, train_loss_step=0.0194, val_loss=0.026, val_acc=0.990, train_loss_epoch=0.0365]Epoch 6:  83%|████████▎ | 119/144 [00:03<00:00, 34.60it/s, v_num=80885, train_loss_step=0.00941, val_loss=0.026, val_acc=0.990, train_loss_epoch=0.0365]Epoch 6:  83%|████████▎ | 120/144 [00:03<00:00, 34.64it/s, v_num=80885, train_loss_step=0.00941, val_loss=0.026, val_acc=0.990, train_loss_epoch=0.0365]Epoch 6:  83%|████████▎ | 120/144 [00:03<00:00, 34.64it/s, v_num=80885, train_loss_step=0.0234, val_loss=0.026, val_acc=0.990, train_loss_epoch=0.0365] Epoch 6:  84%|████████▍ | 121/144 [00:03<00:00, 34.57it/s, v_num=80885, train_loss_step=0.0234, val_loss=0.026, val_acc=0.990, train_loss_epoch=0.0365]Epoch 6:  84%|████████▍ | 121/144 [00:03<00:00, 34.57it/s, v_num=80885, train_loss_step=0.0295, val_loss=0.026, val_acc=0.990, train_loss_epoch=0.0365]Epoch 6:  85%|████████▍ | 122/144 [00:03<00:00, 34.60it/s, v_num=80885, train_loss_step=0.0295, val_loss=0.026, val_acc=0.990, train_loss_epoch=0.0365]Epoch 6:  85%|████████▍ | 122/144 [00:03<00:00, 34.60it/s, v_num=80885, train_loss_step=0.0393, val_loss=0.026, val_acc=0.990, train_loss_epoch=0.0365]Epoch 6:  85%|████████▌ | 123/144 [00:03<00:00, 34.63it/s, v_num=80885, train_loss_step=0.0393, val_loss=0.026, val_acc=0.990, train_loss_epoch=0.0365]Epoch 6:  85%|████████▌ | 123/144 [00:03<00:00, 34.63it/s, v_num=80885, train_loss_step=0.0125, val_loss=0.026, val_acc=0.990, train_loss_epoch=0.0365]Epoch 6:  86%|████████▌ | 124/144 [00:03<00:00, 34.66it/s, v_num=80885, train_loss_step=0.0125, val_loss=0.026, val_acc=0.990, train_loss_epoch=0.0365]Epoch 6:  86%|████████▌ | 124/144 [00:03<00:00, 34.66it/s, v_num=80885, train_loss_step=0.0412, val_loss=0.026, val_acc=0.990, train_loss_epoch=0.0365]Epoch 6:  87%|████████▋ | 125/144 [00:03<00:00, 34.66it/s, v_num=80885, train_loss_step=0.0412, val_loss=0.026, val_acc=0.990, train_loss_epoch=0.0365]Epoch 6:  87%|████████▋ | 125/144 [00:03<00:00, 34.65it/s, v_num=80885, train_loss_step=0.0349, val_loss=0.026, val_acc=0.990, train_loss_epoch=0.0365]Epoch 6:  88%|████████▊ | 126/144 [00:03<00:00, 34.69it/s, v_num=80885, train_loss_step=0.0349, val_loss=0.026, val_acc=0.990, train_loss_epoch=0.0365]Epoch 6:  88%|████████▊ | 126/144 [00:03<00:00, 34.69it/s, v_num=80885, train_loss_step=0.0423, val_loss=0.026, val_acc=0.990, train_loss_epoch=0.0365]Epoch 6:  88%|████████▊ | 127/144 [00:03<00:00, 34.72it/s, v_num=80885, train_loss_step=0.0423, val_loss=0.026, val_acc=0.990, train_loss_epoch=0.0365]Epoch 6:  88%|████████▊ | 127/144 [00:03<00:00, 34.72it/s, v_num=80885, train_loss_step=0.0138, val_loss=0.026, val_acc=0.990, train_loss_epoch=0.0365]Epoch 6:  89%|████████▉ | 128/144 [00:03<00:00, 34.75it/s, v_num=80885, train_loss_step=0.0138, val_loss=0.026, val_acc=0.990, train_loss_epoch=0.0365]Epoch 6:  89%|████████▉ | 128/144 [00:03<00:00, 34.75it/s, v_num=80885, train_loss_step=0.0257, val_loss=0.026, val_acc=0.990, train_loss_epoch=0.0365]Epoch 6:  90%|████████▉ | 129/144 [00:03<00:00, 34.76it/s, v_num=80885, train_loss_step=0.0257, val_loss=0.026, val_acc=0.990, train_loss_epoch=0.0365]Epoch 6:  90%|████████▉ | 129/144 [00:03<00:00, 34.76it/s, v_num=80885, train_loss_step=0.0598, val_loss=0.026, val_acc=0.990, train_loss_epoch=0.0365]Epoch 6:  90%|█████████ | 130/144 [00:03<00:00, 34.79it/s, v_num=80885, train_loss_step=0.0598, val_loss=0.026, val_acc=0.990, train_loss_epoch=0.0365]Epoch 6:  90%|█████████ | 130/144 [00:03<00:00, 34.78it/s, v_num=80885, train_loss_step=0.0391, val_loss=0.026, val_acc=0.990, train_loss_epoch=0.0365]Epoch 6:  91%|█████████ | 131/144 [00:03<00:00, 34.79it/s, v_num=80885, train_loss_step=0.0391, val_loss=0.026, val_acc=0.990, train_loss_epoch=0.0365]Epoch 6:  91%|█████████ | 131/144 [00:03<00:00, 34.79it/s, v_num=80885, train_loss_step=0.0323, val_loss=0.026, val_acc=0.990, train_loss_epoch=0.0365]Epoch 6:  92%|█████████▏| 132/144 [00:03<00:00, 34.82it/s, v_num=80885, train_loss_step=0.0323, val_loss=0.026, val_acc=0.990, train_loss_epoch=0.0365]Epoch 6:  92%|█████████▏| 132/144 [00:03<00:00, 34.82it/s, v_num=80885, train_loss_step=0.0387, val_loss=0.026, val_acc=0.990, train_loss_epoch=0.0365]Epoch 6:  92%|█████████▏| 133/144 [00:03<00:00, 34.83it/s, v_num=80885, train_loss_step=0.0387, val_loss=0.026, val_acc=0.990, train_loss_epoch=0.0365]Epoch 6:  92%|█████████▏| 133/144 [00:03<00:00, 34.82it/s, v_num=80885, train_loss_step=0.0156, val_loss=0.026, val_acc=0.990, train_loss_epoch=0.0365]Epoch 6:  93%|█████████▎| 134/144 [00:03<00:00, 34.87it/s, v_num=80885, train_loss_step=0.0156, val_loss=0.026, val_acc=0.990, train_loss_epoch=0.0365]Epoch 6:  93%|█████████▎| 134/144 [00:03<00:00, 34.86it/s, v_num=80885, train_loss_step=0.0502, val_loss=0.026, val_acc=0.990, train_loss_epoch=0.0365]Epoch 6:  94%|█████████▍| 135/144 [00:03<00:00, 34.91it/s, v_num=80885, train_loss_step=0.0502, val_loss=0.026, val_acc=0.990, train_loss_epoch=0.0365]Epoch 6:  94%|█████████▍| 135/144 [00:03<00:00, 34.91it/s, v_num=80885, train_loss_step=0.0789, val_loss=0.026, val_acc=0.990, train_loss_epoch=0.0365]Epoch 6:  94%|█████████▍| 136/144 [00:03<00:00, 34.93it/s, v_num=80885, train_loss_step=0.0789, val_loss=0.026, val_acc=0.990, train_loss_epoch=0.0365]Epoch 6:  94%|█████████▍| 136/144 [00:03<00:00, 34.93it/s, v_num=80885, train_loss_step=0.0221, val_loss=0.026, val_acc=0.990, train_loss_epoch=0.0365]Epoch 6:  95%|█████████▌| 137/144 [00:03<00:00, 34.93it/s, v_num=80885, train_loss_step=0.0221, val_loss=0.026, val_acc=0.990, train_loss_epoch=0.0365]Epoch 6:  95%|█████████▌| 137/144 [00:03<00:00, 34.93it/s, v_num=80885, train_loss_step=0.0223, val_loss=0.026, val_acc=0.990, train_loss_epoch=0.0365]Epoch 6:  96%|█████████▌| 138/144 [00:03<00:00, 34.89it/s, v_num=80885, train_loss_step=0.0223, val_loss=0.026, val_acc=0.990, train_loss_epoch=0.0365]Epoch 6:  96%|█████████▌| 138/144 [00:03<00:00, 34.89it/s, v_num=80885, train_loss_step=0.0132, val_loss=0.026, val_acc=0.990, train_loss_epoch=0.0365]Epoch 6:  97%|█████████▋| 139/144 [00:03<00:00, 34.92it/s, v_num=80885, train_loss_step=0.0132, val_loss=0.026, val_acc=0.990, train_loss_epoch=0.0365]Epoch 6:  97%|█████████▋| 139/144 [00:03<00:00, 34.91it/s, v_num=80885, train_loss_step=0.0145, val_loss=0.026, val_acc=0.990, train_loss_epoch=0.0365]Epoch 6:  97%|█████████▋| 140/144 [00:04<00:00, 34.94it/s, v_num=80885, train_loss_step=0.0145, val_loss=0.026, val_acc=0.990, train_loss_epoch=0.0365]Epoch 6:  97%|█████████▋| 140/144 [00:04<00:00, 34.94it/s, v_num=80885, train_loss_step=0.036, val_loss=0.026, val_acc=0.990, train_loss_epoch=0.0365] Epoch 6:  98%|█████████▊| 141/144 [00:04<00:00, 34.97it/s, v_num=80885, train_loss_step=0.036, val_loss=0.026, val_acc=0.990, train_loss_epoch=0.0365]Epoch 6:  98%|█████████▊| 141/144 [00:04<00:00, 34.97it/s, v_num=80885, train_loss_step=0.0299, val_loss=0.026, val_acc=0.990, train_loss_epoch=0.0365]Epoch 6:  99%|█████████▊| 142/144 [00:04<00:00, 34.98it/s, v_num=80885, train_loss_step=0.0299, val_loss=0.026, val_acc=0.990, train_loss_epoch=0.0365]Epoch 6:  99%|█████████▊| 142/144 [00:04<00:00, 34.98it/s, v_num=80885, train_loss_step=0.0126, val_loss=0.026, val_acc=0.990, train_loss_epoch=0.0365]Epoch 6:  99%|█████████▉| 143/144 [00:04<00:00, 35.01it/s, v_num=80885, train_loss_step=0.0126, val_loss=0.026, val_acc=0.990, train_loss_epoch=0.0365]Epoch 6:  99%|█████████▉| 143/144 [00:04<00:00, 35.01it/s, v_num=80885, train_loss_step=0.0263, val_loss=0.026, val_acc=0.990, train_loss_epoch=0.0365]Epoch 6: 100%|██████████| 144/144 [00:04<00:00, 35.05it/s, v_num=80885, train_loss_step=0.0263, val_loss=0.026, val_acc=0.990, train_loss_epoch=0.0365]Epoch 6: 100%|██████████| 144/144 [00:04<00:00, 35.05it/s, v_num=80885, train_loss_step=0.100, val_loss=0.026, val_acc=0.990, train_loss_epoch=0.0365] 
Validation: |          | 0/? [00:00<?, ?it/s][A
Validation:   0%|          | 0/14 [00:00<?, ?it/s][A
Validation DataLoader 0:   0%|          | 0/14 [00:00<?, ?it/s][A
Validation DataLoader 0:   7%|▋         | 1/14 [00:00<00:00, 120.82it/s][A
Validation DataLoader 0:  14%|█▍        | 2/14 [00:00<00:00, 71.32it/s] [A
Validation DataLoader 0:  21%|██▏       | 3/14 [00:00<00:00, 69.38it/s][A
Validation DataLoader 0:  29%|██▊       | 4/14 [00:00<00:00, 68.50it/s][A
Validation DataLoader 0:  36%|███▌      | 5/14 [00:00<00:00, 68.18it/s][A
Validation DataLoader 0:  43%|████▎     | 6/14 [00:00<00:00, 67.99it/s][A
Validation DataLoader 0:  50%|█████     | 7/14 [00:00<00:00, 67.85it/s][A
Validation DataLoader 0:  57%|█████▋    | 8/14 [00:00<00:00, 67.86it/s][A
Validation DataLoader 0:  64%|██████▍   | 9/14 [00:00<00:00, 67.87it/s][A
Validation DataLoader 0:  71%|███████▏  | 10/14 [00:00<00:00, 67.71it/s][A
Validation DataLoader 0:  79%|███████▊  | 11/14 [00:00<00:00, 67.53it/s][A
Validation DataLoader 0:  86%|████████▌ | 12/14 [00:00<00:00, 67.41it/s][A
Validation DataLoader 0:  93%|█████████▎| 13/14 [00:00<00:00, 67.28it/s][A
Validation DataLoader 0: 100%|██████████| 14/14 [00:00<00:00, 67.17it/s][A
                                                                        [AEpoch 6: 100%|██████████| 144/144 [00:04<00:00, 33.22it/s, v_num=80885, train_loss_step=0.100, val_loss=0.0452, val_acc=0.987, train_loss_epoch=0.0365]Epoch 6: 100%|██████████| 144/144 [00:04<00:00, 33.21it/s, v_num=80885, train_loss_step=0.100, val_loss=0.0452, val_acc=0.987, train_loss_epoch=0.0316]Epoch 6:   0%|          | 0/144 [00:00<?, ?it/s, v_num=80885, train_loss_step=0.100, val_loss=0.0452, val_acc=0.987, train_loss_epoch=0.0316]          Epoch 7:   0%|          | 0/144 [00:00<?, ?it/s, v_num=80885, train_loss_step=0.100, val_loss=0.0452, val_acc=0.987, train_loss_epoch=0.0316]Epoch 7:   1%|          | 1/144 [00:00<00:13, 10.97it/s, v_num=80885, train_loss_step=0.100, val_loss=0.0452, val_acc=0.987, train_loss_epoch=0.0316]Epoch 7:   1%|          | 1/144 [00:00<00:13, 10.94it/s, v_num=80885, train_loss_step=0.0456, val_loss=0.0452, val_acc=0.987, train_loss_epoch=0.0316]Epoch 7:   1%|▏         | 2/144 [00:00<00:08, 16.22it/s, v_num=80885, train_loss_step=0.0456, val_loss=0.0452, val_acc=0.987, train_loss_epoch=0.0316]Epoch 7:   1%|▏         | 2/144 [00:00<00:08, 16.20it/s, v_num=80885, train_loss_step=0.125, val_loss=0.0452, val_acc=0.987, train_loss_epoch=0.0316] Epoch 7:   2%|▏         | 3/144 [00:00<00:07, 19.74it/s, v_num=80885, train_loss_step=0.125, val_loss=0.0452, val_acc=0.987, train_loss_epoch=0.0316]Epoch 7:   2%|▏         | 3/144 [00:00<00:07, 19.72it/s, v_num=80885, train_loss_step=0.027, val_loss=0.0452, val_acc=0.987, train_loss_epoch=0.0316]Epoch 7:   3%|▎         | 4/144 [00:00<00:06, 22.18it/s, v_num=80885, train_loss_step=0.027, val_loss=0.0452, val_acc=0.987, train_loss_epoch=0.0316]Epoch 7:   3%|▎         | 4/144 [00:00<00:06, 22.15it/s, v_num=80885, train_loss_step=0.0814, val_loss=0.0452, val_acc=0.987, train_loss_epoch=0.0316]Epoch 7:   3%|▎         | 5/144 [00:00<00:05, 24.06it/s, v_num=80885, train_loss_step=0.0814, val_loss=0.0452, val_acc=0.987, train_loss_epoch=0.0316]Epoch 7:   3%|▎         | 5/144 [00:00<00:05, 24.04it/s, v_num=80885, train_loss_step=0.134, val_loss=0.0452, val_acc=0.987, train_loss_epoch=0.0316] Epoch 7:   4%|▍         | 6/144 [00:00<00:05, 25.10it/s, v_num=80885, train_loss_step=0.134, val_loss=0.0452, val_acc=0.987, train_loss_epoch=0.0316]Epoch 7:   4%|▍         | 6/144 [00:00<00:05, 25.09it/s, v_num=80885, train_loss_step=0.0685, val_loss=0.0452, val_acc=0.987, train_loss_epoch=0.0316]Epoch 7:   5%|▍         | 7/144 [00:00<00:05, 26.03it/s, v_num=80885, train_loss_step=0.0685, val_loss=0.0452, val_acc=0.987, train_loss_epoch=0.0316]Epoch 7:   5%|▍         | 7/144 [00:00<00:05, 26.02it/s, v_num=80885, train_loss_step=0.034, val_loss=0.0452, val_acc=0.987, train_loss_epoch=0.0316] Epoch 7:   6%|▌         | 8/144 [00:00<00:05, 27.01it/s, v_num=80885, train_loss_step=0.034, val_loss=0.0452, val_acc=0.987, train_loss_epoch=0.0316]Epoch 7:   6%|▌         | 8/144 [00:00<00:05, 27.00it/s, v_num=80885, train_loss_step=0.0495, val_loss=0.0452, val_acc=0.987, train_loss_epoch=0.0316]Epoch 7:   6%|▋         | 9/144 [00:00<00:04, 27.35it/s, v_num=80885, train_loss_step=0.0495, val_loss=0.0452, val_acc=0.987, train_loss_epoch=0.0316]Epoch 7:   6%|▋         | 9/144 [00:00<00:04, 27.33it/s, v_num=80885, train_loss_step=0.079, val_loss=0.0452, val_acc=0.987, train_loss_epoch=0.0316] Epoch 7:   7%|▋         | 10/144 [00:00<00:04, 27.94it/s, v_num=80885, train_loss_step=0.079, val_loss=0.0452, val_acc=0.987, train_loss_epoch=0.0316]Epoch 7:   7%|▋         | 10/144 [00:00<00:04, 27.93it/s, v_num=80885, train_loss_step=0.0342, val_loss=0.0452, val_acc=0.987, train_loss_epoch=0.0316]Epoch 7:   8%|▊         | 11/144 [00:00<00:04, 28.50it/s, v_num=80885, train_loss_step=0.0342, val_loss=0.0452, val_acc=0.987, train_loss_epoch=0.0316]Epoch 7:   8%|▊         | 11/144 [00:00<00:04, 28.49it/s, v_num=80885, train_loss_step=0.0493, val_loss=0.0452, val_acc=0.987, train_loss_epoch=0.0316]Epoch 7:   8%|▊         | 12/144 [00:00<00:04, 29.09it/s, v_num=80885, train_loss_step=0.0493, val_loss=0.0452, val_acc=0.987, train_loss_epoch=0.0316]Epoch 7:   8%|▊         | 12/144 [00:00<00:04, 29.07it/s, v_num=80885, train_loss_step=0.0969, val_loss=0.0452, val_acc=0.987, train_loss_epoch=0.0316]Epoch 7:   9%|▉         | 13/144 [00:00<00:04, 29.56it/s, v_num=80885, train_loss_step=0.0969, val_loss=0.0452, val_acc=0.987, train_loss_epoch=0.0316]Epoch 7:   9%|▉         | 13/144 [00:00<00:04, 29.54it/s, v_num=80885, train_loss_step=0.0417, val_loss=0.0452, val_acc=0.987, train_loss_epoch=0.0316]Epoch 7:  10%|▉         | 14/144 [00:00<00:04, 29.82it/s, v_num=80885, train_loss_step=0.0417, val_loss=0.0452, val_acc=0.987, train_loss_epoch=0.0316]Epoch 7:  10%|▉         | 14/144 [00:00<00:04, 29.81it/s, v_num=80885, train_loss_step=0.0162, val_loss=0.0452, val_acc=0.987, train_loss_epoch=0.0316]Epoch 7:  10%|█         | 15/144 [00:00<00:04, 30.18it/s, v_num=80885, train_loss_step=0.0162, val_loss=0.0452, val_acc=0.987, train_loss_epoch=0.0316]Epoch 7:  10%|█         | 15/144 [00:00<00:04, 30.17it/s, v_num=80885, train_loss_step=0.0552, val_loss=0.0452, val_acc=0.987, train_loss_epoch=0.0316]Epoch 7:  11%|█         | 16/144 [00:00<00:04, 30.51it/s, v_num=80885, train_loss_step=0.0552, val_loss=0.0452, val_acc=0.987, train_loss_epoch=0.0316]Epoch 7:  11%|█         | 16/144 [00:00<00:04, 30.50it/s, v_num=80885, train_loss_step=0.0564, val_loss=0.0452, val_acc=0.987, train_loss_epoch=0.0316]Epoch 7:  12%|█▏        | 17/144 [00:00<00:04, 30.78it/s, v_num=80885, train_loss_step=0.0564, val_loss=0.0452, val_acc=0.987, train_loss_epoch=0.0316]Epoch 7:  12%|█▏        | 17/144 [00:00<00:04, 30.77it/s, v_num=80885, train_loss_step=0.0695, val_loss=0.0452, val_acc=0.987, train_loss_epoch=0.0316]Epoch 7:  12%|█▎        | 18/144 [00:00<00:04, 30.82it/s, v_num=80885, train_loss_step=0.0695, val_loss=0.0452, val_acc=0.987, train_loss_epoch=0.0316]Epoch 7:  12%|█▎        | 18/144 [00:00<00:04, 30.81it/s, v_num=80885, train_loss_step=0.0279, val_loss=0.0452, val_acc=0.987, train_loss_epoch=0.0316]Epoch 7:  13%|█▎        | 19/144 [00:00<00:04, 30.39it/s, v_num=80885, train_loss_step=0.0279, val_loss=0.0452, val_acc=0.987, train_loss_epoch=0.0316]Epoch 7:  13%|█▎        | 19/144 [00:00<00:04, 30.38it/s, v_num=80885, train_loss_step=0.0227, val_loss=0.0452, val_acc=0.987, train_loss_epoch=0.0316]Epoch 7:  14%|█▍        | 20/144 [00:00<00:04, 30.23it/s, v_num=80885, train_loss_step=0.0227, val_loss=0.0452, val_acc=0.987, train_loss_epoch=0.0316]Epoch 7:  14%|█▍        | 20/144 [00:00<00:04, 30.22it/s, v_num=80885, train_loss_step=0.0285, val_loss=0.0452, val_acc=0.987, train_loss_epoch=0.0316]Epoch 7:  15%|█▍        | 21/144 [00:00<00:04, 30.33it/s, v_num=80885, train_loss_step=0.0285, val_loss=0.0452, val_acc=0.987, train_loss_epoch=0.0316]Epoch 7:  15%|█▍        | 21/144 [00:00<00:04, 30.32it/s, v_num=80885, train_loss_step=0.0366, val_loss=0.0452, val_acc=0.987, train_loss_epoch=0.0316]Epoch 7:  15%|█▌        | 22/144 [00:00<00:03, 30.59it/s, v_num=80885, train_loss_step=0.0366, val_loss=0.0452, val_acc=0.987, train_loss_epoch=0.0316]Epoch 7:  15%|█▌        | 22/144 [00:00<00:03, 30.58it/s, v_num=80885, train_loss_step=0.018, val_loss=0.0452, val_acc=0.987, train_loss_epoch=0.0316] Epoch 7:  16%|█▌        | 23/144 [00:00<00:03, 30.81it/s, v_num=80885, train_loss_step=0.018, val_loss=0.0452, val_acc=0.987, train_loss_epoch=0.0316]Epoch 7:  16%|█▌        | 23/144 [00:00<00:03, 30.81it/s, v_num=80885, train_loss_step=0.0273, val_loss=0.0452, val_acc=0.987, train_loss_epoch=0.0316]Epoch 7:  17%|█▋        | 24/144 [00:00<00:03, 30.89it/s, v_num=80885, train_loss_step=0.0273, val_loss=0.0452, val_acc=0.987, train_loss_epoch=0.0316]Epoch 7:  17%|█▋        | 24/144 [00:00<00:03, 30.88it/s, v_num=80885, train_loss_step=0.0482, val_loss=0.0452, val_acc=0.987, train_loss_epoch=0.0316]Epoch 7:  17%|█▋        | 25/144 [00:00<00:03, 30.89it/s, v_num=80885, train_loss_step=0.0482, val_loss=0.0452, val_acc=0.987, train_loss_epoch=0.0316]Epoch 7:  17%|█▋        | 25/144 [00:00<00:03, 30.88it/s, v_num=80885, train_loss_step=0.0167, val_loss=0.0452, val_acc=0.987, train_loss_epoch=0.0316]Epoch 7:  18%|█▊        | 26/144 [00:00<00:03, 31.10it/s, v_num=80885, train_loss_step=0.0167, val_loss=0.0452, val_acc=0.987, train_loss_epoch=0.0316]Epoch 7:  18%|█▊        | 26/144 [00:00<00:03, 31.10it/s, v_num=80885, train_loss_step=0.0277, val_loss=0.0452, val_acc=0.987, train_loss_epoch=0.0316]Epoch 7:  19%|█▉        | 27/144 [00:00<00:03, 31.31it/s, v_num=80885, train_loss_step=0.0277, val_loss=0.0452, val_acc=0.987, train_loss_epoch=0.0316]Epoch 7:  19%|█▉        | 27/144 [00:00<00:03, 31.30it/s, v_num=80885, train_loss_step=0.0522, val_loss=0.0452, val_acc=0.987, train_loss_epoch=0.0316]Epoch 7:  19%|█▉        | 28/144 [00:00<00:03, 31.39it/s, v_num=80885, train_loss_step=0.0522, val_loss=0.0452, val_acc=0.987, train_loss_epoch=0.0316]Epoch 7:  19%|█▉        | 28/144 [00:00<00:03, 31.38it/s, v_num=80885, train_loss_step=0.0128, val_loss=0.0452, val_acc=0.987, train_loss_epoch=0.0316]Epoch 7:  20%|██        | 29/144 [00:00<00:03, 31.24it/s, v_num=80885, train_loss_step=0.0128, val_loss=0.0452, val_acc=0.987, train_loss_epoch=0.0316]Epoch 7:  20%|██        | 29/144 [00:00<00:03, 31.23it/s, v_num=80885, train_loss_step=0.0264, val_loss=0.0452, val_acc=0.987, train_loss_epoch=0.0316]Epoch 7:  21%|██        | 30/144 [00:00<00:03, 31.34it/s, v_num=80885, train_loss_step=0.0264, val_loss=0.0452, val_acc=0.987, train_loss_epoch=0.0316]Epoch 7:  21%|██        | 30/144 [00:00<00:03, 31.33it/s, v_num=80885, train_loss_step=0.0465, val_loss=0.0452, val_acc=0.987, train_loss_epoch=0.0316]Epoch 7:  22%|██▏       | 31/144 [00:00<00:03, 31.51it/s, v_num=80885, train_loss_step=0.0465, val_loss=0.0452, val_acc=0.987, train_loss_epoch=0.0316]Epoch 7:  22%|██▏       | 31/144 [00:00<00:03, 31.51it/s, v_num=80885, train_loss_step=0.0212, val_loss=0.0452, val_acc=0.987, train_loss_epoch=0.0316]Epoch 7:  22%|██▏       | 32/144 [00:01<00:03, 31.48it/s, v_num=80885, train_loss_step=0.0212, val_loss=0.0452, val_acc=0.987, train_loss_epoch=0.0316]Epoch 7:  22%|██▏       | 32/144 [00:01<00:03, 31.48it/s, v_num=80885, train_loss_step=0.0487, val_loss=0.0452, val_acc=0.987, train_loss_epoch=0.0316]Epoch 7:  23%|██▎       | 33/144 [00:01<00:03, 31.66it/s, v_num=80885, train_loss_step=0.0487, val_loss=0.0452, val_acc=0.987, train_loss_epoch=0.0316]Epoch 7:  23%|██▎       | 33/144 [00:01<00:03, 31.66it/s, v_num=80885, train_loss_step=0.0117, val_loss=0.0452, val_acc=0.987, train_loss_epoch=0.0316]Epoch 7:  24%|██▎       | 34/144 [00:01<00:03, 31.80it/s, v_num=80885, train_loss_step=0.0117, val_loss=0.0452, val_acc=0.987, train_loss_epoch=0.0316]Epoch 7:  24%|██▎       | 34/144 [00:01<00:03, 31.80it/s, v_num=80885, train_loss_step=0.022, val_loss=0.0452, val_acc=0.987, train_loss_epoch=0.0316] Epoch 7:  24%|██▍       | 35/144 [00:01<00:03, 31.95it/s, v_num=80885, train_loss_step=0.022, val_loss=0.0452, val_acc=0.987, train_loss_epoch=0.0316]Epoch 7:  24%|██▍       | 35/144 [00:01<00:03, 31.95it/s, v_num=80885, train_loss_step=0.0346, val_loss=0.0452, val_acc=0.987, train_loss_epoch=0.0316]Epoch 7:  25%|██▌       | 36/144 [00:01<00:03, 31.77it/s, v_num=80885, train_loss_step=0.0346, val_loss=0.0452, val_acc=0.987, train_loss_epoch=0.0316]Epoch 7:  25%|██▌       | 36/144 [00:01<00:03, 31.77it/s, v_num=80885, train_loss_step=0.0108, val_loss=0.0452, val_acc=0.987, train_loss_epoch=0.0316]Epoch 7:  26%|██▌       | 37/144 [00:01<00:03, 31.62it/s, v_num=80885, train_loss_step=0.0108, val_loss=0.0452, val_acc=0.987, train_loss_epoch=0.0316]Epoch 7:  26%|██▌       | 37/144 [00:01<00:03, 31.62it/s, v_num=80885, train_loss_step=0.0174, val_loss=0.0452, val_acc=0.987, train_loss_epoch=0.0316]Epoch 7:  26%|██▋       | 38/144 [00:01<00:03, 31.74it/s, v_num=80885, train_loss_step=0.0174, val_loss=0.0452, val_acc=0.987, train_loss_epoch=0.0316]Epoch 7:  26%|██▋       | 38/144 [00:01<00:03, 31.74it/s, v_num=80885, train_loss_step=0.0262, val_loss=0.0452, val_acc=0.987, train_loss_epoch=0.0316]Epoch 7:  27%|██▋       | 39/144 [00:01<00:03, 31.75it/s, v_num=80885, train_loss_step=0.0262, val_loss=0.0452, val_acc=0.987, train_loss_epoch=0.0316]Epoch 7:  27%|██▋       | 39/144 [00:01<00:03, 31.74it/s, v_num=80885, train_loss_step=0.0267, val_loss=0.0452, val_acc=0.987, train_loss_epoch=0.0316]Epoch 7:  28%|██▊       | 40/144 [00:01<00:03, 31.76it/s, v_num=80885, train_loss_step=0.0267, val_loss=0.0452, val_acc=0.987, train_loss_epoch=0.0316]Epoch 7:  28%|██▊       | 40/144 [00:01<00:03, 31.76it/s, v_num=80885, train_loss_step=0.0153, val_loss=0.0452, val_acc=0.987, train_loss_epoch=0.0316]Epoch 7:  28%|██▊       | 41/144 [00:01<00:03, 31.87it/s, v_num=80885, train_loss_step=0.0153, val_loss=0.0452, val_acc=0.987, train_loss_epoch=0.0316]Epoch 7:  28%|██▊       | 41/144 [00:01<00:03, 31.86it/s, v_num=80885, train_loss_step=0.0114, val_loss=0.0452, val_acc=0.987, train_loss_epoch=0.0316]Epoch 7:  29%|██▉       | 42/144 [00:01<00:03, 31.92it/s, v_num=80885, train_loss_step=0.0114, val_loss=0.0452, val_acc=0.987, train_loss_epoch=0.0316]Epoch 7:  29%|██▉       | 42/144 [00:01<00:03, 31.92it/s, v_num=80885, train_loss_step=0.0156, val_loss=0.0452, val_acc=0.987, train_loss_epoch=0.0316]Epoch 7:  30%|██▉       | 43/144 [00:01<00:03, 31.98it/s, v_num=80885, train_loss_step=0.0156, val_loss=0.0452, val_acc=0.987, train_loss_epoch=0.0316]Epoch 7:  30%|██▉       | 43/144 [00:01<00:03, 31.97it/s, v_num=80885, train_loss_step=0.023, val_loss=0.0452, val_acc=0.987, train_loss_epoch=0.0316] Epoch 7:  31%|███       | 44/144 [00:01<00:03, 32.01it/s, v_num=80885, train_loss_step=0.023, val_loss=0.0452, val_acc=0.987, train_loss_epoch=0.0316]Epoch 7:  31%|███       | 44/144 [00:01<00:03, 32.01it/s, v_num=80885, train_loss_step=0.00737, val_loss=0.0452, val_acc=0.987, train_loss_epoch=0.0316]Epoch 7:  31%|███▏      | 45/144 [00:01<00:03, 32.14it/s, v_num=80885, train_loss_step=0.00737, val_loss=0.0452, val_acc=0.987, train_loss_epoch=0.0316]Epoch 7:  31%|███▏      | 45/144 [00:01<00:03, 32.13it/s, v_num=80885, train_loss_step=0.0357, val_loss=0.0452, val_acc=0.987, train_loss_epoch=0.0316] Epoch 7:  32%|███▏      | 46/144 [00:01<00:03, 32.24it/s, v_num=80885, train_loss_step=0.0357, val_loss=0.0452, val_acc=0.987, train_loss_epoch=0.0316]Epoch 7:  32%|███▏      | 46/144 [00:01<00:03, 32.24it/s, v_num=80885, train_loss_step=0.021, val_loss=0.0452, val_acc=0.987, train_loss_epoch=0.0316] Epoch 7:  33%|███▎      | 47/144 [00:01<00:02, 32.35it/s, v_num=80885, train_loss_step=0.021, val_loss=0.0452, val_acc=0.987, train_loss_epoch=0.0316]Epoch 7:  33%|███▎      | 47/144 [00:01<00:02, 32.34it/s, v_num=80885, train_loss_step=0.012, val_loss=0.0452, val_acc=0.987, train_loss_epoch=0.0316]Epoch 7:  33%|███▎      | 48/144 [00:01<00:02, 32.38it/s, v_num=80885, train_loss_step=0.012, val_loss=0.0452, val_acc=0.987, train_loss_epoch=0.0316]Epoch 7:  33%|███▎      | 48/144 [00:01<00:02, 32.38it/s, v_num=80885, train_loss_step=0.0337, val_loss=0.0452, val_acc=0.987, train_loss_epoch=0.0316]Epoch 7:  34%|███▍      | 49/144 [00:01<00:02, 32.47it/s, v_num=80885, train_loss_step=0.0337, val_loss=0.0452, val_acc=0.987, train_loss_epoch=0.0316]Epoch 7:  34%|███▍      | 49/144 [00:01<00:02, 32.47it/s, v_num=80885, train_loss_step=0.00642, val_loss=0.0452, val_acc=0.987, train_loss_epoch=0.0316]Epoch 7:  35%|███▍      | 50/144 [00:01<00:02, 32.56it/s, v_num=80885, train_loss_step=0.00642, val_loss=0.0452, val_acc=0.987, train_loss_epoch=0.0316]Epoch 7:  35%|███▍      | 50/144 [00:01<00:02, 32.55it/s, v_num=80885, train_loss_step=0.019, val_loss=0.0452, val_acc=0.987, train_loss_epoch=0.0316]  Epoch 7:  35%|███▌      | 51/144 [00:01<00:02, 32.64it/s, v_num=80885, train_loss_step=0.019, val_loss=0.0452, val_acc=0.987, train_loss_epoch=0.0316]Epoch 7:  35%|███▌      | 51/144 [00:01<00:02, 32.63it/s, v_num=80885, train_loss_step=0.0255, val_loss=0.0452, val_acc=0.987, train_loss_epoch=0.0316]Epoch 7:  36%|███▌      | 52/144 [00:01<00:02, 32.66it/s, v_num=80885, train_loss_step=0.0255, val_loss=0.0452, val_acc=0.987, train_loss_epoch=0.0316]Epoch 7:  36%|███▌      | 52/144 [00:01<00:02, 32.66it/s, v_num=80885, train_loss_step=0.0138, val_loss=0.0452, val_acc=0.987, train_loss_epoch=0.0316]Epoch 7:  37%|███▋      | 53/144 [00:01<00:02, 32.62it/s, v_num=80885, train_loss_step=0.0138, val_loss=0.0452, val_acc=0.987, train_loss_epoch=0.0316]Epoch 7:  37%|███▋      | 53/144 [00:01<00:02, 32.61it/s, v_num=80885, train_loss_step=0.0442, val_loss=0.0452, val_acc=0.987, train_loss_epoch=0.0316]Epoch 7:  38%|███▊      | 54/144 [00:01<00:02, 32.71it/s, v_num=80885, train_loss_step=0.0442, val_loss=0.0452, val_acc=0.987, train_loss_epoch=0.0316]Epoch 7:  38%|███▊      | 54/144 [00:01<00:02, 32.70it/s, v_num=80885, train_loss_step=0.0196, val_loss=0.0452, val_acc=0.987, train_loss_epoch=0.0316]Epoch 7:  38%|███▊      | 55/144 [00:01<00:02, 32.74it/s, v_num=80885, train_loss_step=0.0196, val_loss=0.0452, val_acc=0.987, train_loss_epoch=0.0316]Epoch 7:  38%|███▊      | 55/144 [00:01<00:02, 32.73it/s, v_num=80885, train_loss_step=0.0137, val_loss=0.0452, val_acc=0.987, train_loss_epoch=0.0316]Epoch 7:  39%|███▉      | 56/144 [00:01<00:02, 32.74it/s, v_num=80885, train_loss_step=0.0137, val_loss=0.0452, val_acc=0.987, train_loss_epoch=0.0316]Epoch 7:  39%|███▉      | 56/144 [00:01<00:02, 32.73it/s, v_num=80885, train_loss_step=0.0422, val_loss=0.0452, val_acc=0.987, train_loss_epoch=0.0316]Epoch 7:  40%|███▉      | 57/144 [00:01<00:02, 32.80it/s, v_num=80885, train_loss_step=0.0422, val_loss=0.0452, val_acc=0.987, train_loss_epoch=0.0316]Epoch 7:  40%|███▉      | 57/144 [00:01<00:02, 32.80it/s, v_num=80885, train_loss_step=0.0127, val_loss=0.0452, val_acc=0.987, train_loss_epoch=0.0316]Epoch 7:  40%|████      | 58/144 [00:01<00:02, 32.85it/s, v_num=80885, train_loss_step=0.0127, val_loss=0.0452, val_acc=0.987, train_loss_epoch=0.0316]Epoch 7:  40%|████      | 58/144 [00:01<00:02, 32.85it/s, v_num=80885, train_loss_step=0.0336, val_loss=0.0452, val_acc=0.987, train_loss_epoch=0.0316]Epoch 7:  41%|████      | 59/144 [00:01<00:02, 32.88it/s, v_num=80885, train_loss_step=0.0336, val_loss=0.0452, val_acc=0.987, train_loss_epoch=0.0316]Epoch 7:  41%|████      | 59/144 [00:01<00:02, 32.88it/s, v_num=80885, train_loss_step=0.0172, val_loss=0.0452, val_acc=0.987, train_loss_epoch=0.0316]Epoch 7:  42%|████▏     | 60/144 [00:01<00:02, 32.87it/s, v_num=80885, train_loss_step=0.0172, val_loss=0.0452, val_acc=0.987, train_loss_epoch=0.0316]Epoch 7:  42%|████▏     | 60/144 [00:01<00:02, 32.86it/s, v_num=80885, train_loss_step=0.0185, val_loss=0.0452, val_acc=0.987, train_loss_epoch=0.0316]Epoch 7:  42%|████▏     | 61/144 [00:01<00:02, 32.91it/s, v_num=80885, train_loss_step=0.0185, val_loss=0.0452, val_acc=0.987, train_loss_epoch=0.0316]Epoch 7:  42%|████▏     | 61/144 [00:01<00:02, 32.91it/s, v_num=80885, train_loss_step=0.0315, val_loss=0.0452, val_acc=0.987, train_loss_epoch=0.0316]Epoch 7:  43%|████▎     | 62/144 [00:01<00:02, 32.95it/s, v_num=80885, train_loss_step=0.0315, val_loss=0.0452, val_acc=0.987, train_loss_epoch=0.0316]Epoch 7:  43%|████▎     | 62/144 [00:01<00:02, 32.94it/s, v_num=80885, train_loss_step=0.0132, val_loss=0.0452, val_acc=0.987, train_loss_epoch=0.0316]Epoch 7:  44%|████▍     | 63/144 [00:01<00:02, 32.99it/s, v_num=80885, train_loss_step=0.0132, val_loss=0.0452, val_acc=0.987, train_loss_epoch=0.0316]Epoch 7:  44%|████▍     | 63/144 [00:01<00:02, 32.99it/s, v_num=80885, train_loss_step=0.0196, val_loss=0.0452, val_acc=0.987, train_loss_epoch=0.0316]Epoch 7:  44%|████▍     | 64/144 [00:01<00:02, 32.95it/s, v_num=80885, train_loss_step=0.0196, val_loss=0.0452, val_acc=0.987, train_loss_epoch=0.0316]Epoch 7:  44%|████▍     | 64/144 [00:01<00:02, 32.95it/s, v_num=80885, train_loss_step=0.0243, val_loss=0.0452, val_acc=0.987, train_loss_epoch=0.0316]Epoch 7:  45%|████▌     | 65/144 [00:01<00:02, 33.00it/s, v_num=80885, train_loss_step=0.0243, val_loss=0.0452, val_acc=0.987, train_loss_epoch=0.0316]Epoch 7:  45%|████▌     | 65/144 [00:01<00:02, 32.99it/s, v_num=80885, train_loss_step=0.0433, val_loss=0.0452, val_acc=0.987, train_loss_epoch=0.0316]Epoch 7:  46%|████▌     | 66/144 [00:01<00:02, 33.06it/s, v_num=80885, train_loss_step=0.0433, val_loss=0.0452, val_acc=0.987, train_loss_epoch=0.0316]Epoch 7:  46%|████▌     | 66/144 [00:01<00:02, 33.06it/s, v_num=80885, train_loss_step=0.0461, val_loss=0.0452, val_acc=0.987, train_loss_epoch=0.0316]Epoch 7:  47%|████▋     | 67/144 [00:02<00:02, 33.12it/s, v_num=80885, train_loss_step=0.0461, val_loss=0.0452, val_acc=0.987, train_loss_epoch=0.0316]Epoch 7:  47%|████▋     | 67/144 [00:02<00:02, 33.11it/s, v_num=80885, train_loss_step=0.0384, val_loss=0.0452, val_acc=0.987, train_loss_epoch=0.0316]Epoch 7:  47%|████▋     | 68/144 [00:02<00:02, 33.11it/s, v_num=80885, train_loss_step=0.0384, val_loss=0.0452, val_acc=0.987, train_loss_epoch=0.0316]Epoch 7:  47%|████▋     | 68/144 [00:02<00:02, 33.10it/s, v_num=80885, train_loss_step=0.0178, val_loss=0.0452, val_acc=0.987, train_loss_epoch=0.0316]Epoch 7:  48%|████▊     | 69/144 [00:02<00:02, 33.16it/s, v_num=80885, train_loss_step=0.0178, val_loss=0.0452, val_acc=0.987, train_loss_epoch=0.0316]Epoch 7:  48%|████▊     | 69/144 [00:02<00:02, 33.16it/s, v_num=80885, train_loss_step=0.039, val_loss=0.0452, val_acc=0.987, train_loss_epoch=0.0316] Epoch 7:  49%|████▊     | 70/144 [00:02<00:02, 33.23it/s, v_num=80885, train_loss_step=0.039, val_loss=0.0452, val_acc=0.987, train_loss_epoch=0.0316]Epoch 7:  49%|████▊     | 70/144 [00:02<00:02, 33.23it/s, v_num=80885, train_loss_step=0.0101, val_loss=0.0452, val_acc=0.987, train_loss_epoch=0.0316]Epoch 7:  49%|████▉     | 71/144 [00:02<00:02, 33.30it/s, v_num=80885, train_loss_step=0.0101, val_loss=0.0452, val_acc=0.987, train_loss_epoch=0.0316]Epoch 7:  49%|████▉     | 71/144 [00:02<00:02, 33.30it/s, v_num=80885, train_loss_step=0.040, val_loss=0.0452, val_acc=0.987, train_loss_epoch=0.0316] Epoch 7:  50%|█████     | 72/144 [00:02<00:02, 33.31it/s, v_num=80885, train_loss_step=0.040, val_loss=0.0452, val_acc=0.987, train_loss_epoch=0.0316]Epoch 7:  50%|█████     | 72/144 [00:02<00:02, 33.31it/s, v_num=80885, train_loss_step=0.0116, val_loss=0.0452, val_acc=0.987, train_loss_epoch=0.0316]Epoch 7:  51%|█████     | 73/144 [00:02<00:02, 33.36it/s, v_num=80885, train_loss_step=0.0116, val_loss=0.0452, val_acc=0.987, train_loss_epoch=0.0316]Epoch 7:  51%|█████     | 73/144 [00:02<00:02, 33.36it/s, v_num=80885, train_loss_step=0.0319, val_loss=0.0452, val_acc=0.987, train_loss_epoch=0.0316]Epoch 7:  51%|█████▏    | 74/144 [00:02<00:02, 33.44it/s, v_num=80885, train_loss_step=0.0319, val_loss=0.0452, val_acc=0.987, train_loss_epoch=0.0316]Epoch 7:  51%|█████▏    | 74/144 [00:02<00:02, 33.43it/s, v_num=80885, train_loss_step=0.00511, val_loss=0.0452, val_acc=0.987, train_loss_epoch=0.0316]Epoch 7:  52%|█████▏    | 75/144 [00:02<00:02, 33.50it/s, v_num=80885, train_loss_step=0.00511, val_loss=0.0452, val_acc=0.987, train_loss_epoch=0.0316]Epoch 7:  52%|█████▏    | 75/144 [00:02<00:02, 33.50it/s, v_num=80885, train_loss_step=0.0296, val_loss=0.0452, val_acc=0.987, train_loss_epoch=0.0316] Epoch 7:  53%|█████▎    | 76/144 [00:02<00:02, 33.51it/s, v_num=80885, train_loss_step=0.0296, val_loss=0.0452, val_acc=0.987, train_loss_epoch=0.0316]Epoch 7:  53%|█████▎    | 76/144 [00:02<00:02, 33.51it/s, v_num=80885, train_loss_step=0.055, val_loss=0.0452, val_acc=0.987, train_loss_epoch=0.0316] Epoch 7:  53%|█████▎    | 77/144 [00:02<00:01, 33.57it/s, v_num=80885, train_loss_step=0.055, val_loss=0.0452, val_acc=0.987, train_loss_epoch=0.0316]Epoch 7:  53%|█████▎    | 77/144 [00:02<00:01, 33.57it/s, v_num=80885, train_loss_step=0.0375, val_loss=0.0452, val_acc=0.987, train_loss_epoch=0.0316]Epoch 7:  54%|█████▍    | 78/144 [00:02<00:01, 33.63it/s, v_num=80885, train_loss_step=0.0375, val_loss=0.0452, val_acc=0.987, train_loss_epoch=0.0316]Epoch 7:  54%|█████▍    | 78/144 [00:02<00:01, 33.62it/s, v_num=80885, train_loss_step=0.0212, val_loss=0.0452, val_acc=0.987, train_loss_epoch=0.0316]Epoch 7:  55%|█████▍    | 79/144 [00:02<00:01, 33.67it/s, v_num=80885, train_loss_step=0.0212, val_loss=0.0452, val_acc=0.987, train_loss_epoch=0.0316]Epoch 7:  55%|█████▍    | 79/144 [00:02<00:01, 33.66it/s, v_num=80885, train_loss_step=0.0417, val_loss=0.0452, val_acc=0.987, train_loss_epoch=0.0316]Epoch 7:  56%|█████▌    | 80/144 [00:02<00:01, 33.65it/s, v_num=80885, train_loss_step=0.0417, val_loss=0.0452, val_acc=0.987, train_loss_epoch=0.0316]Epoch 7:  56%|█████▌    | 80/144 [00:02<00:01, 33.65it/s, v_num=80885, train_loss_step=0.0412, val_loss=0.0452, val_acc=0.987, train_loss_epoch=0.0316]Epoch 7:  56%|█████▋    | 81/144 [00:02<00:01, 33.70it/s, v_num=80885, train_loss_step=0.0412, val_loss=0.0452, val_acc=0.987, train_loss_epoch=0.0316]Epoch 7:  56%|█████▋    | 81/144 [00:02<00:01, 33.69it/s, v_num=80885, train_loss_step=0.0107, val_loss=0.0452, val_acc=0.987, train_loss_epoch=0.0316]Epoch 7:  57%|█████▋    | 82/144 [00:02<00:01, 33.74it/s, v_num=80885, train_loss_step=0.0107, val_loss=0.0452, val_acc=0.987, train_loss_epoch=0.0316]Epoch 7:  57%|█████▋    | 82/144 [00:02<00:01, 33.74it/s, v_num=80885, train_loss_step=0.0269, val_loss=0.0452, val_acc=0.987, train_loss_epoch=0.0316]Epoch 7:  58%|█████▊    | 83/144 [00:02<00:01, 33.76it/s, v_num=80885, train_loss_step=0.0269, val_loss=0.0452, val_acc=0.987, train_loss_epoch=0.0316]Epoch 7:  58%|█████▊    | 83/144 [00:02<00:01, 33.76it/s, v_num=80885, train_loss_step=0.0288, val_loss=0.0452, val_acc=0.987, train_loss_epoch=0.0316]Epoch 7:  58%|█████▊    | 84/144 [00:02<00:01, 33.77it/s, v_num=80885, train_loss_step=0.0288, val_loss=0.0452, val_acc=0.987, train_loss_epoch=0.0316]Epoch 7:  58%|█████▊    | 84/144 [00:02<00:01, 33.77it/s, v_num=80885, train_loss_step=0.0182, val_loss=0.0452, val_acc=0.987, train_loss_epoch=0.0316]Epoch 7:  59%|█████▉    | 85/144 [00:02<00:01, 33.81it/s, v_num=80885, train_loss_step=0.0182, val_loss=0.0452, val_acc=0.987, train_loss_epoch=0.0316]Epoch 7:  59%|█████▉    | 85/144 [00:02<00:01, 33.81it/s, v_num=80885, train_loss_step=0.0325, val_loss=0.0452, val_acc=0.987, train_loss_epoch=0.0316]Epoch 7:  60%|█████▉    | 86/144 [00:02<00:01, 33.84it/s, v_num=80885, train_loss_step=0.0325, val_loss=0.0452, val_acc=0.987, train_loss_epoch=0.0316]Epoch 7:  60%|█████▉    | 86/144 [00:02<00:01, 33.84it/s, v_num=80885, train_loss_step=0.028, val_loss=0.0452, val_acc=0.987, train_loss_epoch=0.0316] Epoch 7:  60%|██████    | 87/144 [00:02<00:01, 33.87it/s, v_num=80885, train_loss_step=0.028, val_loss=0.0452, val_acc=0.987, train_loss_epoch=0.0316]Epoch 7:  60%|██████    | 87/144 [00:02<00:01, 33.87it/s, v_num=80885, train_loss_step=0.00807, val_loss=0.0452, val_acc=0.987, train_loss_epoch=0.0316]Epoch 7:  61%|██████    | 88/144 [00:02<00:01, 33.87it/s, v_num=80885, train_loss_step=0.00807, val_loss=0.0452, val_acc=0.987, train_loss_epoch=0.0316]Epoch 7:  61%|██████    | 88/144 [00:02<00:01, 33.86it/s, v_num=80885, train_loss_step=0.033, val_loss=0.0452, val_acc=0.987, train_loss_epoch=0.0316]  Epoch 7:  62%|██████▏   | 89/144 [00:02<00:01, 33.90it/s, v_num=80885, train_loss_step=0.033, val_loss=0.0452, val_acc=0.987, train_loss_epoch=0.0316]Epoch 7:  62%|██████▏   | 89/144 [00:02<00:01, 33.90it/s, v_num=80885, train_loss_step=0.0521, val_loss=0.0452, val_acc=0.987, train_loss_epoch=0.0316]Epoch 7:  62%|██████▎   | 90/144 [00:02<00:01, 33.93it/s, v_num=80885, train_loss_step=0.0521, val_loss=0.0452, val_acc=0.987, train_loss_epoch=0.0316]Epoch 7:  62%|██████▎   | 90/144 [00:02<00:01, 33.93it/s, v_num=80885, train_loss_step=0.014, val_loss=0.0452, val_acc=0.987, train_loss_epoch=0.0316] Epoch 7:  63%|██████▎   | 91/144 [00:02<00:01, 33.97it/s, v_num=80885, train_loss_step=0.014, val_loss=0.0452, val_acc=0.987, train_loss_epoch=0.0316]Epoch 7:  63%|██████▎   | 91/144 [00:02<00:01, 33.97it/s, v_num=80885, train_loss_step=0.0322, val_loss=0.0452, val_acc=0.987, train_loss_epoch=0.0316]Epoch 7:  64%|██████▍   | 92/144 [00:02<00:01, 33.95it/s, v_num=80885, train_loss_step=0.0322, val_loss=0.0452, val_acc=0.987, train_loss_epoch=0.0316]Epoch 7:  64%|██████▍   | 92/144 [00:02<00:01, 33.95it/s, v_num=80885, train_loss_step=0.00708, val_loss=0.0452, val_acc=0.987, train_loss_epoch=0.0316]Epoch 7:  65%|██████▍   | 93/144 [00:02<00:01, 33.99it/s, v_num=80885, train_loss_step=0.00708, val_loss=0.0452, val_acc=0.987, train_loss_epoch=0.0316]Epoch 7:  65%|██████▍   | 93/144 [00:02<00:01, 33.99it/s, v_num=80885, train_loss_step=0.0747, val_loss=0.0452, val_acc=0.987, train_loss_epoch=0.0316] Epoch 7:  65%|██████▌   | 94/144 [00:02<00:01, 34.04it/s, v_num=80885, train_loss_step=0.0747, val_loss=0.0452, val_acc=0.987, train_loss_epoch=0.0316]Epoch 7:  65%|██████▌   | 94/144 [00:02<00:01, 34.04it/s, v_num=80885, train_loss_step=0.0279, val_loss=0.0452, val_acc=0.987, train_loss_epoch=0.0316]Epoch 7:  66%|██████▌   | 95/144 [00:02<00:01, 34.08it/s, v_num=80885, train_loss_step=0.0279, val_loss=0.0452, val_acc=0.987, train_loss_epoch=0.0316]Epoch 7:  66%|██████▌   | 95/144 [00:02<00:01, 34.08it/s, v_num=80885, train_loss_step=0.0199, val_loss=0.0452, val_acc=0.987, train_loss_epoch=0.0316]Epoch 7:  67%|██████▋   | 96/144 [00:02<00:01, 34.06it/s, v_num=80885, train_loss_step=0.0199, val_loss=0.0452, val_acc=0.987, train_loss_epoch=0.0316]Epoch 7:  67%|██████▋   | 96/144 [00:02<00:01, 34.06it/s, v_num=80885, train_loss_step=0.0472, val_loss=0.0452, val_acc=0.987, train_loss_epoch=0.0316]Epoch 7:  67%|██████▋   | 97/144 [00:02<00:01, 34.12it/s, v_num=80885, train_loss_step=0.0472, val_loss=0.0452, val_acc=0.987, train_loss_epoch=0.0316]Epoch 7:  67%|██████▋   | 97/144 [00:02<00:01, 34.12it/s, v_num=80885, train_loss_step=0.0333, val_loss=0.0452, val_acc=0.987, train_loss_epoch=0.0316]Epoch 7:  68%|██████▊   | 98/144 [00:02<00:01, 34.17it/s, v_num=80885, train_loss_step=0.0333, val_loss=0.0452, val_acc=0.987, train_loss_epoch=0.0316]Epoch 7:  68%|██████▊   | 98/144 [00:02<00:01, 34.17it/s, v_num=80885, train_loss_step=0.023, val_loss=0.0452, val_acc=0.987, train_loss_epoch=0.0316] Epoch 7:  69%|██████▉   | 99/144 [00:02<00:01, 34.22it/s, v_num=80885, train_loss_step=0.023, val_loss=0.0452, val_acc=0.987, train_loss_epoch=0.0316]Epoch 7:  69%|██████▉   | 99/144 [00:02<00:01, 34.22it/s, v_num=80885, train_loss_step=0.0189, val_loss=0.0452, val_acc=0.987, train_loss_epoch=0.0316]Epoch 7:  69%|██████▉   | 100/144 [00:02<00:01, 34.23it/s, v_num=80885, train_loss_step=0.0189, val_loss=0.0452, val_acc=0.987, train_loss_epoch=0.0316]Epoch 7:  69%|██████▉   | 100/144 [00:02<00:01, 34.23it/s, v_num=80885, train_loss_step=0.029, val_loss=0.0452, val_acc=0.987, train_loss_epoch=0.0316] Epoch 7:  70%|███████   | 101/144 [00:02<00:01, 34.29it/s, v_num=80885, train_loss_step=0.029, val_loss=0.0452, val_acc=0.987, train_loss_epoch=0.0316]Epoch 7:  70%|███████   | 101/144 [00:02<00:01, 34.29it/s, v_num=80885, train_loss_step=0.0158, val_loss=0.0452, val_acc=0.987, train_loss_epoch=0.0316]Epoch 7:  71%|███████   | 102/144 [00:02<00:01, 34.35it/s, v_num=80885, train_loss_step=0.0158, val_loss=0.0452, val_acc=0.987, train_loss_epoch=0.0316]Epoch 7:  71%|███████   | 102/144 [00:02<00:01, 34.35it/s, v_num=80885, train_loss_step=0.0311, val_loss=0.0452, val_acc=0.987, train_loss_epoch=0.0316]Epoch 7:  72%|███████▏  | 103/144 [00:02<00:01, 34.40it/s, v_num=80885, train_loss_step=0.0311, val_loss=0.0452, val_acc=0.987, train_loss_epoch=0.0316]Epoch 7:  72%|███████▏  | 103/144 [00:02<00:01, 34.40it/s, v_num=80885, train_loss_step=0.0242, val_loss=0.0452, val_acc=0.987, train_loss_epoch=0.0316]Epoch 7:  72%|███████▏  | 104/144 [00:03<00:01, 34.39it/s, v_num=80885, train_loss_step=0.0242, val_loss=0.0452, val_acc=0.987, train_loss_epoch=0.0316]Epoch 7:  72%|███████▏  | 104/144 [00:03<00:01, 34.39it/s, v_num=80885, train_loss_step=0.0325, val_loss=0.0452, val_acc=0.987, train_loss_epoch=0.0316]Epoch 7:  73%|███████▎  | 105/144 [00:03<00:01, 34.40it/s, v_num=80885, train_loss_step=0.0325, val_loss=0.0452, val_acc=0.987, train_loss_epoch=0.0316]Epoch 7:  73%|███████▎  | 105/144 [00:03<00:01, 34.39it/s, v_num=80885, train_loss_step=0.0317, val_loss=0.0452, val_acc=0.987, train_loss_epoch=0.0316]Epoch 7:  74%|███████▎  | 106/144 [00:03<00:01, 34.45it/s, v_num=80885, train_loss_step=0.0317, val_loss=0.0452, val_acc=0.987, train_loss_epoch=0.0316]Epoch 7:  74%|███████▎  | 106/144 [00:03<00:01, 34.45it/s, v_num=80885, train_loss_step=0.0141, val_loss=0.0452, val_acc=0.987, train_loss_epoch=0.0316]Epoch 7:  74%|███████▍  | 107/144 [00:03<00:01, 34.49it/s, v_num=80885, train_loss_step=0.0141, val_loss=0.0452, val_acc=0.987, train_loss_epoch=0.0316]Epoch 7:  74%|███████▍  | 107/144 [00:03<00:01, 34.49it/s, v_num=80885, train_loss_step=0.0535, val_loss=0.0452, val_acc=0.987, train_loss_epoch=0.0316]Epoch 7:  75%|███████▌  | 108/144 [00:03<00:01, 34.54it/s, v_num=80885, train_loss_step=0.0535, val_loss=0.0452, val_acc=0.987, train_loss_epoch=0.0316]Epoch 7:  75%|███████▌  | 108/144 [00:03<00:01, 34.54it/s, v_num=80885, train_loss_step=0.0353, val_loss=0.0452, val_acc=0.987, train_loss_epoch=0.0316]Epoch 7:  76%|███████▌  | 109/144 [00:03<00:01, 34.55it/s, v_num=80885, train_loss_step=0.0353, val_loss=0.0452, val_acc=0.987, train_loss_epoch=0.0316]Epoch 7:  76%|███████▌  | 109/144 [00:03<00:01, 34.55it/s, v_num=80885, train_loss_step=0.018, val_loss=0.0452, val_acc=0.987, train_loss_epoch=0.0316] Epoch 7:  76%|███████▋  | 110/144 [00:03<00:00, 34.60it/s, v_num=80885, train_loss_step=0.018, val_loss=0.0452, val_acc=0.987, train_loss_epoch=0.0316]Epoch 7:  76%|███████▋  | 110/144 [00:03<00:00, 34.60it/s, v_num=80885, train_loss_step=0.0307, val_loss=0.0452, val_acc=0.987, train_loss_epoch=0.0316]Epoch 7:  77%|███████▋  | 111/144 [00:03<00:00, 34.65it/s, v_num=80885, train_loss_step=0.0307, val_loss=0.0452, val_acc=0.987, train_loss_epoch=0.0316]Epoch 7:  77%|███████▋  | 111/144 [00:03<00:00, 34.65it/s, v_num=80885, train_loss_step=0.018, val_loss=0.0452, val_acc=0.987, train_loss_epoch=0.0316] Epoch 7:  78%|███████▊  | 112/144 [00:03<00:00, 34.70it/s, v_num=80885, train_loss_step=0.018, val_loss=0.0452, val_acc=0.987, train_loss_epoch=0.0316]Epoch 7:  78%|███████▊  | 112/144 [00:03<00:00, 34.70it/s, v_num=80885, train_loss_step=0.031, val_loss=0.0452, val_acc=0.987, train_loss_epoch=0.0316]Epoch 7:  78%|███████▊  | 113/144 [00:03<00:00, 34.71it/s, v_num=80885, train_loss_step=0.031, val_loss=0.0452, val_acc=0.987, train_loss_epoch=0.0316]Epoch 7:  78%|███████▊  | 113/144 [00:03<00:00, 34.71it/s, v_num=80885, train_loss_step=0.010, val_loss=0.0452, val_acc=0.987, train_loss_epoch=0.0316]Epoch 7:  79%|███████▉  | 114/144 [00:03<00:00, 34.70it/s, v_num=80885, train_loss_step=0.010, val_loss=0.0452, val_acc=0.987, train_loss_epoch=0.0316]Epoch 7:  79%|███████▉  | 114/144 [00:03<00:00, 34.70it/s, v_num=80885, train_loss_step=0.0435, val_loss=0.0452, val_acc=0.987, train_loss_epoch=0.0316]Epoch 7:  80%|███████▉  | 115/144 [00:03<00:00, 34.74it/s, v_num=80885, train_loss_step=0.0435, val_loss=0.0452, val_acc=0.987, train_loss_epoch=0.0316]Epoch 7:  80%|███████▉  | 115/144 [00:03<00:00, 34.74it/s, v_num=80885, train_loss_step=0.0162, val_loss=0.0452, val_acc=0.987, train_loss_epoch=0.0316]Epoch 7:  81%|████████  | 116/144 [00:03<00:00, 34.78it/s, v_num=80885, train_loss_step=0.0162, val_loss=0.0452, val_acc=0.987, train_loss_epoch=0.0316]Epoch 7:  81%|████████  | 116/144 [00:03<00:00, 34.78it/s, v_num=80885, train_loss_step=0.0187, val_loss=0.0452, val_acc=0.987, train_loss_epoch=0.0316]Epoch 7:  81%|████████▏ | 117/144 [00:03<00:00, 34.81it/s, v_num=80885, train_loss_step=0.0187, val_loss=0.0452, val_acc=0.987, train_loss_epoch=0.0316]Epoch 7:  81%|████████▏ | 117/144 [00:03<00:00, 34.81it/s, v_num=80885, train_loss_step=0.0451, val_loss=0.0452, val_acc=0.987, train_loss_epoch=0.0316]Epoch 7:  82%|████████▏ | 118/144 [00:03<00:00, 34.78it/s, v_num=80885, train_loss_step=0.0451, val_loss=0.0452, val_acc=0.987, train_loss_epoch=0.0316]Epoch 7:  82%|████████▏ | 118/144 [00:03<00:00, 34.78it/s, v_num=80885, train_loss_step=0.00278, val_loss=0.0452, val_acc=0.987, train_loss_epoch=0.0316]Epoch 7:  83%|████████▎ | 119/144 [00:03<00:00, 34.83it/s, v_num=80885, train_loss_step=0.00278, val_loss=0.0452, val_acc=0.987, train_loss_epoch=0.0316]Epoch 7:  83%|████████▎ | 119/144 [00:03<00:00, 34.83it/s, v_num=80885, train_loss_step=0.0521, val_loss=0.0452, val_acc=0.987, train_loss_epoch=0.0316] Epoch 7:  83%|████████▎ | 120/144 [00:03<00:00, 34.87it/s, v_num=80885, train_loss_step=0.0521, val_loss=0.0452, val_acc=0.987, train_loss_epoch=0.0316]Epoch 7:  83%|████████▎ | 120/144 [00:03<00:00, 34.86it/s, v_num=80885, train_loss_step=0.0286, val_loss=0.0452, val_acc=0.987, train_loss_epoch=0.0316]Epoch 7:  84%|████████▍ | 121/144 [00:03<00:00, 34.91it/s, v_num=80885, train_loss_step=0.0286, val_loss=0.0452, val_acc=0.987, train_loss_epoch=0.0316]Epoch 7:  84%|████████▍ | 121/144 [00:03<00:00, 34.91it/s, v_num=80885, train_loss_step=0.0128, val_loss=0.0452, val_acc=0.987, train_loss_epoch=0.0316]Epoch 7:  85%|████████▍ | 122/144 [00:03<00:00, 34.90it/s, v_num=80885, train_loss_step=0.0128, val_loss=0.0452, val_acc=0.987, train_loss_epoch=0.0316]Epoch 7:  85%|████████▍ | 122/144 [00:03<00:00, 34.90it/s, v_num=80885, train_loss_step=0.00907, val_loss=0.0452, val_acc=0.987, train_loss_epoch=0.0316]Epoch 7:  85%|████████▌ | 123/144 [00:03<00:00, 34.94it/s, v_num=80885, train_loss_step=0.00907, val_loss=0.0452, val_acc=0.987, train_loss_epoch=0.0316]Epoch 7:  85%|████████▌ | 123/144 [00:03<00:00, 34.94it/s, v_num=80885, train_loss_step=0.0317, val_loss=0.0452, val_acc=0.987, train_loss_epoch=0.0316] Epoch 7:  86%|████████▌ | 124/144 [00:03<00:00, 34.97it/s, v_num=80885, train_loss_step=0.0317, val_loss=0.0452, val_acc=0.987, train_loss_epoch=0.0316]Epoch 7:  86%|████████▌ | 124/144 [00:03<00:00, 34.97it/s, v_num=80885, train_loss_step=0.0385, val_loss=0.0452, val_acc=0.987, train_loss_epoch=0.0316]Epoch 7:  87%|████████▋ | 125/144 [00:03<00:00, 35.01it/s, v_num=80885, train_loss_step=0.0385, val_loss=0.0452, val_acc=0.987, train_loss_epoch=0.0316]Epoch 7:  87%|████████▋ | 125/144 [00:03<00:00, 35.01it/s, v_num=80885, train_loss_step=0.00932, val_loss=0.0452, val_acc=0.987, train_loss_epoch=0.0316]Epoch 7:  88%|████████▊ | 126/144 [00:03<00:00, 35.01it/s, v_num=80885, train_loss_step=0.00932, val_loss=0.0452, val_acc=0.987, train_loss_epoch=0.0316]Epoch 7:  88%|████████▊ | 126/144 [00:03<00:00, 35.01it/s, v_num=80885, train_loss_step=0.0167, val_loss=0.0452, val_acc=0.987, train_loss_epoch=0.0316] Epoch 7:  88%|████████▊ | 127/144 [00:03<00:00, 35.00it/s, v_num=80885, train_loss_step=0.0167, val_loss=0.0452, val_acc=0.987, train_loss_epoch=0.0316]Epoch 7:  88%|████████▊ | 127/144 [00:03<00:00, 35.00it/s, v_num=80885, train_loss_step=0.0305, val_loss=0.0452, val_acc=0.987, train_loss_epoch=0.0316]Epoch 7:  89%|████████▉ | 128/144 [00:03<00:00, 35.04it/s, v_num=80885, train_loss_step=0.0305, val_loss=0.0452, val_acc=0.987, train_loss_epoch=0.0316]Epoch 7:  89%|████████▉ | 128/144 [00:03<00:00, 35.04it/s, v_num=80885, train_loss_step=0.0383, val_loss=0.0452, val_acc=0.987, train_loss_epoch=0.0316]Epoch 7:  90%|████████▉ | 129/144 [00:03<00:00, 35.08it/s, v_num=80885, train_loss_step=0.0383, val_loss=0.0452, val_acc=0.987, train_loss_epoch=0.0316]Epoch 7:  90%|████████▉ | 129/144 [00:03<00:00, 35.07it/s, v_num=80885, train_loss_step=0.0421, val_loss=0.0452, val_acc=0.987, train_loss_epoch=0.0316]Epoch 7:  90%|█████████ | 130/144 [00:03<00:00, 35.11it/s, v_num=80885, train_loss_step=0.0421, val_loss=0.0452, val_acc=0.987, train_loss_epoch=0.0316]Epoch 7:  90%|█████████ | 130/144 [00:03<00:00, 35.11it/s, v_num=80885, train_loss_step=0.0183, val_loss=0.0452, val_acc=0.987, train_loss_epoch=0.0316]Epoch 7:  91%|█████████ | 131/144 [00:03<00:00, 35.12it/s, v_num=80885, train_loss_step=0.0183, val_loss=0.0452, val_acc=0.987, train_loss_epoch=0.0316]Epoch 7:  91%|█████████ | 131/144 [00:03<00:00, 35.12it/s, v_num=80885, train_loss_step=0.017, val_loss=0.0452, val_acc=0.987, train_loss_epoch=0.0316] Epoch 7:  92%|█████████▏| 132/144 [00:03<00:00, 35.15it/s, v_num=80885, train_loss_step=0.017, val_loss=0.0452, val_acc=0.987, train_loss_epoch=0.0316]Epoch 7:  92%|█████████▏| 132/144 [00:03<00:00, 35.15it/s, v_num=80885, train_loss_step=0.0376, val_loss=0.0452, val_acc=0.987, train_loss_epoch=0.0316]Epoch 7:  92%|█████████▏| 133/144 [00:03<00:00, 35.18it/s, v_num=80885, train_loss_step=0.0376, val_loss=0.0452, val_acc=0.987, train_loss_epoch=0.0316]Epoch 7:  92%|█████████▏| 133/144 [00:03<00:00, 35.18it/s, v_num=80885, train_loss_step=0.0352, val_loss=0.0452, val_acc=0.987, train_loss_epoch=0.0316]Epoch 7:  93%|█████████▎| 134/144 [00:03<00:00, 35.22it/s, v_num=80885, train_loss_step=0.0352, val_loss=0.0452, val_acc=0.987, train_loss_epoch=0.0316]Epoch 7:  93%|█████████▎| 134/144 [00:03<00:00, 35.22it/s, v_num=80885, train_loss_step=0.0149, val_loss=0.0452, val_acc=0.987, train_loss_epoch=0.0316]Epoch 7:  94%|█████████▍| 135/144 [00:03<00:00, 35.22it/s, v_num=80885, train_loss_step=0.0149, val_loss=0.0452, val_acc=0.987, train_loss_epoch=0.0316]Epoch 7:  94%|█████████▍| 135/144 [00:03<00:00, 35.22it/s, v_num=80885, train_loss_step=0.00977, val_loss=0.0452, val_acc=0.987, train_loss_epoch=0.0316]Epoch 7:  94%|█████████▍| 136/144 [00:03<00:00, 35.26it/s, v_num=80885, train_loss_step=0.00977, val_loss=0.0452, val_acc=0.987, train_loss_epoch=0.0316]Epoch 7:  94%|█████████▍| 136/144 [00:03<00:00, 35.26it/s, v_num=80885, train_loss_step=0.0325, val_loss=0.0452, val_acc=0.987, train_loss_epoch=0.0316] Epoch 7:  95%|█████████▌| 137/144 [00:03<00:00, 35.29it/s, v_num=80885, train_loss_step=0.0325, val_loss=0.0452, val_acc=0.987, train_loss_epoch=0.0316]Epoch 7:  95%|█████████▌| 137/144 [00:03<00:00, 35.29it/s, v_num=80885, train_loss_step=0.0277, val_loss=0.0452, val_acc=0.987, train_loss_epoch=0.0316]Epoch 7:  96%|█████████▌| 138/144 [00:03<00:00, 35.32it/s, v_num=80885, train_loss_step=0.0277, val_loss=0.0452, val_acc=0.987, train_loss_epoch=0.0316]Epoch 7:  96%|█████████▌| 138/144 [00:03<00:00, 35.32it/s, v_num=80885, train_loss_step=0.0164, val_loss=0.0452, val_acc=0.987, train_loss_epoch=0.0316]Epoch 7:  97%|█████████▋| 139/144 [00:03<00:00, 35.33it/s, v_num=80885, train_loss_step=0.0164, val_loss=0.0452, val_acc=0.987, train_loss_epoch=0.0316]Epoch 7:  97%|█████████▋| 139/144 [00:03<00:00, 35.32it/s, v_num=80885, train_loss_step=0.0166, val_loss=0.0452, val_acc=0.987, train_loss_epoch=0.0316]Epoch 7:  97%|█████████▋| 140/144 [00:03<00:00, 35.30it/s, v_num=80885, train_loss_step=0.0166, val_loss=0.0452, val_acc=0.987, train_loss_epoch=0.0316]Epoch 7:  97%|█████████▋| 140/144 [00:03<00:00, 35.30it/s, v_num=80885, train_loss_step=0.0534, val_loss=0.0452, val_acc=0.987, train_loss_epoch=0.0316]Epoch 7:  98%|█████████▊| 141/144 [00:03<00:00, 35.32it/s, v_num=80885, train_loss_step=0.0534, val_loss=0.0452, val_acc=0.987, train_loss_epoch=0.0316]Epoch 7:  98%|█████████▊| 141/144 [00:03<00:00, 35.31it/s, v_num=80885, train_loss_step=0.0274, val_loss=0.0452, val_acc=0.987, train_loss_epoch=0.0316]Epoch 7:  99%|█████████▊| 142/144 [00:04<00:00, 35.33it/s, v_num=80885, train_loss_step=0.0274, val_loss=0.0452, val_acc=0.987, train_loss_epoch=0.0316]Epoch 7:  99%|█████████▊| 142/144 [00:04<00:00, 35.33it/s, v_num=80885, train_loss_step=0.0223, val_loss=0.0452, val_acc=0.987, train_loss_epoch=0.0316]Epoch 7:  99%|█████████▉| 143/144 [00:04<00:00, 35.35it/s, v_num=80885, train_loss_step=0.0223, val_loss=0.0452, val_acc=0.987, train_loss_epoch=0.0316]Epoch 7:  99%|█████████▉| 143/144 [00:04<00:00, 35.35it/s, v_num=80885, train_loss_step=0.0238, val_loss=0.0452, val_acc=0.987, train_loss_epoch=0.0316]Epoch 7: 100%|██████████| 144/144 [00:04<00:00, 35.33it/s, v_num=80885, train_loss_step=0.0238, val_loss=0.0452, val_acc=0.987, train_loss_epoch=0.0316]Epoch 7: 100%|██████████| 144/144 [00:04<00:00, 35.33it/s, v_num=80885, train_loss_step=0.0144, val_loss=0.0452, val_acc=0.987, train_loss_epoch=0.0316]
Validation: |          | 0/? [00:00<?, ?it/s][A
Validation:   0%|          | 0/14 [00:00<?, ?it/s][A
Validation DataLoader 0:   0%|          | 0/14 [00:00<?, ?it/s][A
Validation DataLoader 0:   7%|▋         | 1/14 [00:00<00:00, 104.83it/s][A
Validation DataLoader 0:  14%|█▍        | 2/14 [00:00<00:00, 75.92it/s] [A
Validation DataLoader 0:  21%|██▏       | 3/14 [00:00<00:00, 81.99it/s][A
Validation DataLoader 0:  29%|██▊       | 4/14 [00:00<00:00, 85.15it/s][A
Validation DataLoader 0:  36%|███▌      | 5/14 [00:00<00:00, 87.49it/s][A
Validation DataLoader 0:  43%|████▎     | 6/14 [00:00<00:00, 88.24it/s][A
Validation DataLoader 0:  50%|█████     | 7/14 [00:00<00:00, 84.66it/s][A
Validation DataLoader 0:  57%|█████▋    | 8/14 [00:00<00:00, 82.11it/s][A
Validation DataLoader 0:  64%|██████▍   | 9/14 [00:00<00:00, 80.18it/s][A
Validation DataLoader 0:  71%|███████▏  | 10/14 [00:00<00:00, 78.91it/s][A
Validation DataLoader 0:  79%|███████▊  | 11/14 [00:00<00:00, 77.82it/s][A
Validation DataLoader 0:  86%|████████▌ | 12/14 [00:00<00:00, 76.96it/s][A
Validation DataLoader 0:  93%|█████████▎| 13/14 [00:00<00:00, 76.24it/s][A
Validation DataLoader 0: 100%|██████████| 14/14 [00:00<00:00, 75.18it/s][A
                                                                        [AEpoch 7: 100%|██████████| 144/144 [00:04<00:00, 33.61it/s, v_num=80885, train_loss_step=0.0144, val_loss=0.0317, val_acc=0.988, train_loss_epoch=0.0316]Epoch 7: 100%|██████████| 144/144 [00:04<00:00, 33.61it/s, v_num=80885, train_loss_step=0.0144, val_loss=0.0317, val_acc=0.988, train_loss_epoch=0.0308]Epoch 7:   0%|          | 0/144 [00:00<?, ?it/s, v_num=80885, train_loss_step=0.0144, val_loss=0.0317, val_acc=0.988, train_loss_epoch=0.0308]          Epoch 8:   0%|          | 0/144 [00:00<?, ?it/s, v_num=80885, train_loss_step=0.0144, val_loss=0.0317, val_acc=0.988, train_loss_epoch=0.0308]Epoch 8:   1%|          | 1/144 [00:00<00:12, 11.42it/s, v_num=80885, train_loss_step=0.0144, val_loss=0.0317, val_acc=0.988, train_loss_epoch=0.0308]Epoch 8:   1%|          | 1/144 [00:00<00:12, 11.39it/s, v_num=80885, train_loss_step=0.0196, val_loss=0.0317, val_acc=0.988, train_loss_epoch=0.0308]Epoch 8:   1%|▏         | 2/144 [00:00<00:08, 16.84it/s, v_num=80885, train_loss_step=0.0196, val_loss=0.0317, val_acc=0.988, train_loss_epoch=0.0308]Epoch 8:   1%|▏         | 2/144 [00:00<00:08, 16.81it/s, v_num=80885, train_loss_step=0.0251, val_loss=0.0317, val_acc=0.988, train_loss_epoch=0.0308]Epoch 8:   2%|▏         | 3/144 [00:00<00:06, 20.38it/s, v_num=80885, train_loss_step=0.0251, val_loss=0.0317, val_acc=0.988, train_loss_epoch=0.0308]Epoch 8:   2%|▏         | 3/144 [00:00<00:06, 20.35it/s, v_num=80885, train_loss_step=0.0393, val_loss=0.0317, val_acc=0.988, train_loss_epoch=0.0308]Epoch 8:   3%|▎         | 4/144 [00:00<00:06, 22.98it/s, v_num=80885, train_loss_step=0.0393, val_loss=0.0317, val_acc=0.988, train_loss_epoch=0.0308]Epoch 8:   3%|▎         | 4/144 [00:00<00:06, 22.96it/s, v_num=80885, train_loss_step=0.0107, val_loss=0.0317, val_acc=0.988, train_loss_epoch=0.0308]Epoch 8:   3%|▎         | 5/144 [00:00<00:05, 24.92it/s, v_num=80885, train_loss_step=0.0107, val_loss=0.0317, val_acc=0.988, train_loss_epoch=0.0308]Epoch 8:   3%|▎         | 5/144 [00:00<00:05, 24.90it/s, v_num=80885, train_loss_step=0.0657, val_loss=0.0317, val_acc=0.988, train_loss_epoch=0.0308]Epoch 8:   4%|▍         | 6/144 [00:00<00:05, 24.33it/s, v_num=80885, train_loss_step=0.0657, val_loss=0.0317, val_acc=0.988, train_loss_epoch=0.0308]Epoch 8:   4%|▍         | 6/144 [00:00<00:05, 24.32it/s, v_num=80885, train_loss_step=0.0261, val_loss=0.0317, val_acc=0.988, train_loss_epoch=0.0308]Epoch 8:   5%|▍         | 7/144 [00:00<00:05, 25.43it/s, v_num=80885, train_loss_step=0.0261, val_loss=0.0317, val_acc=0.988, train_loss_epoch=0.0308]Epoch 8:   5%|▍         | 7/144 [00:00<00:05, 25.41it/s, v_num=80885, train_loss_step=0.0448, val_loss=0.0317, val_acc=0.988, train_loss_epoch=0.0308]Epoch 8:   6%|▌         | 8/144 [00:00<00:05, 26.41it/s, v_num=80885, train_loss_step=0.0448, val_loss=0.0317, val_acc=0.988, train_loss_epoch=0.0308]Epoch 8:   6%|▌         | 8/144 [00:00<00:05, 26.40it/s, v_num=80885, train_loss_step=0.0204, val_loss=0.0317, val_acc=0.988, train_loss_epoch=0.0308]Epoch 8:   6%|▋         | 9/144 [00:00<00:04, 27.18it/s, v_num=80885, train_loss_step=0.0204, val_loss=0.0317, val_acc=0.988, train_loss_epoch=0.0308]Epoch 8:   6%|▋         | 9/144 [00:00<00:04, 27.16it/s, v_num=80885, train_loss_step=0.0342, val_loss=0.0317, val_acc=0.988, train_loss_epoch=0.0308]Epoch 8:   7%|▋         | 10/144 [00:00<00:04, 27.65it/s, v_num=80885, train_loss_step=0.0342, val_loss=0.0317, val_acc=0.988, train_loss_epoch=0.0308]Epoch 8:   7%|▋         | 10/144 [00:00<00:04, 27.63it/s, v_num=80885, train_loss_step=0.00862, val_loss=0.0317, val_acc=0.988, train_loss_epoch=0.0308]Epoch 8:   8%|▊         | 11/144 [00:00<00:04, 28.26it/s, v_num=80885, train_loss_step=0.00862, val_loss=0.0317, val_acc=0.988, train_loss_epoch=0.0308]Epoch 8:   8%|▊         | 11/144 [00:00<00:04, 28.24it/s, v_num=80885, train_loss_step=0.00769, val_loss=0.0317, val_acc=0.988, train_loss_epoch=0.0308]Epoch 8:   8%|▊         | 12/144 [00:00<00:04, 28.83it/s, v_num=80885, train_loss_step=0.00769, val_loss=0.0317, val_acc=0.988, train_loss_epoch=0.0308]Epoch 8:   8%|▊         | 12/144 [00:00<00:04, 28.82it/s, v_num=80885, train_loss_step=0.0316, val_loss=0.0317, val_acc=0.988, train_loss_epoch=0.0308] Epoch 8:   9%|▉         | 13/144 [00:00<00:04, 29.38it/s, v_num=80885, train_loss_step=0.0316, val_loss=0.0317, val_acc=0.988, train_loss_epoch=0.0308]Epoch 8:   9%|▉         | 13/144 [00:00<00:04, 29.37it/s, v_num=80885, train_loss_step=0.0234, val_loss=0.0317, val_acc=0.988, train_loss_epoch=0.0308]Epoch 8:  10%|▉         | 14/144 [00:00<00:04, 29.58it/s, v_num=80885, train_loss_step=0.0234, val_loss=0.0317, val_acc=0.988, train_loss_epoch=0.0308]Epoch 8:  10%|▉         | 14/144 [00:00<00:04, 29.56it/s, v_num=80885, train_loss_step=0.0836, val_loss=0.0317, val_acc=0.988, train_loss_epoch=0.0308]Epoch 8:  10%|█         | 15/144 [00:00<00:04, 29.88it/s, v_num=80885, train_loss_step=0.0836, val_loss=0.0317, val_acc=0.988, train_loss_epoch=0.0308]Epoch 8:  10%|█         | 15/144 [00:00<00:04, 29.87it/s, v_num=80885, train_loss_step=0.0226, val_loss=0.0317, val_acc=0.988, train_loss_epoch=0.0308]Epoch 8:  11%|█         | 16/144 [00:00<00:04, 30.21it/s, v_num=80885, train_loss_step=0.0226, val_loss=0.0317, val_acc=0.988, train_loss_epoch=0.0308]Epoch 8:  11%|█         | 16/144 [00:00<00:04, 30.20it/s, v_num=80885, train_loss_step=0.0521, val_loss=0.0317, val_acc=0.988, train_loss_epoch=0.0308]Epoch 8:  12%|█▏        | 17/144 [00:00<00:04, 30.42it/s, v_num=80885, train_loss_step=0.0521, val_loss=0.0317, val_acc=0.988, train_loss_epoch=0.0308]Epoch 8:  12%|█▏        | 17/144 [00:00<00:04, 30.41it/s, v_num=80885, train_loss_step=0.0243, val_loss=0.0317, val_acc=0.988, train_loss_epoch=0.0308]Epoch 8:  12%|█▎        | 18/144 [00:00<00:04, 30.46it/s, v_num=80885, train_loss_step=0.0243, val_loss=0.0317, val_acc=0.988, train_loss_epoch=0.0308]Epoch 8:  12%|█▎        | 18/144 [00:00<00:04, 30.45it/s, v_num=80885, train_loss_step=0.0666, val_loss=0.0317, val_acc=0.988, train_loss_epoch=0.0308]Epoch 8:  13%|█▎        | 19/144 [00:00<00:04, 30.70it/s, v_num=80885, train_loss_step=0.0666, val_loss=0.0317, val_acc=0.988, train_loss_epoch=0.0308]Epoch 8:  13%|█▎        | 19/144 [00:00<00:04, 30.70it/s, v_num=80885, train_loss_step=0.0191, val_loss=0.0317, val_acc=0.988, train_loss_epoch=0.0308]Epoch 8:  14%|█▍        | 20/144 [00:00<00:04, 30.95it/s, v_num=80885, train_loss_step=0.0191, val_loss=0.0317, val_acc=0.988, train_loss_epoch=0.0308]Epoch 8:  14%|█▍        | 20/144 [00:00<00:04, 30.94it/s, v_num=80885, train_loss_step=0.0495, val_loss=0.0317, val_acc=0.988, train_loss_epoch=0.0308]Epoch 8:  15%|█▍        | 21/144 [00:00<00:03, 31.11it/s, v_num=80885, train_loss_step=0.0495, val_loss=0.0317, val_acc=0.988, train_loss_epoch=0.0308]Epoch 8:  15%|█▍        | 21/144 [00:00<00:03, 31.10it/s, v_num=80885, train_loss_step=0.0483, val_loss=0.0317, val_acc=0.988, train_loss_epoch=0.0308]Epoch 8:  15%|█▌        | 22/144 [00:00<00:03, 31.19it/s, v_num=80885, train_loss_step=0.0483, val_loss=0.0317, val_acc=0.988, train_loss_epoch=0.0308]Epoch 8:  15%|█▌        | 22/144 [00:00<00:03, 31.19it/s, v_num=80885, train_loss_step=0.0243, val_loss=0.0317, val_acc=0.988, train_loss_epoch=0.0308]Epoch 8:  16%|█▌        | 23/144 [00:00<00:03, 31.45it/s, v_num=80885, train_loss_step=0.0243, val_loss=0.0317, val_acc=0.988, train_loss_epoch=0.0308]Epoch 8:  16%|█▌        | 23/144 [00:00<00:03, 31.44it/s, v_num=80885, train_loss_step=0.0168, val_loss=0.0317, val_acc=0.988, train_loss_epoch=0.0308]Epoch 8:  17%|█▋        | 24/144 [00:00<00:03, 31.64it/s, v_num=80885, train_loss_step=0.0168, val_loss=0.0317, val_acc=0.988, train_loss_epoch=0.0308]Epoch 8:  17%|█▋        | 24/144 [00:00<00:03, 31.64it/s, v_num=80885, train_loss_step=0.0347, val_loss=0.0317, val_acc=0.988, train_loss_epoch=0.0308]Epoch 8:  17%|█▋        | 25/144 [00:00<00:03, 31.54it/s, v_num=80885, train_loss_step=0.0347, val_loss=0.0317, val_acc=0.988, train_loss_epoch=0.0308]Epoch 8:  17%|█▋        | 25/144 [00:00<00:03, 31.53it/s, v_num=80885, train_loss_step=0.00982, val_loss=0.0317, val_acc=0.988, train_loss_epoch=0.0308]Epoch 8:  18%|█▊        | 26/144 [00:00<00:03, 31.63it/s, v_num=80885, train_loss_step=0.00982, val_loss=0.0317, val_acc=0.988, train_loss_epoch=0.0308]Epoch 8:  18%|█▊        | 26/144 [00:00<00:03, 31.62it/s, v_num=80885, train_loss_step=0.0447, val_loss=0.0317, val_acc=0.988, train_loss_epoch=0.0308] Epoch 8:  19%|█▉        | 27/144 [00:00<00:03, 31.79it/s, v_num=80885, train_loss_step=0.0447, val_loss=0.0317, val_acc=0.988, train_loss_epoch=0.0308]Epoch 8:  19%|█▉        | 27/144 [00:00<00:03, 31.79it/s, v_num=80885, train_loss_step=0.0109, val_loss=0.0317, val_acc=0.988, train_loss_epoch=0.0308]Epoch 8:  19%|█▉        | 28/144 [00:00<00:03, 31.89it/s, v_num=80885, train_loss_step=0.0109, val_loss=0.0317, val_acc=0.988, train_loss_epoch=0.0308]Epoch 8:  19%|█▉        | 28/144 [00:00<00:03, 31.88it/s, v_num=80885, train_loss_step=0.0136, val_loss=0.0317, val_acc=0.988, train_loss_epoch=0.0308]Epoch 8:  20%|██        | 29/144 [00:00<00:03, 32.05it/s, v_num=80885, train_loss_step=0.0136, val_loss=0.0317, val_acc=0.988, train_loss_epoch=0.0308]Epoch 8:  20%|██        | 29/144 [00:00<00:03, 32.04it/s, v_num=80885, train_loss_step=0.0196, val_loss=0.0317, val_acc=0.988, train_loss_epoch=0.0308]Epoch 8:  21%|██        | 30/144 [00:00<00:03, 32.12it/s, v_num=80885, train_loss_step=0.0196, val_loss=0.0317, val_acc=0.988, train_loss_epoch=0.0308]Epoch 8:  21%|██        | 30/144 [00:00<00:03, 32.12it/s, v_num=80885, train_loss_step=0.0165, val_loss=0.0317, val_acc=0.988, train_loss_epoch=0.0308]Epoch 8:  22%|██▏       | 31/144 [00:00<00:03, 32.29it/s, v_num=80885, train_loss_step=0.0165, val_loss=0.0317, val_acc=0.988, train_loss_epoch=0.0308]Epoch 8:  22%|██▏       | 31/144 [00:00<00:03, 32.29it/s, v_num=80885, train_loss_step=0.0362, val_loss=0.0317, val_acc=0.988, train_loss_epoch=0.0308]Epoch 8:  22%|██▏       | 32/144 [00:00<00:03, 32.41it/s, v_num=80885, train_loss_step=0.0362, val_loss=0.0317, val_acc=0.988, train_loss_epoch=0.0308]Epoch 8:  22%|██▏       | 32/144 [00:00<00:03, 32.41it/s, v_num=80885, train_loss_step=0.015, val_loss=0.0317, val_acc=0.988, train_loss_epoch=0.0308] Epoch 8:  23%|██▎       | 33/144 [00:01<00:03, 32.56it/s, v_num=80885, train_loss_step=0.015, val_loss=0.0317, val_acc=0.988, train_loss_epoch=0.0308]Epoch 8:  23%|██▎       | 33/144 [00:01<00:03, 32.56it/s, v_num=80885, train_loss_step=0.0286, val_loss=0.0317, val_acc=0.988, train_loss_epoch=0.0308]Epoch 8:  24%|██▎       | 34/144 [00:01<00:03, 32.57it/s, v_num=80885, train_loss_step=0.0286, val_loss=0.0317, val_acc=0.988, train_loss_epoch=0.0308]Epoch 8:  24%|██▎       | 34/144 [00:01<00:03, 32.56it/s, v_num=80885, train_loss_step=0.0528, val_loss=0.0317, val_acc=0.988, train_loss_epoch=0.0308]Epoch 8:  24%|██▍       | 35/144 [00:01<00:03, 32.64it/s, v_num=80885, train_loss_step=0.0528, val_loss=0.0317, val_acc=0.988, train_loss_epoch=0.0308]Epoch 8:  24%|██▍       | 35/144 [00:01<00:03, 32.63it/s, v_num=80885, train_loss_step=0.00319, val_loss=0.0317, val_acc=0.988, train_loss_epoch=0.0308]Epoch 8:  25%|██▌       | 36/144 [00:01<00:03, 32.73it/s, v_num=80885, train_loss_step=0.00319, val_loss=0.0317, val_acc=0.988, train_loss_epoch=0.0308]Epoch 8:  25%|██▌       | 36/144 [00:01<00:03, 32.72it/s, v_num=80885, train_loss_step=0.0171, val_loss=0.0317, val_acc=0.988, train_loss_epoch=0.0308] Epoch 8:  26%|██▌       | 37/144 [00:01<00:03, 32.79it/s, v_num=80885, train_loss_step=0.0171, val_loss=0.0317, val_acc=0.988, train_loss_epoch=0.0308]Epoch 8:  26%|██▌       | 37/144 [00:01<00:03, 32.79it/s, v_num=80885, train_loss_step=0.00549, val_loss=0.0317, val_acc=0.988, train_loss_epoch=0.0308]Epoch 8:  26%|██▋       | 38/144 [00:01<00:03, 32.81it/s, v_num=80885, train_loss_step=0.00549, val_loss=0.0317, val_acc=0.988, train_loss_epoch=0.0308]Epoch 8:  26%|██▋       | 38/144 [00:01<00:03, 32.80it/s, v_num=80885, train_loss_step=0.0056, val_loss=0.0317, val_acc=0.988, train_loss_epoch=0.0308] Epoch 8:  27%|██▋       | 39/144 [00:01<00:03, 32.90it/s, v_num=80885, train_loss_step=0.0056, val_loss=0.0317, val_acc=0.988, train_loss_epoch=0.0308]Epoch 8:  27%|██▋       | 39/144 [00:01<00:03, 32.90it/s, v_num=80885, train_loss_step=0.0308, val_loss=0.0317, val_acc=0.988, train_loss_epoch=0.0308]Epoch 8:  28%|██▊       | 40/144 [00:01<00:03, 32.96it/s, v_num=80885, train_loss_step=0.0308, val_loss=0.0317, val_acc=0.988, train_loss_epoch=0.0308]Epoch 8:  28%|██▊       | 40/144 [00:01<00:03, 32.96it/s, v_num=80885, train_loss_step=0.033, val_loss=0.0317, val_acc=0.988, train_loss_epoch=0.0308] Epoch 8:  28%|██▊       | 41/144 [00:01<00:03, 33.05it/s, v_num=80885, train_loss_step=0.033, val_loss=0.0317, val_acc=0.988, train_loss_epoch=0.0308]Epoch 8:  28%|██▊       | 41/144 [00:01<00:03, 33.04it/s, v_num=80885, train_loss_step=0.0429, val_loss=0.0317, val_acc=0.988, train_loss_epoch=0.0308]Epoch 8:  29%|██▉       | 42/144 [00:01<00:03, 33.05it/s, v_num=80885, train_loss_step=0.0429, val_loss=0.0317, val_acc=0.988, train_loss_epoch=0.0308]Epoch 8:  29%|██▉       | 42/144 [00:01<00:03, 33.05it/s, v_num=80885, train_loss_step=0.0165, val_loss=0.0317, val_acc=0.988, train_loss_epoch=0.0308]Epoch 8:  30%|██▉       | 43/144 [00:01<00:03, 33.14it/s, v_num=80885, train_loss_step=0.0165, val_loss=0.0317, val_acc=0.988, train_loss_epoch=0.0308]Epoch 8:  30%|██▉       | 43/144 [00:01<00:03, 33.13it/s, v_num=80885, train_loss_step=0.0289, val_loss=0.0317, val_acc=0.988, train_loss_epoch=0.0308]Epoch 8:  31%|███       | 44/144 [00:01<00:03, 33.22it/s, v_num=80885, train_loss_step=0.0289, val_loss=0.0317, val_acc=0.988, train_loss_epoch=0.0308]Epoch 8:  31%|███       | 44/144 [00:01<00:03, 33.22it/s, v_num=80885, train_loss_step=0.0111, val_loss=0.0317, val_acc=0.988, train_loss_epoch=0.0308]Epoch 8:  31%|███▏      | 45/144 [00:01<00:02, 33.29it/s, v_num=80885, train_loss_step=0.0111, val_loss=0.0317, val_acc=0.988, train_loss_epoch=0.0308]Epoch 8:  31%|███▏      | 45/144 [00:01<00:02, 33.29it/s, v_num=80885, train_loss_step=0.0307, val_loss=0.0317, val_acc=0.988, train_loss_epoch=0.0308]Epoch 8:  32%|███▏      | 46/144 [00:01<00:02, 33.30it/s, v_num=80885, train_loss_step=0.0307, val_loss=0.0317, val_acc=0.988, train_loss_epoch=0.0308]Epoch 8:  32%|███▏      | 46/144 [00:01<00:02, 33.30it/s, v_num=80885, train_loss_step=0.0129, val_loss=0.0317, val_acc=0.988, train_loss_epoch=0.0308]Epoch 8:  33%|███▎      | 47/144 [00:01<00:02, 33.41it/s, v_num=80885, train_loss_step=0.0129, val_loss=0.0317, val_acc=0.988, train_loss_epoch=0.0308]Epoch 8:  33%|███▎      | 47/144 [00:01<00:02, 33.40it/s, v_num=80885, train_loss_step=0.00812, val_loss=0.0317, val_acc=0.988, train_loss_epoch=0.0308]Epoch 8:  33%|███▎      | 48/144 [00:01<00:02, 33.47it/s, v_num=80885, train_loss_step=0.00812, val_loss=0.0317, val_acc=0.988, train_loss_epoch=0.0308]Epoch 8:  33%|███▎      | 48/144 [00:01<00:02, 33.47it/s, v_num=80885, train_loss_step=0.0106, val_loss=0.0317, val_acc=0.988, train_loss_epoch=0.0308] Epoch 8:  34%|███▍      | 49/144 [00:01<00:02, 33.50it/s, v_num=80885, train_loss_step=0.0106, val_loss=0.0317, val_acc=0.988, train_loss_epoch=0.0308]Epoch 8:  34%|███▍      | 49/144 [00:01<00:02, 33.50it/s, v_num=80885, train_loss_step=0.0168, val_loss=0.0317, val_acc=0.988, train_loss_epoch=0.0308]Epoch 8:  35%|███▍      | 50/144 [00:01<00:02, 33.48it/s, v_num=80885, train_loss_step=0.0168, val_loss=0.0317, val_acc=0.988, train_loss_epoch=0.0308]Epoch 8:  35%|███▍      | 50/144 [00:01<00:02, 33.48it/s, v_num=80885, train_loss_step=0.0213, val_loss=0.0317, val_acc=0.988, train_loss_epoch=0.0308]Epoch 8:  35%|███▌      | 51/144 [00:01<00:02, 33.56it/s, v_num=80885, train_loss_step=0.0213, val_loss=0.0317, val_acc=0.988, train_loss_epoch=0.0308]Epoch 8:  35%|███▌      | 51/144 [00:01<00:02, 33.56it/s, v_num=80885, train_loss_step=0.0204, val_loss=0.0317, val_acc=0.988, train_loss_epoch=0.0308]Epoch 8:  36%|███▌      | 52/144 [00:01<00:02, 33.61it/s, v_num=80885, train_loss_step=0.0204, val_loss=0.0317, val_acc=0.988, train_loss_epoch=0.0308]Epoch 8:  36%|███▌      | 52/144 [00:01<00:02, 33.61it/s, v_num=80885, train_loss_step=0.0432, val_loss=0.0317, val_acc=0.988, train_loss_epoch=0.0308]Epoch 8:  37%|███▋      | 53/144 [00:01<00:02, 33.69it/s, v_num=80885, train_loss_step=0.0432, val_loss=0.0317, val_acc=0.988, train_loss_epoch=0.0308]Epoch 8:  37%|███▋      | 53/144 [00:01<00:02, 33.68it/s, v_num=80885, train_loss_step=0.0196, val_loss=0.0317, val_acc=0.988, train_loss_epoch=0.0308]Epoch 8:  38%|███▊      | 54/144 [00:01<00:02, 33.71it/s, v_num=80885, train_loss_step=0.0196, val_loss=0.0317, val_acc=0.988, train_loss_epoch=0.0308]Epoch 8:  38%|███▊      | 54/144 [00:01<00:02, 33.71it/s, v_num=80885, train_loss_step=0.0338, val_loss=0.0317, val_acc=0.988, train_loss_epoch=0.0308]Epoch 8:  38%|███▊      | 55/144 [00:01<00:02, 33.78it/s, v_num=80885, train_loss_step=0.0338, val_loss=0.0317, val_acc=0.988, train_loss_epoch=0.0308]Epoch 8:  38%|███▊      | 55/144 [00:01<00:02, 33.78it/s, v_num=80885, train_loss_step=0.018, val_loss=0.0317, val_acc=0.988, train_loss_epoch=0.0308] Epoch 8:  39%|███▉      | 56/144 [00:01<00:02, 33.85it/s, v_num=80885, train_loss_step=0.018, val_loss=0.0317, val_acc=0.988, train_loss_epoch=0.0308]Epoch 8:  39%|███▉      | 56/144 [00:01<00:02, 33.85it/s, v_num=80885, train_loss_step=0.00778, val_loss=0.0317, val_acc=0.988, train_loss_epoch=0.0308]Epoch 8:  40%|███▉      | 57/144 [00:01<00:02, 33.90it/s, v_num=80885, train_loss_step=0.00778, val_loss=0.0317, val_acc=0.988, train_loss_epoch=0.0308]Epoch 8:  40%|███▉      | 57/144 [00:01<00:02, 33.89it/s, v_num=80885, train_loss_step=0.00824, val_loss=0.0317, val_acc=0.988, train_loss_epoch=0.0308]Epoch 8:  40%|████      | 58/144 [00:01<00:02, 33.90it/s, v_num=80885, train_loss_step=0.00824, val_loss=0.0317, val_acc=0.988, train_loss_epoch=0.0308]Epoch 8:  40%|████      | 58/144 [00:01<00:02, 33.90it/s, v_num=80885, train_loss_step=0.0124, val_loss=0.0317, val_acc=0.988, train_loss_epoch=0.0308] Epoch 8:  41%|████      | 59/144 [00:01<00:02, 33.92it/s, v_num=80885, train_loss_step=0.0124, val_loss=0.0317, val_acc=0.988, train_loss_epoch=0.0308]Epoch 8:  41%|████      | 59/144 [00:01<00:02, 33.92it/s, v_num=80885, train_loss_step=0.0469, val_loss=0.0317, val_acc=0.988, train_loss_epoch=0.0308]Epoch 8:  42%|████▏     | 60/144 [00:01<00:02, 33.94it/s, v_num=80885, train_loss_step=0.0469, val_loss=0.0317, val_acc=0.988, train_loss_epoch=0.0308]Epoch 8:  42%|████▏     | 60/144 [00:01<00:02, 33.94it/s, v_num=80885, train_loss_step=0.066, val_loss=0.0317, val_acc=0.988, train_loss_epoch=0.0308] Epoch 8:  42%|████▏     | 61/144 [00:01<00:02, 33.99it/s, v_num=80885, train_loss_step=0.066, val_loss=0.0317, val_acc=0.988, train_loss_epoch=0.0308]Epoch 8:  42%|████▏     | 61/144 [00:01<00:02, 33.99it/s, v_num=80885, train_loss_step=0.0265, val_loss=0.0317, val_acc=0.988, train_loss_epoch=0.0308]Epoch 8:  43%|████▎     | 62/144 [00:01<00:02, 33.98it/s, v_num=80885, train_loss_step=0.0265, val_loss=0.0317, val_acc=0.988, train_loss_epoch=0.0308]Epoch 8:  43%|████▎     | 62/144 [00:01<00:02, 33.97it/s, v_num=80885, train_loss_step=0.0321, val_loss=0.0317, val_acc=0.988, train_loss_epoch=0.0308]Epoch 8:  44%|████▍     | 63/144 [00:01<00:02, 34.05it/s, v_num=80885, train_loss_step=0.0321, val_loss=0.0317, val_acc=0.988, train_loss_epoch=0.0308]Epoch 8:  44%|████▍     | 63/144 [00:01<00:02, 34.04it/s, v_num=80885, train_loss_step=0.0105, val_loss=0.0317, val_acc=0.988, train_loss_epoch=0.0308]Epoch 8:  44%|████▍     | 64/144 [00:01<00:02, 34.11it/s, v_num=80885, train_loss_step=0.0105, val_loss=0.0317, val_acc=0.988, train_loss_epoch=0.0308]Epoch 8:  44%|████▍     | 64/144 [00:01<00:02, 34.11it/s, v_num=80885, train_loss_step=0.0343, val_loss=0.0317, val_acc=0.988, train_loss_epoch=0.0308]Epoch 8:  45%|████▌     | 65/144 [00:01<00:02, 34.09it/s, v_num=80885, train_loss_step=0.0343, val_loss=0.0317, val_acc=0.988, train_loss_epoch=0.0308]Epoch 8:  45%|████▌     | 65/144 [00:01<00:02, 34.08it/s, v_num=80885, train_loss_step=0.0444, val_loss=0.0317, val_acc=0.988, train_loss_epoch=0.0308]Epoch 8:  46%|████▌     | 66/144 [00:01<00:02, 33.99it/s, v_num=80885, train_loss_step=0.0444, val_loss=0.0317, val_acc=0.988, train_loss_epoch=0.0308]Epoch 8:  46%|████▌     | 66/144 [00:01<00:02, 33.99it/s, v_num=80885, train_loss_step=0.0419, val_loss=0.0317, val_acc=0.988, train_loss_epoch=0.0308]Epoch 8:  47%|████▋     | 67/144 [00:01<00:02, 34.03it/s, v_num=80885, train_loss_step=0.0419, val_loss=0.0317, val_acc=0.988, train_loss_epoch=0.0308]Epoch 8:  47%|████▋     | 67/144 [00:01<00:02, 34.02it/s, v_num=80885, train_loss_step=0.0202, val_loss=0.0317, val_acc=0.988, train_loss_epoch=0.0308]Epoch 8:  47%|████▋     | 68/144 [00:01<00:02, 34.04it/s, v_num=80885, train_loss_step=0.0202, val_loss=0.0317, val_acc=0.988, train_loss_epoch=0.0308]Epoch 8:  47%|████▋     | 68/144 [00:01<00:02, 34.04it/s, v_num=80885, train_loss_step=0.0465, val_loss=0.0317, val_acc=0.988, train_loss_epoch=0.0308]Epoch 8:  48%|████▊     | 69/144 [00:02<00:02, 33.96it/s, v_num=80885, train_loss_step=0.0465, val_loss=0.0317, val_acc=0.988, train_loss_epoch=0.0308]Epoch 8:  48%|████▊     | 69/144 [00:02<00:02, 33.96it/s, v_num=80885, train_loss_step=0.0162, val_loss=0.0317, val_acc=0.988, train_loss_epoch=0.0308]Epoch 8:  49%|████▊     | 70/144 [00:02<00:02, 33.89it/s, v_num=80885, train_loss_step=0.0162, val_loss=0.0317, val_acc=0.988, train_loss_epoch=0.0308]Epoch 8:  49%|████▊     | 70/144 [00:02<00:02, 33.89it/s, v_num=80885, train_loss_step=0.0121, val_loss=0.0317, val_acc=0.988, train_loss_epoch=0.0308]Epoch 8:  49%|████▉     | 71/144 [00:02<00:02, 33.91it/s, v_num=80885, train_loss_step=0.0121, val_loss=0.0317, val_acc=0.988, train_loss_epoch=0.0308]Epoch 8:  49%|████▉     | 71/144 [00:02<00:02, 33.91it/s, v_num=80885, train_loss_step=0.0247, val_loss=0.0317, val_acc=0.988, train_loss_epoch=0.0308]Epoch 8:  50%|█████     | 72/144 [00:02<00:02, 33.98it/s, v_num=80885, train_loss_step=0.0247, val_loss=0.0317, val_acc=0.988, train_loss_epoch=0.0308]Epoch 8:  50%|█████     | 72/144 [00:02<00:02, 33.98it/s, v_num=80885, train_loss_step=0.0289, val_loss=0.0317, val_acc=0.988, train_loss_epoch=0.0308]Epoch 8:  51%|█████     | 73/144 [00:02<00:02, 34.05it/s, v_num=80885, train_loss_step=0.0289, val_loss=0.0317, val_acc=0.988, train_loss_epoch=0.0308]Epoch 8:  51%|█████     | 73/144 [00:02<00:02, 34.04it/s, v_num=80885, train_loss_step=0.0185, val_loss=0.0317, val_acc=0.988, train_loss_epoch=0.0308]Epoch 8:  51%|█████▏    | 74/144 [00:02<00:02, 34.05it/s, v_num=80885, train_loss_step=0.0185, val_loss=0.0317, val_acc=0.988, train_loss_epoch=0.0308]Epoch 8:  51%|█████▏    | 74/144 [00:02<00:02, 34.05it/s, v_num=80885, train_loss_step=0.011, val_loss=0.0317, val_acc=0.988, train_loss_epoch=0.0308] Epoch 8:  52%|█████▏    | 75/144 [00:02<00:02, 34.10it/s, v_num=80885, train_loss_step=0.011, val_loss=0.0317, val_acc=0.988, train_loss_epoch=0.0308]Epoch 8:  52%|█████▏    | 75/144 [00:02<00:02, 34.10it/s, v_num=80885, train_loss_step=0.0122, val_loss=0.0317, val_acc=0.988, train_loss_epoch=0.0308]Epoch 8:  53%|█████▎    | 76/144 [00:02<00:01, 34.15it/s, v_num=80885, train_loss_step=0.0122, val_loss=0.0317, val_acc=0.988, train_loss_epoch=0.0308]Epoch 8:  53%|█████▎    | 76/144 [00:02<00:01, 34.15it/s, v_num=80885, train_loss_step=0.0214, val_loss=0.0317, val_acc=0.988, train_loss_epoch=0.0308]Epoch 8:  53%|█████▎    | 77/144 [00:02<00:01, 34.13it/s, v_num=80885, train_loss_step=0.0214, val_loss=0.0317, val_acc=0.988, train_loss_epoch=0.0308]Epoch 8:  53%|█████▎    | 77/144 [00:02<00:01, 34.12it/s, v_num=80885, train_loss_step=0.00595, val_loss=0.0317, val_acc=0.988, train_loss_epoch=0.0308]Epoch 8:  54%|█████▍    | 78/144 [00:02<00:01, 34.12it/s, v_num=80885, train_loss_step=0.00595, val_loss=0.0317, val_acc=0.988, train_loss_epoch=0.0308]Epoch 8:  54%|█████▍    | 78/144 [00:02<00:01, 34.11it/s, v_num=80885, train_loss_step=0.0288, val_loss=0.0317, val_acc=0.988, train_loss_epoch=0.0308] Epoch 8:  55%|█████▍    | 79/144 [00:02<00:01, 34.15it/s, v_num=80885, train_loss_step=0.0288, val_loss=0.0317, val_acc=0.988, train_loss_epoch=0.0308]Epoch 8:  55%|█████▍    | 79/144 [00:02<00:01, 34.15it/s, v_num=80885, train_loss_step=0.0231, val_loss=0.0317, val_acc=0.988, train_loss_epoch=0.0308]Epoch 8:  56%|█████▌    | 80/144 [00:02<00:01, 34.20it/s, v_num=80885, train_loss_step=0.0231, val_loss=0.0317, val_acc=0.988, train_loss_epoch=0.0308]Epoch 8:  56%|█████▌    | 80/144 [00:02<00:01, 34.20it/s, v_num=80885, train_loss_step=0.0141, val_loss=0.0317, val_acc=0.988, train_loss_epoch=0.0308]Epoch 8:  56%|█████▋    | 81/144 [00:02<00:01, 34.25it/s, v_num=80885, train_loss_step=0.0141, val_loss=0.0317, val_acc=0.988, train_loss_epoch=0.0308]Epoch 8:  56%|█████▋    | 81/144 [00:02<00:01, 34.25it/s, v_num=80885, train_loss_step=0.0119, val_loss=0.0317, val_acc=0.988, train_loss_epoch=0.0308]Epoch 8:  57%|█████▋    | 82/144 [00:02<00:01, 34.24it/s, v_num=80885, train_loss_step=0.0119, val_loss=0.0317, val_acc=0.988, train_loss_epoch=0.0308]Epoch 8:  57%|█████▋    | 82/144 [00:02<00:01, 34.24it/s, v_num=80885, train_loss_step=0.00909, val_loss=0.0317, val_acc=0.988, train_loss_epoch=0.0308]Epoch 8:  58%|█████▊    | 83/144 [00:02<00:01, 34.25it/s, v_num=80885, train_loss_step=0.00909, val_loss=0.0317, val_acc=0.988, train_loss_epoch=0.0308]Epoch 8:  58%|█████▊    | 83/144 [00:02<00:01, 34.25it/s, v_num=80885, train_loss_step=0.00849, val_loss=0.0317, val_acc=0.988, train_loss_epoch=0.0308]Epoch 8:  58%|█████▊    | 84/144 [00:02<00:01, 34.29it/s, v_num=80885, train_loss_step=0.00849, val_loss=0.0317, val_acc=0.988, train_loss_epoch=0.0308]Epoch 8:  58%|█████▊    | 84/144 [00:02<00:01, 34.29it/s, v_num=80885, train_loss_step=0.0325, val_loss=0.0317, val_acc=0.988, train_loss_epoch=0.0308] Epoch 8:  59%|█████▉    | 85/144 [00:02<00:01, 34.35it/s, v_num=80885, train_loss_step=0.0325, val_loss=0.0317, val_acc=0.988, train_loss_epoch=0.0308]Epoch 8:  59%|█████▉    | 85/144 [00:02<00:01, 34.35it/s, v_num=80885, train_loss_step=0.00915, val_loss=0.0317, val_acc=0.988, train_loss_epoch=0.0308]Epoch 8:  60%|█████▉    | 86/144 [00:02<00:01, 34.30it/s, v_num=80885, train_loss_step=0.00915, val_loss=0.0317, val_acc=0.988, train_loss_epoch=0.0308]Epoch 8:  60%|█████▉    | 86/144 [00:02<00:01, 34.30it/s, v_num=80885, train_loss_step=0.0173, val_loss=0.0317, val_acc=0.988, train_loss_epoch=0.0308] Epoch 8:  60%|██████    | 87/144 [00:02<00:01, 34.29it/s, v_num=80885, train_loss_step=0.0173, val_loss=0.0317, val_acc=0.988, train_loss_epoch=0.0308]Epoch 8:  60%|██████    | 87/144 [00:02<00:01, 34.28it/s, v_num=80885, train_loss_step=0.0109, val_loss=0.0317, val_acc=0.988, train_loss_epoch=0.0308]Epoch 8:  61%|██████    | 88/144 [00:02<00:01, 34.32it/s, v_num=80885, train_loss_step=0.0109, val_loss=0.0317, val_acc=0.988, train_loss_epoch=0.0308]Epoch 8:  61%|██████    | 88/144 [00:02<00:01, 34.32it/s, v_num=80885, train_loss_step=0.0324, val_loss=0.0317, val_acc=0.988, train_loss_epoch=0.0308]Epoch 8:  62%|██████▏   | 89/144 [00:02<00:01, 34.35it/s, v_num=80885, train_loss_step=0.0324, val_loss=0.0317, val_acc=0.988, train_loss_epoch=0.0308]Epoch 8:  62%|██████▏   | 89/144 [00:02<00:01, 34.35it/s, v_num=80885, train_loss_step=0.0133, val_loss=0.0317, val_acc=0.988, train_loss_epoch=0.0308]Epoch 8:  62%|██████▎   | 90/144 [00:02<00:01, 34.34it/s, v_num=80885, train_loss_step=0.0133, val_loss=0.0317, val_acc=0.988, train_loss_epoch=0.0308]Epoch 8:  62%|██████▎   | 90/144 [00:02<00:01, 34.34it/s, v_num=80885, train_loss_step=0.0181, val_loss=0.0317, val_acc=0.988, train_loss_epoch=0.0308]Epoch 8:  63%|██████▎   | 91/144 [00:02<00:01, 34.37it/s, v_num=80885, train_loss_step=0.0181, val_loss=0.0317, val_acc=0.988, train_loss_epoch=0.0308]Epoch 8:  63%|██████▎   | 91/144 [00:02<00:01, 34.37it/s, v_num=80885, train_loss_step=0.0357, val_loss=0.0317, val_acc=0.988, train_loss_epoch=0.0308]Epoch 8:  64%|██████▍   | 92/144 [00:02<00:01, 34.41it/s, v_num=80885, train_loss_step=0.0357, val_loss=0.0317, val_acc=0.988, train_loss_epoch=0.0308]Epoch 8:  64%|██████▍   | 92/144 [00:02<00:01, 34.41it/s, v_num=80885, train_loss_step=0.0319, val_loss=0.0317, val_acc=0.988, train_loss_epoch=0.0308]Epoch 8:  65%|██████▍   | 93/144 [00:02<00:01, 34.44it/s, v_num=80885, train_loss_step=0.0319, val_loss=0.0317, val_acc=0.988, train_loss_epoch=0.0308]Epoch 8:  65%|██████▍   | 93/144 [00:02<00:01, 34.44it/s, v_num=80885, train_loss_step=0.0158, val_loss=0.0317, val_acc=0.988, train_loss_epoch=0.0308]Epoch 8:  65%|██████▌   | 94/144 [00:02<00:01, 34.43it/s, v_num=80885, train_loss_step=0.0158, val_loss=0.0317, val_acc=0.988, train_loss_epoch=0.0308]Epoch 8:  65%|██████▌   | 94/144 [00:02<00:01, 34.43it/s, v_num=80885, train_loss_step=0.0151, val_loss=0.0317, val_acc=0.988, train_loss_epoch=0.0308]Epoch 8:  66%|██████▌   | 95/144 [00:02<00:01, 34.47it/s, v_num=80885, train_loss_step=0.0151, val_loss=0.0317, val_acc=0.988, train_loss_epoch=0.0308]Epoch 8:  66%|██████▌   | 95/144 [00:02<00:01, 34.46it/s, v_num=80885, train_loss_step=0.0133, val_loss=0.0317, val_acc=0.988, train_loss_epoch=0.0308]Epoch 8:  67%|██████▋   | 96/144 [00:02<00:01, 34.49it/s, v_num=80885, train_loss_step=0.0133, val_loss=0.0317, val_acc=0.988, train_loss_epoch=0.0308]Epoch 8:  67%|██████▋   | 96/144 [00:02<00:01, 34.49it/s, v_num=80885, train_loss_step=0.0376, val_loss=0.0317, val_acc=0.988, train_loss_epoch=0.0308]Epoch 8:  67%|██████▋   | 97/144 [00:02<00:01, 34.54it/s, v_num=80885, train_loss_step=0.0376, val_loss=0.0317, val_acc=0.988, train_loss_epoch=0.0308]Epoch 8:  67%|██████▋   | 97/144 [00:02<00:01, 34.54it/s, v_num=80885, train_loss_step=0.0485, val_loss=0.0317, val_acc=0.988, train_loss_epoch=0.0308]Epoch 8:  68%|██████▊   | 98/144 [00:02<00:01, 34.52it/s, v_num=80885, train_loss_step=0.0485, val_loss=0.0317, val_acc=0.988, train_loss_epoch=0.0308]Epoch 8:  68%|██████▊   | 98/144 [00:02<00:01, 34.51it/s, v_num=80885, train_loss_step=0.0375, val_loss=0.0317, val_acc=0.988, train_loss_epoch=0.0308]Epoch 8:  69%|██████▉   | 99/144 [00:02<00:01, 34.53it/s, v_num=80885, train_loss_step=0.0375, val_loss=0.0317, val_acc=0.988, train_loss_epoch=0.0308]Epoch 8:  69%|██████▉   | 99/144 [00:02<00:01, 34.53it/s, v_num=80885, train_loss_step=0.0209, val_loss=0.0317, val_acc=0.988, train_loss_epoch=0.0308]Epoch 8:  69%|██████▉   | 100/144 [00:02<00:01, 34.57it/s, v_num=80885, train_loss_step=0.0209, val_loss=0.0317, val_acc=0.988, train_loss_epoch=0.0308]Epoch 8:  69%|██████▉   | 100/144 [00:02<00:01, 34.57it/s, v_num=80885, train_loss_step=0.0177, val_loss=0.0317, val_acc=0.988, train_loss_epoch=0.0308]Epoch 8:  70%|███████   | 101/144 [00:02<00:01, 34.61it/s, v_num=80885, train_loss_step=0.0177, val_loss=0.0317, val_acc=0.988, train_loss_epoch=0.0308]Epoch 8:  70%|███████   | 101/144 [00:02<00:01, 34.61it/s, v_num=80885, train_loss_step=0.0169, val_loss=0.0317, val_acc=0.988, train_loss_epoch=0.0308]Epoch 8:  71%|███████   | 102/144 [00:02<00:01, 34.60it/s, v_num=80885, train_loss_step=0.0169, val_loss=0.0317, val_acc=0.988, train_loss_epoch=0.0308]Epoch 8:  71%|███████   | 102/144 [00:02<00:01, 34.60it/s, v_num=80885, train_loss_step=0.0325, val_loss=0.0317, val_acc=0.988, train_loss_epoch=0.0308]Epoch 8:  72%|███████▏  | 103/144 [00:02<00:01, 34.63it/s, v_num=80885, train_loss_step=0.0325, val_loss=0.0317, val_acc=0.988, train_loss_epoch=0.0308]Epoch 8:  72%|███████▏  | 103/144 [00:02<00:01, 34.63it/s, v_num=80885, train_loss_step=0.017, val_loss=0.0317, val_acc=0.988, train_loss_epoch=0.0308] Epoch 8:  72%|███████▏  | 104/144 [00:03<00:01, 34.66it/s, v_num=80885, train_loss_step=0.017, val_loss=0.0317, val_acc=0.988, train_loss_epoch=0.0308]Epoch 8:  72%|███████▏  | 104/144 [00:03<00:01, 34.66it/s, v_num=80885, train_loss_step=0.0173, val_loss=0.0317, val_acc=0.988, train_loss_epoch=0.0308]Epoch 8:  73%|███████▎  | 105/144 [00:03<00:01, 34.70it/s, v_num=80885, train_loss_step=0.0173, val_loss=0.0317, val_acc=0.988, train_loss_epoch=0.0308]Epoch 8:  73%|███████▎  | 105/144 [00:03<00:01, 34.70it/s, v_num=80885, train_loss_step=0.0171, val_loss=0.0317, val_acc=0.988, train_loss_epoch=0.0308]Epoch 8:  74%|███████▎  | 106/144 [00:03<00:01, 34.65it/s, v_num=80885, train_loss_step=0.0171, val_loss=0.0317, val_acc=0.988, train_loss_epoch=0.0308]Epoch 8:  74%|███████▎  | 106/144 [00:03<00:01, 34.64it/s, v_num=80885, train_loss_step=0.0187, val_loss=0.0317, val_acc=0.988, train_loss_epoch=0.0308]Epoch 8:  74%|███████▍  | 107/144 [00:03<00:01, 34.69it/s, v_num=80885, train_loss_step=0.0187, val_loss=0.0317, val_acc=0.988, train_loss_epoch=0.0308]Epoch 8:  74%|███████▍  | 107/144 [00:03<00:01, 34.69it/s, v_num=80885, train_loss_step=0.0363, val_loss=0.0317, val_acc=0.988, train_loss_epoch=0.0308]Epoch 8:  75%|███████▌  | 108/144 [00:03<00:01, 34.73it/s, v_num=80885, train_loss_step=0.0363, val_loss=0.0317, val_acc=0.988, train_loss_epoch=0.0308]Epoch 8:  75%|███████▌  | 108/144 [00:03<00:01, 34.73it/s, v_num=80885, train_loss_step=0.0125, val_loss=0.0317, val_acc=0.988, train_loss_epoch=0.0308]Epoch 8:  76%|███████▌  | 109/144 [00:03<00:01, 34.78it/s, v_num=80885, train_loss_step=0.0125, val_loss=0.0317, val_acc=0.988, train_loss_epoch=0.0308]Epoch 8:  76%|███████▌  | 109/144 [00:03<00:01, 34.78it/s, v_num=80885, train_loss_step=0.0201, val_loss=0.0317, val_acc=0.988, train_loss_epoch=0.0308]Epoch 8:  76%|███████▋  | 110/144 [00:03<00:00, 34.79it/s, v_num=80885, train_loss_step=0.0201, val_loss=0.0317, val_acc=0.988, train_loss_epoch=0.0308]Epoch 8:  76%|███████▋  | 110/144 [00:03<00:00, 34.79it/s, v_num=80885, train_loss_step=0.0271, val_loss=0.0317, val_acc=0.988, train_loss_epoch=0.0308]Epoch 8:  77%|███████▋  | 111/144 [00:03<00:00, 34.83it/s, v_num=80885, train_loss_step=0.0271, val_loss=0.0317, val_acc=0.988, train_loss_epoch=0.0308]Epoch 8:  77%|███████▋  | 111/144 [00:03<00:00, 34.82it/s, v_num=80885, train_loss_step=0.0153, val_loss=0.0317, val_acc=0.988, train_loss_epoch=0.0308]Epoch 8:  78%|███████▊  | 112/144 [00:03<00:00, 34.88it/s, v_num=80885, train_loss_step=0.0153, val_loss=0.0317, val_acc=0.988, train_loss_epoch=0.0308]Epoch 8:  78%|███████▊  | 112/144 [00:03<00:00, 34.88it/s, v_num=80885, train_loss_step=0.024, val_loss=0.0317, val_acc=0.988, train_loss_epoch=0.0308] Epoch 8:  78%|███████▊  | 113/144 [00:03<00:00, 34.93it/s, v_num=80885, train_loss_step=0.024, val_loss=0.0317, val_acc=0.988, train_loss_epoch=0.0308]Epoch 8:  78%|███████▊  | 113/144 [00:03<00:00, 34.92it/s, v_num=80885, train_loss_step=0.0231, val_loss=0.0317, val_acc=0.988, train_loss_epoch=0.0308]Epoch 8:  79%|███████▉  | 114/144 [00:03<00:00, 34.92it/s, v_num=80885, train_loss_step=0.0231, val_loss=0.0317, val_acc=0.988, train_loss_epoch=0.0308]Epoch 8:  79%|███████▉  | 114/144 [00:03<00:00, 34.92it/s, v_num=80885, train_loss_step=0.0146, val_loss=0.0317, val_acc=0.988, train_loss_epoch=0.0308]Epoch 8:  80%|███████▉  | 115/144 [00:03<00:00, 34.92it/s, v_num=80885, train_loss_step=0.0146, val_loss=0.0317, val_acc=0.988, train_loss_epoch=0.0308]Epoch 8:  80%|███████▉  | 115/144 [00:03<00:00, 34.92it/s, v_num=80885, train_loss_step=0.00624, val_loss=0.0317, val_acc=0.988, train_loss_epoch=0.0308]Epoch 8:  81%|████████  | 116/144 [00:03<00:00, 34.97it/s, v_num=80885, train_loss_step=0.00624, val_loss=0.0317, val_acc=0.988, train_loss_epoch=0.0308]Epoch 8:  81%|████████  | 116/144 [00:03<00:00, 34.97it/s, v_num=80885, train_loss_step=0.0327, val_loss=0.0317, val_acc=0.988, train_loss_epoch=0.0308] Epoch 8:  81%|████████▏ | 117/144 [00:03<00:00, 35.01it/s, v_num=80885, train_loss_step=0.0327, val_loss=0.0317, val_acc=0.988, train_loss_epoch=0.0308]Epoch 8:  81%|████████▏ | 117/144 [00:03<00:00, 35.01it/s, v_num=80885, train_loss_step=0.0169, val_loss=0.0317, val_acc=0.988, train_loss_epoch=0.0308]Epoch 8:  82%|████████▏ | 118/144 [00:03<00:00, 35.04it/s, v_num=80885, train_loss_step=0.0169, val_loss=0.0317, val_acc=0.988, train_loss_epoch=0.0308]Epoch 8:  82%|████████▏ | 118/144 [00:03<00:00, 35.03it/s, v_num=80885, train_loss_step=0.0277, val_loss=0.0317, val_acc=0.988, train_loss_epoch=0.0308]Epoch 8:  83%|████████▎ | 119/144 [00:03<00:00, 35.02it/s, v_num=80885, train_loss_step=0.0277, val_loss=0.0317, val_acc=0.988, train_loss_epoch=0.0308]Epoch 8:  83%|████████▎ | 119/144 [00:03<00:00, 35.02it/s, v_num=80885, train_loss_step=0.0261, val_loss=0.0317, val_acc=0.988, train_loss_epoch=0.0308]Epoch 8:  83%|████████▎ | 120/144 [00:03<00:00, 35.06it/s, v_num=80885, train_loss_step=0.0261, val_loss=0.0317, val_acc=0.988, train_loss_epoch=0.0308]Epoch 8:  83%|████████▎ | 120/144 [00:03<00:00, 35.06it/s, v_num=80885, train_loss_step=0.00915, val_loss=0.0317, val_acc=0.988, train_loss_epoch=0.0308]Epoch 8:  84%|████████▍ | 121/144 [00:03<00:00, 35.11it/s, v_num=80885, train_loss_step=0.00915, val_loss=0.0317, val_acc=0.988, train_loss_epoch=0.0308]Epoch 8:  84%|████████▍ | 121/144 [00:03<00:00, 35.11it/s, v_num=80885, train_loss_step=0.0124, val_loss=0.0317, val_acc=0.988, train_loss_epoch=0.0308] Epoch 8:  85%|████████▍ | 122/144 [00:03<00:00, 35.12it/s, v_num=80885, train_loss_step=0.0124, val_loss=0.0317, val_acc=0.988, train_loss_epoch=0.0308]Epoch 8:  85%|████████▍ | 122/144 [00:03<00:00, 35.12it/s, v_num=80885, train_loss_step=0.0134, val_loss=0.0317, val_acc=0.988, train_loss_epoch=0.0308]Epoch 8:  85%|████████▌ | 123/144 [00:03<00:00, 35.12it/s, v_num=80885, train_loss_step=0.0134, val_loss=0.0317, val_acc=0.988, train_loss_epoch=0.0308]Epoch 8:  85%|████████▌ | 123/144 [00:03<00:00, 35.12it/s, v_num=80885, train_loss_step=0.0245, val_loss=0.0317, val_acc=0.988, train_loss_epoch=0.0308]Epoch 8:  86%|████████▌ | 124/144 [00:03<00:00, 35.16it/s, v_num=80885, train_loss_step=0.0245, val_loss=0.0317, val_acc=0.988, train_loss_epoch=0.0308]Epoch 8:  86%|████████▌ | 124/144 [00:03<00:00, 35.15it/s, v_num=80885, train_loss_step=0.0306, val_loss=0.0317, val_acc=0.988, train_loss_epoch=0.0308]Epoch 8:  87%|████████▋ | 125/144 [00:03<00:00, 35.18it/s, v_num=80885, train_loss_step=0.0306, val_loss=0.0317, val_acc=0.988, train_loss_epoch=0.0308]Epoch 8:  87%|████████▋ | 125/144 [00:03<00:00, 35.18it/s, v_num=80885, train_loss_step=0.00968, val_loss=0.0317, val_acc=0.988, train_loss_epoch=0.0308]Epoch 8:  88%|████████▊ | 126/144 [00:03<00:00, 35.19it/s, v_num=80885, train_loss_step=0.00968, val_loss=0.0317, val_acc=0.988, train_loss_epoch=0.0308]Epoch 8:  88%|████████▊ | 126/144 [00:03<00:00, 35.19it/s, v_num=80885, train_loss_step=0.0158, val_loss=0.0317, val_acc=0.988, train_loss_epoch=0.0308] Epoch 8:  88%|████████▊ | 127/144 [00:03<00:00, 35.16it/s, v_num=80885, train_loss_step=0.0158, val_loss=0.0317, val_acc=0.988, train_loss_epoch=0.0308]Epoch 8:  88%|████████▊ | 127/144 [00:03<00:00, 35.16it/s, v_num=80885, train_loss_step=0.0192, val_loss=0.0317, val_acc=0.988, train_loss_epoch=0.0308]Epoch 8:  89%|████████▉ | 128/144 [00:03<00:00, 35.19it/s, v_num=80885, train_loss_step=0.0192, val_loss=0.0317, val_acc=0.988, train_loss_epoch=0.0308]Epoch 8:  89%|████████▉ | 128/144 [00:03<00:00, 35.19it/s, v_num=80885, train_loss_step=0.0235, val_loss=0.0317, val_acc=0.988, train_loss_epoch=0.0308]Epoch 8:  90%|████████▉ | 129/144 [00:03<00:00, 35.22it/s, v_num=80885, train_loss_step=0.0235, val_loss=0.0317, val_acc=0.988, train_loss_epoch=0.0308]Epoch 8:  90%|████████▉ | 129/144 [00:03<00:00, 35.22it/s, v_num=80885, train_loss_step=0.0123, val_loss=0.0317, val_acc=0.988, train_loss_epoch=0.0308]Epoch 8:  90%|█████████ | 130/144 [00:03<00:00, 35.25it/s, v_num=80885, train_loss_step=0.0123, val_loss=0.0317, val_acc=0.988, train_loss_epoch=0.0308]Epoch 8:  90%|█████████ | 130/144 [00:03<00:00, 35.25it/s, v_num=80885, train_loss_step=0.00815, val_loss=0.0317, val_acc=0.988, train_loss_epoch=0.0308]Epoch 8:  91%|█████████ | 131/144 [00:03<00:00, 35.26it/s, v_num=80885, train_loss_step=0.00815, val_loss=0.0317, val_acc=0.988, train_loss_epoch=0.0308]Epoch 8:  91%|█████████ | 131/144 [00:03<00:00, 35.26it/s, v_num=80885, train_loss_step=0.028, val_loss=0.0317, val_acc=0.988, train_loss_epoch=0.0308]  Epoch 8:  92%|█████████▏| 132/144 [00:03<00:00, 35.29it/s, v_num=80885, train_loss_step=0.028, val_loss=0.0317, val_acc=0.988, train_loss_epoch=0.0308]Epoch 8:  92%|█████████▏| 132/144 [00:03<00:00, 35.29it/s, v_num=80885, train_loss_step=0.0136, val_loss=0.0317, val_acc=0.988, train_loss_epoch=0.0308]Epoch 8:  92%|█████████▏| 133/144 [00:03<00:00, 35.32it/s, v_num=80885, train_loss_step=0.0136, val_loss=0.0317, val_acc=0.988, train_loss_epoch=0.0308]Epoch 8:  92%|█████████▏| 133/144 [00:03<00:00, 35.32it/s, v_num=80885, train_loss_step=0.0287, val_loss=0.0317, val_acc=0.988, train_loss_epoch=0.0308]Epoch 8:  93%|█████████▎| 134/144 [00:03<00:00, 35.35it/s, v_num=80885, train_loss_step=0.0287, val_loss=0.0317, val_acc=0.988, train_loss_epoch=0.0308]Epoch 8:  93%|█████████▎| 134/144 [00:03<00:00, 35.35it/s, v_num=80885, train_loss_step=0.0294, val_loss=0.0317, val_acc=0.988, train_loss_epoch=0.0308]Epoch 8:  94%|█████████▍| 135/144 [00:03<00:00, 35.31it/s, v_num=80885, train_loss_step=0.0294, val_loss=0.0317, val_acc=0.988, train_loss_epoch=0.0308]Epoch 8:  94%|█████████▍| 135/144 [00:03<00:00, 35.30it/s, v_num=80885, train_loss_step=0.0192, val_loss=0.0317, val_acc=0.988, train_loss_epoch=0.0308]Epoch 8:  94%|█████████▍| 136/144 [00:03<00:00, 35.33it/s, v_num=80885, train_loss_step=0.0192, val_loss=0.0317, val_acc=0.988, train_loss_epoch=0.0308]Epoch 8:  94%|█████████▍| 136/144 [00:03<00:00, 35.33it/s, v_num=80885, train_loss_step=0.0121, val_loss=0.0317, val_acc=0.988, train_loss_epoch=0.0308]Epoch 8:  95%|█████████▌| 137/144 [00:03<00:00, 35.37it/s, v_num=80885, train_loss_step=0.0121, val_loss=0.0317, val_acc=0.988, train_loss_epoch=0.0308]Epoch 8:  95%|█████████▌| 137/144 [00:03<00:00, 35.37it/s, v_num=80885, train_loss_step=0.00719, val_loss=0.0317, val_acc=0.988, train_loss_epoch=0.0308]Epoch 8:  96%|█████████▌| 138/144 [00:03<00:00, 35.39it/s, v_num=80885, train_loss_step=0.00719, val_loss=0.0317, val_acc=0.988, train_loss_epoch=0.0308]Epoch 8:  96%|█████████▌| 138/144 [00:03<00:00, 35.39it/s, v_num=80885, train_loss_step=0.0283, val_loss=0.0317, val_acc=0.988, train_loss_epoch=0.0308] Epoch 8:  97%|█████████▋| 139/144 [00:03<00:00, 35.37it/s, v_num=80885, train_loss_step=0.0283, val_loss=0.0317, val_acc=0.988, train_loss_epoch=0.0308]Epoch 8:  97%|█████████▋| 139/144 [00:03<00:00, 35.37it/s, v_num=80885, train_loss_step=0.0211, val_loss=0.0317, val_acc=0.988, train_loss_epoch=0.0308]Epoch 8:  97%|█████████▋| 140/144 [00:03<00:00, 35.33it/s, v_num=80885, train_loss_step=0.0211, val_loss=0.0317, val_acc=0.988, train_loss_epoch=0.0308]Epoch 8:  97%|█████████▋| 140/144 [00:03<00:00, 35.33it/s, v_num=80885, train_loss_step=0.00757, val_loss=0.0317, val_acc=0.988, train_loss_epoch=0.0308]Epoch 8:  98%|█████████▊| 141/144 [00:03<00:00, 35.37it/s, v_num=80885, train_loss_step=0.00757, val_loss=0.0317, val_acc=0.988, train_loss_epoch=0.0308]Epoch 8:  98%|█████████▊| 141/144 [00:03<00:00, 35.37it/s, v_num=80885, train_loss_step=0.0321, val_loss=0.0317, val_acc=0.988, train_loss_epoch=0.0308] Epoch 8:  99%|█████████▊| 142/144 [00:04<00:00, 35.41it/s, v_num=80885, train_loss_step=0.0321, val_loss=0.0317, val_acc=0.988, train_loss_epoch=0.0308]Epoch 8:  99%|█████████▊| 142/144 [00:04<00:00, 35.40it/s, v_num=80885, train_loss_step=0.0158, val_loss=0.0317, val_acc=0.988, train_loss_epoch=0.0308]Epoch 8:  99%|█████████▉| 143/144 [00:04<00:00, 35.44it/s, v_num=80885, train_loss_step=0.0158, val_loss=0.0317, val_acc=0.988, train_loss_epoch=0.0308]Epoch 8:  99%|█████████▉| 143/144 [00:04<00:00, 35.44it/s, v_num=80885, train_loss_step=0.0255, val_loss=0.0317, val_acc=0.988, train_loss_epoch=0.0308]Epoch 8: 100%|██████████| 144/144 [00:04<00:00, 35.44it/s, v_num=80885, train_loss_step=0.0255, val_loss=0.0317, val_acc=0.988, train_loss_epoch=0.0308]Epoch 8: 100%|██████████| 144/144 [00:04<00:00, 35.44it/s, v_num=80885, train_loss_step=0.00349, val_loss=0.0317, val_acc=0.988, train_loss_epoch=0.0308]
Validation: |          | 0/? [00:00<?, ?it/s][A
Validation:   0%|          | 0/14 [00:00<?, ?it/s][A
Validation DataLoader 0:   0%|          | 0/14 [00:00<?, ?it/s][A
Validation DataLoader 0:   7%|▋         | 1/14 [00:00<00:00, 125.15it/s][A
Validation DataLoader 0:  14%|█▍        | 2/14 [00:00<00:00, 64.64it/s] [A
Validation DataLoader 0:  21%|██▏       | 3/14 [00:00<00:00, 72.20it/s][A
Validation DataLoader 0:  29%|██▊       | 4/14 [00:00<00:00, 77.02it/s][A
Validation DataLoader 0:  36%|███▌      | 5/14 [00:00<00:00, 79.98it/s][A
Validation DataLoader 0:  43%|████▎     | 6/14 [00:00<00:00, 82.42it/s][A
Validation DataLoader 0:  50%|█████     | 7/14 [00:00<00:00, 83.71it/s][A
Validation DataLoader 0:  57%|█████▋    | 8/14 [00:00<00:00, 84.66it/s][A
Validation DataLoader 0:  64%|██████▍   | 9/14 [00:00<00:00, 82.78it/s][A
Validation DataLoader 0:  71%|███████▏  | 10/14 [00:00<00:00, 81.36it/s][A
Validation DataLoader 0:  79%|███████▊  | 11/14 [00:00<00:00, 80.11it/s][A
Validation DataLoader 0:  86%|████████▌ | 12/14 [00:00<00:00, 79.10it/s][A
Validation DataLoader 0:  93%|█████████▎| 13/14 [00:00<00:00, 78.12it/s][A
Validation DataLoader 0: 100%|██████████| 14/14 [00:00<00:00, 77.43it/s][A
                                                                        [AEpoch 8: 100%|██████████| 144/144 [00:04<00:00, 33.78it/s, v_num=80885, train_loss_step=0.00349, val_loss=0.0234, val_acc=0.993, train_loss_epoch=0.0308]Epoch 8: 100%|██████████| 144/144 [00:04<00:00, 33.77it/s, v_num=80885, train_loss_step=0.00349, val_loss=0.0234, val_acc=0.993, train_loss_epoch=0.0236]Epoch 8:   0%|          | 0/144 [00:00<?, ?it/s, v_num=80885, train_loss_step=0.00349, val_loss=0.0234, val_acc=0.993, train_loss_epoch=0.0236]          Epoch 9:   0%|          | 0/144 [00:00<?, ?it/s, v_num=80885, train_loss_step=0.00349, val_loss=0.0234, val_acc=0.993, train_loss_epoch=0.0236]Epoch 9:   1%|          | 1/144 [00:00<00:12, 11.67it/s, v_num=80885, train_loss_step=0.00349, val_loss=0.0234, val_acc=0.993, train_loss_epoch=0.0236]Epoch 9:   1%|          | 1/144 [00:00<00:12, 11.63it/s, v_num=80885, train_loss_step=0.0159, val_loss=0.0234, val_acc=0.993, train_loss_epoch=0.0236] Epoch 9:   1%|▏         | 2/144 [00:00<00:08, 17.50it/s, v_num=80885, train_loss_step=0.0159, val_loss=0.0234, val_acc=0.993, train_loss_epoch=0.0236]Epoch 9:   1%|▏         | 2/144 [00:00<00:08, 17.47it/s, v_num=80885, train_loss_step=0.0349, val_loss=0.0234, val_acc=0.993, train_loss_epoch=0.0236]Epoch 9:   2%|▏         | 3/144 [00:00<00:06, 20.66it/s, v_num=80885, train_loss_step=0.0349, val_loss=0.0234, val_acc=0.993, train_loss_epoch=0.0236]Epoch 9:   2%|▏         | 3/144 [00:00<00:06, 20.64it/s, v_num=80885, train_loss_step=0.0156, val_loss=0.0234, val_acc=0.993, train_loss_epoch=0.0236]Epoch 9:   3%|▎         | 4/144 [00:00<00:06, 23.25it/s, v_num=80885, train_loss_step=0.0156, val_loss=0.0234, val_acc=0.993, train_loss_epoch=0.0236]Epoch 9:   3%|▎         | 4/144 [00:00<00:06, 23.23it/s, v_num=80885, train_loss_step=0.026, val_loss=0.0234, val_acc=0.993, train_loss_epoch=0.0236] Epoch 9:   3%|▎         | 5/144 [00:00<00:05, 24.98it/s, v_num=80885, train_loss_step=0.026, val_loss=0.0234, val_acc=0.993, train_loss_epoch=0.0236]Epoch 9:   3%|▎         | 5/144 [00:00<00:05, 24.96it/s, v_num=80885, train_loss_step=0.0115, val_loss=0.0234, val_acc=0.993, train_loss_epoch=0.0236]Epoch 9:   4%|▍         | 6/144 [00:00<00:05, 26.50it/s, v_num=80885, train_loss_step=0.0115, val_loss=0.0234, val_acc=0.993, train_loss_epoch=0.0236]Epoch 9:   4%|▍         | 6/144 [00:00<00:05, 26.48it/s, v_num=80885, train_loss_step=0.045, val_loss=0.0234, val_acc=0.993, train_loss_epoch=0.0236] Epoch 9:   5%|▍         | 7/144 [00:00<00:05, 27.04it/s, v_num=80885, train_loss_step=0.045, val_loss=0.0234, val_acc=0.993, train_loss_epoch=0.0236]Epoch 9:   5%|▍         | 7/144 [00:00<00:05, 27.02it/s, v_num=80885, train_loss_step=0.00784, val_loss=0.0234, val_acc=0.993, train_loss_epoch=0.0236]Epoch 9:   6%|▌         | 8/144 [00:00<00:04, 27.59it/s, v_num=80885, train_loss_step=0.00784, val_loss=0.0234, val_acc=0.993, train_loss_epoch=0.0236]Epoch 9:   6%|▌         | 8/144 [00:00<00:04, 27.58it/s, v_num=80885, train_loss_step=0.0149, val_loss=0.0234, val_acc=0.993, train_loss_epoch=0.0236] Epoch 9:   6%|▋         | 9/144 [00:00<00:04, 28.23it/s, v_num=80885, train_loss_step=0.0149, val_loss=0.0234, val_acc=0.993, train_loss_epoch=0.0236]Epoch 9:   6%|▋         | 9/144 [00:00<00:04, 28.22it/s, v_num=80885, train_loss_step=0.00879, val_loss=0.0234, val_acc=0.993, train_loss_epoch=0.0236]Epoch 9:   7%|▋         | 10/144 [00:00<00:04, 28.54it/s, v_num=80885, train_loss_step=0.00879, val_loss=0.0234, val_acc=0.993, train_loss_epoch=0.0236]Epoch 9:   7%|▋         | 10/144 [00:00<00:04, 28.53it/s, v_num=80885, train_loss_step=0.0248, val_loss=0.0234, val_acc=0.993, train_loss_epoch=0.0236] Epoch 9:   8%|▊         | 11/144 [00:00<00:04, 29.14it/s, v_num=80885, train_loss_step=0.0248, val_loss=0.0234, val_acc=0.993, train_loss_epoch=0.0236]Epoch 9:   8%|▊         | 11/144 [00:00<00:04, 29.13it/s, v_num=80885, train_loss_step=0.0356, val_loss=0.0234, val_acc=0.993, train_loss_epoch=0.0236]Epoch 9:   8%|▊         | 12/144 [00:00<00:04, 29.74it/s, v_num=80885, train_loss_step=0.0356, val_loss=0.0234, val_acc=0.993, train_loss_epoch=0.0236]Epoch 9:   8%|▊         | 12/144 [00:00<00:04, 29.73it/s, v_num=80885, train_loss_step=0.0683, val_loss=0.0234, val_acc=0.993, train_loss_epoch=0.0236]Epoch 9:   9%|▉         | 13/144 [00:00<00:04, 30.22it/s, v_num=80885, train_loss_step=0.0683, val_loss=0.0234, val_acc=0.993, train_loss_epoch=0.0236]Epoch 9:   9%|▉         | 13/144 [00:00<00:04, 30.21it/s, v_num=80885, train_loss_step=0.0167, val_loss=0.0234, val_acc=0.993, train_loss_epoch=0.0236]Epoch 9:  10%|▉         | 14/144 [00:00<00:04, 30.45it/s, v_num=80885, train_loss_step=0.0167, val_loss=0.0234, val_acc=0.993, train_loss_epoch=0.0236]Epoch 9:  10%|▉         | 14/144 [00:00<00:04, 30.44it/s, v_num=80885, train_loss_step=0.00313, val_loss=0.0234, val_acc=0.993, train_loss_epoch=0.0236]Epoch 9:  10%|█         | 15/144 [00:00<00:04, 30.81it/s, v_num=80885, train_loss_step=0.00313, val_loss=0.0234, val_acc=0.993, train_loss_epoch=0.0236]Epoch 9:  10%|█         | 15/144 [00:00<00:04, 30.80it/s, v_num=80885, train_loss_step=0.0214, val_loss=0.0234, val_acc=0.993, train_loss_epoch=0.0236] Epoch 9:  11%|█         | 16/144 [00:00<00:04, 31.11it/s, v_num=80885, train_loss_step=0.0214, val_loss=0.0234, val_acc=0.993, train_loss_epoch=0.0236]Epoch 9:  11%|█         | 16/144 [00:00<00:04, 31.10it/s, v_num=80885, train_loss_step=0.0338, val_loss=0.0234, val_acc=0.993, train_loss_epoch=0.0236]Epoch 9:  12%|█▏        | 17/144 [00:00<00:04, 31.19it/s, v_num=80885, train_loss_step=0.0338, val_loss=0.0234, val_acc=0.993, train_loss_epoch=0.0236]Epoch 9:  12%|█▏        | 17/144 [00:00<00:04, 31.18it/s, v_num=80885, train_loss_step=0.0251, val_loss=0.0234, val_acc=0.993, train_loss_epoch=0.0236]Epoch 9:  12%|█▎        | 18/144 [00:00<00:04, 31.35it/s, v_num=80885, train_loss_step=0.0251, val_loss=0.0234, val_acc=0.993, train_loss_epoch=0.0236]Epoch 9:  12%|█▎        | 18/144 [00:00<00:04, 31.35it/s, v_num=80885, train_loss_step=0.0161, val_loss=0.0234, val_acc=0.993, train_loss_epoch=0.0236]Epoch 9:  13%|█▎        | 19/144 [00:00<00:03, 31.67it/s, v_num=80885, train_loss_step=0.0161, val_loss=0.0234, val_acc=0.993, train_loss_epoch=0.0236]Epoch 9:  13%|█▎        | 19/144 [00:00<00:03, 31.66it/s, v_num=80885, train_loss_step=0.0175, val_loss=0.0234, val_acc=0.993, train_loss_epoch=0.0236]Epoch 9:  14%|█▍        | 20/144 [00:00<00:03, 31.95it/s, v_num=80885, train_loss_step=0.0175, val_loss=0.0234, val_acc=0.993, train_loss_epoch=0.0236]Epoch 9:  14%|█▍        | 20/144 [00:00<00:03, 31.94it/s, v_num=80885, train_loss_step=0.0268, val_loss=0.0234, val_acc=0.993, train_loss_epoch=0.0236]Epoch 9:  15%|█▍        | 21/144 [00:00<00:03, 32.15it/s, v_num=80885, train_loss_step=0.0268, val_loss=0.0234, val_acc=0.993, train_loss_epoch=0.0236]Epoch 9:  15%|█▍        | 21/144 [00:00<00:03, 32.14it/s, v_num=80885, train_loss_step=0.00968, val_loss=0.0234, val_acc=0.993, train_loss_epoch=0.0236]Epoch 9:  15%|█▌        | 22/144 [00:00<00:03, 32.27it/s, v_num=80885, train_loss_step=0.00968, val_loss=0.0234, val_acc=0.993, train_loss_epoch=0.0236]Epoch 9:  15%|█▌        | 22/144 [00:00<00:03, 32.26it/s, v_num=80885, train_loss_step=0.0168, val_loss=0.0234, val_acc=0.993, train_loss_epoch=0.0236] Epoch 9:  16%|█▌        | 23/144 [00:00<00:03, 32.48it/s, v_num=80885, train_loss_step=0.0168, val_loss=0.0234, val_acc=0.993, train_loss_epoch=0.0236]Epoch 9:  16%|█▌        | 23/144 [00:00<00:03, 32.47it/s, v_num=80885, train_loss_step=0.0201, val_loss=0.0234, val_acc=0.993, train_loss_epoch=0.0236]Epoch 9:  17%|█▋        | 24/144 [00:00<00:03, 32.67it/s, v_num=80885, train_loss_step=0.0201, val_loss=0.0234, val_acc=0.993, train_loss_epoch=0.0236]Epoch 9:  17%|█▋        | 24/144 [00:00<00:03, 32.66it/s, v_num=80885, train_loss_step=0.0292, val_loss=0.0234, val_acc=0.993, train_loss_epoch=0.0236]Epoch 9:  17%|█▋        | 25/144 [00:00<00:03, 32.81it/s, v_num=80885, train_loss_step=0.0292, val_loss=0.0234, val_acc=0.993, train_loss_epoch=0.0236]Epoch 9:  17%|█▋        | 25/144 [00:00<00:03, 32.80it/s, v_num=80885, train_loss_step=0.026, val_loss=0.0234, val_acc=0.993, train_loss_epoch=0.0236] Epoch 9:  18%|█▊        | 26/144 [00:00<00:03, 32.83it/s, v_num=80885, train_loss_step=0.026, val_loss=0.0234, val_acc=0.993, train_loss_epoch=0.0236]Epoch 9:  18%|█▊        | 26/144 [00:00<00:03, 32.82it/s, v_num=80885, train_loss_step=0.0187, val_loss=0.0234, val_acc=0.993, train_loss_epoch=0.0236]Epoch 9:  19%|█▉        | 27/144 [00:00<00:03, 32.85it/s, v_num=80885, train_loss_step=0.0187, val_loss=0.0234, val_acc=0.993, train_loss_epoch=0.0236]Epoch 9:  19%|█▉        | 27/144 [00:00<00:03, 32.83it/s, v_num=80885, train_loss_step=0.00847, val_loss=0.0234, val_acc=0.993, train_loss_epoch=0.0236]Epoch 9:  19%|█▉        | 28/144 [00:00<00:03, 32.82it/s, v_num=80885, train_loss_step=0.00847, val_loss=0.0234, val_acc=0.993, train_loss_epoch=0.0236]Epoch 9:  19%|█▉        | 28/144 [00:00<00:03, 32.82it/s, v_num=80885, train_loss_step=0.0258, val_loss=0.0234, val_acc=0.993, train_loss_epoch=0.0236] Epoch 9:  20%|██        | 29/144 [00:00<00:03, 32.77it/s, v_num=80885, train_loss_step=0.0258, val_loss=0.0234, val_acc=0.993, train_loss_epoch=0.0236]Epoch 9:  20%|██        | 29/144 [00:00<00:03, 32.77it/s, v_num=80885, train_loss_step=0.0207, val_loss=0.0234, val_acc=0.993, train_loss_epoch=0.0236]Epoch 9:  21%|██        | 30/144 [00:00<00:03, 32.75it/s, v_num=80885, train_loss_step=0.0207, val_loss=0.0234, val_acc=0.993, train_loss_epoch=0.0236]Epoch 9:  21%|██        | 30/144 [00:00<00:03, 32.74it/s, v_num=80885, train_loss_step=0.024, val_loss=0.0234, val_acc=0.993, train_loss_epoch=0.0236] Epoch 9:  22%|██▏       | 31/144 [00:00<00:03, 32.86it/s, v_num=80885, train_loss_step=0.024, val_loss=0.0234, val_acc=0.993, train_loss_epoch=0.0236]Epoch 9:  22%|██▏       | 31/144 [00:00<00:03, 32.85it/s, v_num=80885, train_loss_step=0.0251, val_loss=0.0234, val_acc=0.993, train_loss_epoch=0.0236]Epoch 9:  22%|██▏       | 32/144 [00:00<00:03, 32.83it/s, v_num=80885, train_loss_step=0.0251, val_loss=0.0234, val_acc=0.993, train_loss_epoch=0.0236]Epoch 9:  22%|██▏       | 32/144 [00:00<00:03, 32.82it/s, v_num=80885, train_loss_step=0.0293, val_loss=0.0234, val_acc=0.993, train_loss_epoch=0.0236]Epoch 9:  23%|██▎       | 33/144 [00:01<00:03, 32.69it/s, v_num=80885, train_loss_step=0.0293, val_loss=0.0234, val_acc=0.993, train_loss_epoch=0.0236]Epoch 9:  23%|██▎       | 33/144 [00:01<00:03, 32.68it/s, v_num=80885, train_loss_step=0.00518, val_loss=0.0234, val_acc=0.993, train_loss_epoch=0.0236]Epoch 9:  24%|██▎       | 34/144 [00:01<00:03, 32.65it/s, v_num=80885, train_loss_step=0.00518, val_loss=0.0234, val_acc=0.993, train_loss_epoch=0.0236]Epoch 9:  24%|██▎       | 34/144 [00:01<00:03, 32.64it/s, v_num=80885, train_loss_step=0.0265, val_loss=0.0234, val_acc=0.993, train_loss_epoch=0.0236] Epoch 9:  24%|██▍       | 35/144 [00:01<00:03, 32.71it/s, v_num=80885, train_loss_step=0.0265, val_loss=0.0234, val_acc=0.993, train_loss_epoch=0.0236]Epoch 9:  24%|██▍       | 35/144 [00:01<00:03, 32.71it/s, v_num=80885, train_loss_step=0.0352, val_loss=0.0234, val_acc=0.993, train_loss_epoch=0.0236]Epoch 9:  25%|██▌       | 36/144 [00:01<00:03, 32.78it/s, v_num=80885, train_loss_step=0.0352, val_loss=0.0234, val_acc=0.993, train_loss_epoch=0.0236]Epoch 9:  25%|██▌       | 36/144 [00:01<00:03, 32.77it/s, v_num=80885, train_loss_step=0.0226, val_loss=0.0234, val_acc=0.993, train_loss_epoch=0.0236]Epoch 9:  26%|██▌       | 37/144 [00:01<00:03, 32.74it/s, v_num=80885, train_loss_step=0.0226, val_loss=0.0234, val_acc=0.993, train_loss_epoch=0.0236]Epoch 9:  26%|██▌       | 37/144 [00:01<00:03, 32.73it/s, v_num=80885, train_loss_step=0.0124, val_loss=0.0234, val_acc=0.993, train_loss_epoch=0.0236]Epoch 9:  26%|██▋       | 38/144 [00:01<00:03, 32.73it/s, v_num=80885, train_loss_step=0.0124, val_loss=0.0234, val_acc=0.993, train_loss_epoch=0.0236]Epoch 9:  26%|██▋       | 38/144 [00:01<00:03, 32.72it/s, v_num=80885, train_loss_step=0.0544, val_loss=0.0234, val_acc=0.993, train_loss_epoch=0.0236]Epoch 9:  27%|██▋       | 39/144 [00:01<00:03, 32.83it/s, v_num=80885, train_loss_step=0.0544, val_loss=0.0234, val_acc=0.993, train_loss_epoch=0.0236]Epoch 9:  27%|██▋       | 39/144 [00:01<00:03, 32.82it/s, v_num=80885, train_loss_step=0.00751, val_loss=0.0234, val_acc=0.993, train_loss_epoch=0.0236]Epoch 9:  28%|██▊       | 40/144 [00:01<00:03, 32.92it/s, v_num=80885, train_loss_step=0.00751, val_loss=0.0234, val_acc=0.993, train_loss_epoch=0.0236]Epoch 9:  28%|██▊       | 40/144 [00:01<00:03, 32.91it/s, v_num=80885, train_loss_step=0.0157, val_loss=0.0234, val_acc=0.993, train_loss_epoch=0.0236] Epoch 9:  28%|██▊       | 41/144 [00:01<00:03, 32.98it/s, v_num=80885, train_loss_step=0.0157, val_loss=0.0234, val_acc=0.993, train_loss_epoch=0.0236]Epoch 9:  28%|██▊       | 41/144 [00:01<00:03, 32.98it/s, v_num=80885, train_loss_step=0.00895, val_loss=0.0234, val_acc=0.993, train_loss_epoch=0.0236]Epoch 9:  29%|██▉       | 42/144 [00:01<00:03, 32.98it/s, v_num=80885, train_loss_step=0.00895, val_loss=0.0234, val_acc=0.993, train_loss_epoch=0.0236]Epoch 9:  29%|██▉       | 42/144 [00:01<00:03, 32.97it/s, v_num=80885, train_loss_step=0.0389, val_loss=0.0234, val_acc=0.993, train_loss_epoch=0.0236] Epoch 9:  30%|██▉       | 43/144 [00:01<00:03, 33.02it/s, v_num=80885, train_loss_step=0.0389, val_loss=0.0234, val_acc=0.993, train_loss_epoch=0.0236]Epoch 9:  30%|██▉       | 43/144 [00:01<00:03, 33.02it/s, v_num=80885, train_loss_step=0.00605, val_loss=0.0234, val_acc=0.993, train_loss_epoch=0.0236]Epoch 9:  31%|███       | 44/144 [00:01<00:03, 33.11it/s, v_num=80885, train_loss_step=0.00605, val_loss=0.0234, val_acc=0.993, train_loss_epoch=0.0236]Epoch 9:  31%|███       | 44/144 [00:01<00:03, 33.10it/s, v_num=80885, train_loss_step=0.0174, val_loss=0.0234, val_acc=0.993, train_loss_epoch=0.0236] Epoch 9:  31%|███▏      | 45/144 [00:01<00:02, 33.14it/s, v_num=80885, train_loss_step=0.0174, val_loss=0.0234, val_acc=0.993, train_loss_epoch=0.0236]Epoch 9:  31%|███▏      | 45/144 [00:01<00:02, 33.13it/s, v_num=80885, train_loss_step=0.0209, val_loss=0.0234, val_acc=0.993, train_loss_epoch=0.0236]Epoch 9:  32%|███▏      | 46/144 [00:01<00:02, 33.13it/s, v_num=80885, train_loss_step=0.0209, val_loss=0.0234, val_acc=0.993, train_loss_epoch=0.0236]Epoch 9:  32%|███▏      | 46/144 [00:01<00:02, 33.13it/s, v_num=80885, train_loss_step=0.0201, val_loss=0.0234, val_acc=0.993, train_loss_epoch=0.0236]Epoch 9:  33%|███▎      | 47/144 [00:01<00:02, 33.23it/s, v_num=80885, train_loss_step=0.0201, val_loss=0.0234, val_acc=0.993, train_loss_epoch=0.0236]Epoch 9:  33%|███▎      | 47/144 [00:01<00:02, 33.23it/s, v_num=80885, train_loss_step=0.0249, val_loss=0.0234, val_acc=0.993, train_loss_epoch=0.0236]Epoch 9:  33%|███▎      | 48/144 [00:01<00:02, 33.21it/s, v_num=80885, train_loss_step=0.0249, val_loss=0.0234, val_acc=0.993, train_loss_epoch=0.0236]Epoch 9:  33%|███▎      | 48/144 [00:01<00:02, 33.21it/s, v_num=80885, train_loss_step=0.0266, val_loss=0.0234, val_acc=0.993, train_loss_epoch=0.0236]Epoch 9:  34%|███▍      | 49/144 [00:01<00:02, 33.24it/s, v_num=80885, train_loss_step=0.0266, val_loss=0.0234, val_acc=0.993, train_loss_epoch=0.0236]Epoch 9:  34%|███▍      | 49/144 [00:01<00:02, 33.23it/s, v_num=80885, train_loss_step=0.0066, val_loss=0.0234, val_acc=0.993, train_loss_epoch=0.0236]Epoch 9:  35%|███▍      | 50/144 [00:01<00:02, 33.23it/s, v_num=80885, train_loss_step=0.0066, val_loss=0.0234, val_acc=0.993, train_loss_epoch=0.0236]Epoch 9:  35%|███▍      | 50/144 [00:01<00:02, 33.23it/s, v_num=80885, train_loss_step=0.00626, val_loss=0.0234, val_acc=0.993, train_loss_epoch=0.0236]Epoch 9:  35%|███▌      | 51/144 [00:01<00:02, 33.34it/s, v_num=80885, train_loss_step=0.00626, val_loss=0.0234, val_acc=0.993, train_loss_epoch=0.0236]Epoch 9:  35%|███▌      | 51/144 [00:01<00:02, 33.33it/s, v_num=80885, train_loss_step=0.0187, val_loss=0.0234, val_acc=0.993, train_loss_epoch=0.0236] Epoch 9:  36%|███▌      | 52/144 [00:01<00:02, 33.41it/s, v_num=80885, train_loss_step=0.0187, val_loss=0.0234, val_acc=0.993, train_loss_epoch=0.0236]Epoch 9:  36%|███▌      | 52/144 [00:01<00:02, 33.41it/s, v_num=80885, train_loss_step=0.00558, val_loss=0.0234, val_acc=0.993, train_loss_epoch=0.0236]Epoch 9:  37%|███▋      | 53/144 [00:01<00:02, 33.47it/s, v_num=80885, train_loss_step=0.00558, val_loss=0.0234, val_acc=0.993, train_loss_epoch=0.0236]Epoch 9:  37%|███▋      | 53/144 [00:01<00:02, 33.46it/s, v_num=80885, train_loss_step=0.0369, val_loss=0.0234, val_acc=0.993, train_loss_epoch=0.0236] Epoch 9:  38%|███▊      | 54/144 [00:01<00:02, 33.49it/s, v_num=80885, train_loss_step=0.0369, val_loss=0.0234, val_acc=0.993, train_loss_epoch=0.0236]Epoch 9:  38%|███▊      | 54/144 [00:01<00:02, 33.49it/s, v_num=80885, train_loss_step=0.0027, val_loss=0.0234, val_acc=0.993, train_loss_epoch=0.0236]Epoch 9:  38%|███▊      | 55/144 [00:01<00:02, 33.57it/s, v_num=80885, train_loss_step=0.0027, val_loss=0.0234, val_acc=0.993, train_loss_epoch=0.0236]Epoch 9:  38%|███▊      | 55/144 [00:01<00:02, 33.57it/s, v_num=80885, train_loss_step=0.0039, val_loss=0.0234, val_acc=0.993, train_loss_epoch=0.0236]Epoch 9:  39%|███▉      | 56/144 [00:01<00:02, 33.64it/s, v_num=80885, train_loss_step=0.0039, val_loss=0.0234, val_acc=0.993, train_loss_epoch=0.0236]Epoch 9:  39%|███▉      | 56/144 [00:01<00:02, 33.64it/s, v_num=80885, train_loss_step=0.0336, val_loss=0.0234, val_acc=0.993, train_loss_epoch=0.0236]Epoch 9:  40%|███▉      | 57/144 [00:01<00:02, 33.70it/s, v_num=80885, train_loss_step=0.0336, val_loss=0.0234, val_acc=0.993, train_loss_epoch=0.0236]Epoch 9:  40%|███▉      | 57/144 [00:01<00:02, 33.70it/s, v_num=80885, train_loss_step=0.041, val_loss=0.0234, val_acc=0.993, train_loss_epoch=0.0236] Epoch 9:  40%|████      | 58/144 [00:01<00:02, 33.69it/s, v_num=80885, train_loss_step=0.041, val_loss=0.0234, val_acc=0.993, train_loss_epoch=0.0236]Epoch 9:  40%|████      | 58/144 [00:01<00:02, 33.68it/s, v_num=80885, train_loss_step=0.0212, val_loss=0.0234, val_acc=0.993, train_loss_epoch=0.0236]Epoch 9:  41%|████      | 59/144 [00:01<00:02, 33.74it/s, v_num=80885, train_loss_step=0.0212, val_loss=0.0234, val_acc=0.993, train_loss_epoch=0.0236]Epoch 9:  41%|████      | 59/144 [00:01<00:02, 33.74it/s, v_num=80885, train_loss_step=0.011, val_loss=0.0234, val_acc=0.993, train_loss_epoch=0.0236] Epoch 9:  42%|████▏     | 60/144 [00:01<00:02, 33.80it/s, v_num=80885, train_loss_step=0.011, val_loss=0.0234, val_acc=0.993, train_loss_epoch=0.0236]Epoch 9:  42%|████▏     | 60/144 [00:01<00:02, 33.80it/s, v_num=80885, train_loss_step=0.0158, val_loss=0.0234, val_acc=0.993, train_loss_epoch=0.0236]Epoch 9:  42%|████▏     | 61/144 [00:01<00:02, 33.85it/s, v_num=80885, train_loss_step=0.0158, val_loss=0.0234, val_acc=0.993, train_loss_epoch=0.0236]Epoch 9:  42%|████▏     | 61/144 [00:01<00:02, 33.84it/s, v_num=80885, train_loss_step=0.0258, val_loss=0.0234, val_acc=0.993, train_loss_epoch=0.0236]Epoch 9:  43%|████▎     | 62/144 [00:01<00:02, 33.84it/s, v_num=80885, train_loss_step=0.0258, val_loss=0.0234, val_acc=0.993, train_loss_epoch=0.0236]Epoch 9:  43%|████▎     | 62/144 [00:01<00:02, 33.84it/s, v_num=80885, train_loss_step=0.0285, val_loss=0.0234, val_acc=0.993, train_loss_epoch=0.0236]Epoch 9:  44%|████▍     | 63/144 [00:01<00:02, 33.88it/s, v_num=80885, train_loss_step=0.0285, val_loss=0.0234, val_acc=0.993, train_loss_epoch=0.0236]Epoch 9:  44%|████▍     | 63/144 [00:01<00:02, 33.88it/s, v_num=80885, train_loss_step=0.0119, val_loss=0.0234, val_acc=0.993, train_loss_epoch=0.0236]Epoch 9:  44%|████▍     | 64/144 [00:01<00:02, 33.91it/s, v_num=80885, train_loss_step=0.0119, val_loss=0.0234, val_acc=0.993, train_loss_epoch=0.0236]Epoch 9:  44%|████▍     | 64/144 [00:01<00:02, 33.91it/s, v_num=80885, train_loss_step=0.00924, val_loss=0.0234, val_acc=0.993, train_loss_epoch=0.0236]Epoch 9:  45%|████▌     | 65/144 [00:01<00:02, 33.95it/s, v_num=80885, train_loss_step=0.00924, val_loss=0.0234, val_acc=0.993, train_loss_epoch=0.0236]Epoch 9:  45%|████▌     | 65/144 [00:01<00:02, 33.94it/s, v_num=80885, train_loss_step=0.0248, val_loss=0.0234, val_acc=0.993, train_loss_epoch=0.0236] Epoch 9:  46%|████▌     | 66/144 [00:01<00:02, 33.97it/s, v_num=80885, train_loss_step=0.0248, val_loss=0.0234, val_acc=0.993, train_loss_epoch=0.0236]Epoch 9:  46%|████▌     | 66/144 [00:01<00:02, 33.97it/s, v_num=80885, train_loss_step=0.0208, val_loss=0.0234, val_acc=0.993, train_loss_epoch=0.0236]Epoch 9:  47%|████▋     | 67/144 [00:01<00:02, 34.03it/s, v_num=80885, train_loss_step=0.0208, val_loss=0.0234, val_acc=0.993, train_loss_epoch=0.0236]Epoch 9:  47%|████▋     | 67/144 [00:01<00:02, 34.03it/s, v_num=80885, train_loss_step=0.0368, val_loss=0.0234, val_acc=0.993, train_loss_epoch=0.0236]Epoch 9:  47%|████▋     | 68/144 [00:01<00:02, 34.09it/s, v_num=80885, train_loss_step=0.0368, val_loss=0.0234, val_acc=0.993, train_loss_epoch=0.0236]Epoch 9:  47%|████▋     | 68/144 [00:01<00:02, 34.08it/s, v_num=80885, train_loss_step=0.0165, val_loss=0.0234, val_acc=0.993, train_loss_epoch=0.0236]Epoch 9:  48%|████▊     | 69/144 [00:02<00:02, 34.13it/s, v_num=80885, train_loss_step=0.0165, val_loss=0.0234, val_acc=0.993, train_loss_epoch=0.0236]Epoch 9:  48%|████▊     | 69/144 [00:02<00:02, 34.13it/s, v_num=80885, train_loss_step=0.0139, val_loss=0.0234, val_acc=0.993, train_loss_epoch=0.0236]Epoch 9:  49%|████▊     | 70/144 [00:02<00:02, 34.14it/s, v_num=80885, train_loss_step=0.0139, val_loss=0.0234, val_acc=0.993, train_loss_epoch=0.0236]Epoch 9:  49%|████▊     | 70/144 [00:02<00:02, 34.14it/s, v_num=80885, train_loss_step=0.0205, val_loss=0.0234, val_acc=0.993, train_loss_epoch=0.0236]Epoch 9:  49%|████▉     | 71/144 [00:02<00:02, 34.21it/s, v_num=80885, train_loss_step=0.0205, val_loss=0.0234, val_acc=0.993, train_loss_epoch=0.0236]Epoch 9:  49%|████▉     | 71/144 [00:02<00:02, 34.20it/s, v_num=80885, train_loss_step=0.0124, val_loss=0.0234, val_acc=0.993, train_loss_epoch=0.0236]Epoch 9:  50%|█████     | 72/144 [00:02<00:02, 34.27it/s, v_num=80885, train_loss_step=0.0124, val_loss=0.0234, val_acc=0.993, train_loss_epoch=0.0236]Epoch 9:  50%|█████     | 72/144 [00:02<00:02, 34.26it/s, v_num=80885, train_loss_step=0.0288, val_loss=0.0234, val_acc=0.993, train_loss_epoch=0.0236]Epoch 9:  51%|█████     | 73/144 [00:02<00:02, 34.30it/s, v_num=80885, train_loss_step=0.0288, val_loss=0.0234, val_acc=0.993, train_loss_epoch=0.0236]Epoch 9:  51%|█████     | 73/144 [00:02<00:02, 34.30it/s, v_num=80885, train_loss_step=0.0159, val_loss=0.0234, val_acc=0.993, train_loss_epoch=0.0236]Epoch 9:  51%|█████▏    | 74/144 [00:02<00:02, 34.30it/s, v_num=80885, train_loss_step=0.0159, val_loss=0.0234, val_acc=0.993, train_loss_epoch=0.0236]Epoch 9:  51%|█████▏    | 74/144 [00:02<00:02, 34.30it/s, v_num=80885, train_loss_step=0.0139, val_loss=0.0234, val_acc=0.993, train_loss_epoch=0.0236]Epoch 9:  52%|█████▏    | 75/144 [00:02<00:02, 34.35it/s, v_num=80885, train_loss_step=0.0139, val_loss=0.0234, val_acc=0.993, train_loss_epoch=0.0236]Epoch 9:  52%|█████▏    | 75/144 [00:02<00:02, 34.35it/s, v_num=80885, train_loss_step=0.00817, val_loss=0.0234, val_acc=0.993, train_loss_epoch=0.0236]Epoch 9:  53%|█████▎    | 76/144 [00:02<00:01, 34.39it/s, v_num=80885, train_loss_step=0.00817, val_loss=0.0234, val_acc=0.993, train_loss_epoch=0.0236]Epoch 9:  53%|█████▎    | 76/144 [00:02<00:01, 34.39it/s, v_num=80885, train_loss_step=0.0162, val_loss=0.0234, val_acc=0.993, train_loss_epoch=0.0236] Epoch 9:  53%|█████▎    | 77/144 [00:02<00:01, 34.44it/s, v_num=80885, train_loss_step=0.0162, val_loss=0.0234, val_acc=0.993, train_loss_epoch=0.0236]Epoch 9:  53%|█████▎    | 77/144 [00:02<00:01, 34.44it/s, v_num=80885, train_loss_step=0.016, val_loss=0.0234, val_acc=0.993, train_loss_epoch=0.0236] Epoch 9:  54%|█████▍    | 78/144 [00:02<00:01, 34.44it/s, v_num=80885, train_loss_step=0.016, val_loss=0.0234, val_acc=0.993, train_loss_epoch=0.0236]Epoch 9:  54%|█████▍    | 78/144 [00:02<00:01, 34.44it/s, v_num=80885, train_loss_step=0.00705, val_loss=0.0234, val_acc=0.993, train_loss_epoch=0.0236]Epoch 9:  55%|█████▍    | 79/144 [00:02<00:01, 34.48it/s, v_num=80885, train_loss_step=0.00705, val_loss=0.0234, val_acc=0.993, train_loss_epoch=0.0236]Epoch 9:  55%|█████▍    | 79/144 [00:02<00:01, 34.48it/s, v_num=80885, train_loss_step=0.00961, val_loss=0.0234, val_acc=0.993, train_loss_epoch=0.0236]Epoch 9:  56%|█████▌    | 80/144 [00:02<00:01, 34.52it/s, v_num=80885, train_loss_step=0.00961, val_loss=0.0234, val_acc=0.993, train_loss_epoch=0.0236]Epoch 9:  56%|█████▌    | 80/144 [00:02<00:01, 34.51it/s, v_num=80885, train_loss_step=0.010, val_loss=0.0234, val_acc=0.993, train_loss_epoch=0.0236]  Epoch 9:  56%|█████▋    | 81/144 [00:02<00:01, 34.54it/s, v_num=80885, train_loss_step=0.010, val_loss=0.0234, val_acc=0.993, train_loss_epoch=0.0236]Epoch 9:  56%|█████▋    | 81/144 [00:02<00:01, 34.53it/s, v_num=80885, train_loss_step=0.0111, val_loss=0.0234, val_acc=0.993, train_loss_epoch=0.0236]Epoch 9:  57%|█████▋    | 82/144 [00:02<00:01, 34.52it/s, v_num=80885, train_loss_step=0.0111, val_loss=0.0234, val_acc=0.993, train_loss_epoch=0.0236]Epoch 9:  57%|█████▋    | 82/144 [00:02<00:01, 34.52it/s, v_num=80885, train_loss_step=0.0168, val_loss=0.0234, val_acc=0.993, train_loss_epoch=0.0236]Epoch 9:  58%|█████▊    | 83/144 [00:02<00:01, 34.56it/s, v_num=80885, train_loss_step=0.0168, val_loss=0.0234, val_acc=0.993, train_loss_epoch=0.0236]Epoch 9:  58%|█████▊    | 83/144 [00:02<00:01, 34.56it/s, v_num=80885, train_loss_step=0.00759, val_loss=0.0234, val_acc=0.993, train_loss_epoch=0.0236]Epoch 9:  58%|█████▊    | 84/144 [00:02<00:01, 34.60it/s, v_num=80885, train_loss_step=0.00759, val_loss=0.0234, val_acc=0.993, train_loss_epoch=0.0236]Epoch 9:  58%|█████▊    | 84/144 [00:02<00:01, 34.59it/s, v_num=80885, train_loss_step=0.0208, val_loss=0.0234, val_acc=0.993, train_loss_epoch=0.0236] Epoch 9:  59%|█████▉    | 85/144 [00:02<00:01, 34.62it/s, v_num=80885, train_loss_step=0.0208, val_loss=0.0234, val_acc=0.993, train_loss_epoch=0.0236]Epoch 9:  59%|█████▉    | 85/144 [00:02<00:01, 34.62it/s, v_num=80885, train_loss_step=0.0409, val_loss=0.0234, val_acc=0.993, train_loss_epoch=0.0236]Epoch 9:  60%|█████▉    | 86/144 [00:02<00:01, 34.60it/s, v_num=80885, train_loss_step=0.0409, val_loss=0.0234, val_acc=0.993, train_loss_epoch=0.0236]Epoch 9:  60%|█████▉    | 86/144 [00:02<00:01, 34.59it/s, v_num=80885, train_loss_step=0.0202, val_loss=0.0234, val_acc=0.993, train_loss_epoch=0.0236]Epoch 9:  60%|██████    | 87/144 [00:02<00:01, 34.64it/s, v_num=80885, train_loss_step=0.0202, val_loss=0.0234, val_acc=0.993, train_loss_epoch=0.0236]Epoch 9:  60%|██████    | 87/144 [00:02<00:01, 34.63it/s, v_num=80885, train_loss_step=0.0294, val_loss=0.0234, val_acc=0.993, train_loss_epoch=0.0236]Epoch 9:  61%|██████    | 88/144 [00:02<00:01, 34.68it/s, v_num=80885, train_loss_step=0.0294, val_loss=0.0234, val_acc=0.993, train_loss_epoch=0.0236]Epoch 9:  61%|██████    | 88/144 [00:02<00:01, 34.68it/s, v_num=80885, train_loss_step=0.0134, val_loss=0.0234, val_acc=0.993, train_loss_epoch=0.0236]Epoch 9:  62%|██████▏   | 89/144 [00:02<00:01, 34.66it/s, v_num=80885, train_loss_step=0.0134, val_loss=0.0234, val_acc=0.993, train_loss_epoch=0.0236]Epoch 9:  62%|██████▏   | 89/144 [00:02<00:01, 34.66it/s, v_num=80885, train_loss_step=0.0329, val_loss=0.0234, val_acc=0.993, train_loss_epoch=0.0236]Epoch 9:  62%|██████▎   | 90/144 [00:02<00:01, 34.62it/s, v_num=80885, train_loss_step=0.0329, val_loss=0.0234, val_acc=0.993, train_loss_epoch=0.0236]Epoch 9:  62%|██████▎   | 90/144 [00:02<00:01, 34.62it/s, v_num=80885, train_loss_step=0.0031, val_loss=0.0234, val_acc=0.993, train_loss_epoch=0.0236]Epoch 9:  63%|██████▎   | 91/144 [00:02<00:01, 34.65it/s, v_num=80885, train_loss_step=0.0031, val_loss=0.0234, val_acc=0.993, train_loss_epoch=0.0236]Epoch 9:  63%|██████▎   | 91/144 [00:02<00:01, 34.65it/s, v_num=80885, train_loss_step=0.0334, val_loss=0.0234, val_acc=0.993, train_loss_epoch=0.0236]Epoch 9:  64%|██████▍   | 92/144 [00:02<00:01, 34.68it/s, v_num=80885, train_loss_step=0.0334, val_loss=0.0234, val_acc=0.993, train_loss_epoch=0.0236]Epoch 9:  64%|██████▍   | 92/144 [00:02<00:01, 34.68it/s, v_num=80885, train_loss_step=0.0237, val_loss=0.0234, val_acc=0.993, train_loss_epoch=0.0236]Epoch 9:  65%|██████▍   | 93/144 [00:02<00:01, 34.72it/s, v_num=80885, train_loss_step=0.0237, val_loss=0.0234, val_acc=0.993, train_loss_epoch=0.0236]Epoch 9:  65%|██████▍   | 93/144 [00:02<00:01, 34.72it/s, v_num=80885, train_loss_step=0.0391, val_loss=0.0234, val_acc=0.993, train_loss_epoch=0.0236]Epoch 9:  65%|██████▌   | 94/144 [00:02<00:01, 34.71it/s, v_num=80885, train_loss_step=0.0391, val_loss=0.0234, val_acc=0.993, train_loss_epoch=0.0236]Epoch 9:  65%|██████▌   | 94/144 [00:02<00:01, 34.70it/s, v_num=80885, train_loss_step=0.0568, val_loss=0.0234, val_acc=0.993, train_loss_epoch=0.0236]Epoch 9:  66%|██████▌   | 95/144 [00:02<00:01, 34.74it/s, v_num=80885, train_loss_step=0.0568, val_loss=0.0234, val_acc=0.993, train_loss_epoch=0.0236]Epoch 9:  66%|██████▌   | 95/144 [00:02<00:01, 34.74it/s, v_num=80885, train_loss_step=0.0102, val_loss=0.0234, val_acc=0.993, train_loss_epoch=0.0236]Epoch 9:  67%|██████▋   | 96/144 [00:02<00:01, 34.77it/s, v_num=80885, train_loss_step=0.0102, val_loss=0.0234, val_acc=0.993, train_loss_epoch=0.0236]Epoch 9:  67%|██████▋   | 96/144 [00:02<00:01, 34.77it/s, v_num=80885, train_loss_step=0.0117, val_loss=0.0234, val_acc=0.993, train_loss_epoch=0.0236]Epoch 9:  67%|██████▋   | 97/144 [00:02<00:01, 34.82it/s, v_num=80885, train_loss_step=0.0117, val_loss=0.0234, val_acc=0.993, train_loss_epoch=0.0236]Epoch 9:  67%|██████▋   | 97/144 [00:02<00:01, 34.82it/s, v_num=80885, train_loss_step=0.0153, val_loss=0.0234, val_acc=0.993, train_loss_epoch=0.0236]Epoch 9:  68%|██████▊   | 98/144 [00:02<00:01, 34.78it/s, v_num=80885, train_loss_step=0.0153, val_loss=0.0234, val_acc=0.993, train_loss_epoch=0.0236]Epoch 9:  68%|██████▊   | 98/144 [00:02<00:01, 34.78it/s, v_num=80885, train_loss_step=0.0588, val_loss=0.0234, val_acc=0.993, train_loss_epoch=0.0236]Epoch 9:  69%|██████▉   | 99/144 [00:02<00:01, 34.81it/s, v_num=80885, train_loss_step=0.0588, val_loss=0.0234, val_acc=0.993, train_loss_epoch=0.0236]Epoch 9:  69%|██████▉   | 99/144 [00:02<00:01, 34.81it/s, v_num=80885, train_loss_step=0.0155, val_loss=0.0234, val_acc=0.993, train_loss_epoch=0.0236]Epoch 9:  69%|██████▉   | 100/144 [00:02<00:01, 34.82it/s, v_num=80885, train_loss_step=0.0155, val_loss=0.0234, val_acc=0.993, train_loss_epoch=0.0236]Epoch 9:  69%|██████▉   | 100/144 [00:02<00:01, 34.81it/s, v_num=80885, train_loss_step=0.0111, val_loss=0.0234, val_acc=0.993, train_loss_epoch=0.0236]Epoch 9:  70%|███████   | 101/144 [00:02<00:01, 34.87it/s, v_num=80885, train_loss_step=0.0111, val_loss=0.0234, val_acc=0.993, train_loss_epoch=0.0236]Epoch 9:  70%|███████   | 101/144 [00:02<00:01, 34.86it/s, v_num=80885, train_loss_step=0.0132, val_loss=0.0234, val_acc=0.993, train_loss_epoch=0.0236]Epoch 9:  71%|███████   | 102/144 [00:02<00:01, 34.86it/s, v_num=80885, train_loss_step=0.0132, val_loss=0.0234, val_acc=0.993, train_loss_epoch=0.0236]Epoch 9:  71%|███████   | 102/144 [00:02<00:01, 34.86it/s, v_num=80885, train_loss_step=0.013, val_loss=0.0234, val_acc=0.993, train_loss_epoch=0.0236] Epoch 9:  72%|███████▏  | 103/144 [00:02<00:01, 34.91it/s, v_num=80885, train_loss_step=0.013, val_loss=0.0234, val_acc=0.993, train_loss_epoch=0.0236]Epoch 9:  72%|███████▏  | 103/144 [00:02<00:01, 34.91it/s, v_num=80885, train_loss_step=0.0277, val_loss=0.0234, val_acc=0.993, train_loss_epoch=0.0236]Epoch 9:  72%|███████▏  | 104/144 [00:02<00:01, 34.95it/s, v_num=80885, train_loss_step=0.0277, val_loss=0.0234, val_acc=0.993, train_loss_epoch=0.0236]Epoch 9:  72%|███████▏  | 104/144 [00:02<00:01, 34.95it/s, v_num=80885, train_loss_step=0.0158, val_loss=0.0234, val_acc=0.993, train_loss_epoch=0.0236]Epoch 9:  73%|███████▎  | 105/144 [00:03<00:01, 34.97it/s, v_num=80885, train_loss_step=0.0158, val_loss=0.0234, val_acc=0.993, train_loss_epoch=0.0236]Epoch 9:  73%|███████▎  | 105/144 [00:03<00:01, 34.96it/s, v_num=80885, train_loss_step=0.0571, val_loss=0.0234, val_acc=0.993, train_loss_epoch=0.0236]Epoch 9:  74%|███████▎  | 106/144 [00:03<00:01, 34.96it/s, v_num=80885, train_loss_step=0.0571, val_loss=0.0234, val_acc=0.993, train_loss_epoch=0.0236]Epoch 9:  74%|███████▎  | 106/144 [00:03<00:01, 34.96it/s, v_num=80885, train_loss_step=0.0251, val_loss=0.0234, val_acc=0.993, train_loss_epoch=0.0236]Epoch 9:  74%|███████▍  | 107/144 [00:03<00:01, 35.00it/s, v_num=80885, train_loss_step=0.0251, val_loss=0.0234, val_acc=0.993, train_loss_epoch=0.0236]Epoch 9:  74%|███████▍  | 107/144 [00:03<00:01, 35.00it/s, v_num=80885, train_loss_step=0.0188, val_loss=0.0234, val_acc=0.993, train_loss_epoch=0.0236]Epoch 9:  75%|███████▌  | 108/144 [00:03<00:01, 35.04it/s, v_num=80885, train_loss_step=0.0188, val_loss=0.0234, val_acc=0.993, train_loss_epoch=0.0236]Epoch 9:  75%|███████▌  | 108/144 [00:03<00:01, 35.04it/s, v_num=80885, train_loss_step=0.0157, val_loss=0.0234, val_acc=0.993, train_loss_epoch=0.0236]Epoch 9:  76%|███████▌  | 109/144 [00:03<00:00, 35.05it/s, v_num=80885, train_loss_step=0.0157, val_loss=0.0234, val_acc=0.993, train_loss_epoch=0.0236]Epoch 9:  76%|███████▌  | 109/144 [00:03<00:00, 35.05it/s, v_num=80885, train_loss_step=0.0231, val_loss=0.0234, val_acc=0.993, train_loss_epoch=0.0236]Epoch 9:  76%|███████▋  | 110/144 [00:03<00:00, 35.04it/s, v_num=80885, train_loss_step=0.0231, val_loss=0.0234, val_acc=0.993, train_loss_epoch=0.0236]Epoch 9:  76%|███████▋  | 110/144 [00:03<00:00, 35.04it/s, v_num=80885, train_loss_step=0.0111, val_loss=0.0234, val_acc=0.993, train_loss_epoch=0.0236]Epoch 9:  77%|███████▋  | 111/144 [00:03<00:00, 35.07it/s, v_num=80885, train_loss_step=0.0111, val_loss=0.0234, val_acc=0.993, train_loss_epoch=0.0236]Epoch 9:  77%|███████▋  | 111/144 [00:03<00:00, 35.07it/s, v_num=80885, train_loss_step=0.0201, val_loss=0.0234, val_acc=0.993, train_loss_epoch=0.0236]Epoch 9:  78%|███████▊  | 112/144 [00:03<00:00, 35.10it/s, v_num=80885, train_loss_step=0.0201, val_loss=0.0234, val_acc=0.993, train_loss_epoch=0.0236]Epoch 9:  78%|███████▊  | 112/144 [00:03<00:00, 35.10it/s, v_num=80885, train_loss_step=0.00739, val_loss=0.0234, val_acc=0.993, train_loss_epoch=0.0236]Epoch 9:  78%|███████▊  | 113/144 [00:03<00:00, 35.14it/s, v_num=80885, train_loss_step=0.00739, val_loss=0.0234, val_acc=0.993, train_loss_epoch=0.0236]Epoch 9:  78%|███████▊  | 113/144 [00:03<00:00, 35.13it/s, v_num=80885, train_loss_step=0.0202, val_loss=0.0234, val_acc=0.993, train_loss_epoch=0.0236] Epoch 9:  79%|███████▉  | 114/144 [00:03<00:00, 35.13it/s, v_num=80885, train_loss_step=0.0202, val_loss=0.0234, val_acc=0.993, train_loss_epoch=0.0236]Epoch 9:  79%|███████▉  | 114/144 [00:03<00:00, 35.13it/s, v_num=80885, train_loss_step=0.0221, val_loss=0.0234, val_acc=0.993, train_loss_epoch=0.0236]Epoch 9:  80%|███████▉  | 115/144 [00:03<00:00, 35.15it/s, v_num=80885, train_loss_step=0.0221, val_loss=0.0234, val_acc=0.993, train_loss_epoch=0.0236]Epoch 9:  80%|███████▉  | 115/144 [00:03<00:00, 35.15it/s, v_num=80885, train_loss_step=0.0333, val_loss=0.0234, val_acc=0.993, train_loss_epoch=0.0236]Epoch 9:  81%|████████  | 116/144 [00:03<00:00, 35.19it/s, v_num=80885, train_loss_step=0.0333, val_loss=0.0234, val_acc=0.993, train_loss_epoch=0.0236]Epoch 9:  81%|████████  | 116/144 [00:03<00:00, 35.19it/s, v_num=80885, train_loss_step=0.0116, val_loss=0.0234, val_acc=0.993, train_loss_epoch=0.0236]Epoch 9:  81%|████████▏ | 117/144 [00:03<00:00, 35.22it/s, v_num=80885, train_loss_step=0.0116, val_loss=0.0234, val_acc=0.993, train_loss_epoch=0.0236]Epoch 9:  81%|████████▏ | 117/144 [00:03<00:00, 35.22it/s, v_num=80885, train_loss_step=0.0124, val_loss=0.0234, val_acc=0.993, train_loss_epoch=0.0236]Epoch 9:  82%|████████▏ | 118/144 [00:03<00:00, 35.22it/s, v_num=80885, train_loss_step=0.0124, val_loss=0.0234, val_acc=0.993, train_loss_epoch=0.0236]Epoch 9:  82%|████████▏ | 118/144 [00:03<00:00, 35.22it/s, v_num=80885, train_loss_step=0.0169, val_loss=0.0234, val_acc=0.993, train_loss_epoch=0.0236]Epoch 9:  83%|████████▎ | 119/144 [00:03<00:00, 35.25it/s, v_num=80885, train_loss_step=0.0169, val_loss=0.0234, val_acc=0.993, train_loss_epoch=0.0236]Epoch 9:  83%|████████▎ | 119/144 [00:03<00:00, 35.25it/s, v_num=80885, train_loss_step=0.00771, val_loss=0.0234, val_acc=0.993, train_loss_epoch=0.0236]Epoch 9:  83%|████████▎ | 120/144 [00:03<00:00, 35.28it/s, v_num=80885, train_loss_step=0.00771, val_loss=0.0234, val_acc=0.993, train_loss_epoch=0.0236]Epoch 9:  83%|████████▎ | 120/144 [00:03<00:00, 35.28it/s, v_num=80885, train_loss_step=0.00289, val_loss=0.0234, val_acc=0.993, train_loss_epoch=0.0236]Epoch 9:  84%|████████▍ | 121/144 [00:03<00:00, 35.31it/s, v_num=80885, train_loss_step=0.00289, val_loss=0.0234, val_acc=0.993, train_loss_epoch=0.0236]Epoch 9:  84%|████████▍ | 121/144 [00:03<00:00, 35.31it/s, v_num=80885, train_loss_step=0.00193, val_loss=0.0234, val_acc=0.993, train_loss_epoch=0.0236]Epoch 9:  85%|████████▍ | 122/144 [00:03<00:00, 35.30it/s, v_num=80885, train_loss_step=0.00193, val_loss=0.0234, val_acc=0.993, train_loss_epoch=0.0236]Epoch 9:  85%|████████▍ | 122/144 [00:03<00:00, 35.30it/s, v_num=80885, train_loss_step=0.0173, val_loss=0.0234, val_acc=0.993, train_loss_epoch=0.0236] Epoch 9:  85%|████████▌ | 123/144 [00:03<00:00, 35.28it/s, v_num=80885, train_loss_step=0.0173, val_loss=0.0234, val_acc=0.993, train_loss_epoch=0.0236]Epoch 9:  85%|████████▌ | 123/144 [00:03<00:00, 35.27it/s, v_num=80885, train_loss_step=0.0261, val_loss=0.0234, val_acc=0.993, train_loss_epoch=0.0236]Epoch 9:  86%|████████▌ | 124/144 [00:03<00:00, 35.29it/s, v_num=80885, train_loss_step=0.0261, val_loss=0.0234, val_acc=0.993, train_loss_epoch=0.0236]Epoch 9:  86%|████████▌ | 124/144 [00:03<00:00, 35.29it/s, v_num=80885, train_loss_step=0.0419, val_loss=0.0234, val_acc=0.993, train_loss_epoch=0.0236]Epoch 9:  87%|████████▋ | 125/144 [00:03<00:00, 35.32it/s, v_num=80885, train_loss_step=0.0419, val_loss=0.0234, val_acc=0.993, train_loss_epoch=0.0236]Epoch 9:  87%|████████▋ | 125/144 [00:03<00:00, 35.32it/s, v_num=80885, train_loss_step=0.0109, val_loss=0.0234, val_acc=0.993, train_loss_epoch=0.0236]Epoch 9:  88%|████████▊ | 126/144 [00:03<00:00, 35.34it/s, v_num=80885, train_loss_step=0.0109, val_loss=0.0234, val_acc=0.993, train_loss_epoch=0.0236]Epoch 9:  88%|████████▊ | 126/144 [00:03<00:00, 35.34it/s, v_num=80885, train_loss_step=0.0126, val_loss=0.0234, val_acc=0.993, train_loss_epoch=0.0236]Epoch 9:  88%|████████▊ | 127/144 [00:03<00:00, 35.31it/s, v_num=80885, train_loss_step=0.0126, val_loss=0.0234, val_acc=0.993, train_loss_epoch=0.0236]Epoch 9:  88%|████████▊ | 127/144 [00:03<00:00, 35.31it/s, v_num=80885, train_loss_step=0.0216, val_loss=0.0234, val_acc=0.993, train_loss_epoch=0.0236]Epoch 9:  89%|████████▉ | 128/144 [00:03<00:00, 35.33it/s, v_num=80885, train_loss_step=0.0216, val_loss=0.0234, val_acc=0.993, train_loss_epoch=0.0236]Epoch 9:  89%|████████▉ | 128/144 [00:03<00:00, 35.33it/s, v_num=80885, train_loss_step=0.0188, val_loss=0.0234, val_acc=0.993, train_loss_epoch=0.0236]Epoch 9:  90%|████████▉ | 129/144 [00:03<00:00, 35.35it/s, v_num=80885, train_loss_step=0.0188, val_loss=0.0234, val_acc=0.993, train_loss_epoch=0.0236]Epoch 9:  90%|████████▉ | 129/144 [00:03<00:00, 35.35it/s, v_num=80885, train_loss_step=0.0329, val_loss=0.0234, val_acc=0.993, train_loss_epoch=0.0236]Epoch 9:  90%|█████████ | 130/144 [00:03<00:00, 35.39it/s, v_num=80885, train_loss_step=0.0329, val_loss=0.0234, val_acc=0.993, train_loss_epoch=0.0236]Epoch 9:  90%|█████████ | 130/144 [00:03<00:00, 35.38it/s, v_num=80885, train_loss_step=0.0121, val_loss=0.0234, val_acc=0.993, train_loss_epoch=0.0236]Epoch 9:  91%|█████████ | 131/144 [00:03<00:00, 35.31it/s, v_num=80885, train_loss_step=0.0121, val_loss=0.0234, val_acc=0.993, train_loss_epoch=0.0236]Epoch 9:  91%|█████████ | 131/144 [00:03<00:00, 35.31it/s, v_num=80885, train_loss_step=0.00592, val_loss=0.0234, val_acc=0.993, train_loss_epoch=0.0236]Epoch 9:  92%|█████████▏| 132/144 [00:03<00:00, 35.33it/s, v_num=80885, train_loss_step=0.00592, val_loss=0.0234, val_acc=0.993, train_loss_epoch=0.0236]Epoch 9:  92%|█████████▏| 132/144 [00:03<00:00, 35.33it/s, v_num=80885, train_loss_step=0.0173, val_loss=0.0234, val_acc=0.993, train_loss_epoch=0.0236] Epoch 9:  92%|█████████▏| 133/144 [00:03<00:00, 35.36it/s, v_num=80885, train_loss_step=0.0173, val_loss=0.0234, val_acc=0.993, train_loss_epoch=0.0236]Epoch 9:  92%|█████████▏| 133/144 [00:03<00:00, 35.36it/s, v_num=80885, train_loss_step=0.032, val_loss=0.0234, val_acc=0.993, train_loss_epoch=0.0236] Epoch 9:  93%|█████████▎| 134/144 [00:03<00:00, 35.39it/s, v_num=80885, train_loss_step=0.032, val_loss=0.0234, val_acc=0.993, train_loss_epoch=0.0236]Epoch 9:  93%|█████████▎| 134/144 [00:03<00:00, 35.38it/s, v_num=80885, train_loss_step=0.00524, val_loss=0.0234, val_acc=0.993, train_loss_epoch=0.0236]Epoch 9:  94%|█████████▍| 135/144 [00:03<00:00, 35.37it/s, v_num=80885, train_loss_step=0.00524, val_loss=0.0234, val_acc=0.993, train_loss_epoch=0.0236]Epoch 9:  94%|█████████▍| 135/144 [00:03<00:00, 35.37it/s, v_num=80885, train_loss_step=0.0065, val_loss=0.0234, val_acc=0.993, train_loss_epoch=0.0236] Epoch 9:  94%|█████████▍| 136/144 [00:03<00:00, 35.39it/s, v_num=80885, train_loss_step=0.0065, val_loss=0.0234, val_acc=0.993, train_loss_epoch=0.0236]Epoch 9:  94%|█████████▍| 136/144 [00:03<00:00, 35.39it/s, v_num=80885, train_loss_step=0.0224, val_loss=0.0234, val_acc=0.993, train_loss_epoch=0.0236]Epoch 9:  95%|█████████▌| 137/144 [00:03<00:00, 35.41it/s, v_num=80885, train_loss_step=0.0224, val_loss=0.0234, val_acc=0.993, train_loss_epoch=0.0236]Epoch 9:  95%|█████████▌| 137/144 [00:03<00:00, 35.41it/s, v_num=80885, train_loss_step=0.0107, val_loss=0.0234, val_acc=0.993, train_loss_epoch=0.0236]Epoch 9:  96%|█████████▌| 138/144 [00:03<00:00, 35.43it/s, v_num=80885, train_loss_step=0.0107, val_loss=0.0234, val_acc=0.993, train_loss_epoch=0.0236]Epoch 9:  96%|█████████▌| 138/144 [00:03<00:00, 35.43it/s, v_num=80885, train_loss_step=0.0111, val_loss=0.0234, val_acc=0.993, train_loss_epoch=0.0236]Epoch 9:  97%|█████████▋| 139/144 [00:03<00:00, 35.42it/s, v_num=80885, train_loss_step=0.0111, val_loss=0.0234, val_acc=0.993, train_loss_epoch=0.0236]Epoch 9:  97%|█████████▋| 139/144 [00:03<00:00, 35.42it/s, v_num=80885, train_loss_step=0.0129, val_loss=0.0234, val_acc=0.993, train_loss_epoch=0.0236]Epoch 9:  97%|█████████▋| 140/144 [00:03<00:00, 35.43it/s, v_num=80885, train_loss_step=0.0129, val_loss=0.0234, val_acc=0.993, train_loss_epoch=0.0236]Epoch 9:  97%|█████████▋| 140/144 [00:03<00:00, 35.43it/s, v_num=80885, train_loss_step=0.0106, val_loss=0.0234, val_acc=0.993, train_loss_epoch=0.0236]Epoch 9:  98%|█████████▊| 141/144 [00:03<00:00, 35.45it/s, v_num=80885, train_loss_step=0.0106, val_loss=0.0234, val_acc=0.993, train_loss_epoch=0.0236]Epoch 9:  98%|█████████▊| 141/144 [00:03<00:00, 35.45it/s, v_num=80885, train_loss_step=0.0299, val_loss=0.0234, val_acc=0.993, train_loss_epoch=0.0236]Epoch 9:  99%|█████████▊| 142/144 [00:04<00:00, 35.48it/s, v_num=80885, train_loss_step=0.0299, val_loss=0.0234, val_acc=0.993, train_loss_epoch=0.0236]Epoch 9:  99%|█████████▊| 142/144 [00:04<00:00, 35.48it/s, v_num=80885, train_loss_step=0.0303, val_loss=0.0234, val_acc=0.993, train_loss_epoch=0.0236]Epoch 9:  99%|█████████▉| 143/144 [00:04<00:00, 35.45it/s, v_num=80885, train_loss_step=0.0303, val_loss=0.0234, val_acc=0.993, train_loss_epoch=0.0236]Epoch 9:  99%|█████████▉| 143/144 [00:04<00:00, 35.45it/s, v_num=80885, train_loss_step=0.00998, val_loss=0.0234, val_acc=0.993, train_loss_epoch=0.0236]Epoch 9: 100%|██████████| 144/144 [00:04<00:00, 35.44it/s, v_num=80885, train_loss_step=0.00998, val_loss=0.0234, val_acc=0.993, train_loss_epoch=0.0236]Epoch 9: 100%|██████████| 144/144 [00:04<00:00, 35.44it/s, v_num=80885, train_loss_step=0.00401, val_loss=0.0234, val_acc=0.993, train_loss_epoch=0.0236]
Validation: |          | 0/? [00:00<?, ?it/s][A
Validation:   0%|          | 0/14 [00:00<?, ?it/s][A
Validation DataLoader 0:   0%|          | 0/14 [00:00<?, ?it/s][A
Validation DataLoader 0:   7%|▋         | 1/14 [00:00<00:00, 117.54it/s][A
Validation DataLoader 0:  14%|█▍        | 2/14 [00:00<00:00, 84.26it/s] [A
Validation DataLoader 0:  21%|██▏       | 3/14 [00:00<00:00, 88.87it/s][A
Validation DataLoader 0:  29%|██▊       | 4/14 [00:00<00:00, 90.34it/s][A
Validation DataLoader 0:  36%|███▌      | 5/14 [00:00<00:00, 85.64it/s][A
Validation DataLoader 0:  43%|████▎     | 6/14 [00:00<00:00, 82.38it/s][A
Validation DataLoader 0:  50%|█████     | 7/14 [00:00<00:00, 80.18it/s][A
Validation DataLoader 0:  57%|█████▋    | 8/14 [00:00<00:00, 78.53it/s][A
Validation DataLoader 0:  64%|██████▍   | 9/14 [00:00<00:00, 77.36it/s][A
Validation DataLoader 0:  71%|███████▏  | 10/14 [00:00<00:00, 76.39it/s][A
Validation DataLoader 0:  79%|███████▊  | 11/14 [00:00<00:00, 74.97it/s][A
Validation DataLoader 0:  86%|████████▌ | 12/14 [00:00<00:00, 74.42it/s][A
Validation DataLoader 0:  93%|█████████▎| 13/14 [00:00<00:00, 73.49it/s][A
Validation DataLoader 0: 100%|██████████| 14/14 [00:00<00:00, 73.24it/s][A
                                                                        [AEpoch 9: 100%|██████████| 144/144 [00:04<00:00, 33.69it/s, v_num=80885, train_loss_step=0.00401, val_loss=0.0164, val_acc=0.993, train_loss_epoch=0.0236]Epoch 9: 100%|██████████| 144/144 [00:04<00:00, 33.68it/s, v_num=80885, train_loss_step=0.00401, val_loss=0.0164, val_acc=0.993, train_loss_epoch=0.020] [2025-09-11 12:54:05,148] [INFO] [logging.py:107:log_dist] [Rank 0] [Torch] Checkpoint checkpoint is begin to save!
[2025-09-11 12:54:05,151] [INFO] [logging.py:107:log_dist] [Rank 0] Saving model checkpoint: deepspeed_logs/lightning_logs/version_80885/checkpoints/deepspeed-epoch=09-val_acc=0.99.ckpt/checkpoint/zero_pp_rank_0_mp_rank_00_model_states.pt
Epoch 9:   0%|          | 0/144 [00:00<?, ?it/s, v_num=80885, train_loss_step=0.00401, val_loss=0.0164, val_acc=0.993, train_loss_epoch=0.020]          Epoch 10:   0%|          | 0/144 [00:00<?, ?it/s, v_num=80885, train_loss_step=0.00401, val_loss=0.0164, val_acc=0.993, train_loss_epoch=0.020]Epoch 10:   1%|          | 1/144 [00:00<00:11, 12.88it/s, v_num=80885, train_loss_step=0.00401, val_loss=0.0164, val_acc=0.993, train_loss_epoch=0.020]Epoch 10:   1%|          | 1/144 [00:00<00:11, 12.84it/s, v_num=80885, train_loss_step=0.0144, val_loss=0.0164, val_acc=0.993, train_loss_epoch=0.020] Epoch 10:   1%|▏         | 2/144 [00:00<00:07, 19.01it/s, v_num=80885, train_loss_step=0.0144, val_loss=0.0164, val_acc=0.993, train_loss_epoch=0.020]Epoch 10:   1%|▏         | 2/144 [00:00<00:07, 18.98it/s, v_num=80885, train_loss_step=0.0318, val_loss=0.0164, val_acc=0.993, train_loss_epoch=0.020]Epoch 10:   2%|▏         | 3/144 [00:00<00:06, 21.90it/s, v_num=80885, train_loss_step=0.0318, val_loss=0.0164, val_acc=0.993, train_loss_epoch=0.020]Epoch 10:   2%|▏         | 3/144 [00:00<00:06, 21.87it/s, v_num=80885, train_loss_step=0.0119, val_loss=0.0164, val_acc=0.993, train_loss_epoch=0.020]Epoch 10:   3%|▎         | 4/144 [00:00<00:05, 24.45it/s, v_num=80885, train_loss_step=0.0119, val_loss=0.0164, val_acc=0.993, train_loss_epoch=0.020]Epoch 10:   3%|▎         | 4/144 [00:00<00:05, 24.43it/s, v_num=80885, train_loss_step=0.0133, val_loss=0.0164, val_acc=0.993, train_loss_epoch=0.020]Epoch 10:   3%|▎         | 5/144 [00:00<00:05, 26.38it/s, v_num=80885, train_loss_step=0.0133, val_loss=0.0164, val_acc=0.993, train_loss_epoch=0.020]Epoch 10:   3%|▎         | 5/144 [00:00<00:05, 26.36it/s, v_num=80885, train_loss_step=0.0263, val_loss=0.0164, val_acc=0.993, train_loss_epoch=0.020]Epoch 10:   4%|▍         | 6/144 [00:00<00:04, 27.73it/s, v_num=80885, train_loss_step=0.0263, val_loss=0.0164, val_acc=0.993, train_loss_epoch=0.020]Epoch 10:   4%|▍         | 6/144 [00:00<00:04, 27.71it/s, v_num=80885, train_loss_step=0.0145, val_loss=0.0164, val_acc=0.993, train_loss_epoch=0.020]Epoch 10:   5%|▍         | 7/144 [00:00<00:04, 28.29it/s, v_num=80885, train_loss_step=0.0145, val_loss=0.0164, val_acc=0.993, train_loss_epoch=0.020]Epoch 10:   5%|▍         | 7/144 [00:00<00:04, 28.27it/s, v_num=80885, train_loss_step=0.0147, val_loss=0.0164, val_acc=0.993, train_loss_epoch=0.020]Epoch 10:   6%|▌         | 8/144 [00:00<00:04, 28.91it/s, v_num=80885, train_loss_step=0.0147, val_loss=0.0164, val_acc=0.993, train_loss_epoch=0.020]Epoch 10:   6%|▌         | 8/144 [00:00<00:04, 28.89it/s, v_num=80885, train_loss_step=0.00764, val_loss=0.0164, val_acc=0.993, train_loss_epoch=0.020]Epoch 10:   6%|▋         | 9/144 [00:00<00:04, 29.44it/s, v_num=80885, train_loss_step=0.00764, val_loss=0.0164, val_acc=0.993, train_loss_epoch=0.020]Epoch 10:   6%|▋         | 9/144 [00:00<00:04, 29.42it/s, v_num=80885, train_loss_step=0.0181, val_loss=0.0164, val_acc=0.993, train_loss_epoch=0.020] Epoch 10:   7%|▋         | 10/144 [00:00<00:04, 29.72it/s, v_num=80885, train_loss_step=0.0181, val_loss=0.0164, val_acc=0.993, train_loss_epoch=0.020]Epoch 10:   7%|▋         | 10/144 [00:00<00:04, 29.71it/s, v_num=80885, train_loss_step=0.0126, val_loss=0.0164, val_acc=0.993, train_loss_epoch=0.020]Epoch 10:   8%|▊         | 11/144 [00:00<00:04, 30.18it/s, v_num=80885, train_loss_step=0.0126, val_loss=0.0164, val_acc=0.993, train_loss_epoch=0.020]Epoch 10:   8%|▊         | 11/144 [00:00<00:04, 30.17it/s, v_num=80885, train_loss_step=0.00433, val_loss=0.0164, val_acc=0.993, train_loss_epoch=0.020]Epoch 10:   8%|▊         | 12/144 [00:00<00:04, 30.57it/s, v_num=80885, train_loss_step=0.00433, val_loss=0.0164, val_acc=0.993, train_loss_epoch=0.020]Epoch 10:   8%|▊         | 12/144 [00:00<00:04, 30.56it/s, v_num=80885, train_loss_step=0.0135, val_loss=0.0164, val_acc=0.993, train_loss_epoch=0.020] Epoch 10:   9%|▉         | 13/144 [00:00<00:04, 31.02it/s, v_num=80885, train_loss_step=0.0135, val_loss=0.0164, val_acc=0.993, train_loss_epoch=0.020]Epoch 10:   9%|▉         | 13/144 [00:00<00:04, 31.01it/s, v_num=80885, train_loss_step=0.0207, val_loss=0.0164, val_acc=0.993, train_loss_epoch=0.020]Epoch 10:  10%|▉         | 14/144 [00:00<00:04, 31.22it/s, v_num=80885, train_loss_step=0.0207, val_loss=0.0164, val_acc=0.993, train_loss_epoch=0.020]Epoch 10:  10%|▉         | 14/144 [00:00<00:04, 31.21it/s, v_num=80885, train_loss_step=0.00771, val_loss=0.0164, val_acc=0.993, train_loss_epoch=0.020]Epoch 10:  10%|█         | 15/144 [00:00<00:04, 31.57it/s, v_num=80885, train_loss_step=0.00771, val_loss=0.0164, val_acc=0.993, train_loss_epoch=0.020]Epoch 10:  10%|█         | 15/144 [00:00<00:04, 31.56it/s, v_num=80885, train_loss_step=0.011, val_loss=0.0164, val_acc=0.993, train_loss_epoch=0.020]  Epoch 10:  11%|█         | 16/144 [00:00<00:04, 31.90it/s, v_num=80885, train_loss_step=0.011, val_loss=0.0164, val_acc=0.993, train_loss_epoch=0.020]Epoch 10:  11%|█         | 16/144 [00:00<00:04, 31.89it/s, v_num=80885, train_loss_step=0.0431, val_loss=0.0164, val_acc=0.993, train_loss_epoch=0.020]Epoch 10:  12%|█▏        | 17/144 [00:00<00:03, 32.21it/s, v_num=80885, train_loss_step=0.0431, val_loss=0.0164, val_acc=0.993, train_loss_epoch=0.020]Epoch 10:  12%|█▏        | 17/144 [00:00<00:03, 32.20it/s, v_num=80885, train_loss_step=0.018, val_loss=0.0164, val_acc=0.993, train_loss_epoch=0.020] Epoch 10:  12%|█▎        | 18/144 [00:00<00:03, 32.31it/s, v_num=80885, train_loss_step=0.018, val_loss=0.0164, val_acc=0.993, train_loss_epoch=0.020]Epoch 10:  12%|█▎        | 18/144 [00:00<00:03, 32.30it/s, v_num=80885, train_loss_step=0.00807, val_loss=0.0164, val_acc=0.993, train_loss_epoch=0.020]Epoch 10:  13%|█▎        | 19/144 [00:00<00:03, 32.13it/s, v_num=80885, train_loss_step=0.00807, val_loss=0.0164, val_acc=0.993, train_loss_epoch=0.020]Epoch 10:  13%|█▎        | 19/144 [00:00<00:03, 32.12it/s, v_num=80885, train_loss_step=0.0146, val_loss=0.0164, val_acc=0.993, train_loss_epoch=0.020] Epoch 10:  14%|█▍        | 20/144 [00:00<00:03, 32.24it/s, v_num=80885, train_loss_step=0.0146, val_loss=0.0164, val_acc=0.993, train_loss_epoch=0.020]Epoch 10:  14%|█▍        | 20/144 [00:00<00:03, 32.23it/s, v_num=80885, train_loss_step=0.0211, val_loss=0.0164, val_acc=0.993, train_loss_epoch=0.020]Epoch 10:  15%|█▍        | 21/144 [00:00<00:03, 32.39it/s, v_num=80885, train_loss_step=0.0211, val_loss=0.0164, val_acc=0.993, train_loss_epoch=0.020]Epoch 10:  15%|█▍        | 21/144 [00:00<00:03, 32.39it/s, v_num=80885, train_loss_step=0.0143, val_loss=0.0164, val_acc=0.993, train_loss_epoch=0.020]Epoch 10:  15%|█▌        | 22/144 [00:00<00:03, 32.46it/s, v_num=80885, train_loss_step=0.0143, val_loss=0.0164, val_acc=0.993, train_loss_epoch=0.020]Epoch 10:  15%|█▌        | 22/144 [00:00<00:03, 32.45it/s, v_num=80885, train_loss_step=0.0117, val_loss=0.0164, val_acc=0.993, train_loss_epoch=0.020]Epoch 10:  16%|█▌        | 23/144 [00:00<00:03, 32.65it/s, v_num=80885, train_loss_step=0.0117, val_loss=0.0164, val_acc=0.993, train_loss_epoch=0.020]Epoch 10:  16%|█▌        | 23/144 [00:00<00:03, 32.64it/s, v_num=80885, train_loss_step=0.0225, val_loss=0.0164, val_acc=0.993, train_loss_epoch=0.020]Epoch 10:  17%|█▋        | 24/144 [00:00<00:03, 32.84it/s, v_num=80885, train_loss_step=0.0225, val_loss=0.0164, val_acc=0.993, train_loss_epoch=0.020]Epoch 10:  17%|█▋        | 24/144 [00:00<00:03, 32.84it/s, v_num=80885, train_loss_step=0.0244, val_loss=0.0164, val_acc=0.993, train_loss_epoch=0.020]Epoch 10:  17%|█▋        | 25/144 [00:00<00:03, 33.01it/s, v_num=80885, train_loss_step=0.0244, val_loss=0.0164, val_acc=0.993, train_loss_epoch=0.020]Epoch 10:  17%|█▋        | 25/144 [00:00<00:03, 33.00it/s, v_num=80885, train_loss_step=0.0286, val_loss=0.0164, val_acc=0.993, train_loss_epoch=0.020]Epoch 10:  18%|█▊        | 26/144 [00:00<00:03, 32.96it/s, v_num=80885, train_loss_step=0.0286, val_loss=0.0164, val_acc=0.993, train_loss_epoch=0.020]Epoch 10:  18%|█▊        | 26/144 [00:00<00:03, 32.96it/s, v_num=80885, train_loss_step=0.0121, val_loss=0.0164, val_acc=0.993, train_loss_epoch=0.020]Epoch 10:  19%|█▉        | 27/144 [00:00<00:03, 33.09it/s, v_num=80885, train_loss_step=0.0121, val_loss=0.0164, val_acc=0.993, train_loss_epoch=0.020]Epoch 10:  19%|█▉        | 27/144 [00:00<00:03, 33.09it/s, v_num=80885, train_loss_step=0.0294, val_loss=0.0164, val_acc=0.993, train_loss_epoch=0.020]Epoch 10:  19%|█▉        | 28/144 [00:00<00:03, 33.17it/s, v_num=80885, train_loss_step=0.0294, val_loss=0.0164, val_acc=0.993, train_loss_epoch=0.020]Epoch 10:  19%|█▉        | 28/144 [00:00<00:03, 33.17it/s, v_num=80885, train_loss_step=0.0421, val_loss=0.0164, val_acc=0.993, train_loss_epoch=0.020]Epoch 10:  20%|██        | 29/144 [00:00<00:03, 33.15it/s, v_num=80885, train_loss_step=0.0421, val_loss=0.0164, val_acc=0.993, train_loss_epoch=0.020]Epoch 10:  20%|██        | 29/144 [00:00<00:03, 33.14it/s, v_num=80885, train_loss_step=0.0171, val_loss=0.0164, val_acc=0.993, train_loss_epoch=0.020]Epoch 10:  21%|██        | 30/144 [00:00<00:03, 33.15it/s, v_num=80885, train_loss_step=0.0171, val_loss=0.0164, val_acc=0.993, train_loss_epoch=0.020]Epoch 10:  21%|██        | 30/144 [00:00<00:03, 33.14it/s, v_num=80885, train_loss_step=0.0312, val_loss=0.0164, val_acc=0.993, train_loss_epoch=0.020]Epoch 10:  22%|██▏       | 31/144 [00:00<00:03, 33.29it/s, v_num=80885, train_loss_step=0.0312, val_loss=0.0164, val_acc=0.993, train_loss_epoch=0.020]Epoch 10:  22%|██▏       | 31/144 [00:00<00:03, 33.29it/s, v_num=80885, train_loss_step=0.0167, val_loss=0.0164, val_acc=0.993, train_loss_epoch=0.020]Epoch 10:  22%|██▏       | 32/144 [00:00<00:03, 33.43it/s, v_num=80885, train_loss_step=0.0167, val_loss=0.0164, val_acc=0.993, train_loss_epoch=0.020]Epoch 10:  22%|██▏       | 32/144 [00:00<00:03, 33.43it/s, v_num=80885, train_loss_step=0.021, val_loss=0.0164, val_acc=0.993, train_loss_epoch=0.020] Epoch 10:  23%|██▎       | 33/144 [00:00<00:03, 33.56it/s, v_num=80885, train_loss_step=0.021, val_loss=0.0164, val_acc=0.993, train_loss_epoch=0.020]Epoch 10:  23%|██▎       | 33/144 [00:00<00:03, 33.55it/s, v_num=80885, train_loss_step=0.0447, val_loss=0.0164, val_acc=0.993, train_loss_epoch=0.020]Epoch 10:  24%|██▎       | 34/144 [00:01<00:03, 33.59it/s, v_num=80885, train_loss_step=0.0447, val_loss=0.0164, val_acc=0.993, train_loss_epoch=0.020]Epoch 10:  24%|██▎       | 34/144 [00:01<00:03, 33.58it/s, v_num=80885, train_loss_step=0.00882, val_loss=0.0164, val_acc=0.993, train_loss_epoch=0.020]Epoch 10:  24%|██▍       | 35/144 [00:01<00:03, 33.71it/s, v_num=80885, train_loss_step=0.00882, val_loss=0.0164, val_acc=0.993, train_loss_epoch=0.020]Epoch 10:  24%|██▍       | 35/144 [00:01<00:03, 33.71it/s, v_num=80885, train_loss_step=0.0268, val_loss=0.0164, val_acc=0.993, train_loss_epoch=0.020] Epoch 10:  25%|██▌       | 36/144 [00:01<00:03, 33.85it/s, v_num=80885, train_loss_step=0.0268, val_loss=0.0164, val_acc=0.993, train_loss_epoch=0.020]Epoch 10:  25%|██▌       | 36/144 [00:01<00:03, 33.84it/s, v_num=80885, train_loss_step=0.0218, val_loss=0.0164, val_acc=0.993, train_loss_epoch=0.020]Epoch 10:  26%|██▌       | 37/144 [00:01<00:03, 33.96it/s, v_num=80885, train_loss_step=0.0218, val_loss=0.0164, val_acc=0.993, train_loss_epoch=0.020]Epoch 10:  26%|██▌       | 37/144 [00:01<00:03, 33.95it/s, v_num=80885, train_loss_step=0.0123, val_loss=0.0164, val_acc=0.993, train_loss_epoch=0.020]Epoch 10:  26%|██▋       | 38/144 [00:01<00:03, 33.92it/s, v_num=80885, train_loss_step=0.0123, val_loss=0.0164, val_acc=0.993, train_loss_epoch=0.020]Epoch 10:  26%|██▋       | 38/144 [00:01<00:03, 33.92it/s, v_num=80885, train_loss_step=0.0211, val_loss=0.0164, val_acc=0.993, train_loss_epoch=0.020]Epoch 10:  27%|██▋       | 39/144 [00:01<00:03, 34.04it/s, v_num=80885, train_loss_step=0.0211, val_loss=0.0164, val_acc=0.993, train_loss_epoch=0.020]Epoch 10:  27%|██▋       | 39/144 [00:01<00:03, 34.03it/s, v_num=80885, train_loss_step=0.0429, val_loss=0.0164, val_acc=0.993, train_loss_epoch=0.020]Epoch 10:  28%|██▊       | 40/144 [00:01<00:03, 34.07it/s, v_num=80885, train_loss_step=0.0429, val_loss=0.0164, val_acc=0.993, train_loss_epoch=0.020]Epoch 10:  28%|██▊       | 40/144 [00:01<00:03, 34.07it/s, v_num=80885, train_loss_step=0.0329, val_loss=0.0164, val_acc=0.993, train_loss_epoch=0.020]Epoch 10:  28%|██▊       | 41/144 [00:01<00:03, 34.12it/s, v_num=80885, train_loss_step=0.0329, val_loss=0.0164, val_acc=0.993, train_loss_epoch=0.020]Epoch 10:  28%|██▊       | 41/144 [00:01<00:03, 34.12it/s, v_num=80885, train_loss_step=0.00652, val_loss=0.0164, val_acc=0.993, train_loss_epoch=0.020]Epoch 10:  29%|██▉       | 42/144 [00:01<00:02, 34.11it/s, v_num=80885, train_loss_step=0.00652, val_loss=0.0164, val_acc=0.993, train_loss_epoch=0.020]Epoch 10:  29%|██▉       | 42/144 [00:01<00:02, 34.11it/s, v_num=80885, train_loss_step=0.0208, val_loss=0.0164, val_acc=0.993, train_loss_epoch=0.020] Epoch 10:  30%|██▉       | 43/144 [00:01<00:02, 34.21it/s, v_num=80885, train_loss_step=0.0208, val_loss=0.0164, val_acc=0.993, train_loss_epoch=0.020]Epoch 10:  30%|██▉       | 43/144 [00:01<00:02, 34.21it/s, v_num=80885, train_loss_step=0.0197, val_loss=0.0164, val_acc=0.993, train_loss_epoch=0.020]Epoch 10:  31%|███       | 44/144 [00:01<00:02, 34.28it/s, v_num=80885, train_loss_step=0.0197, val_loss=0.0164, val_acc=0.993, train_loss_epoch=0.020]Epoch 10:  31%|███       | 44/144 [00:01<00:02, 34.28it/s, v_num=80885, train_loss_step=0.0169, val_loss=0.0164, val_acc=0.993, train_loss_epoch=0.020]Epoch 10:  31%|███▏      | 45/144 [00:01<00:02, 34.34it/s, v_num=80885, train_loss_step=0.0169, val_loss=0.0164, val_acc=0.993, train_loss_epoch=0.020]Epoch 10:  31%|███▏      | 45/144 [00:01<00:02, 34.34it/s, v_num=80885, train_loss_step=0.0573, val_loss=0.0164, val_acc=0.993, train_loss_epoch=0.020]Epoch 10:  32%|███▏      | 46/144 [00:01<00:02, 34.33it/s, v_num=80885, train_loss_step=0.0573, val_loss=0.0164, val_acc=0.993, train_loss_epoch=0.020]Epoch 10:  32%|███▏      | 46/144 [00:01<00:02, 34.32it/s, v_num=80885, train_loss_step=0.00982, val_loss=0.0164, val_acc=0.993, train_loss_epoch=0.020]Epoch 10:  33%|███▎      | 47/144 [00:01<00:02, 34.40it/s, v_num=80885, train_loss_step=0.00982, val_loss=0.0164, val_acc=0.993, train_loss_epoch=0.020]Epoch 10:  33%|███▎      | 47/144 [00:01<00:02, 34.39it/s, v_num=80885, train_loss_step=0.00838, val_loss=0.0164, val_acc=0.993, train_loss_epoch=0.020]Epoch 10:  33%|███▎      | 48/144 [00:01<00:02, 34.43it/s, v_num=80885, train_loss_step=0.00838, val_loss=0.0164, val_acc=0.993, train_loss_epoch=0.020]Epoch 10:  33%|███▎      | 48/144 [00:01<00:02, 34.43it/s, v_num=80885, train_loss_step=0.00285, val_loss=0.0164, val_acc=0.993, train_loss_epoch=0.020]Epoch 10:  34%|███▍      | 49/144 [00:01<00:02, 34.50it/s, v_num=80885, train_loss_step=0.00285, val_loss=0.0164, val_acc=0.993, train_loss_epoch=0.020]Epoch 10:  34%|███▍      | 49/144 [00:01<00:02, 34.50it/s, v_num=80885, train_loss_step=0.0376, val_loss=0.0164, val_acc=0.993, train_loss_epoch=0.020] Epoch 10:  35%|███▍      | 50/144 [00:01<00:02, 34.52it/s, v_num=80885, train_loss_step=0.0376, val_loss=0.0164, val_acc=0.993, train_loss_epoch=0.020]Epoch 10:  35%|███▍      | 50/144 [00:01<00:02, 34.51it/s, v_num=80885, train_loss_step=0.0062, val_loss=0.0164, val_acc=0.993, train_loss_epoch=0.020]Epoch 10:  35%|███▌      | 51/144 [00:01<00:02, 34.60it/s, v_num=80885, train_loss_step=0.0062, val_loss=0.0164, val_acc=0.993, train_loss_epoch=0.020]Epoch 10:  35%|███▌      | 51/144 [00:01<00:02, 34.60it/s, v_num=80885, train_loss_step=0.0355, val_loss=0.0164, val_acc=0.993, train_loss_epoch=0.020]Epoch 10:  36%|███▌      | 52/144 [00:01<00:02, 34.60it/s, v_num=80885, train_loss_step=0.0355, val_loss=0.0164, val_acc=0.993, train_loss_epoch=0.020]Epoch 10:  36%|███▌      | 52/144 [00:01<00:02, 34.60it/s, v_num=80885, train_loss_step=0.0209, val_loss=0.0164, val_acc=0.993, train_loss_epoch=0.020]Epoch 10:  37%|███▋      | 53/144 [00:01<00:02, 34.64it/s, v_num=80885, train_loss_step=0.0209, val_loss=0.0164, val_acc=0.993, train_loss_epoch=0.020]Epoch 10:  37%|███▋      | 53/144 [00:01<00:02, 34.64it/s, v_num=80885, train_loss_step=0.00747, val_loss=0.0164, val_acc=0.993, train_loss_epoch=0.020]Epoch 10:  38%|███▊      | 54/144 [00:01<00:02, 34.63it/s, v_num=80885, train_loss_step=0.00747, val_loss=0.0164, val_acc=0.993, train_loss_epoch=0.020]Epoch 10:  38%|███▊      | 54/144 [00:01<00:02, 34.63it/s, v_num=80885, train_loss_step=0.0451, val_loss=0.0164, val_acc=0.993, train_loss_epoch=0.020] Epoch 10:  38%|███▊      | 55/144 [00:01<00:02, 34.69it/s, v_num=80885, train_loss_step=0.0451, val_loss=0.0164, val_acc=0.993, train_loss_epoch=0.020]Epoch 10:  38%|███▊      | 55/144 [00:01<00:02, 34.68it/s, v_num=80885, train_loss_step=0.0403, val_loss=0.0164, val_acc=0.993, train_loss_epoch=0.020]Epoch 10:  39%|███▉      | 56/144 [00:01<00:02, 34.74it/s, v_num=80885, train_loss_step=0.0403, val_loss=0.0164, val_acc=0.993, train_loss_epoch=0.020]Epoch 10:  39%|███▉      | 56/144 [00:01<00:02, 34.74it/s, v_num=80885, train_loss_step=0.068, val_loss=0.0164, val_acc=0.993, train_loss_epoch=0.020] Epoch 10:  40%|███▉      | 57/144 [00:01<00:02, 34.79it/s, v_num=80885, train_loss_step=0.068, val_loss=0.0164, val_acc=0.993, train_loss_epoch=0.020]Epoch 10:  40%|███▉      | 57/144 [00:01<00:02, 34.78it/s, v_num=80885, train_loss_step=0.00756, val_loss=0.0164, val_acc=0.993, train_loss_epoch=0.020]Epoch 10:  40%|████      | 58/144 [00:01<00:02, 34.77it/s, v_num=80885, train_loss_step=0.00756, val_loss=0.0164, val_acc=0.993, train_loss_epoch=0.020]Epoch 10:  40%|████      | 58/144 [00:01<00:02, 34.76it/s, v_num=80885, train_loss_step=0.0255, val_loss=0.0164, val_acc=0.993, train_loss_epoch=0.020] Epoch 10:  41%|████      | 59/144 [00:01<00:02, 34.81it/s, v_num=80885, train_loss_step=0.0255, val_loss=0.0164, val_acc=0.993, train_loss_epoch=0.020]Epoch 10:  41%|████      | 59/144 [00:01<00:02, 34.80it/s, v_num=80885, train_loss_step=0.00904, val_loss=0.0164, val_acc=0.993, train_loss_epoch=0.020]Epoch 10:  42%|████▏     | 60/144 [00:01<00:02, 34.86it/s, v_num=80885, train_loss_step=0.00904, val_loss=0.0164, val_acc=0.993, train_loss_epoch=0.020]Epoch 10:  42%|████▏     | 60/144 [00:01<00:02, 34.86it/s, v_num=80885, train_loss_step=0.00892, val_loss=0.0164, val_acc=0.993, train_loss_epoch=0.020]Epoch 10:  42%|████▏     | 61/144 [00:01<00:02, 34.89it/s, v_num=80885, train_loss_step=0.00892, val_loss=0.0164, val_acc=0.993, train_loss_epoch=0.020]Epoch 10:  42%|████▏     | 61/144 [00:01<00:02, 34.89it/s, v_num=80885, train_loss_step=0.0297, val_loss=0.0164, val_acc=0.993, train_loss_epoch=0.020] Epoch 10:  43%|████▎     | 62/144 [00:01<00:02, 34.87it/s, v_num=80885, train_loss_step=0.0297, val_loss=0.0164, val_acc=0.993, train_loss_epoch=0.020]Epoch 10:  43%|████▎     | 62/144 [00:01<00:02, 34.87it/s, v_num=80885, train_loss_step=0.0135, val_loss=0.0164, val_acc=0.993, train_loss_epoch=0.020]Epoch 10:  44%|████▍     | 63/144 [00:01<00:02, 34.90it/s, v_num=80885, train_loss_step=0.0135, val_loss=0.0164, val_acc=0.993, train_loss_epoch=0.020]Epoch 10:  44%|████▍     | 63/144 [00:01<00:02, 34.89it/s, v_num=80885, train_loss_step=0.0044, val_loss=0.0164, val_acc=0.993, train_loss_epoch=0.020]Epoch 10:  44%|████▍     | 64/144 [00:01<00:02, 34.94it/s, v_num=80885, train_loss_step=0.0044, val_loss=0.0164, val_acc=0.993, train_loss_epoch=0.020]Epoch 10:  44%|████▍     | 64/144 [00:01<00:02, 34.94it/s, v_num=80885, train_loss_step=0.00817, val_loss=0.0164, val_acc=0.993, train_loss_epoch=0.020]Epoch 10:  45%|████▌     | 65/144 [00:01<00:02, 34.90it/s, v_num=80885, train_loss_step=0.00817, val_loss=0.0164, val_acc=0.993, train_loss_epoch=0.020]Epoch 10:  45%|████▌     | 65/144 [00:01<00:02, 34.90it/s, v_num=80885, train_loss_step=0.00797, val_loss=0.0164, val_acc=0.993, train_loss_epoch=0.020]Epoch 10:  46%|████▌     | 66/144 [00:01<00:02, 34.87it/s, v_num=80885, train_loss_step=0.00797, val_loss=0.0164, val_acc=0.993, train_loss_epoch=0.020]Epoch 10:  46%|████▌     | 66/144 [00:01<00:02, 34.87it/s, v_num=80885, train_loss_step=0.0143, val_loss=0.0164, val_acc=0.993, train_loss_epoch=0.020] Epoch 10:  47%|████▋     | 67/144 [00:01<00:02, 34.90it/s, v_num=80885, train_loss_step=0.0143, val_loss=0.0164, val_acc=0.993, train_loss_epoch=0.020]Epoch 10:  47%|████▋     | 67/144 [00:01<00:02, 34.90it/s, v_num=80885, train_loss_step=0.0114, val_loss=0.0164, val_acc=0.993, train_loss_epoch=0.020]Epoch 10:  47%|████▋     | 68/144 [00:01<00:02, 34.95it/s, v_num=80885, train_loss_step=0.0114, val_loss=0.0164, val_acc=0.993, train_loss_epoch=0.020]Epoch 10:  47%|████▋     | 68/144 [00:01<00:02, 34.94it/s, v_num=80885, train_loss_step=0.0149, val_loss=0.0164, val_acc=0.993, train_loss_epoch=0.020]Epoch 10:  48%|████▊     | 69/144 [00:01<00:02, 34.97it/s, v_num=80885, train_loss_step=0.0149, val_loss=0.0164, val_acc=0.993, train_loss_epoch=0.020]Epoch 10:  48%|████▊     | 69/144 [00:01<00:02, 34.97it/s, v_num=80885, train_loss_step=0.0249, val_loss=0.0164, val_acc=0.993, train_loss_epoch=0.020]Epoch 10:  49%|████▊     | 70/144 [00:02<00:02, 34.95it/s, v_num=80885, train_loss_step=0.0249, val_loss=0.0164, val_acc=0.993, train_loss_epoch=0.020]Epoch 10:  49%|████▊     | 70/144 [00:02<00:02, 34.95it/s, v_num=80885, train_loss_step=0.0261, val_loss=0.0164, val_acc=0.993, train_loss_epoch=0.020]Epoch 10:  49%|████▉     | 71/144 [00:02<00:02, 35.01it/s, v_num=80885, train_loss_step=0.0261, val_loss=0.0164, val_acc=0.993, train_loss_epoch=0.020]Epoch 10:  49%|████▉     | 71/144 [00:02<00:02, 35.00it/s, v_num=80885, train_loss_step=0.0263, val_loss=0.0164, val_acc=0.993, train_loss_epoch=0.020]Epoch 10:  50%|█████     | 72/144 [00:02<00:02, 35.06it/s, v_num=80885, train_loss_step=0.0263, val_loss=0.0164, val_acc=0.993, train_loss_epoch=0.020]Epoch 10:  50%|█████     | 72/144 [00:02<00:02, 35.06it/s, v_num=80885, train_loss_step=0.00976, val_loss=0.0164, val_acc=0.993, train_loss_epoch=0.020]Epoch 10:  51%|█████     | 73/144 [00:02<00:02, 35.11it/s, v_num=80885, train_loss_step=0.00976, val_loss=0.0164, val_acc=0.993, train_loss_epoch=0.020]Epoch 10:  51%|█████     | 73/144 [00:02<00:02, 35.11it/s, v_num=80885, train_loss_step=0.0198, val_loss=0.0164, val_acc=0.993, train_loss_epoch=0.020] Epoch 10:  51%|█████▏    | 74/144 [00:02<00:01, 35.10it/s, v_num=80885, train_loss_step=0.0198, val_loss=0.0164, val_acc=0.993, train_loss_epoch=0.020]Epoch 10:  51%|█████▏    | 74/144 [00:02<00:01, 35.10it/s, v_num=80885, train_loss_step=0.0401, val_loss=0.0164, val_acc=0.993, train_loss_epoch=0.020]Epoch 10:  52%|█████▏    | 75/144 [00:02<00:01, 35.14it/s, v_num=80885, train_loss_step=0.0401, val_loss=0.0164, val_acc=0.993, train_loss_epoch=0.020]Epoch 10:  52%|█████▏    | 75/144 [00:02<00:01, 35.14it/s, v_num=80885, train_loss_step=0.0149, val_loss=0.0164, val_acc=0.993, train_loss_epoch=0.020]Epoch 10:  53%|█████▎    | 76/144 [00:02<00:01, 35.18it/s, v_num=80885, train_loss_step=0.0149, val_loss=0.0164, val_acc=0.993, train_loss_epoch=0.020]Epoch 10:  53%|█████▎    | 76/144 [00:02<00:01, 35.18it/s, v_num=80885, train_loss_step=0.018, val_loss=0.0164, val_acc=0.993, train_loss_epoch=0.020] Epoch 10:  53%|█████▎    | 77/144 [00:02<00:01, 35.21it/s, v_num=80885, train_loss_step=0.018, val_loss=0.0164, val_acc=0.993, train_loss_epoch=0.020]Epoch 10:  53%|█████▎    | 77/144 [00:02<00:01, 35.21it/s, v_num=80885, train_loss_step=0.0215, val_loss=0.0164, val_acc=0.993, train_loss_epoch=0.020]Epoch 10:  54%|█████▍    | 78/144 [00:02<00:01, 35.16it/s, v_num=80885, train_loss_step=0.0215, val_loss=0.0164, val_acc=0.993, train_loss_epoch=0.020]Epoch 10:  54%|█████▍    | 78/144 [00:02<00:01, 35.16it/s, v_num=80885, train_loss_step=0.0337, val_loss=0.0164, val_acc=0.993, train_loss_epoch=0.020]Epoch 10:  55%|█████▍    | 79/144 [00:02<00:01, 35.15it/s, v_num=80885, train_loss_step=0.0337, val_loss=0.0164, val_acc=0.993, train_loss_epoch=0.020]Epoch 10:  55%|█████▍    | 79/144 [00:02<00:01, 35.14it/s, v_num=80885, train_loss_step=0.00446, val_loss=0.0164, val_acc=0.993, train_loss_epoch=0.020]Epoch 10:  56%|█████▌    | 80/144 [00:02<00:01, 35.18it/s, v_num=80885, train_loss_step=0.00446, val_loss=0.0164, val_acc=0.993, train_loss_epoch=0.020]Epoch 10:  56%|█████▌    | 80/144 [00:02<00:01, 35.18it/s, v_num=80885, train_loss_step=0.0115, val_loss=0.0164, val_acc=0.993, train_loss_epoch=0.020] Epoch 10:  56%|█████▋    | 81/144 [00:02<00:01, 35.18it/s, v_num=80885, train_loss_step=0.0115, val_loss=0.0164, val_acc=0.993, train_loss_epoch=0.020]Epoch 10:  56%|█████▋    | 81/144 [00:02<00:01, 35.18it/s, v_num=80885, train_loss_step=0.00742, val_loss=0.0164, val_acc=0.993, train_loss_epoch=0.020]Epoch 10:  57%|█████▋    | 82/144 [00:02<00:01, 35.17it/s, v_num=80885, train_loss_step=0.00742, val_loss=0.0164, val_acc=0.993, train_loss_epoch=0.020]Epoch 10:  57%|█████▋    | 82/144 [00:02<00:01, 35.17it/s, v_num=80885, train_loss_step=0.0244, val_loss=0.0164, val_acc=0.993, train_loss_epoch=0.020] Epoch 10:  58%|█████▊    | 83/144 [00:02<00:01, 35.21it/s, v_num=80885, train_loss_step=0.0244, val_loss=0.0164, val_acc=0.993, train_loss_epoch=0.020]Epoch 10:  58%|█████▊    | 83/144 [00:02<00:01, 35.20it/s, v_num=80885, train_loss_step=0.0139, val_loss=0.0164, val_acc=0.993, train_loss_epoch=0.020]Epoch 10:  58%|█████▊    | 84/144 [00:02<00:01, 35.25it/s, v_num=80885, train_loss_step=0.0139, val_loss=0.0164, val_acc=0.993, train_loss_epoch=0.020]Epoch 10:  58%|█████▊    | 84/144 [00:02<00:01, 35.25it/s, v_num=80885, train_loss_step=0.0146, val_loss=0.0164, val_acc=0.993, train_loss_epoch=0.020]Epoch 10:  59%|█████▉    | 85/144 [00:02<00:01, 35.29it/s, v_num=80885, train_loss_step=0.0146, val_loss=0.0164, val_acc=0.993, train_loss_epoch=0.020]Epoch 10:  59%|█████▉    | 85/144 [00:02<00:01, 35.28it/s, v_num=80885, train_loss_step=0.0238, val_loss=0.0164, val_acc=0.993, train_loss_epoch=0.020]Epoch 10:  60%|█████▉    | 86/144 [00:02<00:01, 35.28it/s, v_num=80885, train_loss_step=0.0238, val_loss=0.0164, val_acc=0.993, train_loss_epoch=0.020]Epoch 10:  60%|█████▉    | 86/144 [00:02<00:01, 35.28it/s, v_num=80885, train_loss_step=0.0208, val_loss=0.0164, val_acc=0.993, train_loss_epoch=0.020]Epoch 10:  60%|██████    | 87/144 [00:02<00:01, 35.31it/s, v_num=80885, train_loss_step=0.0208, val_loss=0.0164, val_acc=0.993, train_loss_epoch=0.020]Epoch 10:  60%|██████    | 87/144 [00:02<00:01, 35.31it/s, v_num=80885, train_loss_step=0.00675, val_loss=0.0164, val_acc=0.993, train_loss_epoch=0.020]Epoch 10:  61%|██████    | 88/144 [00:02<00:01, 35.32it/s, v_num=80885, train_loss_step=0.00675, val_loss=0.0164, val_acc=0.993, train_loss_epoch=0.020]Epoch 10:  61%|██████    | 88/144 [00:02<00:01, 35.32it/s, v_num=80885, train_loss_step=0.0104, val_loss=0.0164, val_acc=0.993, train_loss_epoch=0.020] Epoch 10:  62%|██████▏   | 89/144 [00:02<00:01, 35.34it/s, v_num=80885, train_loss_step=0.0104, val_loss=0.0164, val_acc=0.993, train_loss_epoch=0.020]Epoch 10:  62%|██████▏   | 89/144 [00:02<00:01, 35.33it/s, v_num=80885, train_loss_step=0.028, val_loss=0.0164, val_acc=0.993, train_loss_epoch=0.020] Epoch 10:  62%|██████▎   | 90/144 [00:02<00:01, 35.33it/s, v_num=80885, train_loss_step=0.028, val_loss=0.0164, val_acc=0.993, train_loss_epoch=0.020]Epoch 10:  62%|██████▎   | 90/144 [00:02<00:01, 35.33it/s, v_num=80885, train_loss_step=0.0172, val_loss=0.0164, val_acc=0.993, train_loss_epoch=0.020]Epoch 10:  63%|██████▎   | 91/144 [00:02<00:01, 35.36it/s, v_num=80885, train_loss_step=0.0172, val_loss=0.0164, val_acc=0.993, train_loss_epoch=0.020]Epoch 10:  63%|██████▎   | 91/144 [00:02<00:01, 35.36it/s, v_num=80885, train_loss_step=0.0187, val_loss=0.0164, val_acc=0.993, train_loss_epoch=0.020]Epoch 10:  64%|██████▍   | 92/144 [00:02<00:01, 35.40it/s, v_num=80885, train_loss_step=0.0187, val_loss=0.0164, val_acc=0.993, train_loss_epoch=0.020]Epoch 10:  64%|██████▍   | 92/144 [00:02<00:01, 35.40it/s, v_num=80885, train_loss_step=0.0178, val_loss=0.0164, val_acc=0.993, train_loss_epoch=0.020]Epoch 10:  65%|██████▍   | 93/144 [00:02<00:01, 35.43it/s, v_num=80885, train_loss_step=0.0178, val_loss=0.0164, val_acc=0.993, train_loss_epoch=0.020]Epoch 10:  65%|██████▍   | 93/144 [00:02<00:01, 35.43it/s, v_num=80885, train_loss_step=0.0152, val_loss=0.0164, val_acc=0.993, train_loss_epoch=0.020]Epoch 10:  65%|██████▌   | 94/144 [00:02<00:01, 35.42it/s, v_num=80885, train_loss_step=0.0152, val_loss=0.0164, val_acc=0.993, train_loss_epoch=0.020]Epoch 10:  65%|██████▌   | 94/144 [00:02<00:01, 35.42it/s, v_num=80885, train_loss_step=0.0328, val_loss=0.0164, val_acc=0.993, train_loss_epoch=0.020]Epoch 10:  66%|██████▌   | 95/144 [00:02<00:01, 35.45it/s, v_num=80885, train_loss_step=0.0328, val_loss=0.0164, val_acc=0.993, train_loss_epoch=0.020]Epoch 10:  66%|██████▌   | 95/144 [00:02<00:01, 35.45it/s, v_num=80885, train_loss_step=0.00642, val_loss=0.0164, val_acc=0.993, train_loss_epoch=0.020]Epoch 10:  67%|██████▋   | 96/144 [00:02<00:01, 35.48it/s, v_num=80885, train_loss_step=0.00642, val_loss=0.0164, val_acc=0.993, train_loss_epoch=0.020]Epoch 10:  67%|██████▋   | 96/144 [00:02<00:01, 35.48it/s, v_num=80885, train_loss_step=0.0142, val_loss=0.0164, val_acc=0.993, train_loss_epoch=0.020] Epoch 10:  67%|██████▋   | 97/144 [00:02<00:01, 35.52it/s, v_num=80885, train_loss_step=0.0142, val_loss=0.0164, val_acc=0.993, train_loss_epoch=0.020]Epoch 10:  67%|██████▋   | 97/144 [00:02<00:01, 35.52it/s, v_num=80885, train_loss_step=0.0135, val_loss=0.0164, val_acc=0.993, train_loss_epoch=0.020]Epoch 10:  68%|██████▊   | 98/144 [00:02<00:01, 35.46it/s, v_num=80885, train_loss_step=0.0135, val_loss=0.0164, val_acc=0.993, train_loss_epoch=0.020]Epoch 10:  68%|██████▊   | 98/144 [00:02<00:01, 35.46it/s, v_num=80885, train_loss_step=0.0255, val_loss=0.0164, val_acc=0.993, train_loss_epoch=0.020]Epoch 10:  69%|██████▉   | 99/144 [00:02<00:01, 35.51it/s, v_num=80885, train_loss_step=0.0255, val_loss=0.0164, val_acc=0.993, train_loss_epoch=0.020]Epoch 10:  69%|██████▉   | 99/144 [00:02<00:01, 35.51it/s, v_num=80885, train_loss_step=0.0114, val_loss=0.0164, val_acc=0.993, train_loss_epoch=0.020]Epoch 10:  69%|██████▉   | 100/144 [00:02<00:01, 35.55it/s, v_num=80885, train_loss_step=0.0114, val_loss=0.0164, val_acc=0.993, train_loss_epoch=0.020]Epoch 10:  69%|██████▉   | 100/144 [00:02<00:01, 35.55it/s, v_num=80885, train_loss_step=0.010, val_loss=0.0164, val_acc=0.993, train_loss_epoch=0.020] Epoch 10:  70%|███████   | 101/144 [00:02<00:01, 35.58it/s, v_num=80885, train_loss_step=0.010, val_loss=0.0164, val_acc=0.993, train_loss_epoch=0.020]Epoch 10:  70%|███████   | 101/144 [00:02<00:01, 35.57it/s, v_num=80885, train_loss_step=0.0116, val_loss=0.0164, val_acc=0.993, train_loss_epoch=0.020]Epoch 10:  71%|███████   | 102/144 [00:02<00:01, 35.58it/s, v_num=80885, train_loss_step=0.0116, val_loss=0.0164, val_acc=0.993, train_loss_epoch=0.020]Epoch 10:  71%|███████   | 102/144 [00:02<00:01, 35.58it/s, v_num=80885, train_loss_step=0.00926, val_loss=0.0164, val_acc=0.993, train_loss_epoch=0.020]Epoch 10:  72%|███████▏  | 103/144 [00:02<00:01, 35.62it/s, v_num=80885, train_loss_step=0.00926, val_loss=0.0164, val_acc=0.993, train_loss_epoch=0.020]Epoch 10:  72%|███████▏  | 103/144 [00:02<00:01, 35.62it/s, v_num=80885, train_loss_step=0.0163, val_loss=0.0164, val_acc=0.993, train_loss_epoch=0.020] Epoch 10:  72%|███████▏  | 104/144 [00:02<00:01, 35.67it/s, v_num=80885, train_loss_step=0.0163, val_loss=0.0164, val_acc=0.993, train_loss_epoch=0.020]Epoch 10:  72%|███████▏  | 104/144 [00:02<00:01, 35.67it/s, v_num=80885, train_loss_step=0.0361, val_loss=0.0164, val_acc=0.993, train_loss_epoch=0.020]Epoch 10:  73%|███████▎  | 105/144 [00:02<00:01, 35.70it/s, v_num=80885, train_loss_step=0.0361, val_loss=0.0164, val_acc=0.993, train_loss_epoch=0.020]Epoch 10:  73%|███████▎  | 105/144 [00:02<00:01, 35.70it/s, v_num=80885, train_loss_step=0.00507, val_loss=0.0164, val_acc=0.993, train_loss_epoch=0.020]Epoch 10:  74%|███████▎  | 106/144 [00:02<00:01, 35.74it/s, v_num=80885, train_loss_step=0.00507, val_loss=0.0164, val_acc=0.993, train_loss_epoch=0.020]Epoch 10:  74%|███████▎  | 106/144 [00:02<00:01, 35.74it/s, v_num=80885, train_loss_step=0.0244, val_loss=0.0164, val_acc=0.993, train_loss_epoch=0.020] Epoch 10:  74%|███████▍  | 107/144 [00:02<00:01, 35.69it/s, v_num=80885, train_loss_step=0.0244, val_loss=0.0164, val_acc=0.993, train_loss_epoch=0.020]Epoch 10:  74%|███████▍  | 107/144 [00:02<00:01, 35.69it/s, v_num=80885, train_loss_step=0.0208, val_loss=0.0164, val_acc=0.993, train_loss_epoch=0.020]Epoch 10:  75%|███████▌  | 108/144 [00:03<00:01, 35.74it/s, v_num=80885, train_loss_step=0.0208, val_loss=0.0164, val_acc=0.993, train_loss_epoch=0.020]Epoch 10:  75%|███████▌  | 108/144 [00:03<00:01, 35.74it/s, v_num=80885, train_loss_step=0.0318, val_loss=0.0164, val_acc=0.993, train_loss_epoch=0.020]Epoch 10:  76%|███████▌  | 109/144 [00:03<00:00, 35.78it/s, v_num=80885, train_loss_step=0.0318, val_loss=0.0164, val_acc=0.993, train_loss_epoch=0.020]Epoch 10:  76%|███████▌  | 109/144 [00:03<00:00, 35.78it/s, v_num=80885, train_loss_step=0.0256, val_loss=0.0164, val_acc=0.993, train_loss_epoch=0.020]Epoch 10:  76%|███████▋  | 110/144 [00:03<00:00, 35.82it/s, v_num=80885, train_loss_step=0.0256, val_loss=0.0164, val_acc=0.993, train_loss_epoch=0.020]Epoch 10:  76%|███████▋  | 110/144 [00:03<00:00, 35.82it/s, v_num=80885, train_loss_step=0.0115, val_loss=0.0164, val_acc=0.993, train_loss_epoch=0.020]Epoch 10:  77%|███████▋  | 111/144 [00:03<00:00, 35.83it/s, v_num=80885, train_loss_step=0.0115, val_loss=0.0164, val_acc=0.993, train_loss_epoch=0.020]Epoch 10:  77%|███████▋  | 111/144 [00:03<00:00, 35.82it/s, v_num=80885, train_loss_step=0.00718, val_loss=0.0164, val_acc=0.993, train_loss_epoch=0.020]Epoch 10:  78%|███████▊  | 112/144 [00:03<00:00, 35.80it/s, v_num=80885, train_loss_step=0.00718, val_loss=0.0164, val_acc=0.993, train_loss_epoch=0.020]Epoch 10:  78%|███████▊  | 112/144 [00:03<00:00, 35.80it/s, v_num=80885, train_loss_step=0.0243, val_loss=0.0164, val_acc=0.993, train_loss_epoch=0.020] Epoch 10:  78%|███████▊  | 113/144 [00:03<00:00, 35.84it/s, v_num=80885, train_loss_step=0.0243, val_loss=0.0164, val_acc=0.993, train_loss_epoch=0.020]Epoch 10:  78%|███████▊  | 113/144 [00:03<00:00, 35.84it/s, v_num=80885, train_loss_step=0.0087, val_loss=0.0164, val_acc=0.993, train_loss_epoch=0.020]Epoch 10:  79%|███████▉  | 114/144 [00:03<00:00, 35.88it/s, v_num=80885, train_loss_step=0.0087, val_loss=0.0164, val_acc=0.993, train_loss_epoch=0.020]Epoch 10:  79%|███████▉  | 114/144 [00:03<00:00, 35.88it/s, v_num=80885, train_loss_step=0.00323, val_loss=0.0164, val_acc=0.993, train_loss_epoch=0.020]Epoch 10:  80%|███████▉  | 115/144 [00:03<00:00, 35.92it/s, v_num=80885, train_loss_step=0.00323, val_loss=0.0164, val_acc=0.993, train_loss_epoch=0.020]Epoch 10:  80%|███████▉  | 115/144 [00:03<00:00, 35.92it/s, v_num=80885, train_loss_step=0.00481, val_loss=0.0164, val_acc=0.993, train_loss_epoch=0.020]Epoch 10:  81%|████████  | 116/144 [00:03<00:00, 35.91it/s, v_num=80885, train_loss_step=0.00481, val_loss=0.0164, val_acc=0.993, train_loss_epoch=0.020]Epoch 10:  81%|████████  | 116/144 [00:03<00:00, 35.91it/s, v_num=80885, train_loss_step=0.0271, val_loss=0.0164, val_acc=0.993, train_loss_epoch=0.020] Epoch 10:  81%|████████▏ | 117/144 [00:03<00:00, 35.94it/s, v_num=80885, train_loss_step=0.0271, val_loss=0.0164, val_acc=0.993, train_loss_epoch=0.020]Epoch 10:  81%|████████▏ | 117/144 [00:03<00:00, 35.93it/s, v_num=80885, train_loss_step=0.0219, val_loss=0.0164, val_acc=0.993, train_loss_epoch=0.020]Epoch 10:  82%|████████▏ | 118/144 [00:03<00:00, 35.97it/s, v_num=80885, train_loss_step=0.0219, val_loss=0.0164, val_acc=0.993, train_loss_epoch=0.020]Epoch 10:  82%|████████▏ | 118/144 [00:03<00:00, 35.97it/s, v_num=80885, train_loss_step=0.0151, val_loss=0.0164, val_acc=0.993, train_loss_epoch=0.020]Epoch 10:  83%|████████▎ | 119/144 [00:03<00:00, 36.00it/s, v_num=80885, train_loss_step=0.0151, val_loss=0.0164, val_acc=0.993, train_loss_epoch=0.020]Epoch 10:  83%|████████▎ | 119/144 [00:03<00:00, 36.00it/s, v_num=80885, train_loss_step=0.0157, val_loss=0.0164, val_acc=0.993, train_loss_epoch=0.020]Epoch 10:  83%|████████▎ | 120/144 [00:03<00:00, 36.00it/s, v_num=80885, train_loss_step=0.0157, val_loss=0.0164, val_acc=0.993, train_loss_epoch=0.020]Epoch 10:  83%|████████▎ | 120/144 [00:03<00:00, 36.00it/s, v_num=80885, train_loss_step=0.0209, val_loss=0.0164, val_acc=0.993, train_loss_epoch=0.020]Epoch 10:  84%|████████▍ | 121/144 [00:03<00:00, 36.04it/s, v_num=80885, train_loss_step=0.0209, val_loss=0.0164, val_acc=0.993, train_loss_epoch=0.020]Epoch 10:  84%|████████▍ | 121/144 [00:03<00:00, 36.04it/s, v_num=80885, train_loss_step=0.00974, val_loss=0.0164, val_acc=0.993, train_loss_epoch=0.020]Epoch 10:  85%|████████▍ | 122/144 [00:03<00:00, 36.07it/s, v_num=80885, train_loss_step=0.00974, val_loss=0.0164, val_acc=0.993, train_loss_epoch=0.020]Epoch 10:  85%|████████▍ | 122/144 [00:03<00:00, 36.07it/s, v_num=80885, train_loss_step=0.014, val_loss=0.0164, val_acc=0.993, train_loss_epoch=0.020]  Epoch 10:  85%|████████▌ | 123/144 [00:03<00:00, 36.10it/s, v_num=80885, train_loss_step=0.014, val_loss=0.0164, val_acc=0.993, train_loss_epoch=0.020]Epoch 10:  85%|████████▌ | 123/144 [00:03<00:00, 36.10it/s, v_num=80885, train_loss_step=0.00605, val_loss=0.0164, val_acc=0.993, train_loss_epoch=0.020]Epoch 10:  86%|████████▌ | 124/144 [00:03<00:00, 36.08it/s, v_num=80885, train_loss_step=0.00605, val_loss=0.0164, val_acc=0.993, train_loss_epoch=0.020]Epoch 10:  86%|████████▌ | 124/144 [00:03<00:00, 36.08it/s, v_num=80885, train_loss_step=0.0113, val_loss=0.0164, val_acc=0.993, train_loss_epoch=0.020] Epoch 10:  87%|████████▋ | 125/144 [00:03<00:00, 36.06it/s, v_num=80885, train_loss_step=0.0113, val_loss=0.0164, val_acc=0.993, train_loss_epoch=0.020]Epoch 10:  87%|████████▋ | 125/144 [00:03<00:00, 36.06it/s, v_num=80885, train_loss_step=0.00937, val_loss=0.0164, val_acc=0.993, train_loss_epoch=0.020]Epoch 10:  88%|████████▊ | 126/144 [00:03<00:00, 36.10it/s, v_num=80885, train_loss_step=0.00937, val_loss=0.0164, val_acc=0.993, train_loss_epoch=0.020]Epoch 10:  88%|████████▊ | 126/144 [00:03<00:00, 36.10it/s, v_num=80885, train_loss_step=0.0478, val_loss=0.0164, val_acc=0.993, train_loss_epoch=0.020] Epoch 10:  88%|████████▊ | 127/144 [00:03<00:00, 36.13it/s, v_num=80885, train_loss_step=0.0478, val_loss=0.0164, val_acc=0.993, train_loss_epoch=0.020]Epoch 10:  88%|████████▊ | 127/144 [00:03<00:00, 36.13it/s, v_num=80885, train_loss_step=0.0106, val_loss=0.0164, val_acc=0.993, train_loss_epoch=0.020]Epoch 10:  89%|████████▉ | 128/144 [00:03<00:00, 36.16it/s, v_num=80885, train_loss_step=0.0106, val_loss=0.0164, val_acc=0.993, train_loss_epoch=0.020]Epoch 10:  89%|████████▉ | 128/144 [00:03<00:00, 36.16it/s, v_num=80885, train_loss_step=0.0104, val_loss=0.0164, val_acc=0.993, train_loss_epoch=0.020]Epoch 10:  90%|████████▉ | 129/144 [00:03<00:00, 36.16it/s, v_num=80885, train_loss_step=0.0104, val_loss=0.0164, val_acc=0.993, train_loss_epoch=0.020]Epoch 10:  90%|████████▉ | 129/144 [00:03<00:00, 36.16it/s, v_num=80885, train_loss_step=0.0211, val_loss=0.0164, val_acc=0.993, train_loss_epoch=0.020]Epoch 10:  90%|█████████ | 130/144 [00:03<00:00, 36.18it/s, v_num=80885, train_loss_step=0.0211, val_loss=0.0164, val_acc=0.993, train_loss_epoch=0.020]Epoch 10:  90%|█████████ | 130/144 [00:03<00:00, 36.18it/s, v_num=80885, train_loss_step=0.0137, val_loss=0.0164, val_acc=0.993, train_loss_epoch=0.020]Epoch 10:  91%|█████████ | 131/144 [00:03<00:00, 36.20it/s, v_num=80885, train_loss_step=0.0137, val_loss=0.0164, val_acc=0.993, train_loss_epoch=0.020]Epoch 10:  91%|█████████ | 131/144 [00:03<00:00, 36.20it/s, v_num=80885, train_loss_step=0.0102, val_loss=0.0164, val_acc=0.993, train_loss_epoch=0.020]Epoch 10:  92%|█████████▏| 132/144 [00:03<00:00, 36.24it/s, v_num=80885, train_loss_step=0.0102, val_loss=0.0164, val_acc=0.993, train_loss_epoch=0.020]Epoch 10:  92%|█████████▏| 132/144 [00:03<00:00, 36.24it/s, v_num=80885, train_loss_step=0.00693, val_loss=0.0164, val_acc=0.993, train_loss_epoch=0.020]Epoch 10:  92%|█████████▏| 133/144 [00:03<00:00, 36.24it/s, v_num=80885, train_loss_step=0.00693, val_loss=0.0164, val_acc=0.993, train_loss_epoch=0.020]Epoch 10:  92%|█████████▏| 133/144 [00:03<00:00, 36.23it/s, v_num=80885, train_loss_step=0.0157, val_loss=0.0164, val_acc=0.993, train_loss_epoch=0.020] Epoch 10:  93%|█████████▎| 134/144 [00:03<00:00, 36.25it/s, v_num=80885, train_loss_step=0.0157, val_loss=0.0164, val_acc=0.993, train_loss_epoch=0.020]Epoch 10:  93%|█████████▎| 134/144 [00:03<00:00, 36.25it/s, v_num=80885, train_loss_step=0.00543, val_loss=0.0164, val_acc=0.993, train_loss_epoch=0.020]Epoch 10:  94%|█████████▍| 135/144 [00:03<00:00, 36.28it/s, v_num=80885, train_loss_step=0.00543, val_loss=0.0164, val_acc=0.993, train_loss_epoch=0.020]Epoch 10:  94%|█████████▍| 135/144 [00:03<00:00, 36.28it/s, v_num=80885, train_loss_step=0.0179, val_loss=0.0164, val_acc=0.993, train_loss_epoch=0.020] Epoch 10:  94%|█████████▍| 136/144 [00:03<00:00, 36.30it/s, v_num=80885, train_loss_step=0.0179, val_loss=0.0164, val_acc=0.993, train_loss_epoch=0.020]Epoch 10:  94%|█████████▍| 136/144 [00:03<00:00, 36.30it/s, v_num=80885, train_loss_step=0.0101, val_loss=0.0164, val_acc=0.993, train_loss_epoch=0.020]Epoch 10:  95%|█████████▌| 137/144 [00:03<00:00, 36.30it/s, v_num=80885, train_loss_step=0.0101, val_loss=0.0164, val_acc=0.993, train_loss_epoch=0.020]Epoch 10:  95%|█████████▌| 137/144 [00:03<00:00, 36.30it/s, v_num=80885, train_loss_step=0.0266, val_loss=0.0164, val_acc=0.993, train_loss_epoch=0.020]Epoch 10:  96%|█████████▌| 138/144 [00:03<00:00, 36.25it/s, v_num=80885, train_loss_step=0.0266, val_loss=0.0164, val_acc=0.993, train_loss_epoch=0.020]Epoch 10:  96%|█████████▌| 138/144 [00:03<00:00, 36.25it/s, v_num=80885, train_loss_step=0.0113, val_loss=0.0164, val_acc=0.993, train_loss_epoch=0.020]Epoch 10:  97%|█████████▋| 139/144 [00:03<00:00, 36.28it/s, v_num=80885, train_loss_step=0.0113, val_loss=0.0164, val_acc=0.993, train_loss_epoch=0.020]Epoch 10:  97%|█████████▋| 139/144 [00:03<00:00, 36.28it/s, v_num=80885, train_loss_step=0.00617, val_loss=0.0164, val_acc=0.993, train_loss_epoch=0.020]Epoch 10:  97%|█████████▋| 140/144 [00:03<00:00, 36.27it/s, v_num=80885, train_loss_step=0.00617, val_loss=0.0164, val_acc=0.993, train_loss_epoch=0.020]Epoch 10:  97%|█████████▋| 140/144 [00:03<00:00, 36.26it/s, v_num=80885, train_loss_step=0.00579, val_loss=0.0164, val_acc=0.993, train_loss_epoch=0.020]Epoch 10:  98%|█████████▊| 141/144 [00:03<00:00, 36.29it/s, v_num=80885, train_loss_step=0.00579, val_loss=0.0164, val_acc=0.993, train_loss_epoch=0.020]Epoch 10:  98%|█████████▊| 141/144 [00:03<00:00, 36.29it/s, v_num=80885, train_loss_step=0.00769, val_loss=0.0164, val_acc=0.993, train_loss_epoch=0.020]Epoch 10:  99%|█████████▊| 142/144 [00:03<00:00, 36.27it/s, v_num=80885, train_loss_step=0.00769, val_loss=0.0164, val_acc=0.993, train_loss_epoch=0.020]Epoch 10:  99%|█████████▊| 142/144 [00:03<00:00, 36.27it/s, v_num=80885, train_loss_step=0.0155, val_loss=0.0164, val_acc=0.993, train_loss_epoch=0.020] Epoch 10:  99%|█████████▉| 143/144 [00:03<00:00, 36.30it/s, v_num=80885, train_loss_step=0.0155, val_loss=0.0164, val_acc=0.993, train_loss_epoch=0.020]Epoch 10:  99%|█████████▉| 143/144 [00:03<00:00, 36.30it/s, v_num=80885, train_loss_step=0.00449, val_loss=0.0164, val_acc=0.993, train_loss_epoch=0.020]Epoch 10: 100%|██████████| 144/144 [00:03<00:00, 36.32it/s, v_num=80885, train_loss_step=0.00449, val_loss=0.0164, val_acc=0.993, train_loss_epoch=0.020]Epoch 10: 100%|██████████| 144/144 [00:03<00:00, 36.32it/s, v_num=80885, train_loss_step=0.00238, val_loss=0.0164, val_acc=0.993, train_loss_epoch=0.020]
Validation: |          | 0/? [00:00<?, ?it/s][A
Validation:   0%|          | 0/14 [00:00<?, ?it/s][A
Validation DataLoader 0:   0%|          | 0/14 [00:00<?, ?it/s][A
Validation DataLoader 0:   7%|▋         | 1/14 [00:00<00:00, 105.76it/s][A
Validation DataLoader 0:  14%|█▍        | 2/14 [00:00<00:00, 93.48it/s] [A
Validation DataLoader 0:  21%|██▏       | 3/14 [00:00<00:00, 82.60it/s][A
Validation DataLoader 0:  29%|██▊       | 4/14 [00:00<00:00, 78.57it/s][A
Validation DataLoader 0:  36%|███▌      | 5/14 [00:00<00:00, 76.33it/s][A
Validation DataLoader 0:  43%|████▎     | 6/14 [00:00<00:00, 74.94it/s][A
Validation DataLoader 0:  50%|█████     | 7/14 [00:00<00:00, 73.82it/s][A
Validation DataLoader 0:  57%|█████▋    | 8/14 [00:00<00:00, 73.12it/s][A
Validation DataLoader 0:  64%|██████▍   | 9/14 [00:00<00:00, 70.41it/s][A
Validation DataLoader 0:  71%|███████▏  | 10/14 [00:00<00:00, 70.15it/s][A
Validation DataLoader 0:  79%|███████▊  | 11/14 [00:00<00:00, 70.08it/s][A
Validation DataLoader 0:  86%|████████▌ | 12/14 [00:00<00:00, 70.04it/s][A
Validation DataLoader 0:  93%|█████████▎| 13/14 [00:00<00:00, 70.00it/s][A
Validation DataLoader 0: 100%|██████████| 14/14 [00:00<00:00, 69.63it/s][A
                                                                        [AEpoch 10: 100%|██████████| 144/144 [00:04<00:00, 34.37it/s, v_num=80885, train_loss_step=0.00238, val_loss=0.0231, val_acc=0.992, train_loss_epoch=0.020]Epoch 10: 100%|██████████| 144/144 [00:04<00:00, 34.36it/s, v_num=80885, train_loss_step=0.00238, val_loss=0.0231, val_acc=0.992, train_loss_epoch=0.0181]Epoch 10:   0%|          | 0/144 [00:00<?, ?it/s, v_num=80885, train_loss_step=0.00238, val_loss=0.0231, val_acc=0.992, train_loss_epoch=0.0181]          Epoch 11:   0%|          | 0/144 [00:00<?, ?it/s, v_num=80885, train_loss_step=0.00238, val_loss=0.0231, val_acc=0.992, train_loss_epoch=0.0181]Epoch 11:   1%|          | 1/144 [00:00<00:12, 11.91it/s, v_num=80885, train_loss_step=0.00238, val_loss=0.0231, val_acc=0.992, train_loss_epoch=0.0181]Epoch 11:   1%|          | 1/144 [00:00<00:12, 11.88it/s, v_num=80885, train_loss_step=0.0253, val_loss=0.0231, val_acc=0.992, train_loss_epoch=0.0181] Epoch 11:   1%|▏         | 2/144 [00:00<00:08, 17.67it/s, v_num=80885, train_loss_step=0.0253, val_loss=0.0231, val_acc=0.992, train_loss_epoch=0.0181]Epoch 11:   1%|▏         | 2/144 [00:00<00:08, 17.64it/s, v_num=80885, train_loss_step=0.0252, val_loss=0.0231, val_acc=0.992, train_loss_epoch=0.0181]Epoch 11:   2%|▏         | 3/144 [00:00<00:06, 20.97it/s, v_num=80885, train_loss_step=0.0252, val_loss=0.0231, val_acc=0.992, train_loss_epoch=0.0181]Epoch 11:   2%|▏         | 3/144 [00:00<00:06, 20.95it/s, v_num=80885, train_loss_step=0.0334, val_loss=0.0231, val_acc=0.992, train_loss_epoch=0.0181]Epoch 11:   3%|▎         | 4/144 [00:00<00:05, 23.34it/s, v_num=80885, train_loss_step=0.0334, val_loss=0.0231, val_acc=0.992, train_loss_epoch=0.0181]Epoch 11:   3%|▎         | 4/144 [00:00<00:06, 23.31it/s, v_num=80885, train_loss_step=0.0286, val_loss=0.0231, val_acc=0.992, train_loss_epoch=0.0181]Epoch 11:   3%|▎         | 5/144 [00:00<00:05, 24.77it/s, v_num=80885, train_loss_step=0.0286, val_loss=0.0231, val_acc=0.992, train_loss_epoch=0.0181]Epoch 11:   3%|▎         | 5/144 [00:00<00:05, 24.75it/s, v_num=80885, train_loss_step=0.0294, val_loss=0.0231, val_acc=0.992, train_loss_epoch=0.0181]Epoch 11:   4%|▍         | 6/144 [00:00<00:05, 25.80it/s, v_num=80885, train_loss_step=0.0294, val_loss=0.0231, val_acc=0.992, train_loss_epoch=0.0181]Epoch 11:   4%|▍         | 6/144 [00:00<00:05, 25.78it/s, v_num=80885, train_loss_step=0.0383, val_loss=0.0231, val_acc=0.992, train_loss_epoch=0.0181]Epoch 11:   5%|▍         | 7/144 [00:00<00:05, 26.96it/s, v_num=80885, train_loss_step=0.0383, val_loss=0.0231, val_acc=0.992, train_loss_epoch=0.0181]Epoch 11:   5%|▍         | 7/144 [00:00<00:05, 26.94it/s, v_num=80885, train_loss_step=0.0533, val_loss=0.0231, val_acc=0.992, train_loss_epoch=0.0181]Epoch 11:   6%|▌         | 8/144 [00:00<00:04, 27.95it/s, v_num=80885, train_loss_step=0.0533, val_loss=0.0231, val_acc=0.992, train_loss_epoch=0.0181]Epoch 11:   6%|▌         | 8/144 [00:00<00:04, 27.94it/s, v_num=80885, train_loss_step=0.0215, val_loss=0.0231, val_acc=0.992, train_loss_epoch=0.0181]Epoch 11:   6%|▋         | 9/144 [00:00<00:04, 28.79it/s, v_num=80885, train_loss_step=0.0215, val_loss=0.0231, val_acc=0.992, train_loss_epoch=0.0181]Epoch 11:   6%|▋         | 9/144 [00:00<00:04, 28.78it/s, v_num=80885, train_loss_step=0.0469, val_loss=0.0231, val_acc=0.992, train_loss_epoch=0.0181]Epoch 11:   7%|▋         | 10/144 [00:00<00:04, 29.16it/s, v_num=80885, train_loss_step=0.0469, val_loss=0.0231, val_acc=0.992, train_loss_epoch=0.0181]Epoch 11:   7%|▋         | 10/144 [00:00<00:04, 29.15it/s, v_num=80885, train_loss_step=0.0201, val_loss=0.0231, val_acc=0.992, train_loss_epoch=0.0181]Epoch 11:   8%|▊         | 11/144 [00:00<00:04, 29.70it/s, v_num=80885, train_loss_step=0.0201, val_loss=0.0231, val_acc=0.992, train_loss_epoch=0.0181]Epoch 11:   8%|▊         | 11/144 [00:00<00:04, 29.69it/s, v_num=80885, train_loss_step=0.0114, val_loss=0.0231, val_acc=0.992, train_loss_epoch=0.0181]Epoch 11:   8%|▊         | 12/144 [00:00<00:04, 30.07it/s, v_num=80885, train_loss_step=0.0114, val_loss=0.0231, val_acc=0.992, train_loss_epoch=0.0181]Epoch 11:   8%|▊         | 12/144 [00:00<00:04, 30.05it/s, v_num=80885, train_loss_step=0.0448, val_loss=0.0231, val_acc=0.992, train_loss_epoch=0.0181]Epoch 11:   9%|▉         | 13/144 [00:00<00:04, 29.97it/s, v_num=80885, train_loss_step=0.0448, val_loss=0.0231, val_acc=0.992, train_loss_epoch=0.0181]Epoch 11:   9%|▉         | 13/144 [00:00<00:04, 29.96it/s, v_num=80885, train_loss_step=0.0116, val_loss=0.0231, val_acc=0.992, train_loss_epoch=0.0181]Epoch 11:  10%|▉         | 14/144 [00:00<00:04, 30.18it/s, v_num=80885, train_loss_step=0.0116, val_loss=0.0231, val_acc=0.992, train_loss_epoch=0.0181]Epoch 11:  10%|▉         | 14/144 [00:00<00:04, 30.17it/s, v_num=80885, train_loss_step=0.0075, val_loss=0.0231, val_acc=0.992, train_loss_epoch=0.0181]Epoch 11:  10%|█         | 15/144 [00:00<00:04, 30.51it/s, v_num=80885, train_loss_step=0.0075, val_loss=0.0231, val_acc=0.992, train_loss_epoch=0.0181]Epoch 11:  10%|█         | 15/144 [00:00<00:04, 30.50it/s, v_num=80885, train_loss_step=0.0113, val_loss=0.0231, val_acc=0.992, train_loss_epoch=0.0181]Epoch 11:  11%|█         | 16/144 [00:00<00:04, 30.82it/s, v_num=80885, train_loss_step=0.0113, val_loss=0.0231, val_acc=0.992, train_loss_epoch=0.0181]Epoch 11:  11%|█         | 16/144 [00:00<00:04, 30.81it/s, v_num=80885, train_loss_step=0.0133, val_loss=0.0231, val_acc=0.992, train_loss_epoch=0.0181]Epoch 11:  12%|█▏        | 17/144 [00:00<00:04, 31.12it/s, v_num=80885, train_loss_step=0.0133, val_loss=0.0231, val_acc=0.992, train_loss_epoch=0.0181]Epoch 11:  12%|█▏        | 17/144 [00:00<00:04, 31.11it/s, v_num=80885, train_loss_step=0.0164, val_loss=0.0231, val_acc=0.992, train_loss_epoch=0.0181]Epoch 11:  12%|█▎        | 18/144 [00:00<00:04, 31.21it/s, v_num=80885, train_loss_step=0.0164, val_loss=0.0231, val_acc=0.992, train_loss_epoch=0.0181]Epoch 11:  12%|█▎        | 18/144 [00:00<00:04, 31.20it/s, v_num=80885, train_loss_step=0.00871, val_loss=0.0231, val_acc=0.992, train_loss_epoch=0.0181]Epoch 11:  13%|█▎        | 19/144 [00:00<00:03, 31.47it/s, v_num=80885, train_loss_step=0.00871, val_loss=0.0231, val_acc=0.992, train_loss_epoch=0.0181]Epoch 11:  13%|█▎        | 19/144 [00:00<00:03, 31.46it/s, v_num=80885, train_loss_step=0.00805, val_loss=0.0231, val_acc=0.992, train_loss_epoch=0.0181]Epoch 11:  14%|█▍        | 20/144 [00:00<00:03, 31.68it/s, v_num=80885, train_loss_step=0.00805, val_loss=0.0231, val_acc=0.992, train_loss_epoch=0.0181]Epoch 11:  14%|█▍        | 20/144 [00:00<00:03, 31.67it/s, v_num=80885, train_loss_step=0.00457, val_loss=0.0231, val_acc=0.992, train_loss_epoch=0.0181]Epoch 11:  15%|█▍        | 21/144 [00:00<00:03, 31.90it/s, v_num=80885, train_loss_step=0.00457, val_loss=0.0231, val_acc=0.992, train_loss_epoch=0.0181]Epoch 11:  15%|█▍        | 21/144 [00:00<00:03, 31.90it/s, v_num=80885, train_loss_step=0.0179, val_loss=0.0231, val_acc=0.992, train_loss_epoch=0.0181] Epoch 11:  15%|█▌        | 22/144 [00:00<00:03, 31.91it/s, v_num=80885, train_loss_step=0.0179, val_loss=0.0231, val_acc=0.992, train_loss_epoch=0.0181]Epoch 11:  15%|█▌        | 22/144 [00:00<00:03, 31.90it/s, v_num=80885, train_loss_step=0.0222, val_loss=0.0231, val_acc=0.992, train_loss_epoch=0.0181]Epoch 11:  16%|█▌        | 23/144 [00:00<00:03, 32.08it/s, v_num=80885, train_loss_step=0.0222, val_loss=0.0231, val_acc=0.992, train_loss_epoch=0.0181]Epoch 11:  16%|█▌        | 23/144 [00:00<00:03, 32.08it/s, v_num=80885, train_loss_step=0.00647, val_loss=0.0231, val_acc=0.992, train_loss_epoch=0.0181]Epoch 11:  17%|█▋        | 24/144 [00:00<00:03, 32.27it/s, v_num=80885, train_loss_step=0.00647, val_loss=0.0231, val_acc=0.992, train_loss_epoch=0.0181]Epoch 11:  17%|█▋        | 24/144 [00:00<00:03, 32.27it/s, v_num=80885, train_loss_step=0.0102, val_loss=0.0231, val_acc=0.992, train_loss_epoch=0.0181] Epoch 11:  17%|█▋        | 25/144 [00:00<00:03, 32.45it/s, v_num=80885, train_loss_step=0.0102, val_loss=0.0231, val_acc=0.992, train_loss_epoch=0.0181]Epoch 11:  17%|█▋        | 25/144 [00:00<00:03, 32.44it/s, v_num=80885, train_loss_step=0.0129, val_loss=0.0231, val_acc=0.992, train_loss_epoch=0.0181]Epoch 11:  18%|█▊        | 26/144 [00:00<00:03, 32.45it/s, v_num=80885, train_loss_step=0.0129, val_loss=0.0231, val_acc=0.992, train_loss_epoch=0.0181]Epoch 11:  18%|█▊        | 26/144 [00:00<00:03, 32.44it/s, v_num=80885, train_loss_step=0.00294, val_loss=0.0231, val_acc=0.992, train_loss_epoch=0.0181]Epoch 11:  19%|█▉        | 27/144 [00:00<00:03, 32.59it/s, v_num=80885, train_loss_step=0.00294, val_loss=0.0231, val_acc=0.992, train_loss_epoch=0.0181]Epoch 11:  19%|█▉        | 27/144 [00:00<00:03, 32.58it/s, v_num=80885, train_loss_step=0.0155, val_loss=0.0231, val_acc=0.992, train_loss_epoch=0.0181] Epoch 11:  19%|█▉        | 28/144 [00:00<00:03, 32.69it/s, v_num=80885, train_loss_step=0.0155, val_loss=0.0231, val_acc=0.992, train_loss_epoch=0.0181]Epoch 11:  19%|█▉        | 28/144 [00:00<00:03, 32.69it/s, v_num=80885, train_loss_step=0.0274, val_loss=0.0231, val_acc=0.992, train_loss_epoch=0.0181]Epoch 11:  20%|██        | 29/144 [00:00<00:03, 32.73it/s, v_num=80885, train_loss_step=0.0274, val_loss=0.0231, val_acc=0.992, train_loss_epoch=0.0181]Epoch 11:  20%|██        | 29/144 [00:00<00:03, 32.73it/s, v_num=80885, train_loss_step=0.010, val_loss=0.0231, val_acc=0.992, train_loss_epoch=0.0181] Epoch 11:  21%|██        | 30/144 [00:00<00:03, 32.58it/s, v_num=80885, train_loss_step=0.010, val_loss=0.0231, val_acc=0.992, train_loss_epoch=0.0181]Epoch 11:  21%|██        | 30/144 [00:00<00:03, 32.57it/s, v_num=80885, train_loss_step=0.0154, val_loss=0.0231, val_acc=0.992, train_loss_epoch=0.0181]Epoch 11:  22%|██▏       | 31/144 [00:00<00:03, 32.72it/s, v_num=80885, train_loss_step=0.0154, val_loss=0.0231, val_acc=0.992, train_loss_epoch=0.0181]Epoch 11:  22%|██▏       | 31/144 [00:00<00:03, 32.71it/s, v_num=80885, train_loss_step=0.0126, val_loss=0.0231, val_acc=0.992, train_loss_epoch=0.0181]Epoch 11:  22%|██▏       | 32/144 [00:00<00:03, 32.87it/s, v_num=80885, train_loss_step=0.0126, val_loss=0.0231, val_acc=0.992, train_loss_epoch=0.0181]Epoch 11:  22%|██▏       | 32/144 [00:00<00:03, 32.86it/s, v_num=80885, train_loss_step=0.007, val_loss=0.0231, val_acc=0.992, train_loss_epoch=0.0181] Epoch 11:  23%|██▎       | 33/144 [00:00<00:03, 33.03it/s, v_num=80885, train_loss_step=0.007, val_loss=0.0231, val_acc=0.992, train_loss_epoch=0.0181]Epoch 11:  23%|██▎       | 33/144 [00:00<00:03, 33.02it/s, v_num=80885, train_loss_step=0.0205, val_loss=0.0231, val_acc=0.992, train_loss_epoch=0.0181]Epoch 11:  24%|██▎       | 34/144 [00:01<00:03, 33.05it/s, v_num=80885, train_loss_step=0.0205, val_loss=0.0231, val_acc=0.992, train_loss_epoch=0.0181]Epoch 11:  24%|██▎       | 34/144 [00:01<00:03, 33.05it/s, v_num=80885, train_loss_step=0.0103, val_loss=0.0231, val_acc=0.992, train_loss_epoch=0.0181]Epoch 11:  24%|██▍       | 35/144 [00:01<00:03, 33.15it/s, v_num=80885, train_loss_step=0.0103, val_loss=0.0231, val_acc=0.992, train_loss_epoch=0.0181]Epoch 11:  24%|██▍       | 35/144 [00:01<00:03, 33.14it/s, v_num=80885, train_loss_step=0.0145, val_loss=0.0231, val_acc=0.992, train_loss_epoch=0.0181]Epoch 11:  25%|██▌       | 36/144 [00:01<00:03, 33.28it/s, v_num=80885, train_loss_step=0.0145, val_loss=0.0231, val_acc=0.992, train_loss_epoch=0.0181]Epoch 11:  25%|██▌       | 36/144 [00:01<00:03, 33.28it/s, v_num=80885, train_loss_step=0.0085, val_loss=0.0231, val_acc=0.992, train_loss_epoch=0.0181]Epoch 11:  26%|██▌       | 37/144 [00:01<00:03, 33.38it/s, v_num=80885, train_loss_step=0.0085, val_loss=0.0231, val_acc=0.992, train_loss_epoch=0.0181]Epoch 11:  26%|██▌       | 37/144 [00:01<00:03, 33.38it/s, v_num=80885, train_loss_step=0.0293, val_loss=0.0231, val_acc=0.992, train_loss_epoch=0.0181]Epoch 11:  26%|██▋       | 38/144 [00:01<00:03, 33.35it/s, v_num=80885, train_loss_step=0.0293, val_loss=0.0231, val_acc=0.992, train_loss_epoch=0.0181]Epoch 11:  26%|██▋       | 38/144 [00:01<00:03, 33.35it/s, v_num=80885, train_loss_step=0.0128, val_loss=0.0231, val_acc=0.992, train_loss_epoch=0.0181]Epoch 11:  27%|██▋       | 39/144 [00:01<00:03, 33.38it/s, v_num=80885, train_loss_step=0.0128, val_loss=0.0231, val_acc=0.992, train_loss_epoch=0.0181]Epoch 11:  27%|██▋       | 39/144 [00:01<00:03, 33.37it/s, v_num=80885, train_loss_step=0.00615, val_loss=0.0231, val_acc=0.992, train_loss_epoch=0.0181]Epoch 11:  28%|██▊       | 40/144 [00:01<00:03, 33.44it/s, v_num=80885, train_loss_step=0.00615, val_loss=0.0231, val_acc=0.992, train_loss_epoch=0.0181]Epoch 11:  28%|██▊       | 40/144 [00:01<00:03, 33.43it/s, v_num=80885, train_loss_step=0.0189, val_loss=0.0231, val_acc=0.992, train_loss_epoch=0.0181] Epoch 11:  28%|██▊       | 41/144 [00:01<00:03, 33.45it/s, v_num=80885, train_loss_step=0.0189, val_loss=0.0231, val_acc=0.992, train_loss_epoch=0.0181]Epoch 11:  28%|██▊       | 41/144 [00:01<00:03, 33.45it/s, v_num=80885, train_loss_step=0.0167, val_loss=0.0231, val_acc=0.992, train_loss_epoch=0.0181]Epoch 11:  29%|██▉       | 42/144 [00:01<00:03, 33.45it/s, v_num=80885, train_loss_step=0.0167, val_loss=0.0231, val_acc=0.992, train_loss_epoch=0.0181]Epoch 11:  29%|██▉       | 42/144 [00:01<00:03, 33.44it/s, v_num=80885, train_loss_step=0.0101, val_loss=0.0231, val_acc=0.992, train_loss_epoch=0.0181]Epoch 11:  30%|██▉       | 43/144 [00:01<00:03, 33.54it/s, v_num=80885, train_loss_step=0.0101, val_loss=0.0231, val_acc=0.992, train_loss_epoch=0.0181]Epoch 11:  30%|██▉       | 43/144 [00:01<00:03, 33.54it/s, v_num=80885, train_loss_step=0.0291, val_loss=0.0231, val_acc=0.992, train_loss_epoch=0.0181]Epoch 11:  31%|███       | 44/144 [00:01<00:02, 33.63it/s, v_num=80885, train_loss_step=0.0291, val_loss=0.0231, val_acc=0.992, train_loss_epoch=0.0181]Epoch 11:  31%|███       | 44/144 [00:01<00:02, 33.62it/s, v_num=80885, train_loss_step=0.00954, val_loss=0.0231, val_acc=0.992, train_loss_epoch=0.0181]Epoch 11:  31%|███▏      | 45/144 [00:01<00:02, 33.70it/s, v_num=80885, train_loss_step=0.00954, val_loss=0.0231, val_acc=0.992, train_loss_epoch=0.0181]Epoch 11:  31%|███▏      | 45/144 [00:01<00:02, 33.69it/s, v_num=80885, train_loss_step=0.00571, val_loss=0.0231, val_acc=0.992, train_loss_epoch=0.0181]Epoch 11:  32%|███▏      | 46/144 [00:01<00:02, 33.70it/s, v_num=80885, train_loss_step=0.00571, val_loss=0.0231, val_acc=0.992, train_loss_epoch=0.0181]Epoch 11:  32%|███▏      | 46/144 [00:01<00:02, 33.69it/s, v_num=80885, train_loss_step=0.0106, val_loss=0.0231, val_acc=0.992, train_loss_epoch=0.0181] Epoch 11:  33%|███▎      | 47/144 [00:01<00:02, 33.74it/s, v_num=80885, train_loss_step=0.0106, val_loss=0.0231, val_acc=0.992, train_loss_epoch=0.0181]Epoch 11:  33%|███▎      | 47/144 [00:01<00:02, 33.74it/s, v_num=80885, train_loss_step=0.0147, val_loss=0.0231, val_acc=0.992, train_loss_epoch=0.0181]Epoch 11:  33%|███▎      | 48/144 [00:01<00:02, 33.83it/s, v_num=80885, train_loss_step=0.0147, val_loss=0.0231, val_acc=0.992, train_loss_epoch=0.0181]Epoch 11:  33%|███▎      | 48/144 [00:01<00:02, 33.82it/s, v_num=80885, train_loss_step=0.0112, val_loss=0.0231, val_acc=0.992, train_loss_epoch=0.0181]Epoch 11:  34%|███▍      | 49/144 [00:01<00:02, 33.87it/s, v_num=80885, train_loss_step=0.0112, val_loss=0.0231, val_acc=0.992, train_loss_epoch=0.0181]Epoch 11:  34%|███▍      | 49/144 [00:01<00:02, 33.87it/s, v_num=80885, train_loss_step=0.0243, val_loss=0.0231, val_acc=0.992, train_loss_epoch=0.0181]Epoch 11:  35%|███▍      | 50/144 [00:01<00:02, 33.84it/s, v_num=80885, train_loss_step=0.0243, val_loss=0.0231, val_acc=0.992, train_loss_epoch=0.0181]Epoch 11:  35%|███▍      | 50/144 [00:01<00:02, 33.83it/s, v_num=80885, train_loss_step=0.0043, val_loss=0.0231, val_acc=0.992, train_loss_epoch=0.0181]Epoch 11:  35%|███▌      | 51/144 [00:01<00:02, 33.91it/s, v_num=80885, train_loss_step=0.0043, val_loss=0.0231, val_acc=0.992, train_loss_epoch=0.0181]Epoch 11:  35%|███▌      | 51/144 [00:01<00:02, 33.91it/s, v_num=80885, train_loss_step=0.0163, val_loss=0.0231, val_acc=0.992, train_loss_epoch=0.0181]Epoch 11:  36%|███▌      | 52/144 [00:01<00:02, 33.98it/s, v_num=80885, train_loss_step=0.0163, val_loss=0.0231, val_acc=0.992, train_loss_epoch=0.0181]Epoch 11:  36%|███▌      | 52/144 [00:01<00:02, 33.97it/s, v_num=80885, train_loss_step=0.00687, val_loss=0.0231, val_acc=0.992, train_loss_epoch=0.0181]Epoch 11:  37%|███▋      | 53/144 [00:01<00:02, 34.06it/s, v_num=80885, train_loss_step=0.00687, val_loss=0.0231, val_acc=0.992, train_loss_epoch=0.0181]Epoch 11:  37%|███▋      | 53/144 [00:01<00:02, 34.06it/s, v_num=80885, train_loss_step=0.0126, val_loss=0.0231, val_acc=0.992, train_loss_epoch=0.0181] Epoch 11:  38%|███▊      | 54/144 [00:01<00:02, 34.03it/s, v_num=80885, train_loss_step=0.0126, val_loss=0.0231, val_acc=0.992, train_loss_epoch=0.0181]Epoch 11:  38%|███▊      | 54/144 [00:01<00:02, 34.03it/s, v_num=80885, train_loss_step=0.018, val_loss=0.0231, val_acc=0.992, train_loss_epoch=0.0181] Epoch 11:  38%|███▊      | 55/144 [00:01<00:02, 34.10it/s, v_num=80885, train_loss_step=0.018, val_loss=0.0231, val_acc=0.992, train_loss_epoch=0.0181]Epoch 11:  38%|███▊      | 55/144 [00:01<00:02, 34.10it/s, v_num=80885, train_loss_step=0.00897, val_loss=0.0231, val_acc=0.992, train_loss_epoch=0.0181]Epoch 11:  39%|███▉      | 56/144 [00:01<00:02, 34.17it/s, v_num=80885, train_loss_step=0.00897, val_loss=0.0231, val_acc=0.992, train_loss_epoch=0.0181]Epoch 11:  39%|███▉      | 56/144 [00:01<00:02, 34.16it/s, v_num=80885, train_loss_step=0.0321, val_loss=0.0231, val_acc=0.992, train_loss_epoch=0.0181] Epoch 11:  40%|███▉      | 57/144 [00:01<00:02, 34.19it/s, v_num=80885, train_loss_step=0.0321, val_loss=0.0231, val_acc=0.992, train_loss_epoch=0.0181]Epoch 11:  40%|███▉      | 57/144 [00:01<00:02, 34.19it/s, v_num=80885, train_loss_step=0.016, val_loss=0.0231, val_acc=0.992, train_loss_epoch=0.0181] Epoch 11:  40%|████      | 58/144 [00:01<00:02, 34.17it/s, v_num=80885, train_loss_step=0.016, val_loss=0.0231, val_acc=0.992, train_loss_epoch=0.0181]Epoch 11:  40%|████      | 58/144 [00:01<00:02, 34.17it/s, v_num=80885, train_loss_step=0.0207, val_loss=0.0231, val_acc=0.992, train_loss_epoch=0.0181]Epoch 11:  41%|████      | 59/144 [00:01<00:02, 34.23it/s, v_num=80885, train_loss_step=0.0207, val_loss=0.0231, val_acc=0.992, train_loss_epoch=0.0181]Epoch 11:  41%|████      | 59/144 [00:01<00:02, 34.23it/s, v_num=80885, train_loss_step=0.0134, val_loss=0.0231, val_acc=0.992, train_loss_epoch=0.0181]Epoch 11:  42%|████▏     | 60/144 [00:01<00:02, 34.31it/s, v_num=80885, train_loss_step=0.0134, val_loss=0.0231, val_acc=0.992, train_loss_epoch=0.0181]Epoch 11:  42%|████▏     | 60/144 [00:01<00:02, 34.30it/s, v_num=80885, train_loss_step=0.0361, val_loss=0.0231, val_acc=0.992, train_loss_epoch=0.0181]Epoch 11:  42%|████▏     | 61/144 [00:01<00:02, 34.37it/s, v_num=80885, train_loss_step=0.0361, val_loss=0.0231, val_acc=0.992, train_loss_epoch=0.0181]Epoch 11:  42%|████▏     | 61/144 [00:01<00:02, 34.36it/s, v_num=80885, train_loss_step=0.0114, val_loss=0.0231, val_acc=0.992, train_loss_epoch=0.0181]Epoch 11:  43%|████▎     | 62/144 [00:01<00:02, 34.33it/s, v_num=80885, train_loss_step=0.0114, val_loss=0.0231, val_acc=0.992, train_loss_epoch=0.0181]Epoch 11:  43%|████▎     | 62/144 [00:01<00:02, 34.32it/s, v_num=80885, train_loss_step=0.0224, val_loss=0.0231, val_acc=0.992, train_loss_epoch=0.0181]Epoch 11:  44%|████▍     | 63/144 [00:01<00:02, 34.37it/s, v_num=80885, train_loss_step=0.0224, val_loss=0.0231, val_acc=0.992, train_loss_epoch=0.0181]Epoch 11:  44%|████▍     | 63/144 [00:01<00:02, 34.37it/s, v_num=80885, train_loss_step=0.0264, val_loss=0.0231, val_acc=0.992, train_loss_epoch=0.0181]Epoch 11:  44%|████▍     | 64/144 [00:01<00:02, 34.42it/s, v_num=80885, train_loss_step=0.0264, val_loss=0.0231, val_acc=0.992, train_loss_epoch=0.0181]Epoch 11:  44%|████▍     | 64/144 [00:01<00:02, 34.41it/s, v_num=80885, train_loss_step=0.0158, val_loss=0.0231, val_acc=0.992, train_loss_epoch=0.0181]Epoch 11:  45%|████▌     | 65/144 [00:01<00:02, 34.41it/s, v_num=80885, train_loss_step=0.0158, val_loss=0.0231, val_acc=0.992, train_loss_epoch=0.0181]Epoch 11:  45%|████▌     | 65/144 [00:01<00:02, 34.41it/s, v_num=80885, train_loss_step=0.0119, val_loss=0.0231, val_acc=0.992, train_loss_epoch=0.0181]Epoch 11:  46%|████▌     | 66/144 [00:01<00:02, 34.40it/s, v_num=80885, train_loss_step=0.0119, val_loss=0.0231, val_acc=0.992, train_loss_epoch=0.0181]Epoch 11:  46%|████▌     | 66/144 [00:01<00:02, 34.39it/s, v_num=80885, train_loss_step=0.0206, val_loss=0.0231, val_acc=0.992, train_loss_epoch=0.0181]Epoch 11:  47%|████▋     | 67/144 [00:01<00:02, 34.44it/s, v_num=80885, train_loss_step=0.0206, val_loss=0.0231, val_acc=0.992, train_loss_epoch=0.0181]Epoch 11:  47%|████▋     | 67/144 [00:01<00:02, 34.43it/s, v_num=80885, train_loss_step=0.0153, val_loss=0.0231, val_acc=0.992, train_loss_epoch=0.0181]Epoch 11:  47%|████▋     | 68/144 [00:01<00:02, 34.47it/s, v_num=80885, train_loss_step=0.0153, val_loss=0.0231, val_acc=0.992, train_loss_epoch=0.0181]Epoch 11:  47%|████▋     | 68/144 [00:01<00:02, 34.46it/s, v_num=80885, train_loss_step=0.00368, val_loss=0.0231, val_acc=0.992, train_loss_epoch=0.0181]Epoch 11:  48%|████▊     | 69/144 [00:01<00:02, 34.51it/s, v_num=80885, train_loss_step=0.00368, val_loss=0.0231, val_acc=0.992, train_loss_epoch=0.0181]Epoch 11:  48%|████▊     | 69/144 [00:01<00:02, 34.51it/s, v_num=80885, train_loss_step=0.00675, val_loss=0.0231, val_acc=0.992, train_loss_epoch=0.0181]Epoch 11:  49%|████▊     | 70/144 [00:02<00:02, 34.49it/s, v_num=80885, train_loss_step=0.00675, val_loss=0.0231, val_acc=0.992, train_loss_epoch=0.0181]Epoch 11:  49%|████▊     | 70/144 [00:02<00:02, 34.49it/s, v_num=80885, train_loss_step=0.0142, val_loss=0.0231, val_acc=0.992, train_loss_epoch=0.0181] Epoch 11:  49%|████▉     | 71/144 [00:02<00:02, 34.53it/s, v_num=80885, train_loss_step=0.0142, val_loss=0.0231, val_acc=0.992, train_loss_epoch=0.0181]Epoch 11:  49%|████▉     | 71/144 [00:02<00:02, 34.53it/s, v_num=80885, train_loss_step=0.00776, val_loss=0.0231, val_acc=0.992, train_loss_epoch=0.0181]Epoch 11:  50%|█████     | 72/144 [00:02<00:02, 34.57it/s, v_num=80885, train_loss_step=0.00776, val_loss=0.0231, val_acc=0.992, train_loss_epoch=0.0181]Epoch 11:  50%|█████     | 72/144 [00:02<00:02, 34.57it/s, v_num=80885, train_loss_step=0.0216, val_loss=0.0231, val_acc=0.992, train_loss_epoch=0.0181] Epoch 11:  51%|█████     | 73/144 [00:02<00:02, 34.58it/s, v_num=80885, train_loss_step=0.0216, val_loss=0.0231, val_acc=0.992, train_loss_epoch=0.0181]Epoch 11:  51%|█████     | 73/144 [00:02<00:02, 34.58it/s, v_num=80885, train_loss_step=0.012, val_loss=0.0231, val_acc=0.992, train_loss_epoch=0.0181] Epoch 11:  51%|█████▏    | 74/144 [00:02<00:02, 34.57it/s, v_num=80885, train_loss_step=0.012, val_loss=0.0231, val_acc=0.992, train_loss_epoch=0.0181]Epoch 11:  51%|█████▏    | 74/144 [00:02<00:02, 34.57it/s, v_num=80885, train_loss_step=0.0103, val_loss=0.0231, val_acc=0.992, train_loss_epoch=0.0181]Epoch 11:  52%|█████▏    | 75/144 [00:02<00:01, 34.62it/s, v_num=80885, train_loss_step=0.0103, val_loss=0.0231, val_acc=0.992, train_loss_epoch=0.0181]Epoch 11:  52%|█████▏    | 75/144 [00:02<00:01, 34.62it/s, v_num=80885, train_loss_step=0.0206, val_loss=0.0231, val_acc=0.992, train_loss_epoch=0.0181]Epoch 11:  53%|█████▎    | 76/144 [00:02<00:01, 34.66it/s, v_num=80885, train_loss_step=0.0206, val_loss=0.0231, val_acc=0.992, train_loss_epoch=0.0181]Epoch 11:  53%|█████▎    | 76/144 [00:02<00:01, 34.66it/s, v_num=80885, train_loss_step=0.027, val_loss=0.0231, val_acc=0.992, train_loss_epoch=0.0181] Epoch 11:  53%|█████▎    | 77/144 [00:02<00:01, 34.68it/s, v_num=80885, train_loss_step=0.027, val_loss=0.0231, val_acc=0.992, train_loss_epoch=0.0181]Epoch 11:  53%|█████▎    | 77/144 [00:02<00:01, 34.68it/s, v_num=80885, train_loss_step=0.0164, val_loss=0.0231, val_acc=0.992, train_loss_epoch=0.0181]Epoch 11:  54%|█████▍    | 78/144 [00:02<00:01, 34.67it/s, v_num=80885, train_loss_step=0.0164, val_loss=0.0231, val_acc=0.992, train_loss_epoch=0.0181]Epoch 11:  54%|█████▍    | 78/144 [00:02<00:01, 34.67it/s, v_num=80885, train_loss_step=0.0216, val_loss=0.0231, val_acc=0.992, train_loss_epoch=0.0181]Epoch 11:  55%|█████▍    | 79/144 [00:02<00:01, 34.72it/s, v_num=80885, train_loss_step=0.0216, val_loss=0.0231, val_acc=0.992, train_loss_epoch=0.0181]Epoch 11:  55%|█████▍    | 79/144 [00:02<00:01, 34.72it/s, v_num=80885, train_loss_step=0.00774, val_loss=0.0231, val_acc=0.992, train_loss_epoch=0.0181]Epoch 11:  56%|█████▌    | 80/144 [00:02<00:01, 34.75it/s, v_num=80885, train_loss_step=0.00774, val_loss=0.0231, val_acc=0.992, train_loss_epoch=0.0181]Epoch 11:  56%|█████▌    | 80/144 [00:02<00:01, 34.75it/s, v_num=80885, train_loss_step=0.011, val_loss=0.0231, val_acc=0.992, train_loss_epoch=0.0181]  Epoch 11:  56%|█████▋    | 81/144 [00:02<00:01, 34.78it/s, v_num=80885, train_loss_step=0.011, val_loss=0.0231, val_acc=0.992, train_loss_epoch=0.0181]Epoch 11:  56%|█████▋    | 81/144 [00:02<00:01, 34.78it/s, v_num=80885, train_loss_step=0.0109, val_loss=0.0231, val_acc=0.992, train_loss_epoch=0.0181]Epoch 11:  57%|█████▋    | 82/144 [00:02<00:01, 34.76it/s, v_num=80885, train_loss_step=0.0109, val_loss=0.0231, val_acc=0.992, train_loss_epoch=0.0181]Epoch 11:  57%|█████▋    | 82/144 [00:02<00:01, 34.76it/s, v_num=80885, train_loss_step=0.0244, val_loss=0.0231, val_acc=0.992, train_loss_epoch=0.0181]Epoch 11:  58%|█████▊    | 83/144 [00:02<00:01, 34.81it/s, v_num=80885, train_loss_step=0.0244, val_loss=0.0231, val_acc=0.992, train_loss_epoch=0.0181]Epoch 11:  58%|█████▊    | 83/144 [00:02<00:01, 34.81it/s, v_num=80885, train_loss_step=0.0397, val_loss=0.0231, val_acc=0.992, train_loss_epoch=0.0181]Epoch 11:  58%|█████▊    | 84/144 [00:02<00:01, 34.85it/s, v_num=80885, train_loss_step=0.0397, val_loss=0.0231, val_acc=0.992, train_loss_epoch=0.0181]Epoch 11:  58%|█████▊    | 84/144 [00:02<00:01, 34.84it/s, v_num=80885, train_loss_step=0.00236, val_loss=0.0231, val_acc=0.992, train_loss_epoch=0.0181]Epoch 11:  59%|█████▉    | 85/144 [00:02<00:01, 34.87it/s, v_num=80885, train_loss_step=0.00236, val_loss=0.0231, val_acc=0.992, train_loss_epoch=0.0181]Epoch 11:  59%|█████▉    | 85/144 [00:02<00:01, 34.86it/s, v_num=80885, train_loss_step=0.00593, val_loss=0.0231, val_acc=0.992, train_loss_epoch=0.0181]Epoch 11:  60%|█████▉    | 86/144 [00:02<00:01, 34.85it/s, v_num=80885, train_loss_step=0.00593, val_loss=0.0231, val_acc=0.992, train_loss_epoch=0.0181]Epoch 11:  60%|█████▉    | 86/144 [00:02<00:01, 34.84it/s, v_num=80885, train_loss_step=0.0212, val_loss=0.0231, val_acc=0.992, train_loss_epoch=0.0181] Epoch 11:  60%|██████    | 87/144 [00:02<00:01, 34.87it/s, v_num=80885, train_loss_step=0.0212, val_loss=0.0231, val_acc=0.992, train_loss_epoch=0.0181]Epoch 11:  60%|██████    | 87/144 [00:02<00:01, 34.87it/s, v_num=80885, train_loss_step=0.0255, val_loss=0.0231, val_acc=0.992, train_loss_epoch=0.0181]Epoch 11:  61%|██████    | 88/144 [00:02<00:01, 34.90it/s, v_num=80885, train_loss_step=0.0255, val_loss=0.0231, val_acc=0.992, train_loss_epoch=0.0181]Epoch 11:  61%|██████    | 88/144 [00:02<00:01, 34.90it/s, v_num=80885, train_loss_step=0.00849, val_loss=0.0231, val_acc=0.992, train_loss_epoch=0.0181]Epoch 11:  62%|██████▏   | 89/144 [00:02<00:01, 34.94it/s, v_num=80885, train_loss_step=0.00849, val_loss=0.0231, val_acc=0.992, train_loss_epoch=0.0181]Epoch 11:  62%|██████▏   | 89/144 [00:02<00:01, 34.93it/s, v_num=80885, train_loss_step=0.0156, val_loss=0.0231, val_acc=0.992, train_loss_epoch=0.0181] Epoch 11:  62%|██████▎   | 90/144 [00:02<00:01, 34.94it/s, v_num=80885, train_loss_step=0.0156, val_loss=0.0231, val_acc=0.992, train_loss_epoch=0.0181]Epoch 11:  62%|██████▎   | 90/144 [00:02<00:01, 34.93it/s, v_num=80885, train_loss_step=0.00808, val_loss=0.0231, val_acc=0.992, train_loss_epoch=0.0181]Epoch 11:  63%|██████▎   | 91/144 [00:02<00:01, 34.98it/s, v_num=80885, train_loss_step=0.00808, val_loss=0.0231, val_acc=0.992, train_loss_epoch=0.0181]Epoch 11:  63%|██████▎   | 91/144 [00:02<00:01, 34.98it/s, v_num=80885, train_loss_step=0.0281, val_loss=0.0231, val_acc=0.992, train_loss_epoch=0.0181] Epoch 11:  64%|██████▍   | 92/144 [00:02<00:01, 35.01it/s, v_num=80885, train_loss_step=0.0281, val_loss=0.0231, val_acc=0.992, train_loss_epoch=0.0181]Epoch 11:  64%|██████▍   | 92/144 [00:02<00:01, 35.01it/s, v_num=80885, train_loss_step=0.0293, val_loss=0.0231, val_acc=0.992, train_loss_epoch=0.0181]Epoch 11:  65%|██████▍   | 93/144 [00:02<00:01, 35.03it/s, v_num=80885, train_loss_step=0.0293, val_loss=0.0231, val_acc=0.992, train_loss_epoch=0.0181]Epoch 11:  65%|██████▍   | 93/144 [00:02<00:01, 35.03it/s, v_num=80885, train_loss_step=0.0178, val_loss=0.0231, val_acc=0.992, train_loss_epoch=0.0181]Epoch 11:  65%|██████▌   | 94/144 [00:02<00:01, 35.02it/s, v_num=80885, train_loss_step=0.0178, val_loss=0.0231, val_acc=0.992, train_loss_epoch=0.0181]Epoch 11:  65%|██████▌   | 94/144 [00:02<00:01, 35.01it/s, v_num=80885, train_loss_step=0.0149, val_loss=0.0231, val_acc=0.992, train_loss_epoch=0.0181]Epoch 11:  66%|██████▌   | 95/144 [00:02<00:01, 35.06it/s, v_num=80885, train_loss_step=0.0149, val_loss=0.0231, val_acc=0.992, train_loss_epoch=0.0181]Epoch 11:  66%|██████▌   | 95/144 [00:02<00:01, 35.06it/s, v_num=80885, train_loss_step=0.036, val_loss=0.0231, val_acc=0.992, train_loss_epoch=0.0181] Epoch 11:  67%|██████▋   | 96/144 [00:02<00:01, 35.09it/s, v_num=80885, train_loss_step=0.036, val_loss=0.0231, val_acc=0.992, train_loss_epoch=0.0181]Epoch 11:  67%|██████▋   | 96/144 [00:02<00:01, 35.09it/s, v_num=80885, train_loss_step=0.022, val_loss=0.0231, val_acc=0.992, train_loss_epoch=0.0181]Epoch 11:  67%|██████▋   | 97/144 [00:02<00:01, 35.13it/s, v_num=80885, train_loss_step=0.022, val_loss=0.0231, val_acc=0.992, train_loss_epoch=0.0181]Epoch 11:  67%|██████▋   | 97/144 [00:02<00:01, 35.12it/s, v_num=80885, train_loss_step=0.018, val_loss=0.0231, val_acc=0.992, train_loss_epoch=0.0181]Epoch 11:  68%|██████▊   | 98/144 [00:02<00:01, 35.11it/s, v_num=80885, train_loss_step=0.018, val_loss=0.0231, val_acc=0.992, train_loss_epoch=0.0181]Epoch 11:  68%|██████▊   | 98/144 [00:02<00:01, 35.11it/s, v_num=80885, train_loss_step=0.0218, val_loss=0.0231, val_acc=0.992, train_loss_epoch=0.0181]Epoch 11:  69%|██████▉   | 99/144 [00:02<00:01, 35.15it/s, v_num=80885, train_loss_step=0.0218, val_loss=0.0231, val_acc=0.992, train_loss_epoch=0.0181]Epoch 11:  69%|██████▉   | 99/144 [00:02<00:01, 35.15it/s, v_num=80885, train_loss_step=0.0068, val_loss=0.0231, val_acc=0.992, train_loss_epoch=0.0181]Epoch 11:  69%|██████▉   | 100/144 [00:02<00:01, 35.18it/s, v_num=80885, train_loss_step=0.0068, val_loss=0.0231, val_acc=0.992, train_loss_epoch=0.0181]Epoch 11:  69%|██████▉   | 100/144 [00:02<00:01, 35.18it/s, v_num=80885, train_loss_step=0.00827, val_loss=0.0231, val_acc=0.992, train_loss_epoch=0.0181]Epoch 11:  70%|███████   | 101/144 [00:02<00:01, 35.19it/s, v_num=80885, train_loss_step=0.00827, val_loss=0.0231, val_acc=0.992, train_loss_epoch=0.0181]Epoch 11:  70%|███████   | 101/144 [00:02<00:01, 35.19it/s, v_num=80885, train_loss_step=0.00272, val_loss=0.0231, val_acc=0.992, train_loss_epoch=0.0181]Epoch 11:  71%|███████   | 102/144 [00:02<00:01, 35.19it/s, v_num=80885, train_loss_step=0.00272, val_loss=0.0231, val_acc=0.992, train_loss_epoch=0.0181]Epoch 11:  71%|███████   | 102/144 [00:02<00:01, 35.18it/s, v_num=80885, train_loss_step=0.0221, val_loss=0.0231, val_acc=0.992, train_loss_epoch=0.0181] Epoch 11:  72%|███████▏  | 103/144 [00:02<00:01, 35.24it/s, v_num=80885, train_loss_step=0.0221, val_loss=0.0231, val_acc=0.992, train_loss_epoch=0.0181]Epoch 11:  72%|███████▏  | 103/144 [00:02<00:01, 35.24it/s, v_num=80885, train_loss_step=0.00571, val_loss=0.0231, val_acc=0.992, train_loss_epoch=0.0181]Epoch 11:  72%|███████▏  | 104/144 [00:02<00:01, 35.28it/s, v_num=80885, train_loss_step=0.00571, val_loss=0.0231, val_acc=0.992, train_loss_epoch=0.0181]Epoch 11:  72%|███████▏  | 104/144 [00:02<00:01, 35.28it/s, v_num=80885, train_loss_step=0.013, val_loss=0.0231, val_acc=0.992, train_loss_epoch=0.0181]  Epoch 11:  73%|███████▎  | 105/144 [00:02<00:01, 35.32it/s, v_num=80885, train_loss_step=0.013, val_loss=0.0231, val_acc=0.992, train_loss_epoch=0.0181]Epoch 11:  73%|███████▎  | 105/144 [00:02<00:01, 35.32it/s, v_num=80885, train_loss_step=0.0276, val_loss=0.0231, val_acc=0.992, train_loss_epoch=0.0181]Epoch 11:  74%|███████▎  | 106/144 [00:03<00:01, 35.32it/s, v_num=80885, train_loss_step=0.0276, val_loss=0.0231, val_acc=0.992, train_loss_epoch=0.0181]Epoch 11:  74%|███████▎  | 106/144 [00:03<00:01, 35.32it/s, v_num=80885, train_loss_step=0.0153, val_loss=0.0231, val_acc=0.992, train_loss_epoch=0.0181]Epoch 11:  74%|███████▍  | 107/144 [00:03<00:01, 35.35it/s, v_num=80885, train_loss_step=0.0153, val_loss=0.0231, val_acc=0.992, train_loss_epoch=0.0181]Epoch 11:  74%|███████▍  | 107/144 [00:03<00:01, 35.35it/s, v_num=80885, train_loss_step=0.0406, val_loss=0.0231, val_acc=0.992, train_loss_epoch=0.0181]Epoch 11:  75%|███████▌  | 108/144 [00:03<00:01, 35.38it/s, v_num=80885, train_loss_step=0.0406, val_loss=0.0231, val_acc=0.992, train_loss_epoch=0.0181]Epoch 11:  75%|███████▌  | 108/144 [00:03<00:01, 35.38it/s, v_num=80885, train_loss_step=0.0245, val_loss=0.0231, val_acc=0.992, train_loss_epoch=0.0181]Epoch 11:  76%|███████▌  | 109/144 [00:03<00:00, 35.43it/s, v_num=80885, train_loss_step=0.0245, val_loss=0.0231, val_acc=0.992, train_loss_epoch=0.0181]Epoch 11:  76%|███████▌  | 109/144 [00:03<00:00, 35.43it/s, v_num=80885, train_loss_step=0.015, val_loss=0.0231, val_acc=0.992, train_loss_epoch=0.0181] Epoch 11:  76%|███████▋  | 110/144 [00:03<00:00, 35.44it/s, v_num=80885, train_loss_step=0.015, val_loss=0.0231, val_acc=0.992, train_loss_epoch=0.0181]Epoch 11:  76%|███████▋  | 110/144 [00:03<00:00, 35.44it/s, v_num=80885, train_loss_step=0.0433, val_loss=0.0231, val_acc=0.992, train_loss_epoch=0.0181]Epoch 11:  77%|███████▋  | 111/144 [00:03<00:00, 35.48it/s, v_num=80885, train_loss_step=0.0433, val_loss=0.0231, val_acc=0.992, train_loss_epoch=0.0181]Epoch 11:  77%|███████▋  | 111/144 [00:03<00:00, 35.48it/s, v_num=80885, train_loss_step=0.0263, val_loss=0.0231, val_acc=0.992, train_loss_epoch=0.0181]Epoch 11:  78%|███████▊  | 112/144 [00:03<00:00, 35.50it/s, v_num=80885, train_loss_step=0.0263, val_loss=0.0231, val_acc=0.992, train_loss_epoch=0.0181]Epoch 11:  78%|███████▊  | 112/144 [00:03<00:00, 35.50it/s, v_num=80885, train_loss_step=0.0116, val_loss=0.0231, val_acc=0.992, train_loss_epoch=0.0181]Epoch 11:  78%|███████▊  | 113/144 [00:03<00:00, 35.54it/s, v_num=80885, train_loss_step=0.0116, val_loss=0.0231, val_acc=0.992, train_loss_epoch=0.0181]Epoch 11:  78%|███████▊  | 113/144 [00:03<00:00, 35.53it/s, v_num=80885, train_loss_step=0.0172, val_loss=0.0231, val_acc=0.992, train_loss_epoch=0.0181]Epoch 11:  79%|███████▉  | 114/144 [00:03<00:00, 35.55it/s, v_num=80885, train_loss_step=0.0172, val_loss=0.0231, val_acc=0.992, train_loss_epoch=0.0181]Epoch 11:  79%|███████▉  | 114/144 [00:03<00:00, 35.54it/s, v_num=80885, train_loss_step=0.00721, val_loss=0.0231, val_acc=0.992, train_loss_epoch=0.0181]Epoch 11:  80%|███████▉  | 115/144 [00:03<00:00, 35.58it/s, v_num=80885, train_loss_step=0.00721, val_loss=0.0231, val_acc=0.992, train_loss_epoch=0.0181]Epoch 11:  80%|███████▉  | 115/144 [00:03<00:00, 35.58it/s, v_num=80885, train_loss_step=0.0127, val_loss=0.0231, val_acc=0.992, train_loss_epoch=0.0181] Epoch 11:  81%|████████  | 116/144 [00:03<00:00, 35.61it/s, v_num=80885, train_loss_step=0.0127, val_loss=0.0231, val_acc=0.992, train_loss_epoch=0.0181]Epoch 11:  81%|████████  | 116/144 [00:03<00:00, 35.61it/s, v_num=80885, train_loss_step=0.0151, val_loss=0.0231, val_acc=0.992, train_loss_epoch=0.0181]Epoch 11:  81%|████████▏ | 117/144 [00:03<00:00, 35.63it/s, v_num=80885, train_loss_step=0.0151, val_loss=0.0231, val_acc=0.992, train_loss_epoch=0.0181]Epoch 11:  81%|████████▏ | 117/144 [00:03<00:00, 35.62it/s, v_num=80885, train_loss_step=0.0203, val_loss=0.0231, val_acc=0.992, train_loss_epoch=0.0181]Epoch 11:  82%|████████▏ | 118/144 [00:03<00:00, 35.63it/s, v_num=80885, train_loss_step=0.0203, val_loss=0.0231, val_acc=0.992, train_loss_epoch=0.0181]Epoch 11:  82%|████████▏ | 118/144 [00:03<00:00, 35.63it/s, v_num=80885, train_loss_step=0.0181, val_loss=0.0231, val_acc=0.992, train_loss_epoch=0.0181]Epoch 11:  83%|████████▎ | 119/144 [00:03<00:00, 35.67it/s, v_num=80885, train_loss_step=0.0181, val_loss=0.0231, val_acc=0.992, train_loss_epoch=0.0181]Epoch 11:  83%|████████▎ | 119/144 [00:03<00:00, 35.67it/s, v_num=80885, train_loss_step=0.0421, val_loss=0.0231, val_acc=0.992, train_loss_epoch=0.0181]Epoch 11:  83%|████████▎ | 120/144 [00:03<00:00, 35.70it/s, v_num=80885, train_loss_step=0.0421, val_loss=0.0231, val_acc=0.992, train_loss_epoch=0.0181]Epoch 11:  83%|████████▎ | 120/144 [00:03<00:00, 35.70it/s, v_num=80885, train_loss_step=0.013, val_loss=0.0231, val_acc=0.992, train_loss_epoch=0.0181] Epoch 11:  84%|████████▍ | 121/144 [00:03<00:00, 35.74it/s, v_num=80885, train_loss_step=0.013, val_loss=0.0231, val_acc=0.992, train_loss_epoch=0.0181]Epoch 11:  84%|████████▍ | 121/144 [00:03<00:00, 35.74it/s, v_num=80885, train_loss_step=0.0598, val_loss=0.0231, val_acc=0.992, train_loss_epoch=0.0181]Epoch 11:  85%|████████▍ | 122/144 [00:03<00:00, 35.75it/s, v_num=80885, train_loss_step=0.0598, val_loss=0.0231, val_acc=0.992, train_loss_epoch=0.0181]Epoch 11:  85%|████████▍ | 122/144 [00:03<00:00, 35.75it/s, v_num=80885, train_loss_step=0.0137, val_loss=0.0231, val_acc=0.992, train_loss_epoch=0.0181]Epoch 11:  85%|████████▌ | 123/144 [00:03<00:00, 35.78it/s, v_num=80885, train_loss_step=0.0137, val_loss=0.0231, val_acc=0.992, train_loss_epoch=0.0181]Epoch 11:  85%|████████▌ | 123/144 [00:03<00:00, 35.78it/s, v_num=80885, train_loss_step=0.00945, val_loss=0.0231, val_acc=0.992, train_loss_epoch=0.0181]Epoch 11:  86%|████████▌ | 124/144 [00:03<00:00, 35.81it/s, v_num=80885, train_loss_step=0.00945, val_loss=0.0231, val_acc=0.992, train_loss_epoch=0.0181]Epoch 11:  86%|████████▌ | 124/144 [00:03<00:00, 35.81it/s, v_num=80885, train_loss_step=0.0274, val_loss=0.0231, val_acc=0.992, train_loss_epoch=0.0181] Epoch 11:  87%|████████▋ | 125/144 [00:03<00:00, 35.85it/s, v_num=80885, train_loss_step=0.0274, val_loss=0.0231, val_acc=0.992, train_loss_epoch=0.0181]Epoch 11:  87%|████████▋ | 125/144 [00:03<00:00, 35.84it/s, v_num=80885, train_loss_step=0.0354, val_loss=0.0231, val_acc=0.992, train_loss_epoch=0.0181]Epoch 11:  88%|████████▊ | 126/144 [00:03<00:00, 35.87it/s, v_num=80885, train_loss_step=0.0354, val_loss=0.0231, val_acc=0.992, train_loss_epoch=0.0181]Epoch 11:  88%|████████▊ | 126/144 [00:03<00:00, 35.87it/s, v_num=80885, train_loss_step=0.0272, val_loss=0.0231, val_acc=0.992, train_loss_epoch=0.0181]Epoch 11:  88%|████████▊ | 127/144 [00:03<00:00, 35.86it/s, v_num=80885, train_loss_step=0.0272, val_loss=0.0231, val_acc=0.992, train_loss_epoch=0.0181]Epoch 11:  88%|████████▊ | 127/144 [00:03<00:00, 35.86it/s, v_num=80885, train_loss_step=0.0127, val_loss=0.0231, val_acc=0.992, train_loss_epoch=0.0181]Epoch 11:  89%|████████▉ | 128/144 [00:03<00:00, 35.89it/s, v_num=80885, train_loss_step=0.0127, val_loss=0.0231, val_acc=0.992, train_loss_epoch=0.0181]Epoch 11:  89%|████████▉ | 128/144 [00:03<00:00, 35.88it/s, v_num=80885, train_loss_step=0.0305, val_loss=0.0231, val_acc=0.992, train_loss_epoch=0.0181]Epoch 11:  90%|████████▉ | 129/144 [00:03<00:00, 35.92it/s, v_num=80885, train_loss_step=0.0305, val_loss=0.0231, val_acc=0.992, train_loss_epoch=0.0181]Epoch 11:  90%|████████▉ | 129/144 [00:03<00:00, 35.92it/s, v_num=80885, train_loss_step=0.019, val_loss=0.0231, val_acc=0.992, train_loss_epoch=0.0181] Epoch 11:  90%|█████████ | 130/144 [00:03<00:00, 35.94it/s, v_num=80885, train_loss_step=0.019, val_loss=0.0231, val_acc=0.992, train_loss_epoch=0.0181]Epoch 11:  90%|█████████ | 130/144 [00:03<00:00, 35.94it/s, v_num=80885, train_loss_step=0.0299, val_loss=0.0231, val_acc=0.992, train_loss_epoch=0.0181]Epoch 11:  91%|█████████ | 131/144 [00:03<00:00, 35.93it/s, v_num=80885, train_loss_step=0.0299, val_loss=0.0231, val_acc=0.992, train_loss_epoch=0.0181]Epoch 11:  91%|█████████ | 131/144 [00:03<00:00, 35.93it/s, v_num=80885, train_loss_step=0.0223, val_loss=0.0231, val_acc=0.992, train_loss_epoch=0.0181]Epoch 11:  92%|█████████▏| 132/144 [00:03<00:00, 35.97it/s, v_num=80885, train_loss_step=0.0223, val_loss=0.0231, val_acc=0.992, train_loss_epoch=0.0181]Epoch 11:  92%|█████████▏| 132/144 [00:03<00:00, 35.97it/s, v_num=80885, train_loss_step=0.0033, val_loss=0.0231, val_acc=0.992, train_loss_epoch=0.0181]Epoch 11:  92%|█████████▏| 133/144 [00:03<00:00, 36.01it/s, v_num=80885, train_loss_step=0.0033, val_loss=0.0231, val_acc=0.992, train_loss_epoch=0.0181]Epoch 11:  92%|█████████▏| 133/144 [00:03<00:00, 36.00it/s, v_num=80885, train_loss_step=0.0307, val_loss=0.0231, val_acc=0.992, train_loss_epoch=0.0181]Epoch 11:  93%|█████████▎| 134/144 [00:03<00:00, 36.03it/s, v_num=80885, train_loss_step=0.0307, val_loss=0.0231, val_acc=0.992, train_loss_epoch=0.0181]Epoch 11:  93%|█████████▎| 134/144 [00:03<00:00, 36.03it/s, v_num=80885, train_loss_step=0.0118, val_loss=0.0231, val_acc=0.992, train_loss_epoch=0.0181]Epoch 11:  94%|█████████▍| 135/144 [00:03<00:00, 36.04it/s, v_num=80885, train_loss_step=0.0118, val_loss=0.0231, val_acc=0.992, train_loss_epoch=0.0181]Epoch 11:  94%|█████████▍| 135/144 [00:03<00:00, 36.04it/s, v_num=80885, train_loss_step=0.00383, val_loss=0.0231, val_acc=0.992, train_loss_epoch=0.0181]Epoch 11:  94%|█████████▍| 136/144 [00:03<00:00, 36.08it/s, v_num=80885, train_loss_step=0.00383, val_loss=0.0231, val_acc=0.992, train_loss_epoch=0.0181]Epoch 11:  94%|█████████▍| 136/144 [00:03<00:00, 36.08it/s, v_num=80885, train_loss_step=0.0354, val_loss=0.0231, val_acc=0.992, train_loss_epoch=0.0181] Epoch 11:  95%|█████████▌| 137/144 [00:03<00:00, 36.10it/s, v_num=80885, train_loss_step=0.0354, val_loss=0.0231, val_acc=0.992, train_loss_epoch=0.0181]Epoch 11:  95%|█████████▌| 137/144 [00:03<00:00, 36.10it/s, v_num=80885, train_loss_step=0.00864, val_loss=0.0231, val_acc=0.992, train_loss_epoch=0.0181]Epoch 11:  96%|█████████▌| 138/144 [00:03<00:00, 36.14it/s, v_num=80885, train_loss_step=0.00864, val_loss=0.0231, val_acc=0.992, train_loss_epoch=0.0181]Epoch 11:  96%|█████████▌| 138/144 [00:03<00:00, 36.14it/s, v_num=80885, train_loss_step=0.0092, val_loss=0.0231, val_acc=0.992, train_loss_epoch=0.0181] Epoch 11:  97%|█████████▋| 139/144 [00:03<00:00, 36.14it/s, v_num=80885, train_loss_step=0.0092, val_loss=0.0231, val_acc=0.992, train_loss_epoch=0.0181]Epoch 11:  97%|█████████▋| 139/144 [00:03<00:00, 36.13it/s, v_num=80885, train_loss_step=0.0535, val_loss=0.0231, val_acc=0.992, train_loss_epoch=0.0181]Epoch 11:  97%|█████████▋| 140/144 [00:03<00:00, 36.12it/s, v_num=80885, train_loss_step=0.0535, val_loss=0.0231, val_acc=0.992, train_loss_epoch=0.0181]Epoch 11:  97%|█████████▋| 140/144 [00:03<00:00, 36.12it/s, v_num=80885, train_loss_step=0.00792, val_loss=0.0231, val_acc=0.992, train_loss_epoch=0.0181]Epoch 11:  98%|█████████▊| 141/144 [00:03<00:00, 36.15it/s, v_num=80885, train_loss_step=0.00792, val_loss=0.0231, val_acc=0.992, train_loss_epoch=0.0181]Epoch 11:  98%|█████████▊| 141/144 [00:03<00:00, 36.15it/s, v_num=80885, train_loss_step=0.0276, val_loss=0.0231, val_acc=0.992, train_loss_epoch=0.0181] Epoch 11:  99%|█████████▊| 142/144 [00:03<00:00, 36.17it/s, v_num=80885, train_loss_step=0.0276, val_loss=0.0231, val_acc=0.992, train_loss_epoch=0.0181]Epoch 11:  99%|█████████▊| 142/144 [00:03<00:00, 36.16it/s, v_num=80885, train_loss_step=0.00779, val_loss=0.0231, val_acc=0.992, train_loss_epoch=0.0181]Epoch 11:  99%|█████████▉| 143/144 [00:03<00:00, 36.18it/s, v_num=80885, train_loss_step=0.00779, val_loss=0.0231, val_acc=0.992, train_loss_epoch=0.0181]Epoch 11:  99%|█████████▉| 143/144 [00:03<00:00, 36.18it/s, v_num=80885, train_loss_step=0.011, val_loss=0.0231, val_acc=0.992, train_loss_epoch=0.0181]  Epoch 11: 100%|██████████| 144/144 [00:03<00:00, 36.17it/s, v_num=80885, train_loss_step=0.011, val_loss=0.0231, val_acc=0.992, train_loss_epoch=0.0181]Epoch 11: 100%|██████████| 144/144 [00:03<00:00, 36.17it/s, v_num=80885, train_loss_step=0.00325, val_loss=0.0231, val_acc=0.992, train_loss_epoch=0.0181]
Validation: |          | 0/? [00:00<?, ?it/s][A
Validation:   0%|          | 0/14 [00:00<?, ?it/s][A
Validation DataLoader 0:   0%|          | 0/14 [00:00<?, ?it/s][A
Validation DataLoader 0:   7%|▋         | 1/14 [00:00<00:00, 105.29it/s][A
Validation DataLoader 0:  14%|█▍        | 2/14 [00:00<00:00, 102.16it/s][A
Validation DataLoader 0:  21%|██▏       | 3/14 [00:00<00:00, 101.66it/s][A
Validation DataLoader 0:  29%|██▊       | 4/14 [00:00<00:00, 100.60it/s][A
Validation DataLoader 0:  36%|███▌      | 5/14 [00:00<00:00, 100.52it/s][A
Validation DataLoader 0:  43%|████▎     | 6/14 [00:00<00:00, 100.05it/s][A
Validation DataLoader 0:  50%|█████     | 7/14 [00:00<00:00, 93.00it/s] [A
Validation DataLoader 0:  57%|█████▋    | 8/14 [00:00<00:00, 93.49it/s][A
Validation DataLoader 0:  64%|██████▍   | 9/14 [00:00<00:00, 93.78it/s][A
Validation DataLoader 0:  71%|███████▏  | 10/14 [00:00<00:00, 94.33it/s][A
Validation DataLoader 0:  79%|███████▊  | 11/14 [00:00<00:00, 94.95it/s][A
Validation DataLoader 0:  86%|████████▌ | 12/14 [00:00<00:00, 95.21it/s][A
Validation DataLoader 0:  93%|█████████▎| 13/14 [00:00<00:00, 95.59it/s][A
Validation DataLoader 0: 100%|██████████| 14/14 [00:00<00:00, 95.63it/s][A
                                                                        [AEpoch 11: 100%|██████████| 144/144 [00:04<00:00, 34.67it/s, v_num=80885, train_loss_step=0.00325, val_loss=0.0145, val_acc=0.995, train_loss_epoch=0.0181]Epoch 11: 100%|██████████| 144/144 [00:04<00:00, 34.67it/s, v_num=80885, train_loss_step=0.00325, val_loss=0.0145, val_acc=0.995, train_loss_epoch=0.0183]Epoch 11:   0%|          | 0/144 [00:00<?, ?it/s, v_num=80885, train_loss_step=0.00325, val_loss=0.0145, val_acc=0.995, train_loss_epoch=0.0183]          Epoch 12:   0%|          | 0/144 [00:00<?, ?it/s, v_num=80885, train_loss_step=0.00325, val_loss=0.0145, val_acc=0.995, train_loss_epoch=0.0183]Epoch 12:   1%|          | 1/144 [00:00<00:11, 12.18it/s, v_num=80885, train_loss_step=0.00325, val_loss=0.0145, val_acc=0.995, train_loss_epoch=0.0183]Epoch 12:   1%|          | 1/144 [00:00<00:11, 12.15it/s, v_num=80885, train_loss_step=0.00619, val_loss=0.0145, val_acc=0.995, train_loss_epoch=0.0183]Epoch 12:   1%|▏         | 2/144 [00:00<00:07, 17.98it/s, v_num=80885, train_loss_step=0.00619, val_loss=0.0145, val_acc=0.995, train_loss_epoch=0.0183]Epoch 12:   1%|▏         | 2/144 [00:00<00:07, 17.95it/s, v_num=80885, train_loss_step=0.0359, val_loss=0.0145, val_acc=0.995, train_loss_epoch=0.0183] Epoch 12:   2%|▏         | 3/144 [00:00<00:06, 20.87it/s, v_num=80885, train_loss_step=0.0359, val_loss=0.0145, val_acc=0.995, train_loss_epoch=0.0183]Epoch 12:   2%|▏         | 3/144 [00:00<00:06, 20.85it/s, v_num=80885, train_loss_step=0.0182, val_loss=0.0145, val_acc=0.995, train_loss_epoch=0.0183]Epoch 12:   3%|▎         | 4/144 [00:00<00:05, 23.37it/s, v_num=80885, train_loss_step=0.0182, val_loss=0.0145, val_acc=0.995, train_loss_epoch=0.0183]Epoch 12:   3%|▎         | 4/144 [00:00<00:05, 23.35it/s, v_num=80885, train_loss_step=0.0261, val_loss=0.0145, val_acc=0.995, train_loss_epoch=0.0183]Epoch 12:   3%|▎         | 5/144 [00:00<00:05, 25.23it/s, v_num=80885, train_loss_step=0.0261, val_loss=0.0145, val_acc=0.995, train_loss_epoch=0.0183]Epoch 12:   3%|▎         | 5/144 [00:00<00:05, 25.20it/s, v_num=80885, train_loss_step=0.00806, val_loss=0.0145, val_acc=0.995, train_loss_epoch=0.0183]Epoch 12:   4%|▍         | 6/144 [00:00<00:05, 26.54it/s, v_num=80885, train_loss_step=0.00806, val_loss=0.0145, val_acc=0.995, train_loss_epoch=0.0183]Epoch 12:   4%|▍         | 6/144 [00:00<00:05, 26.52it/s, v_num=80885, train_loss_step=0.0052, val_loss=0.0145, val_acc=0.995, train_loss_epoch=0.0183] Epoch 12:   5%|▍         | 7/144 [00:00<00:05, 27.21it/s, v_num=80885, train_loss_step=0.0052, val_loss=0.0145, val_acc=0.995, train_loss_epoch=0.0183]Epoch 12:   5%|▍         | 7/144 [00:00<00:05, 27.19it/s, v_num=80885, train_loss_step=0.0276, val_loss=0.0145, val_acc=0.995, train_loss_epoch=0.0183]Epoch 12:   6%|▌         | 8/144 [00:00<00:04, 28.11it/s, v_num=80885, train_loss_step=0.0276, val_loss=0.0145, val_acc=0.995, train_loss_epoch=0.0183]Epoch 12:   6%|▌         | 8/144 [00:00<00:04, 28.09it/s, v_num=80885, train_loss_step=0.0111, val_loss=0.0145, val_acc=0.995, train_loss_epoch=0.0183]Epoch 12:   6%|▋         | 9/144 [00:00<00:04, 28.88it/s, v_num=80885, train_loss_step=0.0111, val_loss=0.0145, val_acc=0.995, train_loss_epoch=0.0183]Epoch 12:   6%|▋         | 9/144 [00:00<00:04, 28.86it/s, v_num=80885, train_loss_step=0.0225, val_loss=0.0145, val_acc=0.995, train_loss_epoch=0.0183]Epoch 12:   7%|▋         | 10/144 [00:00<00:04, 29.48it/s, v_num=80885, train_loss_step=0.0225, val_loss=0.0145, val_acc=0.995, train_loss_epoch=0.0183]Epoch 12:   7%|▋         | 10/144 [00:00<00:04, 29.47it/s, v_num=80885, train_loss_step=0.00466, val_loss=0.0145, val_acc=0.995, train_loss_epoch=0.0183]Epoch 12:   8%|▊         | 11/144 [00:00<00:04, 29.78it/s, v_num=80885, train_loss_step=0.00466, val_loss=0.0145, val_acc=0.995, train_loss_epoch=0.0183]Epoch 12:   8%|▊         | 11/144 [00:00<00:04, 29.77it/s, v_num=80885, train_loss_step=0.0375, val_loss=0.0145, val_acc=0.995, train_loss_epoch=0.0183] Epoch 12:   8%|▊         | 12/144 [00:00<00:04, 30.31it/s, v_num=80885, train_loss_step=0.0375, val_loss=0.0145, val_acc=0.995, train_loss_epoch=0.0183]Epoch 12:   8%|▊         | 12/144 [00:00<00:04, 30.30it/s, v_num=80885, train_loss_step=0.00974, val_loss=0.0145, val_acc=0.995, train_loss_epoch=0.0183]Epoch 12:   9%|▉         | 13/144 [00:00<00:04, 30.76it/s, v_num=80885, train_loss_step=0.00974, val_loss=0.0145, val_acc=0.995, train_loss_epoch=0.0183]Epoch 12:   9%|▉         | 13/144 [00:00<00:04, 30.74it/s, v_num=80885, train_loss_step=0.0237, val_loss=0.0145, val_acc=0.995, train_loss_epoch=0.0183] Epoch 12:  10%|▉         | 14/144 [00:00<00:04, 31.03it/s, v_num=80885, train_loss_step=0.0237, val_loss=0.0145, val_acc=0.995, train_loss_epoch=0.0183]Epoch 12:  10%|▉         | 14/144 [00:00<00:04, 31.01it/s, v_num=80885, train_loss_step=0.0309, val_loss=0.0145, val_acc=0.995, train_loss_epoch=0.0183]Epoch 12:  10%|█         | 15/144 [00:00<00:04, 31.11it/s, v_num=80885, train_loss_step=0.0309, val_loss=0.0145, val_acc=0.995, train_loss_epoch=0.0183]Epoch 12:  10%|█         | 15/144 [00:00<00:04, 31.10it/s, v_num=80885, train_loss_step=0.0115, val_loss=0.0145, val_acc=0.995, train_loss_epoch=0.0183]Epoch 12:  11%|█         | 16/144 [00:00<00:04, 31.40it/s, v_num=80885, train_loss_step=0.0115, val_loss=0.0145, val_acc=0.995, train_loss_epoch=0.0183]Epoch 12:  11%|█         | 16/144 [00:00<00:04, 31.39it/s, v_num=80885, train_loss_step=0.0109, val_loss=0.0145, val_acc=0.995, train_loss_epoch=0.0183]Epoch 12:  12%|█▏        | 17/144 [00:00<00:04, 31.69it/s, v_num=80885, train_loss_step=0.0109, val_loss=0.0145, val_acc=0.995, train_loss_epoch=0.0183]Epoch 12:  12%|█▏        | 17/144 [00:00<00:04, 31.68it/s, v_num=80885, train_loss_step=0.0382, val_loss=0.0145, val_acc=0.995, train_loss_epoch=0.0183]Epoch 12:  12%|█▎        | 18/144 [00:00<00:03, 31.93it/s, v_num=80885, train_loss_step=0.0382, val_loss=0.0145, val_acc=0.995, train_loss_epoch=0.0183]Epoch 12:  12%|█▎        | 18/144 [00:00<00:03, 31.92it/s, v_num=80885, train_loss_step=0.00326, val_loss=0.0145, val_acc=0.995, train_loss_epoch=0.0183]Epoch 12:  13%|█▎        | 19/144 [00:00<00:03, 32.00it/s, v_num=80885, train_loss_step=0.00326, val_loss=0.0145, val_acc=0.995, train_loss_epoch=0.0183]Epoch 12:  13%|█▎        | 19/144 [00:00<00:03, 31.99it/s, v_num=80885, train_loss_step=0.0244, val_loss=0.0145, val_acc=0.995, train_loss_epoch=0.0183] Epoch 12:  14%|█▍        | 20/144 [00:00<00:03, 32.23it/s, v_num=80885, train_loss_step=0.0244, val_loss=0.0145, val_acc=0.995, train_loss_epoch=0.0183]Epoch 12:  14%|█▍        | 20/144 [00:00<00:03, 32.22it/s, v_num=80885, train_loss_step=0.0331, val_loss=0.0145, val_acc=0.995, train_loss_epoch=0.0183]Epoch 12:  15%|█▍        | 21/144 [00:00<00:03, 32.41it/s, v_num=80885, train_loss_step=0.0331, val_loss=0.0145, val_acc=0.995, train_loss_epoch=0.0183]Epoch 12:  15%|█▍        | 21/144 [00:00<00:03, 32.40it/s, v_num=80885, train_loss_step=0.054, val_loss=0.0145, val_acc=0.995, train_loss_epoch=0.0183] Epoch 12:  15%|█▌        | 22/144 [00:00<00:03, 32.64it/s, v_num=80885, train_loss_step=0.054, val_loss=0.0145, val_acc=0.995, train_loss_epoch=0.0183]Epoch 12:  15%|█▌        | 22/144 [00:00<00:03, 32.63it/s, v_num=80885, train_loss_step=0.0261, val_loss=0.0145, val_acc=0.995, train_loss_epoch=0.0183]Epoch 12:  16%|█▌        | 23/144 [00:00<00:03, 32.66it/s, v_num=80885, train_loss_step=0.0261, val_loss=0.0145, val_acc=0.995, train_loss_epoch=0.0183]Epoch 12:  16%|█▌        | 23/144 [00:00<00:03, 32.65it/s, v_num=80885, train_loss_step=0.00877, val_loss=0.0145, val_acc=0.995, train_loss_epoch=0.0183]Epoch 12:  17%|█▋        | 24/144 [00:00<00:03, 32.84it/s, v_num=80885, train_loss_step=0.00877, val_loss=0.0145, val_acc=0.995, train_loss_epoch=0.0183]Epoch 12:  17%|█▋        | 24/144 [00:00<00:03, 32.84it/s, v_num=80885, train_loss_step=0.0177, val_loss=0.0145, val_acc=0.995, train_loss_epoch=0.0183] Epoch 12:  17%|█▋        | 25/144 [00:00<00:03, 33.04it/s, v_num=80885, train_loss_step=0.0177, val_loss=0.0145, val_acc=0.995, train_loss_epoch=0.0183]Epoch 12:  17%|█▋        | 25/144 [00:00<00:03, 33.03it/s, v_num=80885, train_loss_step=0.011, val_loss=0.0145, val_acc=0.995, train_loss_epoch=0.0183] Epoch 12:  18%|█▊        | 26/144 [00:00<00:03, 33.20it/s, v_num=80885, train_loss_step=0.011, val_loss=0.0145, val_acc=0.995, train_loss_epoch=0.0183]Epoch 12:  18%|█▊        | 26/144 [00:00<00:03, 33.20it/s, v_num=80885, train_loss_step=0.012, val_loss=0.0145, val_acc=0.995, train_loss_epoch=0.0183]Epoch 12:  19%|█▉        | 27/144 [00:00<00:03, 33.23it/s, v_num=80885, train_loss_step=0.012, val_loss=0.0145, val_acc=0.995, train_loss_epoch=0.0183]Epoch 12:  19%|█▉        | 27/144 [00:00<00:03, 33.22it/s, v_num=80885, train_loss_step=0.0129, val_loss=0.0145, val_acc=0.995, train_loss_epoch=0.0183]Epoch 12:  19%|█▉        | 28/144 [00:00<00:03, 32.69it/s, v_num=80885, train_loss_step=0.0129, val_loss=0.0145, val_acc=0.995, train_loss_epoch=0.0183]Epoch 12:  19%|█▉        | 28/144 [00:00<00:03, 32.68it/s, v_num=80885, train_loss_step=0.0262, val_loss=0.0145, val_acc=0.995, train_loss_epoch=0.0183]Epoch 12:  20%|██        | 29/144 [00:00<00:03, 32.82it/s, v_num=80885, train_loss_step=0.0262, val_loss=0.0145, val_acc=0.995, train_loss_epoch=0.0183]Epoch 12:  20%|██        | 29/144 [00:00<00:03, 32.82it/s, v_num=80885, train_loss_step=0.0119, val_loss=0.0145, val_acc=0.995, train_loss_epoch=0.0183]Epoch 12:  21%|██        | 30/144 [00:00<00:03, 32.78it/s, v_num=80885, train_loss_step=0.0119, val_loss=0.0145, val_acc=0.995, train_loss_epoch=0.0183]Epoch 12:  21%|██        | 30/144 [00:00<00:03, 32.77it/s, v_num=80885, train_loss_step=0.00994, val_loss=0.0145, val_acc=0.995, train_loss_epoch=0.0183]Epoch 12:  22%|██▏       | 31/144 [00:00<00:03, 32.80it/s, v_num=80885, train_loss_step=0.00994, val_loss=0.0145, val_acc=0.995, train_loss_epoch=0.0183]Epoch 12:  22%|██▏       | 31/144 [00:00<00:03, 32.80it/s, v_num=80885, train_loss_step=0.0218, val_loss=0.0145, val_acc=0.995, train_loss_epoch=0.0183] Epoch 12:  22%|██▏       | 32/144 [00:00<00:03, 32.87it/s, v_num=80885, train_loss_step=0.0218, val_loss=0.0145, val_acc=0.995, train_loss_epoch=0.0183]Epoch 12:  22%|██▏       | 32/144 [00:00<00:03, 32.87it/s, v_num=80885, train_loss_step=0.0444, val_loss=0.0145, val_acc=0.995, train_loss_epoch=0.0183]Epoch 12:  23%|██▎       | 33/144 [00:01<00:03, 32.98it/s, v_num=80885, train_loss_step=0.0444, val_loss=0.0145, val_acc=0.995, train_loss_epoch=0.0183]Epoch 12:  23%|██▎       | 33/144 [00:01<00:03, 32.97it/s, v_num=80885, train_loss_step=0.00602, val_loss=0.0145, val_acc=0.995, train_loss_epoch=0.0183]Epoch 12:  24%|██▎       | 34/144 [00:01<00:03, 32.94it/s, v_num=80885, train_loss_step=0.00602, val_loss=0.0145, val_acc=0.995, train_loss_epoch=0.0183]Epoch 12:  24%|██▎       | 34/144 [00:01<00:03, 32.93it/s, v_num=80885, train_loss_step=0.0137, val_loss=0.0145, val_acc=0.995, train_loss_epoch=0.0183] Epoch 12:  24%|██▍       | 35/144 [00:01<00:03, 32.89it/s, v_num=80885, train_loss_step=0.0137, val_loss=0.0145, val_acc=0.995, train_loss_epoch=0.0183]Epoch 12:  24%|██▍       | 35/144 [00:01<00:03, 32.89it/s, v_num=80885, train_loss_step=0.00762, val_loss=0.0145, val_acc=0.995, train_loss_epoch=0.0183]Epoch 12:  25%|██▌       | 36/144 [00:01<00:03, 32.70it/s, v_num=80885, train_loss_step=0.00762, val_loss=0.0145, val_acc=0.995, train_loss_epoch=0.0183]Epoch 12:  25%|██▌       | 36/144 [00:01<00:03, 32.69it/s, v_num=80885, train_loss_step=0.0143, val_loss=0.0145, val_acc=0.995, train_loss_epoch=0.0183] Epoch 12:  26%|██▌       | 37/144 [00:01<00:03, 32.56it/s, v_num=80885, train_loss_step=0.0143, val_loss=0.0145, val_acc=0.995, train_loss_epoch=0.0183]Epoch 12:  26%|██▌       | 37/144 [00:01<00:03, 32.56it/s, v_num=80885, train_loss_step=0.0129, val_loss=0.0145, val_acc=0.995, train_loss_epoch=0.0183]Epoch 12:  26%|██▋       | 38/144 [00:01<00:03, 32.56it/s, v_num=80885, train_loss_step=0.0129, val_loss=0.0145, val_acc=0.995, train_loss_epoch=0.0183]Epoch 12:  26%|██▋       | 38/144 [00:01<00:03, 32.55it/s, v_num=80885, train_loss_step=0.00763, val_loss=0.0145, val_acc=0.995, train_loss_epoch=0.0183]Epoch 12:  27%|██▋       | 39/144 [00:01<00:03, 32.66it/s, v_num=80885, train_loss_step=0.00763, val_loss=0.0145, val_acc=0.995, train_loss_epoch=0.0183]Epoch 12:  27%|██▋       | 39/144 [00:01<00:03, 32.65it/s, v_num=80885, train_loss_step=0.0134, val_loss=0.0145, val_acc=0.995, train_loss_epoch=0.0183] Epoch 12:  28%|██▊       | 40/144 [00:01<00:03, 32.73it/s, v_num=80885, train_loss_step=0.0134, val_loss=0.0145, val_acc=0.995, train_loss_epoch=0.0183]Epoch 12:  28%|██▊       | 40/144 [00:01<00:03, 32.72it/s, v_num=80885, train_loss_step=0.00334, val_loss=0.0145, val_acc=0.995, train_loss_epoch=0.0183]Epoch 12:  28%|██▊       | 41/144 [00:01<00:03, 32.77it/s, v_num=80885, train_loss_step=0.00334, val_loss=0.0145, val_acc=0.995, train_loss_epoch=0.0183]Epoch 12:  28%|██▊       | 41/144 [00:01<00:03, 32.76it/s, v_num=80885, train_loss_step=0.00758, val_loss=0.0145, val_acc=0.995, train_loss_epoch=0.0183]Epoch 12:  29%|██▉       | 42/144 [00:01<00:03, 32.76it/s, v_num=80885, train_loss_step=0.00758, val_loss=0.0145, val_acc=0.995, train_loss_epoch=0.0183]Epoch 12:  29%|██▉       | 42/144 [00:01<00:03, 32.75it/s, v_num=80885, train_loss_step=0.0111, val_loss=0.0145, val_acc=0.995, train_loss_epoch=0.0183] Epoch 12:  30%|██▉       | 43/144 [00:01<00:03, 32.83it/s, v_num=80885, train_loss_step=0.0111, val_loss=0.0145, val_acc=0.995, train_loss_epoch=0.0183]Epoch 12:  30%|██▉       | 43/144 [00:01<00:03, 32.83it/s, v_num=80885, train_loss_step=0.0274, val_loss=0.0145, val_acc=0.995, train_loss_epoch=0.0183]Epoch 12:  31%|███       | 44/144 [00:01<00:03, 32.93it/s, v_num=80885, train_loss_step=0.0274, val_loss=0.0145, val_acc=0.995, train_loss_epoch=0.0183]Epoch 12:  31%|███       | 44/144 [00:01<00:03, 32.93it/s, v_num=80885, train_loss_step=0.00746, val_loss=0.0145, val_acc=0.995, train_loss_epoch=0.0183]Epoch 12:  31%|███▏      | 45/144 [00:01<00:03, 32.83it/s, v_num=80885, train_loss_step=0.00746, val_loss=0.0145, val_acc=0.995, train_loss_epoch=0.0183]Epoch 12:  31%|███▏      | 45/144 [00:01<00:03, 32.83it/s, v_num=80885, train_loss_step=0.0135, val_loss=0.0145, val_acc=0.995, train_loss_epoch=0.0183] Epoch 12:  32%|███▏      | 46/144 [00:01<00:02, 32.86it/s, v_num=80885, train_loss_step=0.0135, val_loss=0.0145, val_acc=0.995, train_loss_epoch=0.0183]Epoch 12:  32%|███▏      | 46/144 [00:01<00:02, 32.86it/s, v_num=80885, train_loss_step=0.0169, val_loss=0.0145, val_acc=0.995, train_loss_epoch=0.0183]Epoch 12:  33%|███▎      | 47/144 [00:01<00:02, 32.95it/s, v_num=80885, train_loss_step=0.0169, val_loss=0.0145, val_acc=0.995, train_loss_epoch=0.0183]Epoch 12:  33%|███▎      | 47/144 [00:01<00:02, 32.95it/s, v_num=80885, train_loss_step=0.00443, val_loss=0.0145, val_acc=0.995, train_loss_epoch=0.0183]Epoch 12:  33%|███▎      | 48/144 [00:01<00:02, 33.04it/s, v_num=80885, train_loss_step=0.00443, val_loss=0.0145, val_acc=0.995, train_loss_epoch=0.0183]Epoch 12:  33%|███▎      | 48/144 [00:01<00:02, 33.04it/s, v_num=80885, train_loss_step=0.00558, val_loss=0.0145, val_acc=0.995, train_loss_epoch=0.0183]Epoch 12:  34%|███▍      | 49/144 [00:01<00:02, 33.11it/s, v_num=80885, train_loss_step=0.00558, val_loss=0.0145, val_acc=0.995, train_loss_epoch=0.0183]Epoch 12:  34%|███▍      | 49/144 [00:01<00:02, 33.11it/s, v_num=80885, train_loss_step=0.00672, val_loss=0.0145, val_acc=0.995, train_loss_epoch=0.0183]Epoch 12:  35%|███▍      | 50/144 [00:01<00:02, 33.11it/s, v_num=80885, train_loss_step=0.00672, val_loss=0.0145, val_acc=0.995, train_loss_epoch=0.0183]Epoch 12:  35%|███▍      | 50/144 [00:01<00:02, 33.11it/s, v_num=80885, train_loss_step=0.0154, val_loss=0.0145, val_acc=0.995, train_loss_epoch=0.0183] Epoch 12:  35%|███▌      | 51/144 [00:01<00:02, 33.17it/s, v_num=80885, train_loss_step=0.0154, val_loss=0.0145, val_acc=0.995, train_loss_epoch=0.0183]Epoch 12:  35%|███▌      | 51/144 [00:01<00:02, 33.17it/s, v_num=80885, train_loss_step=0.00217, val_loss=0.0145, val_acc=0.995, train_loss_epoch=0.0183]Epoch 12:  36%|███▌      | 52/144 [00:01<00:02, 33.25it/s, v_num=80885, train_loss_step=0.00217, val_loss=0.0145, val_acc=0.995, train_loss_epoch=0.0183]Epoch 12:  36%|███▌      | 52/144 [00:01<00:02, 33.25it/s, v_num=80885, train_loss_step=0.003, val_loss=0.0145, val_acc=0.995, train_loss_epoch=0.0183]  Epoch 12:  37%|███▋      | 53/144 [00:01<00:02, 33.32it/s, v_num=80885, train_loss_step=0.003, val_loss=0.0145, val_acc=0.995, train_loss_epoch=0.0183]Epoch 12:  37%|███▋      | 53/144 [00:01<00:02, 33.31it/s, v_num=80885, train_loss_step=0.00349, val_loss=0.0145, val_acc=0.995, train_loss_epoch=0.0183]Epoch 12:  38%|███▊      | 54/144 [00:01<00:02, 33.33it/s, v_num=80885, train_loss_step=0.00349, val_loss=0.0145, val_acc=0.995, train_loss_epoch=0.0183]Epoch 12:  38%|███▊      | 54/144 [00:01<00:02, 33.33it/s, v_num=80885, train_loss_step=0.0243, val_loss=0.0145, val_acc=0.995, train_loss_epoch=0.0183] Epoch 12:  38%|███▊      | 55/144 [00:01<00:02, 33.41it/s, v_num=80885, train_loss_step=0.0243, val_loss=0.0145, val_acc=0.995, train_loss_epoch=0.0183]Epoch 12:  38%|███▊      | 55/144 [00:01<00:02, 33.40it/s, v_num=80885, train_loss_step=0.00194, val_loss=0.0145, val_acc=0.995, train_loss_epoch=0.0183]Epoch 12:  39%|███▉      | 56/144 [00:01<00:02, 33.47it/s, v_num=80885, train_loss_step=0.00194, val_loss=0.0145, val_acc=0.995, train_loss_epoch=0.0183]Epoch 12:  39%|███▉      | 56/144 [00:01<00:02, 33.47it/s, v_num=80885, train_loss_step=0.0201, val_loss=0.0145, val_acc=0.995, train_loss_epoch=0.0183] Epoch 12:  40%|███▉      | 57/144 [00:01<00:02, 33.50it/s, v_num=80885, train_loss_step=0.0201, val_loss=0.0145, val_acc=0.995, train_loss_epoch=0.0183]Epoch 12:  40%|███▉      | 57/144 [00:01<00:02, 33.49it/s, v_num=80885, train_loss_step=0.0137, val_loss=0.0145, val_acc=0.995, train_loss_epoch=0.0183]Epoch 12:  40%|████      | 58/144 [00:01<00:02, 33.50it/s, v_num=80885, train_loss_step=0.0137, val_loss=0.0145, val_acc=0.995, train_loss_epoch=0.0183]Epoch 12:  40%|████      | 58/144 [00:01<00:02, 33.50it/s, v_num=80885, train_loss_step=0.00607, val_loss=0.0145, val_acc=0.995, train_loss_epoch=0.0183]Epoch 12:  41%|████      | 59/144 [00:01<00:02, 33.57it/s, v_num=80885, train_loss_step=0.00607, val_loss=0.0145, val_acc=0.995, train_loss_epoch=0.0183]Epoch 12:  41%|████      | 59/144 [00:01<00:02, 33.56it/s, v_num=80885, train_loss_step=0.00606, val_loss=0.0145, val_acc=0.995, train_loss_epoch=0.0183]Epoch 12:  42%|████▏     | 60/144 [00:01<00:02, 33.62it/s, v_num=80885, train_loss_step=0.00606, val_loss=0.0145, val_acc=0.995, train_loss_epoch=0.0183]Epoch 12:  42%|████▏     | 60/144 [00:01<00:02, 33.62it/s, v_num=80885, train_loss_step=0.00778, val_loss=0.0145, val_acc=0.995, train_loss_epoch=0.0183]Epoch 12:  42%|████▏     | 61/144 [00:01<00:02, 33.68it/s, v_num=80885, train_loss_step=0.00778, val_loss=0.0145, val_acc=0.995, train_loss_epoch=0.0183]Epoch 12:  42%|████▏     | 61/144 [00:01<00:02, 33.68it/s, v_num=80885, train_loss_step=0.00634, val_loss=0.0145, val_acc=0.995, train_loss_epoch=0.0183]Epoch 12:  43%|████▎     | 62/144 [00:01<00:02, 33.68it/s, v_num=80885, train_loss_step=0.00634, val_loss=0.0145, val_acc=0.995, train_loss_epoch=0.0183]Epoch 12:  43%|████▎     | 62/144 [00:01<00:02, 33.68it/s, v_num=80885, train_loss_step=0.0082, val_loss=0.0145, val_acc=0.995, train_loss_epoch=0.0183] Epoch 12:  44%|████▍     | 63/144 [00:01<00:02, 33.75it/s, v_num=80885, train_loss_step=0.0082, val_loss=0.0145, val_acc=0.995, train_loss_epoch=0.0183]Epoch 12:  44%|████▍     | 63/144 [00:01<00:02, 33.75it/s, v_num=80885, train_loss_step=0.00412, val_loss=0.0145, val_acc=0.995, train_loss_epoch=0.0183]Epoch 12:  44%|████▍     | 64/144 [00:01<00:02, 33.80it/s, v_num=80885, train_loss_step=0.00412, val_loss=0.0145, val_acc=0.995, train_loss_epoch=0.0183]Epoch 12:  44%|████▍     | 64/144 [00:01<00:02, 33.80it/s, v_num=80885, train_loss_step=0.0203, val_loss=0.0145, val_acc=0.995, train_loss_epoch=0.0183] Epoch 12:  45%|████▌     | 65/144 [00:01<00:02, 33.83it/s, v_num=80885, train_loss_step=0.0203, val_loss=0.0145, val_acc=0.995, train_loss_epoch=0.0183]Epoch 12:  45%|████▌     | 65/144 [00:01<00:02, 33.83it/s, v_num=80885, train_loss_step=0.00654, val_loss=0.0145, val_acc=0.995, train_loss_epoch=0.0183]Epoch 12:  46%|████▌     | 66/144 [00:01<00:02, 33.82it/s, v_num=80885, train_loss_step=0.00654, val_loss=0.0145, val_acc=0.995, train_loss_epoch=0.0183]Epoch 12:  46%|████▌     | 66/144 [00:01<00:02, 33.82it/s, v_num=80885, train_loss_step=0.012, val_loss=0.0145, val_acc=0.995, train_loss_epoch=0.0183]  Epoch 12:  47%|████▋     | 67/144 [00:01<00:02, 33.85it/s, v_num=80885, train_loss_step=0.012, val_loss=0.0145, val_acc=0.995, train_loss_epoch=0.0183]Epoch 12:  47%|████▋     | 67/144 [00:01<00:02, 33.85it/s, v_num=80885, train_loss_step=0.0119, val_loss=0.0145, val_acc=0.995, train_loss_epoch=0.0183]Epoch 12:  47%|████▋     | 68/144 [00:02<00:02, 33.89it/s, v_num=80885, train_loss_step=0.0119, val_loss=0.0145, val_acc=0.995, train_loss_epoch=0.0183]Epoch 12:  47%|████▋     | 68/144 [00:02<00:02, 33.88it/s, v_num=80885, train_loss_step=0.00373, val_loss=0.0145, val_acc=0.995, train_loss_epoch=0.0183]Epoch 12:  48%|████▊     | 69/144 [00:02<00:02, 33.92it/s, v_num=80885, train_loss_step=0.00373, val_loss=0.0145, val_acc=0.995, train_loss_epoch=0.0183]Epoch 12:  48%|████▊     | 69/144 [00:02<00:02, 33.92it/s, v_num=80885, train_loss_step=0.00297, val_loss=0.0145, val_acc=0.995, train_loss_epoch=0.0183]Epoch 12:  49%|████▊     | 70/144 [00:02<00:02, 33.90it/s, v_num=80885, train_loss_step=0.00297, val_loss=0.0145, val_acc=0.995, train_loss_epoch=0.0183]Epoch 12:  49%|████▊     | 70/144 [00:02<00:02, 33.90it/s, v_num=80885, train_loss_step=0.00399, val_loss=0.0145, val_acc=0.995, train_loss_epoch=0.0183]Epoch 12:  49%|████▉     | 71/144 [00:02<00:02, 33.94it/s, v_num=80885, train_loss_step=0.00399, val_loss=0.0145, val_acc=0.995, train_loss_epoch=0.0183]Epoch 12:  49%|████▉     | 71/144 [00:02<00:02, 33.94it/s, v_num=80885, train_loss_step=0.0457, val_loss=0.0145, val_acc=0.995, train_loss_epoch=0.0183] Epoch 12:  50%|█████     | 72/144 [00:02<00:02, 33.99it/s, v_num=80885, train_loss_step=0.0457, val_loss=0.0145, val_acc=0.995, train_loss_epoch=0.0183]Epoch 12:  50%|█████     | 72/144 [00:02<00:02, 33.99it/s, v_num=80885, train_loss_step=0.00554, val_loss=0.0145, val_acc=0.995, train_loss_epoch=0.0183]Epoch 12:  51%|█████     | 73/144 [00:02<00:02, 34.02it/s, v_num=80885, train_loss_step=0.00554, val_loss=0.0145, val_acc=0.995, train_loss_epoch=0.0183]Epoch 12:  51%|█████     | 73/144 [00:02<00:02, 34.01it/s, v_num=80885, train_loss_step=0.00391, val_loss=0.0145, val_acc=0.995, train_loss_epoch=0.0183]Epoch 12:  51%|█████▏    | 74/144 [00:02<00:02, 34.01it/s, v_num=80885, train_loss_step=0.00391, val_loss=0.0145, val_acc=0.995, train_loss_epoch=0.0183]Epoch 12:  51%|█████▏    | 74/144 [00:02<00:02, 34.01it/s, v_num=80885, train_loss_step=0.0215, val_loss=0.0145, val_acc=0.995, train_loss_epoch=0.0183] Epoch 12:  52%|█████▏    | 75/144 [00:02<00:02, 34.07it/s, v_num=80885, train_loss_step=0.0215, val_loss=0.0145, val_acc=0.995, train_loss_epoch=0.0183]Epoch 12:  52%|█████▏    | 75/144 [00:02<00:02, 34.07it/s, v_num=80885, train_loss_step=0.0054, val_loss=0.0145, val_acc=0.995, train_loss_epoch=0.0183]Epoch 12:  53%|█████▎    | 76/144 [00:02<00:01, 34.07it/s, v_num=80885, train_loss_step=0.0054, val_loss=0.0145, val_acc=0.995, train_loss_epoch=0.0183]Epoch 12:  53%|█████▎    | 76/144 [00:02<00:01, 34.07it/s, v_num=80885, train_loss_step=0.00992, val_loss=0.0145, val_acc=0.995, train_loss_epoch=0.0183]Epoch 12:  53%|█████▎    | 77/144 [00:02<00:01, 34.12it/s, v_num=80885, train_loss_step=0.00992, val_loss=0.0145, val_acc=0.995, train_loss_epoch=0.0183]Epoch 12:  53%|█████▎    | 77/144 [00:02<00:01, 34.11it/s, v_num=80885, train_loss_step=0.0224, val_loss=0.0145, val_acc=0.995, train_loss_epoch=0.0183] Epoch 12:  54%|█████▍    | 78/144 [00:02<00:01, 34.11it/s, v_num=80885, train_loss_step=0.0224, val_loss=0.0145, val_acc=0.995, train_loss_epoch=0.0183]Epoch 12:  54%|█████▍    | 78/144 [00:02<00:01, 34.11it/s, v_num=80885, train_loss_step=0.00673, val_loss=0.0145, val_acc=0.995, train_loss_epoch=0.0183]Epoch 12:  55%|█████▍    | 79/144 [00:02<00:01, 34.15it/s, v_num=80885, train_loss_step=0.00673, val_loss=0.0145, val_acc=0.995, train_loss_epoch=0.0183]Epoch 12:  55%|█████▍    | 79/144 [00:02<00:01, 34.15it/s, v_num=80885, train_loss_step=0.00491, val_loss=0.0145, val_acc=0.995, train_loss_epoch=0.0183]Epoch 12:  56%|█████▌    | 80/144 [00:02<00:01, 34.17it/s, v_num=80885, train_loss_step=0.00491, val_loss=0.0145, val_acc=0.995, train_loss_epoch=0.0183]Epoch 12:  56%|█████▌    | 80/144 [00:02<00:01, 34.17it/s, v_num=80885, train_loss_step=0.00404, val_loss=0.0145, val_acc=0.995, train_loss_epoch=0.0183]Epoch 12:  56%|█████▋    | 81/144 [00:02<00:01, 33.84it/s, v_num=80885, train_loss_step=0.00404, val_loss=0.0145, val_acc=0.995, train_loss_epoch=0.0183]Epoch 12:  56%|█████▋    | 81/144 [00:02<00:01, 33.84it/s, v_num=80885, train_loss_step=0.0168, val_loss=0.0145, val_acc=0.995, train_loss_epoch=0.0183] Epoch 12:  57%|█████▋    | 82/144 [00:02<00:01, 33.88it/s, v_num=80885, train_loss_step=0.0168, val_loss=0.0145, val_acc=0.995, train_loss_epoch=0.0183]Epoch 12:  57%|█████▋    | 82/144 [00:02<00:01, 33.88it/s, v_num=80885, train_loss_step=0.0143, val_loss=0.0145, val_acc=0.995, train_loss_epoch=0.0183]Epoch 12:  58%|█████▊    | 83/144 [00:02<00:01, 33.93it/s, v_num=80885, train_loss_step=0.0143, val_loss=0.0145, val_acc=0.995, train_loss_epoch=0.0183]Epoch 12:  58%|█████▊    | 83/144 [00:02<00:01, 33.92it/s, v_num=80885, train_loss_step=0.00491, val_loss=0.0145, val_acc=0.995, train_loss_epoch=0.0183]Epoch 12:  58%|█████▊    | 84/144 [00:02<00:01, 33.97it/s, v_num=80885, train_loss_step=0.00491, val_loss=0.0145, val_acc=0.995, train_loss_epoch=0.0183]Epoch 12:  58%|█████▊    | 84/144 [00:02<00:01, 33.97it/s, v_num=80885, train_loss_step=0.014, val_loss=0.0145, val_acc=0.995, train_loss_epoch=0.0183]  Epoch 12:  59%|█████▉    | 85/144 [00:02<00:01, 33.96it/s, v_num=80885, train_loss_step=0.014, val_loss=0.0145, val_acc=0.995, train_loss_epoch=0.0183]Epoch 12:  59%|█████▉    | 85/144 [00:02<00:01, 33.95it/s, v_num=80885, train_loss_step=0.00928, val_loss=0.0145, val_acc=0.995, train_loss_epoch=0.0183]Epoch 12:  60%|█████▉    | 86/144 [00:02<00:01, 33.99it/s, v_num=80885, train_loss_step=0.00928, val_loss=0.0145, val_acc=0.995, train_loss_epoch=0.0183]Epoch 12:  60%|█████▉    | 86/144 [00:02<00:01, 33.99it/s, v_num=80885, train_loss_step=0.00685, val_loss=0.0145, val_acc=0.995, train_loss_epoch=0.0183]Epoch 12:  60%|██████    | 87/144 [00:02<00:01, 34.01it/s, v_num=80885, train_loss_step=0.00685, val_loss=0.0145, val_acc=0.995, train_loss_epoch=0.0183]Epoch 12:  60%|██████    | 87/144 [00:02<00:01, 34.01it/s, v_num=80885, train_loss_step=0.0174, val_loss=0.0145, val_acc=0.995, train_loss_epoch=0.0183] Epoch 12:  61%|██████    | 88/144 [00:02<00:01, 34.03it/s, v_num=80885, train_loss_step=0.0174, val_loss=0.0145, val_acc=0.995, train_loss_epoch=0.0183]Epoch 12:  61%|██████    | 88/144 [00:02<00:01, 34.03it/s, v_num=80885, train_loss_step=0.0235, val_loss=0.0145, val_acc=0.995, train_loss_epoch=0.0183]Epoch 12:  62%|██████▏   | 89/144 [00:02<00:01, 34.01it/s, v_num=80885, train_loss_step=0.0235, val_loss=0.0145, val_acc=0.995, train_loss_epoch=0.0183]Epoch 12:  62%|██████▏   | 89/144 [00:02<00:01, 34.00it/s, v_num=80885, train_loss_step=0.00561, val_loss=0.0145, val_acc=0.995, train_loss_epoch=0.0183]Epoch 12:  62%|██████▎   | 90/144 [00:02<00:01, 34.03it/s, v_num=80885, train_loss_step=0.00561, val_loss=0.0145, val_acc=0.995, train_loss_epoch=0.0183]Epoch 12:  62%|██████▎   | 90/144 [00:02<00:01, 34.02it/s, v_num=80885, train_loss_step=0.0137, val_loss=0.0145, val_acc=0.995, train_loss_epoch=0.0183] Epoch 12:  63%|██████▎   | 91/144 [00:02<00:01, 34.06it/s, v_num=80885, train_loss_step=0.0137, val_loss=0.0145, val_acc=0.995, train_loss_epoch=0.0183]Epoch 12:  63%|██████▎   | 91/144 [00:02<00:01, 34.06it/s, v_num=80885, train_loss_step=0.00377, val_loss=0.0145, val_acc=0.995, train_loss_epoch=0.0183]Epoch 12:  64%|██████▍   | 92/144 [00:02<00:01, 33.94it/s, v_num=80885, train_loss_step=0.00377, val_loss=0.0145, val_acc=0.995, train_loss_epoch=0.0183]Epoch 12:  64%|██████▍   | 92/144 [00:02<00:01, 33.94it/s, v_num=80885, train_loss_step=0.0063, val_loss=0.0145, val_acc=0.995, train_loss_epoch=0.0183] Epoch 12:  65%|██████▍   | 93/144 [00:02<00:01, 33.91it/s, v_num=80885, train_loss_step=0.0063, val_loss=0.0145, val_acc=0.995, train_loss_epoch=0.0183]Epoch 12:  65%|██████▍   | 93/144 [00:02<00:01, 33.91it/s, v_num=80885, train_loss_step=0.0358, val_loss=0.0145, val_acc=0.995, train_loss_epoch=0.0183]Epoch 12:  65%|██████▌   | 94/144 [00:02<00:01, 33.95it/s, v_num=80885, train_loss_step=0.0358, val_loss=0.0145, val_acc=0.995, train_loss_epoch=0.0183]Epoch 12:  65%|██████▌   | 94/144 [00:02<00:01, 33.95it/s, v_num=80885, train_loss_step=0.00612, val_loss=0.0145, val_acc=0.995, train_loss_epoch=0.0183]Epoch 12:  66%|██████▌   | 95/144 [00:02<00:01, 33.99it/s, v_num=80885, train_loss_step=0.00612, val_loss=0.0145, val_acc=0.995, train_loss_epoch=0.0183]Epoch 12:  66%|██████▌   | 95/144 [00:02<00:01, 33.99it/s, v_num=80885, train_loss_step=0.00812, val_loss=0.0145, val_acc=0.995, train_loss_epoch=0.0183]Epoch 12:  67%|██████▋   | 96/144 [00:02<00:01, 34.01it/s, v_num=80885, train_loss_step=0.00812, val_loss=0.0145, val_acc=0.995, train_loss_epoch=0.0183]Epoch 12:  67%|██████▋   | 96/144 [00:02<00:01, 34.00it/s, v_num=80885, train_loss_step=0.0172, val_loss=0.0145, val_acc=0.995, train_loss_epoch=0.0183] Epoch 12:  67%|██████▋   | 97/144 [00:02<00:01, 34.01it/s, v_num=80885, train_loss_step=0.0172, val_loss=0.0145, val_acc=0.995, train_loss_epoch=0.0183]Epoch 12:  67%|██████▋   | 97/144 [00:02<00:01, 34.01it/s, v_num=80885, train_loss_step=0.0168, val_loss=0.0145, val_acc=0.995, train_loss_epoch=0.0183]Epoch 12:  68%|██████▊   | 98/144 [00:02<00:01, 34.06it/s, v_num=80885, train_loss_step=0.0168, val_loss=0.0145, val_acc=0.995, train_loss_epoch=0.0183]Epoch 12:  68%|██████▊   | 98/144 [00:02<00:01, 34.06it/s, v_num=80885, train_loss_step=0.00887, val_loss=0.0145, val_acc=0.995, train_loss_epoch=0.0183]Epoch 12:  69%|██████▉   | 99/144 [00:02<00:01, 34.07it/s, v_num=80885, train_loss_step=0.00887, val_loss=0.0145, val_acc=0.995, train_loss_epoch=0.0183]Epoch 12:  69%|██████▉   | 99/144 [00:02<00:01, 34.07it/s, v_num=80885, train_loss_step=0.019, val_loss=0.0145, val_acc=0.995, train_loss_epoch=0.0183]  Epoch 12:  69%|██████▉   | 100/144 [00:02<00:01, 34.11it/s, v_num=80885, train_loss_step=0.019, val_loss=0.0145, val_acc=0.995, train_loss_epoch=0.0183]Epoch 12:  69%|██████▉   | 100/144 [00:02<00:01, 34.11it/s, v_num=80885, train_loss_step=0.00835, val_loss=0.0145, val_acc=0.995, train_loss_epoch=0.0183]Epoch 12:  70%|███████   | 101/144 [00:02<00:01, 34.10it/s, v_num=80885, train_loss_step=0.00835, val_loss=0.0145, val_acc=0.995, train_loss_epoch=0.0183]Epoch 12:  70%|███████   | 101/144 [00:02<00:01, 34.10it/s, v_num=80885, train_loss_step=0.0247, val_loss=0.0145, val_acc=0.995, train_loss_epoch=0.0183] Epoch 12:  71%|███████   | 102/144 [00:02<00:01, 34.15it/s, v_num=80885, train_loss_step=0.0247, val_loss=0.0145, val_acc=0.995, train_loss_epoch=0.0183]Epoch 12:  71%|███████   | 102/144 [00:02<00:01, 34.15it/s, v_num=80885, train_loss_step=0.0111, val_loss=0.0145, val_acc=0.995, train_loss_epoch=0.0183]Epoch 12:  72%|███████▏  | 103/144 [00:03<00:01, 34.20it/s, v_num=80885, train_loss_step=0.0111, val_loss=0.0145, val_acc=0.995, train_loss_epoch=0.0183]Epoch 12:  72%|███████▏  | 103/144 [00:03<00:01, 34.19it/s, v_num=80885, train_loss_step=0.022, val_loss=0.0145, val_acc=0.995, train_loss_epoch=0.0183] Epoch 12:  72%|███████▏  | 104/144 [00:03<00:01, 34.24it/s, v_num=80885, train_loss_step=0.022, val_loss=0.0145, val_acc=0.995, train_loss_epoch=0.0183]Epoch 12:  72%|███████▏  | 104/144 [00:03<00:01, 34.24it/s, v_num=80885, train_loss_step=0.0291, val_loss=0.0145, val_acc=0.995, train_loss_epoch=0.0183]Epoch 12:  73%|███████▎  | 105/144 [00:03<00:01, 34.12it/s, v_num=80885, train_loss_step=0.0291, val_loss=0.0145, val_acc=0.995, train_loss_epoch=0.0183]Epoch 12:  73%|███████▎  | 105/144 [00:03<00:01, 34.12it/s, v_num=80885, train_loss_step=0.0154, val_loss=0.0145, val_acc=0.995, train_loss_epoch=0.0183]Epoch 12:  74%|███████▎  | 106/144 [00:03<00:01, 34.14it/s, v_num=80885, train_loss_step=0.0154, val_loss=0.0145, val_acc=0.995, train_loss_epoch=0.0183]Epoch 12:  74%|███████▎  | 106/144 [00:03<00:01, 34.14it/s, v_num=80885, train_loss_step=0.0119, val_loss=0.0145, val_acc=0.995, train_loss_epoch=0.0183]Epoch 12:  74%|███████▍  | 107/144 [00:03<00:01, 34.18it/s, v_num=80885, train_loss_step=0.0119, val_loss=0.0145, val_acc=0.995, train_loss_epoch=0.0183]Epoch 12:  74%|███████▍  | 107/144 [00:03<00:01, 34.18it/s, v_num=80885, train_loss_step=0.00619, val_loss=0.0145, val_acc=0.995, train_loss_epoch=0.0183]Epoch 12:  75%|███████▌  | 108/144 [00:03<00:01, 34.12it/s, v_num=80885, train_loss_step=0.00619, val_loss=0.0145, val_acc=0.995, train_loss_epoch=0.0183]Epoch 12:  75%|███████▌  | 108/144 [00:03<00:01, 34.12it/s, v_num=80885, train_loss_step=0.00738, val_loss=0.0145, val_acc=0.995, train_loss_epoch=0.0183]Epoch 12:  76%|███████▌  | 109/144 [00:03<00:01, 34.01it/s, v_num=80885, train_loss_step=0.00738, val_loss=0.0145, val_acc=0.995, train_loss_epoch=0.0183]Epoch 12:  76%|███████▌  | 109/144 [00:03<00:01, 34.01it/s, v_num=80885, train_loss_step=0.0145, val_loss=0.0145, val_acc=0.995, train_loss_epoch=0.0183] Epoch 12:  76%|███████▋  | 110/144 [00:03<00:00, 34.03it/s, v_num=80885, train_loss_step=0.0145, val_loss=0.0145, val_acc=0.995, train_loss_epoch=0.0183]Epoch 12:  76%|███████▋  | 110/144 [00:03<00:00, 34.03it/s, v_num=80885, train_loss_step=0.0162, val_loss=0.0145, val_acc=0.995, train_loss_epoch=0.0183]Epoch 12:  77%|███████▋  | 111/144 [00:03<00:00, 34.06it/s, v_num=80885, train_loss_step=0.0162, val_loss=0.0145, val_acc=0.995, train_loss_epoch=0.0183]Epoch 12:  77%|███████▋  | 111/144 [00:03<00:00, 34.06it/s, v_num=80885, train_loss_step=0.00396, val_loss=0.0145, val_acc=0.995, train_loss_epoch=0.0183]Epoch 12:  78%|███████▊  | 112/144 [00:03<00:00, 34.09it/s, v_num=80885, train_loss_step=0.00396, val_loss=0.0145, val_acc=0.995, train_loss_epoch=0.0183]Epoch 12:  78%|███████▊  | 112/144 [00:03<00:00, 34.09it/s, v_num=80885, train_loss_step=0.00717, val_loss=0.0145, val_acc=0.995, train_loss_epoch=0.0183]Epoch 12:  78%|███████▊  | 113/144 [00:03<00:00, 34.08it/s, v_num=80885, train_loss_step=0.00717, val_loss=0.0145, val_acc=0.995, train_loss_epoch=0.0183]Epoch 12:  78%|███████▊  | 113/144 [00:03<00:00, 34.07it/s, v_num=80885, train_loss_step=0.0217, val_loss=0.0145, val_acc=0.995, train_loss_epoch=0.0183] Epoch 12:  79%|███████▉  | 114/144 [00:03<00:00, 34.11it/s, v_num=80885, train_loss_step=0.0217, val_loss=0.0145, val_acc=0.995, train_loss_epoch=0.0183]Epoch 12:  79%|███████▉  | 114/144 [00:03<00:00, 34.11it/s, v_num=80885, train_loss_step=0.00662, val_loss=0.0145, val_acc=0.995, train_loss_epoch=0.0183]Epoch 12:  80%|███████▉  | 115/144 [00:03<00:00, 34.15it/s, v_num=80885, train_loss_step=0.00662, val_loss=0.0145, val_acc=0.995, train_loss_epoch=0.0183]Epoch 12:  80%|███████▉  | 115/144 [00:03<00:00, 34.15it/s, v_num=80885, train_loss_step=0.0237, val_loss=0.0145, val_acc=0.995, train_loss_epoch=0.0183] Epoch 12:  81%|████████  | 116/144 [00:03<00:00, 34.18it/s, v_num=80885, train_loss_step=0.0237, val_loss=0.0145, val_acc=0.995, train_loss_epoch=0.0183]Epoch 12:  81%|████████  | 116/144 [00:03<00:00, 34.18it/s, v_num=80885, train_loss_step=0.0313, val_loss=0.0145, val_acc=0.995, train_loss_epoch=0.0183]Epoch 12:  81%|████████▏ | 117/144 [00:03<00:00, 34.18it/s, v_num=80885, train_loss_step=0.0313, val_loss=0.0145, val_acc=0.995, train_loss_epoch=0.0183]Epoch 12:  81%|████████▏ | 117/144 [00:03<00:00, 34.18it/s, v_num=80885, train_loss_step=0.0318, val_loss=0.0145, val_acc=0.995, train_loss_epoch=0.0183]Epoch 12:  82%|████████▏ | 118/144 [00:03<00:00, 34.22it/s, v_num=80885, train_loss_step=0.0318, val_loss=0.0145, val_acc=0.995, train_loss_epoch=0.0183]Epoch 12:  82%|████████▏ | 118/144 [00:03<00:00, 34.21it/s, v_num=80885, train_loss_step=0.00893, val_loss=0.0145, val_acc=0.995, train_loss_epoch=0.0183]Epoch 12:  83%|████████▎ | 119/144 [00:03<00:00, 34.23it/s, v_num=80885, train_loss_step=0.00893, val_loss=0.0145, val_acc=0.995, train_loss_epoch=0.0183]Epoch 12:  83%|████████▎ | 119/144 [00:03<00:00, 34.23it/s, v_num=80885, train_loss_step=0.00218, val_loss=0.0145, val_acc=0.995, train_loss_epoch=0.0183]Epoch 12:  83%|████████▎ | 120/144 [00:03<00:00, 34.26it/s, v_num=80885, train_loss_step=0.00218, val_loss=0.0145, val_acc=0.995, train_loss_epoch=0.0183]Epoch 12:  83%|████████▎ | 120/144 [00:03<00:00, 34.26it/s, v_num=80885, train_loss_step=0.0188, val_loss=0.0145, val_acc=0.995, train_loss_epoch=0.0183] Epoch 12:  84%|████████▍ | 121/144 [00:03<00:00, 34.24it/s, v_num=80885, train_loss_step=0.0188, val_loss=0.0145, val_acc=0.995, train_loss_epoch=0.0183]Epoch 12:  84%|████████▍ | 121/144 [00:03<00:00, 34.24it/s, v_num=80885, train_loss_step=0.00326, val_loss=0.0145, val_acc=0.995, train_loss_epoch=0.0183]Epoch 12:  85%|████████▍ | 122/144 [00:03<00:00, 34.28it/s, v_num=80885, train_loss_step=0.00326, val_loss=0.0145, val_acc=0.995, train_loss_epoch=0.0183]Epoch 12:  85%|████████▍ | 122/144 [00:03<00:00, 34.28it/s, v_num=80885, train_loss_step=0.0104, val_loss=0.0145, val_acc=0.995, train_loss_epoch=0.0183] Epoch 12:  85%|████████▌ | 123/144 [00:03<00:00, 34.32it/s, v_num=80885, train_loss_step=0.0104, val_loss=0.0145, val_acc=0.995, train_loss_epoch=0.0183]Epoch 12:  85%|████████▌ | 123/144 [00:03<00:00, 34.32it/s, v_num=80885, train_loss_step=0.0163, val_loss=0.0145, val_acc=0.995, train_loss_epoch=0.0183]Epoch 12:  86%|████████▌ | 124/144 [00:03<00:00, 34.35it/s, v_num=80885, train_loss_step=0.0163, val_loss=0.0145, val_acc=0.995, train_loss_epoch=0.0183]Epoch 12:  86%|████████▌ | 124/144 [00:03<00:00, 34.35it/s, v_num=80885, train_loss_step=0.0111, val_loss=0.0145, val_acc=0.995, train_loss_epoch=0.0183]Epoch 12:  87%|████████▋ | 125/144 [00:03<00:00, 34.33it/s, v_num=80885, train_loss_step=0.0111, val_loss=0.0145, val_acc=0.995, train_loss_epoch=0.0183]Epoch 12:  87%|████████▋ | 125/144 [00:03<00:00, 34.33it/s, v_num=80885, train_loss_step=0.00193, val_loss=0.0145, val_acc=0.995, train_loss_epoch=0.0183]Epoch 12:  88%|████████▊ | 126/144 [00:03<00:00, 34.38it/s, v_num=80885, train_loss_step=0.00193, val_loss=0.0145, val_acc=0.995, train_loss_epoch=0.0183]Epoch 12:  88%|████████▊ | 126/144 [00:03<00:00, 34.37it/s, v_num=80885, train_loss_step=0.012, val_loss=0.0145, val_acc=0.995, train_loss_epoch=0.0183]  Epoch 12:  88%|████████▊ | 127/144 [00:03<00:00, 34.41it/s, v_num=80885, train_loss_step=0.012, val_loss=0.0145, val_acc=0.995, train_loss_epoch=0.0183]Epoch 12:  88%|████████▊ | 127/144 [00:03<00:00, 34.41it/s, v_num=80885, train_loss_step=0.0218, val_loss=0.0145, val_acc=0.995, train_loss_epoch=0.0183]Epoch 12:  89%|████████▉ | 128/144 [00:03<00:00, 34.32it/s, v_num=80885, train_loss_step=0.0218, val_loss=0.0145, val_acc=0.995, train_loss_epoch=0.0183]Epoch 12:  89%|████████▉ | 128/144 [00:03<00:00, 34.32it/s, v_num=80885, train_loss_step=0.0168, val_loss=0.0145, val_acc=0.995, train_loss_epoch=0.0183]Epoch 12:  90%|████████▉ | 129/144 [00:03<00:00, 34.30it/s, v_num=80885, train_loss_step=0.0168, val_loss=0.0145, val_acc=0.995, train_loss_epoch=0.0183]Epoch 12:  90%|████████▉ | 129/144 [00:03<00:00, 34.29it/s, v_num=80885, train_loss_step=0.00153, val_loss=0.0145, val_acc=0.995, train_loss_epoch=0.0183]Epoch 12:  90%|█████████ | 130/144 [00:03<00:00, 34.33it/s, v_num=80885, train_loss_step=0.00153, val_loss=0.0145, val_acc=0.995, train_loss_epoch=0.0183]Epoch 12:  90%|█████████ | 130/144 [00:03<00:00, 34.33it/s, v_num=80885, train_loss_step=0.0224, val_loss=0.0145, val_acc=0.995, train_loss_epoch=0.0183] Epoch 12:  91%|█████████ | 131/144 [00:03<00:00, 34.36it/s, v_num=80885, train_loss_step=0.0224, val_loss=0.0145, val_acc=0.995, train_loss_epoch=0.0183]Epoch 12:  91%|█████████ | 131/144 [00:03<00:00, 34.36it/s, v_num=80885, train_loss_step=0.0422, val_loss=0.0145, val_acc=0.995, train_loss_epoch=0.0183]Epoch 12:  92%|█████████▏| 132/144 [00:03<00:00, 34.39it/s, v_num=80885, train_loss_step=0.0422, val_loss=0.0145, val_acc=0.995, train_loss_epoch=0.0183]Epoch 12:  92%|█████████▏| 132/144 [00:03<00:00, 34.39it/s, v_num=80885, train_loss_step=0.00953, val_loss=0.0145, val_acc=0.995, train_loss_epoch=0.0183]Epoch 12:  92%|█████████▏| 133/144 [00:03<00:00, 34.38it/s, v_num=80885, train_loss_step=0.00953, val_loss=0.0145, val_acc=0.995, train_loss_epoch=0.0183]Epoch 12:  92%|█████████▏| 133/144 [00:03<00:00, 34.38it/s, v_num=80885, train_loss_step=0.00603, val_loss=0.0145, val_acc=0.995, train_loss_epoch=0.0183]Epoch 12:  93%|█████████▎| 134/144 [00:03<00:00, 34.41it/s, v_num=80885, train_loss_step=0.00603, val_loss=0.0145, val_acc=0.995, train_loss_epoch=0.0183]Epoch 12:  93%|█████████▎| 134/144 [00:03<00:00, 34.40it/s, v_num=80885, train_loss_step=0.015, val_loss=0.0145, val_acc=0.995, train_loss_epoch=0.0183]  Epoch 12:  94%|█████████▍| 135/144 [00:03<00:00, 34.43it/s, v_num=80885, train_loss_step=0.015, val_loss=0.0145, val_acc=0.995, train_loss_epoch=0.0183]Epoch 12:  94%|█████████▍| 135/144 [00:03<00:00, 34.43it/s, v_num=80885, train_loss_step=0.00511, val_loss=0.0145, val_acc=0.995, train_loss_epoch=0.0183]Epoch 12:  94%|█████████▍| 136/144 [00:03<00:00, 34.46it/s, v_num=80885, train_loss_step=0.00511, val_loss=0.0145, val_acc=0.995, train_loss_epoch=0.0183]Epoch 12:  94%|█████████▍| 136/144 [00:03<00:00, 34.46it/s, v_num=80885, train_loss_step=0.0281, val_loss=0.0145, val_acc=0.995, train_loss_epoch=0.0183] Epoch 12:  95%|█████████▌| 137/144 [00:03<00:00, 34.45it/s, v_num=80885, train_loss_step=0.0281, val_loss=0.0145, val_acc=0.995, train_loss_epoch=0.0183]Epoch 12:  95%|█████████▌| 137/144 [00:03<00:00, 34.45it/s, v_num=80885, train_loss_step=0.0248, val_loss=0.0145, val_acc=0.995, train_loss_epoch=0.0183]Epoch 12:  96%|█████████▌| 138/144 [00:04<00:00, 34.49it/s, v_num=80885, train_loss_step=0.0248, val_loss=0.0145, val_acc=0.995, train_loss_epoch=0.0183]Epoch 12:  96%|█████████▌| 138/144 [00:04<00:00, 34.49it/s, v_num=80885, train_loss_step=0.00701, val_loss=0.0145, val_acc=0.995, train_loss_epoch=0.0183]Epoch 12:  97%|█████████▋| 139/144 [00:04<00:00, 34.52it/s, v_num=80885, train_loss_step=0.00701, val_loss=0.0145, val_acc=0.995, train_loss_epoch=0.0183]Epoch 12:  97%|█████████▋| 139/144 [00:04<00:00, 34.52it/s, v_num=80885, train_loss_step=0.0259, val_loss=0.0145, val_acc=0.995, train_loss_epoch=0.0183] Epoch 12:  97%|█████████▋| 140/144 [00:04<00:00, 34.55it/s, v_num=80885, train_loss_step=0.0259, val_loss=0.0145, val_acc=0.995, train_loss_epoch=0.0183]Epoch 12:  97%|█████████▋| 140/144 [00:04<00:00, 34.55it/s, v_num=80885, train_loss_step=0.00988, val_loss=0.0145, val_acc=0.995, train_loss_epoch=0.0183]Epoch 12:  98%|█████████▊| 141/144 [00:04<00:00, 34.54it/s, v_num=80885, train_loss_step=0.00988, val_loss=0.0145, val_acc=0.995, train_loss_epoch=0.0183]Epoch 12:  98%|█████████▊| 141/144 [00:04<00:00, 34.54it/s, v_num=80885, train_loss_step=0.0226, val_loss=0.0145, val_acc=0.995, train_loss_epoch=0.0183] Epoch 12:  99%|█████████▊| 142/144 [00:04<00:00, 34.56it/s, v_num=80885, train_loss_step=0.0226, val_loss=0.0145, val_acc=0.995, train_loss_epoch=0.0183]Epoch 12:  99%|█████████▊| 142/144 [00:04<00:00, 34.56it/s, v_num=80885, train_loss_step=0.0159, val_loss=0.0145, val_acc=0.995, train_loss_epoch=0.0183]Epoch 12:  99%|█████████▉| 143/144 [00:04<00:00, 34.59it/s, v_num=80885, train_loss_step=0.0159, val_loss=0.0145, val_acc=0.995, train_loss_epoch=0.0183]Epoch 12:  99%|█████████▉| 143/144 [00:04<00:00, 34.59it/s, v_num=80885, train_loss_step=0.0257, val_loss=0.0145, val_acc=0.995, train_loss_epoch=0.0183]Epoch 12: 100%|██████████| 144/144 [00:04<00:00, 34.60it/s, v_num=80885, train_loss_step=0.0257, val_loss=0.0145, val_acc=0.995, train_loss_epoch=0.0183]Epoch 12: 100%|██████████| 144/144 [00:04<00:00, 34.60it/s, v_num=80885, train_loss_step=0.00987, val_loss=0.0145, val_acc=0.995, train_loss_epoch=0.0183]
Validation: |          | 0/? [00:00<?, ?it/s][A
Validation:   0%|          | 0/14 [00:00<?, ?it/s][A
Validation DataLoader 0:   0%|          | 0/14 [00:00<?, ?it/s][A
Validation DataLoader 0:   7%|▋         | 1/14 [00:00<00:00, 138.23it/s][A
Validation DataLoader 0:  14%|█▍        | 2/14 [00:00<00:00, 64.57it/s] [A
Validation DataLoader 0:  21%|██▏       | 3/14 [00:00<00:00, 72.68it/s][A
Validation DataLoader 0:  29%|██▊       | 4/14 [00:00<00:00, 77.81it/s][A
Validation DataLoader 0:  36%|███▌      | 5/14 [00:00<00:00, 81.13it/s][A
Validation DataLoader 0:  43%|████▎     | 6/14 [00:00<00:00, 83.52it/s][A
Validation DataLoader 0:  50%|█████     | 7/14 [00:00<00:00, 85.47it/s][A
Validation DataLoader 0:  57%|█████▋    | 8/14 [00:00<00:00, 87.03it/s][A
Validation DataLoader 0:  64%|██████▍   | 9/14 [00:00<00:00, 84.28it/s][A
Validation DataLoader 0:  71%|███████▏  | 10/14 [00:00<00:00, 81.89it/s][A
Validation DataLoader 0:  79%|███████▊  | 11/14 [00:00<00:00, 80.28it/s][A
Validation DataLoader 0:  86%|████████▌ | 12/14 [00:00<00:00, 79.07it/s][A
Validation DataLoader 0:  93%|█████████▎| 13/14 [00:00<00:00, 78.10it/s][A
Validation DataLoader 0: 100%|██████████| 14/14 [00:00<00:00, 77.33it/s][A
                                                                        [AEpoch 12: 100%|██████████| 144/144 [00:04<00:00, 32.96it/s, v_num=80885, train_loss_step=0.00987, val_loss=0.0138, val_acc=0.996, train_loss_epoch=0.0183]Epoch 12: 100%|██████████| 144/144 [00:04<00:00, 32.95it/s, v_num=80885, train_loss_step=0.00987, val_loss=0.0138, val_acc=0.996, train_loss_epoch=0.0144]Epoch 12:   0%|          | 0/144 [00:00<?, ?it/s, v_num=80885, train_loss_step=0.00987, val_loss=0.0138, val_acc=0.996, train_loss_epoch=0.0144]          Epoch 13:   0%|          | 0/144 [00:00<?, ?it/s, v_num=80885, train_loss_step=0.00987, val_loss=0.0138, val_acc=0.996, train_loss_epoch=0.0144]Epoch 13:   1%|          | 1/144 [00:00<00:12, 11.82it/s, v_num=80885, train_loss_step=0.00987, val_loss=0.0138, val_acc=0.996, train_loss_epoch=0.0144]Epoch 13:   1%|          | 1/144 [00:00<00:12, 11.79it/s, v_num=80885, train_loss_step=0.0202, val_loss=0.0138, val_acc=0.996, train_loss_epoch=0.0144] Epoch 13:   1%|▏         | 2/144 [00:00<00:07, 17.92it/s, v_num=80885, train_loss_step=0.0202, val_loss=0.0138, val_acc=0.996, train_loss_epoch=0.0144]Epoch 13:   1%|▏         | 2/144 [00:00<00:07, 17.90it/s, v_num=80885, train_loss_step=0.0281, val_loss=0.0138, val_acc=0.996, train_loss_epoch=0.0144]Epoch 13:   2%|▏         | 3/144 [00:00<00:06, 20.84it/s, v_num=80885, train_loss_step=0.0281, val_loss=0.0138, val_acc=0.996, train_loss_epoch=0.0144]Epoch 13:   2%|▏         | 3/144 [00:00<00:06, 20.81it/s, v_num=80885, train_loss_step=0.00645, val_loss=0.0138, val_acc=0.996, train_loss_epoch=0.0144]Epoch 13:   3%|▎         | 4/144 [00:00<00:06, 23.25it/s, v_num=80885, train_loss_step=0.00645, val_loss=0.0138, val_acc=0.996, train_loss_epoch=0.0144]Epoch 13:   3%|▎         | 4/144 [00:00<00:06, 23.23it/s, v_num=80885, train_loss_step=0.0152, val_loss=0.0138, val_acc=0.996, train_loss_epoch=0.0144] Epoch 13:   3%|▎         | 5/144 [00:00<00:05, 25.17it/s, v_num=80885, train_loss_step=0.0152, val_loss=0.0138, val_acc=0.996, train_loss_epoch=0.0144]Epoch 13:   3%|▎         | 5/144 [00:00<00:05, 25.15it/s, v_num=80885, train_loss_step=0.0511, val_loss=0.0138, val_acc=0.996, train_loss_epoch=0.0144]Epoch 13:   4%|▍         | 6/144 [00:00<00:05, 26.71it/s, v_num=80885, train_loss_step=0.0511, val_loss=0.0138, val_acc=0.996, train_loss_epoch=0.0144]Epoch 13:   4%|▍         | 6/144 [00:00<00:05, 26.69it/s, v_num=80885, train_loss_step=0.0142, val_loss=0.0138, val_acc=0.996, train_loss_epoch=0.0144]Epoch 13:   5%|▍         | 7/144 [00:00<00:04, 27.50it/s, v_num=80885, train_loss_step=0.0142, val_loss=0.0138, val_acc=0.996, train_loss_epoch=0.0144]Epoch 13:   5%|▍         | 7/144 [00:00<00:04, 27.49it/s, v_num=80885, train_loss_step=0.014, val_loss=0.0138, val_acc=0.996, train_loss_epoch=0.0144] Epoch 13:   6%|▌         | 8/144 [00:00<00:04, 28.35it/s, v_num=80885, train_loss_step=0.014, val_loss=0.0138, val_acc=0.996, train_loss_epoch=0.0144]Epoch 13:   6%|▌         | 8/144 [00:00<00:04, 28.34it/s, v_num=80885, train_loss_step=0.0201, val_loss=0.0138, val_acc=0.996, train_loss_epoch=0.0144]Epoch 13:   6%|▋         | 9/144 [00:00<00:04, 29.15it/s, v_num=80885, train_loss_step=0.0201, val_loss=0.0138, val_acc=0.996, train_loss_epoch=0.0144]Epoch 13:   6%|▋         | 9/144 [00:00<00:04, 29.13it/s, v_num=80885, train_loss_step=0.017, val_loss=0.0138, val_acc=0.996, train_loss_epoch=0.0144] Epoch 13:   7%|▋         | 10/144 [00:00<00:04, 29.87it/s, v_num=80885, train_loss_step=0.017, val_loss=0.0138, val_acc=0.996, train_loss_epoch=0.0144]Epoch 13:   7%|▋         | 10/144 [00:00<00:04, 29.85it/s, v_num=80885, train_loss_step=0.0151, val_loss=0.0138, val_acc=0.996, train_loss_epoch=0.0144]Epoch 13:   8%|▊         | 11/144 [00:00<00:04, 30.13it/s, v_num=80885, train_loss_step=0.0151, val_loss=0.0138, val_acc=0.996, train_loss_epoch=0.0144]Epoch 13:   8%|▊         | 11/144 [00:00<00:04, 30.11it/s, v_num=80885, train_loss_step=0.0262, val_loss=0.0138, val_acc=0.996, train_loss_epoch=0.0144]Epoch 13:   8%|▊         | 12/144 [00:00<00:04, 30.71it/s, v_num=80885, train_loss_step=0.0262, val_loss=0.0138, val_acc=0.996, train_loss_epoch=0.0144]Epoch 13:   8%|▊         | 12/144 [00:00<00:04, 30.70it/s, v_num=80885, train_loss_step=0.0288, val_loss=0.0138, val_acc=0.996, train_loss_epoch=0.0144]Epoch 13:   9%|▉         | 13/144 [00:00<00:04, 31.20it/s, v_num=80885, train_loss_step=0.0288, val_loss=0.0138, val_acc=0.996, train_loss_epoch=0.0144]Epoch 13:   9%|▉         | 13/144 [00:00<00:04, 31.19it/s, v_num=80885, train_loss_step=0.0131, val_loss=0.0138, val_acc=0.996, train_loss_epoch=0.0144]Epoch 13:  10%|▉         | 14/144 [00:00<00:04, 31.64it/s, v_num=80885, train_loss_step=0.0131, val_loss=0.0138, val_acc=0.996, train_loss_epoch=0.0144]Epoch 13:  10%|▉         | 14/144 [00:00<00:04, 31.63it/s, v_num=80885, train_loss_step=0.00604, val_loss=0.0138, val_acc=0.996, train_loss_epoch=0.0144]Epoch 13:  10%|█         | 15/144 [00:00<00:04, 31.80it/s, v_num=80885, train_loss_step=0.00604, val_loss=0.0138, val_acc=0.996, train_loss_epoch=0.0144]Epoch 13:  10%|█         | 15/144 [00:00<00:04, 31.79it/s, v_num=80885, train_loss_step=0.0257, val_loss=0.0138, val_acc=0.996, train_loss_epoch=0.0144] Epoch 13:  11%|█         | 16/144 [00:00<00:03, 32.13it/s, v_num=80885, train_loss_step=0.0257, val_loss=0.0138, val_acc=0.996, train_loss_epoch=0.0144]Epoch 13:  11%|█         | 16/144 [00:00<00:03, 32.12it/s, v_num=80885, train_loss_step=0.00749, val_loss=0.0138, val_acc=0.996, train_loss_epoch=0.0144]Epoch 13:  12%|█▏        | 17/144 [00:00<00:03, 32.41it/s, v_num=80885, train_loss_step=0.00749, val_loss=0.0138, val_acc=0.996, train_loss_epoch=0.0144]Epoch 13:  12%|█▏        | 17/144 [00:00<00:03, 32.40it/s, v_num=80885, train_loss_step=0.0119, val_loss=0.0138, val_acc=0.996, train_loss_epoch=0.0144] Epoch 13:  12%|█▎        | 18/144 [00:00<00:03, 32.66it/s, v_num=80885, train_loss_step=0.0119, val_loss=0.0138, val_acc=0.996, train_loss_epoch=0.0144]Epoch 13:  12%|█▎        | 18/144 [00:00<00:03, 32.65it/s, v_num=80885, train_loss_step=0.0214, val_loss=0.0138, val_acc=0.996, train_loss_epoch=0.0144]Epoch 13:  13%|█▎        | 19/144 [00:00<00:03, 32.52it/s, v_num=80885, train_loss_step=0.0214, val_loss=0.0138, val_acc=0.996, train_loss_epoch=0.0144]Epoch 13:  13%|█▎        | 19/144 [00:00<00:03, 32.50it/s, v_num=80885, train_loss_step=0.00959, val_loss=0.0138, val_acc=0.996, train_loss_epoch=0.0144]Epoch 13:  14%|█▍        | 20/144 [00:00<00:03, 32.70it/s, v_num=80885, train_loss_step=0.00959, val_loss=0.0138, val_acc=0.996, train_loss_epoch=0.0144]Epoch 13:  14%|█▍        | 20/144 [00:00<00:03, 32.69it/s, v_num=80885, train_loss_step=0.0204, val_loss=0.0138, val_acc=0.996, train_loss_epoch=0.0144] Epoch 13:  15%|█▍        | 21/144 [00:00<00:03, 32.88it/s, v_num=80885, train_loss_step=0.0204, val_loss=0.0138, val_acc=0.996, train_loss_epoch=0.0144]Epoch 13:  15%|█▍        | 21/144 [00:00<00:03, 32.87it/s, v_num=80885, train_loss_step=0.00743, val_loss=0.0138, val_acc=0.996, train_loss_epoch=0.0144]Epoch 13:  15%|█▌        | 22/144 [00:00<00:03, 33.07it/s, v_num=80885, train_loss_step=0.00743, val_loss=0.0138, val_acc=0.996, train_loss_epoch=0.0144]Epoch 13:  15%|█▌        | 22/144 [00:00<00:03, 33.06it/s, v_num=80885, train_loss_step=0.0191, val_loss=0.0138, val_acc=0.996, train_loss_epoch=0.0144] Epoch 13:  16%|█▌        | 23/144 [00:00<00:03, 33.00it/s, v_num=80885, train_loss_step=0.0191, val_loss=0.0138, val_acc=0.996, train_loss_epoch=0.0144]Epoch 13:  16%|█▌        | 23/144 [00:00<00:03, 32.99it/s, v_num=80885, train_loss_step=0.00587, val_loss=0.0138, val_acc=0.996, train_loss_epoch=0.0144]Epoch 13:  17%|█▋        | 24/144 [00:00<00:03, 33.16it/s, v_num=80885, train_loss_step=0.00587, val_loss=0.0138, val_acc=0.996, train_loss_epoch=0.0144]Epoch 13:  17%|█▋        | 24/144 [00:00<00:03, 33.15it/s, v_num=80885, train_loss_step=0.00737, val_loss=0.0138, val_acc=0.996, train_loss_epoch=0.0144]Epoch 13:  17%|█▋        | 25/144 [00:00<00:03, 32.87it/s, v_num=80885, train_loss_step=0.00737, val_loss=0.0138, val_acc=0.996, train_loss_epoch=0.0144]Epoch 13:  17%|█▋        | 25/144 [00:00<00:03, 32.82it/s, v_num=80885, train_loss_step=0.0102, val_loss=0.0138, val_acc=0.996, train_loss_epoch=0.0144] Epoch 13:  18%|█▊        | 26/144 [00:00<00:03, 32.79it/s, v_num=80885, train_loss_step=0.0102, val_loss=0.0138, val_acc=0.996, train_loss_epoch=0.0144]Epoch 13:  18%|█▊        | 26/144 [00:00<00:03, 32.78it/s, v_num=80885, train_loss_step=0.00883, val_loss=0.0138, val_acc=0.996, train_loss_epoch=0.0144]Epoch 13:  19%|█▉        | 27/144 [00:00<00:03, 32.82it/s, v_num=80885, train_loss_step=0.00883, val_loss=0.0138, val_acc=0.996, train_loss_epoch=0.0144]Epoch 13:  19%|█▉        | 27/144 [00:00<00:03, 32.81it/s, v_num=80885, train_loss_step=0.0105, val_loss=0.0138, val_acc=0.996, train_loss_epoch=0.0144] Epoch 13:  19%|█▉        | 28/144 [00:00<00:03, 32.95it/s, v_num=80885, train_loss_step=0.0105, val_loss=0.0138, val_acc=0.996, train_loss_epoch=0.0144]Epoch 13:  19%|█▉        | 28/144 [00:00<00:03, 32.94it/s, v_num=80885, train_loss_step=0.0206, val_loss=0.0138, val_acc=0.996, train_loss_epoch=0.0144]Epoch 13:  20%|██        | 29/144 [00:00<00:03, 33.02it/s, v_num=80885, train_loss_step=0.0206, val_loss=0.0138, val_acc=0.996, train_loss_epoch=0.0144]Epoch 13:  20%|██        | 29/144 [00:00<00:03, 33.02it/s, v_num=80885, train_loss_step=0.0157, val_loss=0.0138, val_acc=0.996, train_loss_epoch=0.0144]Epoch 13:  21%|██        | 30/144 [00:00<00:03, 32.86it/s, v_num=80885, train_loss_step=0.0157, val_loss=0.0138, val_acc=0.996, train_loss_epoch=0.0144]Epoch 13:  21%|██        | 30/144 [00:00<00:03, 32.85it/s, v_num=80885, train_loss_step=0.0144, val_loss=0.0138, val_acc=0.996, train_loss_epoch=0.0144]Epoch 13:  22%|██▏       | 31/144 [00:00<00:03, 32.85it/s, v_num=80885, train_loss_step=0.0144, val_loss=0.0138, val_acc=0.996, train_loss_epoch=0.0144]Epoch 13:  22%|██▏       | 31/144 [00:00<00:03, 32.84it/s, v_num=80885, train_loss_step=0.0127, val_loss=0.0138, val_acc=0.996, train_loss_epoch=0.0144]Epoch 13:  22%|██▏       | 32/144 [00:00<00:03, 32.98it/s, v_num=80885, train_loss_step=0.0127, val_loss=0.0138, val_acc=0.996, train_loss_epoch=0.0144]Epoch 13:  22%|██▏       | 32/144 [00:00<00:03, 32.97it/s, v_num=80885, train_loss_step=0.00996, val_loss=0.0138, val_acc=0.996, train_loss_epoch=0.0144]Epoch 13:  23%|██▎       | 33/144 [00:01<00:03, 32.44it/s, v_num=80885, train_loss_step=0.00996, val_loss=0.0138, val_acc=0.996, train_loss_epoch=0.0144]Epoch 13:  23%|██▎       | 33/144 [00:01<00:03, 32.42it/s, v_num=80885, train_loss_step=0.00566, val_loss=0.0138, val_acc=0.996, train_loss_epoch=0.0144]Epoch 13:  24%|██▎       | 34/144 [00:01<00:03, 32.36it/s, v_num=80885, train_loss_step=0.00566, val_loss=0.0138, val_acc=0.996, train_loss_epoch=0.0144]Epoch 13:  24%|██▎       | 34/144 [00:01<00:03, 32.35it/s, v_num=80885, train_loss_step=0.0136, val_loss=0.0138, val_acc=0.996, train_loss_epoch=0.0144] Epoch 13:  24%|██▍       | 35/144 [00:01<00:03, 32.43it/s, v_num=80885, train_loss_step=0.0136, val_loss=0.0138, val_acc=0.996, train_loss_epoch=0.0144]Epoch 13:  24%|██▍       | 35/144 [00:01<00:03, 32.43it/s, v_num=80885, train_loss_step=0.0312, val_loss=0.0138, val_acc=0.996, train_loss_epoch=0.0144]Epoch 13:  25%|██▌       | 36/144 [00:01<00:03, 32.45it/s, v_num=80885, train_loss_step=0.0312, val_loss=0.0138, val_acc=0.996, train_loss_epoch=0.0144]Epoch 13:  25%|██▌       | 36/144 [00:01<00:03, 32.45it/s, v_num=80885, train_loss_step=0.00779, val_loss=0.0138, val_acc=0.996, train_loss_epoch=0.0144]Epoch 13:  26%|██▌       | 37/144 [00:01<00:03, 32.40it/s, v_num=80885, train_loss_step=0.00779, val_loss=0.0138, val_acc=0.996, train_loss_epoch=0.0144]Epoch 13:  26%|██▌       | 37/144 [00:01<00:03, 32.39it/s, v_num=80885, train_loss_step=0.0146, val_loss=0.0138, val_acc=0.996, train_loss_epoch=0.0144] Epoch 13:  26%|██▋       | 38/144 [00:01<00:03, 32.41it/s, v_num=80885, train_loss_step=0.0146, val_loss=0.0138, val_acc=0.996, train_loss_epoch=0.0144]Epoch 13:  26%|██▋       | 38/144 [00:01<00:03, 32.41it/s, v_num=80885, train_loss_step=0.00725, val_loss=0.0138, val_acc=0.996, train_loss_epoch=0.0144]Epoch 13:  27%|██▋       | 39/144 [00:01<00:03, 32.51it/s, v_num=80885, train_loss_step=0.00725, val_loss=0.0138, val_acc=0.996, train_loss_epoch=0.0144]Epoch 13:  27%|██▋       | 39/144 [00:01<00:03, 32.51it/s, v_num=80885, train_loss_step=0.0168, val_loss=0.0138, val_acc=0.996, train_loss_epoch=0.0144] Epoch 13:  28%|██▊       | 40/144 [00:01<00:03, 32.59it/s, v_num=80885, train_loss_step=0.0168, val_loss=0.0138, val_acc=0.996, train_loss_epoch=0.0144]Epoch 13:  28%|██▊       | 40/144 [00:01<00:03, 32.59it/s, v_num=80885, train_loss_step=0.0146, val_loss=0.0138, val_acc=0.996, train_loss_epoch=0.0144]Epoch 13:  28%|██▊       | 41/144 [00:01<00:03, 32.67it/s, v_num=80885, train_loss_step=0.0146, val_loss=0.0138, val_acc=0.996, train_loss_epoch=0.0144]Epoch 13:  28%|██▊       | 41/144 [00:01<00:03, 32.66it/s, v_num=80885, train_loss_step=0.00509, val_loss=0.0138, val_acc=0.996, train_loss_epoch=0.0144]Epoch 13:  29%|██▉       | 42/144 [00:01<00:03, 32.66it/s, v_num=80885, train_loss_step=0.00509, val_loss=0.0138, val_acc=0.996, train_loss_epoch=0.0144]Epoch 13:  29%|██▉       | 42/144 [00:01<00:03, 32.65it/s, v_num=80885, train_loss_step=0.0183, val_loss=0.0138, val_acc=0.996, train_loss_epoch=0.0144] Epoch 13:  30%|██▉       | 43/144 [00:01<00:03, 32.72it/s, v_num=80885, train_loss_step=0.0183, val_loss=0.0138, val_acc=0.996, train_loss_epoch=0.0144]Epoch 13:  30%|██▉       | 43/144 [00:01<00:03, 32.72it/s, v_num=80885, train_loss_step=0.00907, val_loss=0.0138, val_acc=0.996, train_loss_epoch=0.0144]Epoch 13:  31%|███       | 44/144 [00:01<00:03, 32.81it/s, v_num=80885, train_loss_step=0.00907, val_loss=0.0138, val_acc=0.996, train_loss_epoch=0.0144]Epoch 13:  31%|███       | 44/144 [00:01<00:03, 32.81it/s, v_num=80885, train_loss_step=0.0237, val_loss=0.0138, val_acc=0.996, train_loss_epoch=0.0144] Epoch 13:  31%|███▏      | 45/144 [00:01<00:03, 32.89it/s, v_num=80885, train_loss_step=0.0237, val_loss=0.0138, val_acc=0.996, train_loss_epoch=0.0144]Epoch 13:  31%|███▏      | 45/144 [00:01<00:03, 32.89it/s, v_num=80885, train_loss_step=0.0191, val_loss=0.0138, val_acc=0.996, train_loss_epoch=0.0144]Epoch 13:  32%|███▏      | 46/144 [00:01<00:02, 32.92it/s, v_num=80885, train_loss_step=0.0191, val_loss=0.0138, val_acc=0.996, train_loss_epoch=0.0144]Epoch 13:  32%|███▏      | 46/144 [00:01<00:02, 32.92it/s, v_num=80885, train_loss_step=0.00682, val_loss=0.0138, val_acc=0.996, train_loss_epoch=0.0144]Epoch 13:  33%|███▎      | 47/144 [00:01<00:02, 32.97it/s, v_num=80885, train_loss_step=0.00682, val_loss=0.0138, val_acc=0.996, train_loss_epoch=0.0144]Epoch 13:  33%|███▎      | 47/144 [00:01<00:02, 32.97it/s, v_num=80885, train_loss_step=0.00804, val_loss=0.0138, val_acc=0.996, train_loss_epoch=0.0144]Epoch 13:  33%|███▎      | 48/144 [00:01<00:02, 33.05it/s, v_num=80885, train_loss_step=0.00804, val_loss=0.0138, val_acc=0.996, train_loss_epoch=0.0144]Epoch 13:  33%|███▎      | 48/144 [00:01<00:02, 33.05it/s, v_num=80885, train_loss_step=0.013, val_loss=0.0138, val_acc=0.996, train_loss_epoch=0.0144]  Epoch 13:  34%|███▍      | 49/144 [00:01<00:02, 33.11it/s, v_num=80885, train_loss_step=0.013, val_loss=0.0138, val_acc=0.996, train_loss_epoch=0.0144]Epoch 13:  34%|███▍      | 49/144 [00:01<00:02, 33.10it/s, v_num=80885, train_loss_step=0.00344, val_loss=0.0138, val_acc=0.996, train_loss_epoch=0.0144]Epoch 13:  35%|███▍      | 50/144 [00:01<00:02, 33.08it/s, v_num=80885, train_loss_step=0.00344, val_loss=0.0138, val_acc=0.996, train_loss_epoch=0.0144]Epoch 13:  35%|███▍      | 50/144 [00:01<00:02, 33.07it/s, v_num=80885, train_loss_step=0.00401, val_loss=0.0138, val_acc=0.996, train_loss_epoch=0.0144]Epoch 13:  35%|███▌      | 51/144 [00:01<00:02, 33.16it/s, v_num=80885, train_loss_step=0.00401, val_loss=0.0138, val_acc=0.996, train_loss_epoch=0.0144]Epoch 13:  35%|███▌      | 51/144 [00:01<00:02, 33.16it/s, v_num=80885, train_loss_step=0.0069, val_loss=0.0138, val_acc=0.996, train_loss_epoch=0.0144] Epoch 13:  36%|███▌      | 52/144 [00:01<00:02, 33.23it/s, v_num=80885, train_loss_step=0.0069, val_loss=0.0138, val_acc=0.996, train_loss_epoch=0.0144]Epoch 13:  36%|███▌      | 52/144 [00:01<00:02, 33.22it/s, v_num=80885, train_loss_step=0.00843, val_loss=0.0138, val_acc=0.996, train_loss_epoch=0.0144]Epoch 13:  37%|███▋      | 53/144 [00:01<00:02, 33.28it/s, v_num=80885, train_loss_step=0.00843, val_loss=0.0138, val_acc=0.996, train_loss_epoch=0.0144]Epoch 13:  37%|███▋      | 53/144 [00:01<00:02, 33.28it/s, v_num=80885, train_loss_step=0.00598, val_loss=0.0138, val_acc=0.996, train_loss_epoch=0.0144]Epoch 13:  38%|███▊      | 54/144 [00:01<00:02, 33.29it/s, v_num=80885, train_loss_step=0.00598, val_loss=0.0138, val_acc=0.996, train_loss_epoch=0.0144]Epoch 13:  38%|███▊      | 54/144 [00:01<00:02, 33.29it/s, v_num=80885, train_loss_step=0.00182, val_loss=0.0138, val_acc=0.996, train_loss_epoch=0.0144]Epoch 13:  38%|███▊      | 55/144 [00:01<00:02, 33.29it/s, v_num=80885, train_loss_step=0.00182, val_loss=0.0138, val_acc=0.996, train_loss_epoch=0.0144]Epoch 13:  38%|███▊      | 55/144 [00:01<00:02, 33.29it/s, v_num=80885, train_loss_step=0.00848, val_loss=0.0138, val_acc=0.996, train_loss_epoch=0.0144]Epoch 13:  39%|███▉      | 56/144 [00:01<00:02, 33.36it/s, v_num=80885, train_loss_step=0.00848, val_loss=0.0138, val_acc=0.996, train_loss_epoch=0.0144]Epoch 13:  39%|███▉      | 56/144 [00:01<00:02, 33.36it/s, v_num=80885, train_loss_step=0.019, val_loss=0.0138, val_acc=0.996, train_loss_epoch=0.0144]  Epoch 13:  40%|███▉      | 57/144 [00:01<00:02, 33.38it/s, v_num=80885, train_loss_step=0.019, val_loss=0.0138, val_acc=0.996, train_loss_epoch=0.0144]Epoch 13:  40%|███▉      | 57/144 [00:01<00:02, 33.38it/s, v_num=80885, train_loss_step=0.0045, val_loss=0.0138, val_acc=0.996, train_loss_epoch=0.0144]Epoch 13:  40%|████      | 58/144 [00:01<00:02, 33.38it/s, v_num=80885, train_loss_step=0.0045, val_loss=0.0138, val_acc=0.996, train_loss_epoch=0.0144]Epoch 13:  40%|████      | 58/144 [00:01<00:02, 33.37it/s, v_num=80885, train_loss_step=0.0057, val_loss=0.0138, val_acc=0.996, train_loss_epoch=0.0144]Epoch 13:  41%|████      | 59/144 [00:01<00:02, 33.43it/s, v_num=80885, train_loss_step=0.0057, val_loss=0.0138, val_acc=0.996, train_loss_epoch=0.0144]Epoch 13:  41%|████      | 59/144 [00:01<00:02, 33.43it/s, v_num=80885, train_loss_step=0.0242, val_loss=0.0138, val_acc=0.996, train_loss_epoch=0.0144]Epoch 13:  42%|████▏     | 60/144 [00:01<00:02, 33.49it/s, v_num=80885, train_loss_step=0.0242, val_loss=0.0138, val_acc=0.996, train_loss_epoch=0.0144]Epoch 13:  42%|████▏     | 60/144 [00:01<00:02, 33.49it/s, v_num=80885, train_loss_step=0.00754, val_loss=0.0138, val_acc=0.996, train_loss_epoch=0.0144]Epoch 13:  42%|████▏     | 61/144 [00:01<00:02, 33.54it/s, v_num=80885, train_loss_step=0.00754, val_loss=0.0138, val_acc=0.996, train_loss_epoch=0.0144]Epoch 13:  42%|████▏     | 61/144 [00:01<00:02, 33.54it/s, v_num=80885, train_loss_step=0.0064, val_loss=0.0138, val_acc=0.996, train_loss_epoch=0.0144] Epoch 13:  43%|████▎     | 62/144 [00:01<00:02, 33.54it/s, v_num=80885, train_loss_step=0.0064, val_loss=0.0138, val_acc=0.996, train_loss_epoch=0.0144]Epoch 13:  43%|████▎     | 62/144 [00:01<00:02, 33.54it/s, v_num=80885, train_loss_step=0.0111, val_loss=0.0138, val_acc=0.996, train_loss_epoch=0.0144]Epoch 13:  44%|████▍     | 63/144 [00:01<00:02, 33.61it/s, v_num=80885, train_loss_step=0.0111, val_loss=0.0138, val_acc=0.996, train_loss_epoch=0.0144]Epoch 13:  44%|████▍     | 63/144 [00:01<00:02, 33.61it/s, v_num=80885, train_loss_step=0.018, val_loss=0.0138, val_acc=0.996, train_loss_epoch=0.0144] Epoch 13:  44%|████▍     | 64/144 [00:01<00:02, 33.67it/s, v_num=80885, train_loss_step=0.018, val_loss=0.0138, val_acc=0.996, train_loss_epoch=0.0144]Epoch 13:  44%|████▍     | 64/144 [00:01<00:02, 33.66it/s, v_num=80885, train_loss_step=0.0131, val_loss=0.0138, val_acc=0.996, train_loss_epoch=0.0144]Epoch 13:  45%|████▌     | 65/144 [00:01<00:02, 33.61it/s, v_num=80885, train_loss_step=0.0131, val_loss=0.0138, val_acc=0.996, train_loss_epoch=0.0144]Epoch 13:  45%|████▌     | 65/144 [00:01<00:02, 33.61it/s, v_num=80885, train_loss_step=0.0203, val_loss=0.0138, val_acc=0.996, train_loss_epoch=0.0144]Epoch 13:  46%|████▌     | 66/144 [00:01<00:02, 33.63it/s, v_num=80885, train_loss_step=0.0203, val_loss=0.0138, val_acc=0.996, train_loss_epoch=0.0144]Epoch 13:  46%|████▌     | 66/144 [00:01<00:02, 33.62it/s, v_num=80885, train_loss_step=0.0116, val_loss=0.0138, val_acc=0.996, train_loss_epoch=0.0144]Epoch 13:  47%|████▋     | 67/144 [00:01<00:02, 33.69it/s, v_num=80885, train_loss_step=0.0116, val_loss=0.0138, val_acc=0.996, train_loss_epoch=0.0144]Epoch 13:  47%|████▋     | 67/144 [00:01<00:02, 33.68it/s, v_num=80885, train_loss_step=0.0101, val_loss=0.0138, val_acc=0.996, train_loss_epoch=0.0144]Epoch 13:  47%|████▋     | 68/144 [00:02<00:02, 33.70it/s, v_num=80885, train_loss_step=0.0101, val_loss=0.0138, val_acc=0.996, train_loss_epoch=0.0144]Epoch 13:  47%|████▋     | 68/144 [00:02<00:02, 33.69it/s, v_num=80885, train_loss_step=0.00824, val_loss=0.0138, val_acc=0.996, train_loss_epoch=0.0144]Epoch 13:  48%|████▊     | 69/144 [00:02<00:02, 33.68it/s, v_num=80885, train_loss_step=0.00824, val_loss=0.0138, val_acc=0.996, train_loss_epoch=0.0144]Epoch 13:  48%|████▊     | 69/144 [00:02<00:02, 33.68it/s, v_num=80885, train_loss_step=0.00597, val_loss=0.0138, val_acc=0.996, train_loss_epoch=0.0144]Epoch 13:  49%|████▊     | 70/144 [00:02<00:02, 33.69it/s, v_num=80885, train_loss_step=0.00597, val_loss=0.0138, val_acc=0.996, train_loss_epoch=0.0144]Epoch 13:  49%|████▊     | 70/144 [00:02<00:02, 33.69it/s, v_num=80885, train_loss_step=0.00731, val_loss=0.0138, val_acc=0.996, train_loss_epoch=0.0144]Epoch 13:  49%|████▉     | 71/144 [00:02<00:02, 33.72it/s, v_num=80885, train_loss_step=0.00731, val_loss=0.0138, val_acc=0.996, train_loss_epoch=0.0144]Epoch 13:  49%|████▉     | 71/144 [00:02<00:02, 33.71it/s, v_num=80885, train_loss_step=0.0323, val_loss=0.0138, val_acc=0.996, train_loss_epoch=0.0144] Epoch 13:  50%|█████     | 72/144 [00:02<00:02, 33.76it/s, v_num=80885, train_loss_step=0.0323, val_loss=0.0138, val_acc=0.996, train_loss_epoch=0.0144]Epoch 13:  50%|█████     | 72/144 [00:02<00:02, 33.75it/s, v_num=80885, train_loss_step=0.0107, val_loss=0.0138, val_acc=0.996, train_loss_epoch=0.0144]Epoch 13:  51%|█████     | 73/144 [00:02<00:02, 33.78it/s, v_num=80885, train_loss_step=0.0107, val_loss=0.0138, val_acc=0.996, train_loss_epoch=0.0144]Epoch 13:  51%|█████     | 73/144 [00:02<00:02, 33.77it/s, v_num=80885, train_loss_step=0.0379, val_loss=0.0138, val_acc=0.996, train_loss_epoch=0.0144]Epoch 13:  51%|█████▏    | 74/144 [00:02<00:02, 33.79it/s, v_num=80885, train_loss_step=0.0379, val_loss=0.0138, val_acc=0.996, train_loss_epoch=0.0144]Epoch 13:  51%|█████▏    | 74/144 [00:02<00:02, 33.79it/s, v_num=80885, train_loss_step=0.00891, val_loss=0.0138, val_acc=0.996, train_loss_epoch=0.0144]Epoch 13:  52%|█████▏    | 75/144 [00:02<00:02, 33.85it/s, v_num=80885, train_loss_step=0.00891, val_loss=0.0138, val_acc=0.996, train_loss_epoch=0.0144]Epoch 13:  52%|█████▏    | 75/144 [00:02<00:02, 33.85it/s, v_num=80885, train_loss_step=0.017, val_loss=0.0138, val_acc=0.996, train_loss_epoch=0.0144]  Epoch 13:  53%|█████▎    | 76/144 [00:02<00:02, 33.90it/s, v_num=80885, train_loss_step=0.017, val_loss=0.0138, val_acc=0.996, train_loss_epoch=0.0144]Epoch 13:  53%|█████▎    | 76/144 [00:02<00:02, 33.89it/s, v_num=80885, train_loss_step=0.0113, val_loss=0.0138, val_acc=0.996, train_loss_epoch=0.0144]Epoch 13:  53%|█████▎    | 77/144 [00:02<00:01, 33.93it/s, v_num=80885, train_loss_step=0.0113, val_loss=0.0138, val_acc=0.996, train_loss_epoch=0.0144]Epoch 13:  53%|█████▎    | 77/144 [00:02<00:01, 33.93it/s, v_num=80885, train_loss_step=0.019, val_loss=0.0138, val_acc=0.996, train_loss_epoch=0.0144] Epoch 13:  54%|█████▍    | 78/144 [00:02<00:01, 33.94it/s, v_num=80885, train_loss_step=0.019, val_loss=0.0138, val_acc=0.996, train_loss_epoch=0.0144]Epoch 13:  54%|█████▍    | 78/144 [00:02<00:01, 33.93it/s, v_num=80885, train_loss_step=0.0177, val_loss=0.0138, val_acc=0.996, train_loss_epoch=0.0144]Epoch 13:  55%|█████▍    | 79/144 [00:02<00:01, 33.97it/s, v_num=80885, train_loss_step=0.0177, val_loss=0.0138, val_acc=0.996, train_loss_epoch=0.0144]Epoch 13:  55%|█████▍    | 79/144 [00:02<00:01, 33.97it/s, v_num=80885, train_loss_step=0.0182, val_loss=0.0138, val_acc=0.996, train_loss_epoch=0.0144]Epoch 13:  56%|█████▌    | 80/144 [00:02<00:01, 34.01it/s, v_num=80885, train_loss_step=0.0182, val_loss=0.0138, val_acc=0.996, train_loss_epoch=0.0144]Epoch 13:  56%|█████▌    | 80/144 [00:02<00:01, 34.00it/s, v_num=80885, train_loss_step=0.0192, val_loss=0.0138, val_acc=0.996, train_loss_epoch=0.0144]Epoch 13:  56%|█████▋    | 81/144 [00:02<00:01, 34.04it/s, v_num=80885, train_loss_step=0.0192, val_loss=0.0138, val_acc=0.996, train_loss_epoch=0.0144]Epoch 13:  56%|█████▋    | 81/144 [00:02<00:01, 34.04it/s, v_num=80885, train_loss_step=0.013, val_loss=0.0138, val_acc=0.996, train_loss_epoch=0.0144] Epoch 13:  57%|█████▋    | 82/144 [00:02<00:01, 34.05it/s, v_num=80885, train_loss_step=0.013, val_loss=0.0138, val_acc=0.996, train_loss_epoch=0.0144]Epoch 13:  57%|█████▋    | 82/144 [00:02<00:01, 34.04it/s, v_num=80885, train_loss_step=0.00168, val_loss=0.0138, val_acc=0.996, train_loss_epoch=0.0144]Epoch 13:  58%|█████▊    | 83/144 [00:02<00:01, 34.01it/s, v_num=80885, train_loss_step=0.00168, val_loss=0.0138, val_acc=0.996, train_loss_epoch=0.0144]Epoch 13:  58%|█████▊    | 83/144 [00:02<00:01, 34.01it/s, v_num=80885, train_loss_step=0.00725, val_loss=0.0138, val_acc=0.996, train_loss_epoch=0.0144]Epoch 13:  58%|█████▊    | 84/144 [00:02<00:01, 34.02it/s, v_num=80885, train_loss_step=0.00725, val_loss=0.0138, val_acc=0.996, train_loss_epoch=0.0144]Epoch 13:  58%|█████▊    | 84/144 [00:02<00:01, 34.01it/s, v_num=80885, train_loss_step=0.00605, val_loss=0.0138, val_acc=0.996, train_loss_epoch=0.0144]Epoch 13:  59%|█████▉    | 85/144 [00:02<00:01, 34.00it/s, v_num=80885, train_loss_step=0.00605, val_loss=0.0138, val_acc=0.996, train_loss_epoch=0.0144]Epoch 13:  59%|█████▉    | 85/144 [00:02<00:01, 33.99it/s, v_num=80885, train_loss_step=0.0136, val_loss=0.0138, val_acc=0.996, train_loss_epoch=0.0144] Epoch 13:  60%|█████▉    | 86/144 [00:02<00:01, 34.01it/s, v_num=80885, train_loss_step=0.0136, val_loss=0.0138, val_acc=0.996, train_loss_epoch=0.0144]Epoch 13:  60%|█████▉    | 86/144 [00:02<00:01, 34.00it/s, v_num=80885, train_loss_step=0.00821, val_loss=0.0138, val_acc=0.996, train_loss_epoch=0.0144]Epoch 13:  60%|██████    | 87/144 [00:02<00:01, 34.05it/s, v_num=80885, train_loss_step=0.00821, val_loss=0.0138, val_acc=0.996, train_loss_epoch=0.0144]Epoch 13:  60%|██████    | 87/144 [00:02<00:01, 34.04it/s, v_num=80885, train_loss_step=0.0169, val_loss=0.0138, val_acc=0.996, train_loss_epoch=0.0144] Epoch 13:  61%|██████    | 88/144 [00:02<00:01, 33.81it/s, v_num=80885, train_loss_step=0.0169, val_loss=0.0138, val_acc=0.996, train_loss_epoch=0.0144]Epoch 13:  61%|██████    | 88/144 [00:02<00:01, 33.81it/s, v_num=80885, train_loss_step=0.0141, val_loss=0.0138, val_acc=0.996, train_loss_epoch=0.0144]Epoch 13:  62%|██████▏   | 89/144 [00:02<00:01, 33.79it/s, v_num=80885, train_loss_step=0.0141, val_loss=0.0138, val_acc=0.996, train_loss_epoch=0.0144]Epoch 13:  62%|██████▏   | 89/144 [00:02<00:01, 33.79it/s, v_num=80885, train_loss_step=0.014, val_loss=0.0138, val_acc=0.996, train_loss_epoch=0.0144] Epoch 13:  62%|██████▎   | 90/144 [00:02<00:01, 33.73it/s, v_num=80885, train_loss_step=0.014, val_loss=0.0138, val_acc=0.996, train_loss_epoch=0.0144]Epoch 13:  62%|██████▎   | 90/144 [00:02<00:01, 33.72it/s, v_num=80885, train_loss_step=0.0472, val_loss=0.0138, val_acc=0.996, train_loss_epoch=0.0144]Epoch 13:  63%|██████▎   | 91/144 [00:02<00:01, 33.72it/s, v_num=80885, train_loss_step=0.0472, val_loss=0.0138, val_acc=0.996, train_loss_epoch=0.0144]Epoch 13:  63%|██████▎   | 91/144 [00:02<00:01, 33.72it/s, v_num=80885, train_loss_step=0.0117, val_loss=0.0138, val_acc=0.996, train_loss_epoch=0.0144]Epoch 13:  64%|██████▍   | 92/144 [00:02<00:01, 33.69it/s, v_num=80885, train_loss_step=0.0117, val_loss=0.0138, val_acc=0.996, train_loss_epoch=0.0144]Epoch 13:  64%|██████▍   | 92/144 [00:02<00:01, 33.69it/s, v_num=80885, train_loss_step=0.00836, val_loss=0.0138, val_acc=0.996, train_loss_epoch=0.0144]Epoch 13:  65%|██████▍   | 93/144 [00:02<00:01, 33.72it/s, v_num=80885, train_loss_step=0.00836, val_loss=0.0138, val_acc=0.996, train_loss_epoch=0.0144]Epoch 13:  65%|██████▍   | 93/144 [00:02<00:01, 33.71it/s, v_num=80885, train_loss_step=0.016, val_loss=0.0138, val_acc=0.996, train_loss_epoch=0.0144]  Epoch 13:  65%|██████▌   | 94/144 [00:02<00:01, 33.64it/s, v_num=80885, train_loss_step=0.016, val_loss=0.0138, val_acc=0.996, train_loss_epoch=0.0144]Epoch 13:  65%|██████▌   | 94/144 [00:02<00:01, 33.63it/s, v_num=80885, train_loss_step=0.00391, val_loss=0.0138, val_acc=0.996, train_loss_epoch=0.0144]Epoch 13:  66%|██████▌   | 95/144 [00:02<00:01, 33.65it/s, v_num=80885, train_loss_step=0.00391, val_loss=0.0138, val_acc=0.996, train_loss_epoch=0.0144]Epoch 13:  66%|██████▌   | 95/144 [00:02<00:01, 33.65it/s, v_num=80885, train_loss_step=0.011, val_loss=0.0138, val_acc=0.996, train_loss_epoch=0.0144]  Epoch 13:  67%|██████▋   | 96/144 [00:02<00:01, 33.64it/s, v_num=80885, train_loss_step=0.011, val_loss=0.0138, val_acc=0.996, train_loss_epoch=0.0144]Epoch 13:  67%|██████▋   | 96/144 [00:02<00:01, 33.63it/s, v_num=80885, train_loss_step=0.0218, val_loss=0.0138, val_acc=0.996, train_loss_epoch=0.0144]Epoch 13:  67%|██████▋   | 97/144 [00:02<00:01, 33.67it/s, v_num=80885, train_loss_step=0.0218, val_loss=0.0138, val_acc=0.996, train_loss_epoch=0.0144]Epoch 13:  67%|██████▋   | 97/144 [00:02<00:01, 33.67it/s, v_num=80885, train_loss_step=0.00644, val_loss=0.0138, val_acc=0.996, train_loss_epoch=0.0144]Epoch 13:  68%|██████▊   | 98/144 [00:02<00:01, 33.71it/s, v_num=80885, train_loss_step=0.00644, val_loss=0.0138, val_acc=0.996, train_loss_epoch=0.0144]Epoch 13:  68%|██████▊   | 98/144 [00:02<00:01, 33.71it/s, v_num=80885, train_loss_step=0.012, val_loss=0.0138, val_acc=0.996, train_loss_epoch=0.0144]  Epoch 13:  69%|██████▉   | 99/144 [00:02<00:01, 33.74it/s, v_num=80885, train_loss_step=0.012, val_loss=0.0138, val_acc=0.996, train_loss_epoch=0.0144]Epoch 13:  69%|██████▉   | 99/144 [00:02<00:01, 33.74it/s, v_num=80885, train_loss_step=0.0096, val_loss=0.0138, val_acc=0.996, train_loss_epoch=0.0144]Epoch 13:  69%|██████▉   | 100/144 [00:02<00:01, 33.71it/s, v_num=80885, train_loss_step=0.0096, val_loss=0.0138, val_acc=0.996, train_loss_epoch=0.0144]Epoch 13:  69%|██████▉   | 100/144 [00:02<00:01, 33.71it/s, v_num=80885, train_loss_step=0.00691, val_loss=0.0138, val_acc=0.996, train_loss_epoch=0.0144]Epoch 13:  70%|███████   | 101/144 [00:02<00:01, 33.76it/s, v_num=80885, train_loss_step=0.00691, val_loss=0.0138, val_acc=0.996, train_loss_epoch=0.0144]Epoch 13:  70%|███████   | 101/144 [00:02<00:01, 33.76it/s, v_num=80885, train_loss_step=0.010, val_loss=0.0138, val_acc=0.996, train_loss_epoch=0.0144]  Epoch 13:  71%|███████   | 102/144 [00:03<00:01, 33.82it/s, v_num=80885, train_loss_step=0.010, val_loss=0.0138, val_acc=0.996, train_loss_epoch=0.0144]Epoch 13:  71%|███████   | 102/144 [00:03<00:01, 33.82it/s, v_num=80885, train_loss_step=0.0232, val_loss=0.0138, val_acc=0.996, train_loss_epoch=0.0144]Epoch 13:  72%|███████▏  | 103/144 [00:03<00:01, 33.76it/s, v_num=80885, train_loss_step=0.0232, val_loss=0.0138, val_acc=0.996, train_loss_epoch=0.0144]Epoch 13:  72%|███████▏  | 103/144 [00:03<00:01, 33.75it/s, v_num=80885, train_loss_step=0.0173, val_loss=0.0138, val_acc=0.996, train_loss_epoch=0.0144]Epoch 13:  72%|███████▏  | 104/144 [00:03<00:01, 33.74it/s, v_num=80885, train_loss_step=0.0173, val_loss=0.0138, val_acc=0.996, train_loss_epoch=0.0144]Epoch 13:  72%|███████▏  | 104/144 [00:03<00:01, 33.74it/s, v_num=80885, train_loss_step=0.00463, val_loss=0.0138, val_acc=0.996, train_loss_epoch=0.0144]Epoch 13:  73%|███████▎  | 105/144 [00:03<00:01, 33.78it/s, v_num=80885, train_loss_step=0.00463, val_loss=0.0138, val_acc=0.996, train_loss_epoch=0.0144]Epoch 13:  73%|███████▎  | 105/144 [00:03<00:01, 33.78it/s, v_num=80885, train_loss_step=0.012, val_loss=0.0138, val_acc=0.996, train_loss_epoch=0.0144]  Epoch 13:  74%|███████▎  | 106/144 [00:03<00:01, 33.83it/s, v_num=80885, train_loss_step=0.012, val_loss=0.0138, val_acc=0.996, train_loss_epoch=0.0144]Epoch 13:  74%|███████▎  | 106/144 [00:03<00:01, 33.83it/s, v_num=80885, train_loss_step=0.0141, val_loss=0.0138, val_acc=0.996, train_loss_epoch=0.0144]Epoch 13:  74%|███████▍  | 107/144 [00:03<00:01, 33.88it/s, v_num=80885, train_loss_step=0.0141, val_loss=0.0138, val_acc=0.996, train_loss_epoch=0.0144]Epoch 13:  74%|███████▍  | 107/144 [00:03<00:01, 33.88it/s, v_num=80885, train_loss_step=0.0323, val_loss=0.0138, val_acc=0.996, train_loss_epoch=0.0144]Epoch 13:  75%|███████▌  | 108/144 [00:03<00:01, 33.88it/s, v_num=80885, train_loss_step=0.0323, val_loss=0.0138, val_acc=0.996, train_loss_epoch=0.0144]Epoch 13:  75%|███████▌  | 108/144 [00:03<00:01, 33.88it/s, v_num=80885, train_loss_step=0.0292, val_loss=0.0138, val_acc=0.996, train_loss_epoch=0.0144]Epoch 13:  76%|███████▌  | 109/144 [00:03<00:01, 33.92it/s, v_num=80885, train_loss_step=0.0292, val_loss=0.0138, val_acc=0.996, train_loss_epoch=0.0144]Epoch 13:  76%|███████▌  | 109/144 [00:03<00:01, 33.92it/s, v_num=80885, train_loss_step=0.00432, val_loss=0.0138, val_acc=0.996, train_loss_epoch=0.0144]Epoch 13:  76%|███████▋  | 110/144 [00:03<00:01, 33.97it/s, v_num=80885, train_loss_step=0.00432, val_loss=0.0138, val_acc=0.996, train_loss_epoch=0.0144]Epoch 13:  76%|███████▋  | 110/144 [00:03<00:01, 33.97it/s, v_num=80885, train_loss_step=0.00723, val_loss=0.0138, val_acc=0.996, train_loss_epoch=0.0144]Epoch 13:  77%|███████▋  | 111/144 [00:03<00:00, 34.02it/s, v_num=80885, train_loss_step=0.00723, val_loss=0.0138, val_acc=0.996, train_loss_epoch=0.0144]Epoch 13:  77%|███████▋  | 111/144 [00:03<00:00, 34.02it/s, v_num=80885, train_loss_step=0.0289, val_loss=0.0138, val_acc=0.996, train_loss_epoch=0.0144] Epoch 13:  78%|███████▊  | 112/144 [00:03<00:00, 34.01it/s, v_num=80885, train_loss_step=0.0289, val_loss=0.0138, val_acc=0.996, train_loss_epoch=0.0144]Epoch 13:  78%|███████▊  | 112/144 [00:03<00:00, 34.01it/s, v_num=80885, train_loss_step=0.0079, val_loss=0.0138, val_acc=0.996, train_loss_epoch=0.0144]Epoch 13:  78%|███████▊  | 113/144 [00:03<00:00, 34.02it/s, v_num=80885, train_loss_step=0.0079, val_loss=0.0138, val_acc=0.996, train_loss_epoch=0.0144]Epoch 13:  78%|███████▊  | 113/144 [00:03<00:00, 34.02it/s, v_num=80885, train_loss_step=0.0172, val_loss=0.0138, val_acc=0.996, train_loss_epoch=0.0144]Epoch 13:  79%|███████▉  | 114/144 [00:03<00:00, 34.07it/s, v_num=80885, train_loss_step=0.0172, val_loss=0.0138, val_acc=0.996, train_loss_epoch=0.0144]Epoch 13:  79%|███████▉  | 114/144 [00:03<00:00, 34.07it/s, v_num=80885, train_loss_step=0.0229, val_loss=0.0138, val_acc=0.996, train_loss_epoch=0.0144]Epoch 13:  80%|███████▉  | 115/144 [00:03<00:00, 34.01it/s, v_num=80885, train_loss_step=0.0229, val_loss=0.0138, val_acc=0.996, train_loss_epoch=0.0144]Epoch 13:  80%|███████▉  | 115/144 [00:03<00:00, 33.99it/s, v_num=80885, train_loss_step=0.00939, val_loss=0.0138, val_acc=0.996, train_loss_epoch=0.0144]Epoch 13:  81%|████████  | 116/144 [00:03<00:00, 33.90it/s, v_num=80885, train_loss_step=0.00939, val_loss=0.0138, val_acc=0.996, train_loss_epoch=0.0144]Epoch 13:  81%|████████  | 116/144 [00:03<00:00, 33.90it/s, v_num=80885, train_loss_step=0.00891, val_loss=0.0138, val_acc=0.996, train_loss_epoch=0.0144]Epoch 13:  81%|████████▏ | 117/144 [00:03<00:00, 33.94it/s, v_num=80885, train_loss_step=0.00891, val_loss=0.0138, val_acc=0.996, train_loss_epoch=0.0144]Epoch 13:  81%|████████▏ | 117/144 [00:03<00:00, 33.93it/s, v_num=80885, train_loss_step=0.00382, val_loss=0.0138, val_acc=0.996, train_loss_epoch=0.0144]Epoch 13:  82%|████████▏ | 118/144 [00:03<00:00, 33.98it/s, v_num=80885, train_loss_step=0.00382, val_loss=0.0138, val_acc=0.996, train_loss_epoch=0.0144]Epoch 13:  82%|████████▏ | 118/144 [00:03<00:00, 33.98it/s, v_num=80885, train_loss_step=0.00322, val_loss=0.0138, val_acc=0.996, train_loss_epoch=0.0144]Epoch 13:  83%|████████▎ | 119/144 [00:03<00:00, 34.03it/s, v_num=80885, train_loss_step=0.00322, val_loss=0.0138, val_acc=0.996, train_loss_epoch=0.0144]Epoch 13:  83%|████████▎ | 119/144 [00:03<00:00, 34.03it/s, v_num=80885, train_loss_step=0.00209, val_loss=0.0138, val_acc=0.996, train_loss_epoch=0.0144]Epoch 13:  83%|████████▎ | 120/144 [00:03<00:00, 34.05it/s, v_num=80885, train_loss_step=0.00209, val_loss=0.0138, val_acc=0.996, train_loss_epoch=0.0144]Epoch 13:  83%|████████▎ | 120/144 [00:03<00:00, 34.05it/s, v_num=80885, train_loss_step=0.00781, val_loss=0.0138, val_acc=0.996, train_loss_epoch=0.0144]Epoch 13:  84%|████████▍ | 121/144 [00:03<00:00, 34.10it/s, v_num=80885, train_loss_step=0.00781, val_loss=0.0138, val_acc=0.996, train_loss_epoch=0.0144]Epoch 13:  84%|████████▍ | 121/144 [00:03<00:00, 34.10it/s, v_num=80885, train_loss_step=0.00447, val_loss=0.0138, val_acc=0.996, train_loss_epoch=0.0144]Epoch 13:  85%|████████▍ | 122/144 [00:03<00:00, 34.15it/s, v_num=80885, train_loss_step=0.00447, val_loss=0.0138, val_acc=0.996, train_loss_epoch=0.0144]Epoch 13:  85%|████████▍ | 122/144 [00:03<00:00, 34.15it/s, v_num=80885, train_loss_step=0.0135, val_loss=0.0138, val_acc=0.996, train_loss_epoch=0.0144] Epoch 13:  85%|████████▌ | 123/144 [00:03<00:00, 34.19it/s, v_num=80885, train_loss_step=0.0135, val_loss=0.0138, val_acc=0.996, train_loss_epoch=0.0144]Epoch 13:  85%|████████▌ | 123/144 [00:03<00:00, 34.19it/s, v_num=80885, train_loss_step=0.0195, val_loss=0.0138, val_acc=0.996, train_loss_epoch=0.0144]Epoch 13:  86%|████████▌ | 124/144 [00:03<00:00, 34.23it/s, v_num=80885, train_loss_step=0.0195, val_loss=0.0138, val_acc=0.996, train_loss_epoch=0.0144]Epoch 13:  86%|████████▌ | 124/144 [00:03<00:00, 34.23it/s, v_num=80885, train_loss_step=0.00484, val_loss=0.0138, val_acc=0.996, train_loss_epoch=0.0144]Epoch 13:  87%|████████▋ | 125/144 [00:03<00:00, 34.23it/s, v_num=80885, train_loss_step=0.00484, val_loss=0.0138, val_acc=0.996, train_loss_epoch=0.0144]Epoch 13:  87%|████████▋ | 125/144 [00:03<00:00, 34.23it/s, v_num=80885, train_loss_step=0.00507, val_loss=0.0138, val_acc=0.996, train_loss_epoch=0.0144]Epoch 13:  88%|████████▊ | 126/144 [00:03<00:00, 34.27it/s, v_num=80885, train_loss_step=0.00507, val_loss=0.0138, val_acc=0.996, train_loss_epoch=0.0144]Epoch 13:  88%|████████▊ | 126/144 [00:03<00:00, 34.27it/s, v_num=80885, train_loss_step=0.00703, val_loss=0.0138, val_acc=0.996, train_loss_epoch=0.0144]Epoch 13:  88%|████████▊ | 127/144 [00:03<00:00, 34.31it/s, v_num=80885, train_loss_step=0.00703, val_loss=0.0138, val_acc=0.996, train_loss_epoch=0.0144]Epoch 13:  88%|████████▊ | 127/144 [00:03<00:00, 34.31it/s, v_num=80885, train_loss_step=0.00678, val_loss=0.0138, val_acc=0.996, train_loss_epoch=0.0144]Epoch 13:  89%|████████▉ | 128/144 [00:03<00:00, 34.33it/s, v_num=80885, train_loss_step=0.00678, val_loss=0.0138, val_acc=0.996, train_loss_epoch=0.0144]Epoch 13:  89%|████████▉ | 128/144 [00:03<00:00, 34.33it/s, v_num=80885, train_loss_step=0.012, val_loss=0.0138, val_acc=0.996, train_loss_epoch=0.0144]  Epoch 13:  90%|████████▉ | 129/144 [00:03<00:00, 34.31it/s, v_num=80885, train_loss_step=0.012, val_loss=0.0138, val_acc=0.996, train_loss_epoch=0.0144]Epoch 13:  90%|████████▉ | 129/144 [00:03<00:00, 34.31it/s, v_num=80885, train_loss_step=0.00834, val_loss=0.0138, val_acc=0.996, train_loss_epoch=0.0144]Epoch 13:  90%|█████████ | 130/144 [00:03<00:00, 34.36it/s, v_num=80885, train_loss_step=0.00834, val_loss=0.0138, val_acc=0.996, train_loss_epoch=0.0144]Epoch 13:  90%|█████████ | 130/144 [00:03<00:00, 34.36it/s, v_num=80885, train_loss_step=0.0123, val_loss=0.0138, val_acc=0.996, train_loss_epoch=0.0144] Epoch 13:  91%|█████████ | 131/144 [00:03<00:00, 34.40it/s, v_num=80885, train_loss_step=0.0123, val_loss=0.0138, val_acc=0.996, train_loss_epoch=0.0144]Epoch 13:  91%|█████████ | 131/144 [00:03<00:00, 34.40it/s, v_num=80885, train_loss_step=0.0175, val_loss=0.0138, val_acc=0.996, train_loss_epoch=0.0144]Epoch 13:  92%|█████████▏| 132/144 [00:03<00:00, 34.44it/s, v_num=80885, train_loss_step=0.0175, val_loss=0.0138, val_acc=0.996, train_loss_epoch=0.0144]Epoch 13:  92%|█████████▏| 132/144 [00:03<00:00, 34.44it/s, v_num=80885, train_loss_step=0.013, val_loss=0.0138, val_acc=0.996, train_loss_epoch=0.0144] Epoch 13:  92%|█████████▏| 133/144 [00:03<00:00, 34.46it/s, v_num=80885, train_loss_step=0.013, val_loss=0.0138, val_acc=0.996, train_loss_epoch=0.0144]Epoch 13:  92%|█████████▏| 133/144 [00:03<00:00, 34.45it/s, v_num=80885, train_loss_step=0.00525, val_loss=0.0138, val_acc=0.996, train_loss_epoch=0.0144]Epoch 13:  93%|█████████▎| 134/144 [00:03<00:00, 34.50it/s, v_num=80885, train_loss_step=0.00525, val_loss=0.0138, val_acc=0.996, train_loss_epoch=0.0144]Epoch 13:  93%|█████████▎| 134/144 [00:03<00:00, 34.50it/s, v_num=80885, train_loss_step=0.0126, val_loss=0.0138, val_acc=0.996, train_loss_epoch=0.0144] Epoch 13:  94%|█████████▍| 135/144 [00:03<00:00, 34.54it/s, v_num=80885, train_loss_step=0.0126, val_loss=0.0138, val_acc=0.996, train_loss_epoch=0.0144]Epoch 13:  94%|█████████▍| 135/144 [00:03<00:00, 34.54it/s, v_num=80885, train_loss_step=0.0145, val_loss=0.0138, val_acc=0.996, train_loss_epoch=0.0144]Epoch 13:  94%|█████████▍| 136/144 [00:03<00:00, 34.59it/s, v_num=80885, train_loss_step=0.0145, val_loss=0.0138, val_acc=0.996, train_loss_epoch=0.0144]Epoch 13:  94%|█████████▍| 136/144 [00:03<00:00, 34.58it/s, v_num=80885, train_loss_step=0.00569, val_loss=0.0138, val_acc=0.996, train_loss_epoch=0.0144]Epoch 13:  95%|█████████▌| 137/144 [00:03<00:00, 34.61it/s, v_num=80885, train_loss_step=0.00569, val_loss=0.0138, val_acc=0.996, train_loss_epoch=0.0144]Epoch 13:  95%|█████████▌| 137/144 [00:03<00:00, 34.61it/s, v_num=80885, train_loss_step=0.00314, val_loss=0.0138, val_acc=0.996, train_loss_epoch=0.0144]Epoch 13:  96%|█████████▌| 138/144 [00:03<00:00, 34.61it/s, v_num=80885, train_loss_step=0.00314, val_loss=0.0138, val_acc=0.996, train_loss_epoch=0.0144]Epoch 13:  96%|█████████▌| 138/144 [00:03<00:00, 34.61it/s, v_num=80885, train_loss_step=0.00122, val_loss=0.0138, val_acc=0.996, train_loss_epoch=0.0144]Epoch 13:  97%|█████████▋| 139/144 [00:04<00:00, 34.65it/s, v_num=80885, train_loss_step=0.00122, val_loss=0.0138, val_acc=0.996, train_loss_epoch=0.0144]Epoch 13:  97%|█████████▋| 139/144 [00:04<00:00, 34.65it/s, v_num=80885, train_loss_step=0.0179, val_loss=0.0138, val_acc=0.996, train_loss_epoch=0.0144] Epoch 13:  97%|█████████▋| 140/144 [00:04<00:00, 34.69it/s, v_num=80885, train_loss_step=0.0179, val_loss=0.0138, val_acc=0.996, train_loss_epoch=0.0144]Epoch 13:  97%|█████████▋| 140/144 [00:04<00:00, 34.69it/s, v_num=80885, train_loss_step=0.0182, val_loss=0.0138, val_acc=0.996, train_loss_epoch=0.0144]Epoch 13:  98%|█████████▊| 141/144 [00:04<00:00, 34.73it/s, v_num=80885, train_loss_step=0.0182, val_loss=0.0138, val_acc=0.996, train_loss_epoch=0.0144]Epoch 13:  98%|█████████▊| 141/144 [00:04<00:00, 34.73it/s, v_num=80885, train_loss_step=0.0234, val_loss=0.0138, val_acc=0.996, train_loss_epoch=0.0144]Epoch 13:  99%|█████████▊| 142/144 [00:04<00:00, 34.74it/s, v_num=80885, train_loss_step=0.0234, val_loss=0.0138, val_acc=0.996, train_loss_epoch=0.0144]Epoch 13:  99%|█████████▊| 142/144 [00:04<00:00, 34.74it/s, v_num=80885, train_loss_step=0.00732, val_loss=0.0138, val_acc=0.996, train_loss_epoch=0.0144]Epoch 13:  99%|█████████▉| 143/144 [00:04<00:00, 34.78it/s, v_num=80885, train_loss_step=0.00732, val_loss=0.0138, val_acc=0.996, train_loss_epoch=0.0144]Epoch 13:  99%|█████████▉| 143/144 [00:04<00:00, 34.78it/s, v_num=80885, train_loss_step=0.00135, val_loss=0.0138, val_acc=0.996, train_loss_epoch=0.0144]Epoch 13: 100%|██████████| 144/144 [00:04<00:00, 34.81it/s, v_num=80885, train_loss_step=0.00135, val_loss=0.0138, val_acc=0.996, train_loss_epoch=0.0144]Epoch 13: 100%|██████████| 144/144 [00:04<00:00, 34.81it/s, v_num=80885, train_loss_step=0.00431, val_loss=0.0138, val_acc=0.996, train_loss_epoch=0.0144]
Validation: |          | 0/? [00:00<?, ?it/s][A
Validation:   0%|          | 0/14 [00:00<?, ?it/s][A
Validation DataLoader 0:   0%|          | 0/14 [00:00<?, ?it/s][A
Validation DataLoader 0:   7%|▋         | 1/14 [00:00<00:00, 115.37it/s][A
Validation DataLoader 0:  14%|█▍        | 2/14 [00:00<00:00, 77.51it/s] [A
Validation DataLoader 0:  21%|██▏       | 3/14 [00:00<00:00, 73.24it/s][A
Validation DataLoader 0:  29%|██▊       | 4/14 [00:00<00:00, 73.24it/s][A
Validation DataLoader 0:  36%|███▌      | 5/14 [00:00<00:00, 77.42it/s][A
Validation DataLoader 0:  43%|████▎     | 6/14 [00:00<00:00, 80.55it/s][A
Validation DataLoader 0:  50%|█████     | 7/14 [00:00<00:00, 82.87it/s][A
Validation DataLoader 0:  57%|█████▋    | 8/14 [00:00<00:00, 84.67it/s][A
Validation DataLoader 0:  64%|██████▍   | 9/14 [00:00<00:00, 85.82it/s][A
Validation DataLoader 0:  71%|███████▏  | 10/14 [00:00<00:00, 87.15it/s][A
Validation DataLoader 0:  79%|███████▊  | 11/14 [00:00<00:00, 88.20it/s][A
Validation DataLoader 0:  86%|████████▌ | 12/14 [00:00<00:00, 89.04it/s][A
Validation DataLoader 0:  93%|█████████▎| 13/14 [00:00<00:00, 89.82it/s][A
Validation DataLoader 0: 100%|██████████| 14/14 [00:00<00:00, 88.76it/s][A
                                                                        [AEpoch 13: 100%|██████████| 144/144 [00:04<00:00, 33.37it/s, v_num=80885, train_loss_step=0.00431, val_loss=0.0176, val_acc=0.994, train_loss_epoch=0.0144]Epoch 13: 100%|██████████| 144/144 [00:04<00:00, 33.36it/s, v_num=80885, train_loss_step=0.00431, val_loss=0.0176, val_acc=0.994, train_loss_epoch=0.0132]Epoch 13:   0%|          | 0/144 [00:00<?, ?it/s, v_num=80885, train_loss_step=0.00431, val_loss=0.0176, val_acc=0.994, train_loss_epoch=0.0132]          Epoch 14:   0%|          | 0/144 [00:00<?, ?it/s, v_num=80885, train_loss_step=0.00431, val_loss=0.0176, val_acc=0.994, train_loss_epoch=0.0132]Epoch 14:   1%|          | 1/144 [00:00<00:12, 11.50it/s, v_num=80885, train_loss_step=0.00431, val_loss=0.0176, val_acc=0.994, train_loss_epoch=0.0132]Epoch 14:   1%|          | 1/144 [00:00<00:12, 11.48it/s, v_num=80885, train_loss_step=0.0152, val_loss=0.0176, val_acc=0.994, train_loss_epoch=0.0132] Epoch 14:   1%|▏         | 2/144 [00:00<00:08, 17.45it/s, v_num=80885, train_loss_step=0.0152, val_loss=0.0176, val_acc=0.994, train_loss_epoch=0.0132]Epoch 14:   1%|▏         | 2/144 [00:00<00:08, 17.42it/s, v_num=80885, train_loss_step=0.00362, val_loss=0.0176, val_acc=0.994, train_loss_epoch=0.0132]Epoch 14:   2%|▏         | 3/144 [00:00<00:06, 20.77it/s, v_num=80885, train_loss_step=0.00362, val_loss=0.0176, val_acc=0.994, train_loss_epoch=0.0132]Epoch 14:   2%|▏         | 3/144 [00:00<00:06, 20.75it/s, v_num=80885, train_loss_step=0.0129, val_loss=0.0176, val_acc=0.994, train_loss_epoch=0.0132] Epoch 14:   3%|▎         | 4/144 [00:00<00:06, 22.88it/s, v_num=80885, train_loss_step=0.0129, val_loss=0.0176, val_acc=0.994, train_loss_epoch=0.0132]Epoch 14:   3%|▎         | 4/144 [00:00<00:06, 22.86it/s, v_num=80885, train_loss_step=0.0048, val_loss=0.0176, val_acc=0.994, train_loss_epoch=0.0132]Epoch 14:   3%|▎         | 5/144 [00:00<00:05, 24.74it/s, v_num=80885, train_loss_step=0.0048, val_loss=0.0176, val_acc=0.994, train_loss_epoch=0.0132]Epoch 14:   3%|▎         | 5/144 [00:00<00:05, 24.72it/s, v_num=80885, train_loss_step=0.00857, val_loss=0.0176, val_acc=0.994, train_loss_epoch=0.0132]Epoch 14:   4%|▍         | 6/144 [00:00<00:05, 26.21it/s, v_num=80885, train_loss_step=0.00857, val_loss=0.0176, val_acc=0.994, train_loss_epoch=0.0132]Epoch 14:   4%|▍         | 6/144 [00:00<00:05, 26.19it/s, v_num=80885, train_loss_step=0.0044, val_loss=0.0176, val_acc=0.994, train_loss_epoch=0.0132] Epoch 14:   5%|▍         | 7/144 [00:00<00:05, 27.17it/s, v_num=80885, train_loss_step=0.0044, val_loss=0.0176, val_acc=0.994, train_loss_epoch=0.0132]Epoch 14:   5%|▍         | 7/144 [00:00<00:05, 27.15it/s, v_num=80885, train_loss_step=0.00832, val_loss=0.0176, val_acc=0.994, train_loss_epoch=0.0132]Epoch 14:   6%|▌         | 8/144 [00:00<00:04, 27.85it/s, v_num=80885, train_loss_step=0.00832, val_loss=0.0176, val_acc=0.994, train_loss_epoch=0.0132]Epoch 14:   6%|▌         | 8/144 [00:00<00:04, 27.84it/s, v_num=80885, train_loss_step=0.00772, val_loss=0.0176, val_acc=0.994, train_loss_epoch=0.0132]Epoch 14:   6%|▋         | 9/144 [00:00<00:04, 28.71it/s, v_num=80885, train_loss_step=0.00772, val_loss=0.0176, val_acc=0.994, train_loss_epoch=0.0132]Epoch 14:   6%|▋         | 9/144 [00:00<00:04, 28.69it/s, v_num=80885, train_loss_step=0.0123, val_loss=0.0176, val_acc=0.994, train_loss_epoch=0.0132] Epoch 14:   7%|▋         | 10/144 [00:00<00:04, 29.43it/s, v_num=80885, train_loss_step=0.0123, val_loss=0.0176, val_acc=0.994, train_loss_epoch=0.0132]Epoch 14:   7%|▋         | 10/144 [00:00<00:04, 29.42it/s, v_num=80885, train_loss_step=0.0128, val_loss=0.0176, val_acc=0.994, train_loss_epoch=0.0132]Epoch 14:   8%|▊         | 11/144 [00:00<00:04, 30.01it/s, v_num=80885, train_loss_step=0.0128, val_loss=0.0176, val_acc=0.994, train_loss_epoch=0.0132]Epoch 14:   8%|▊         | 11/144 [00:00<00:04, 30.00it/s, v_num=80885, train_loss_step=0.0144, val_loss=0.0176, val_acc=0.994, train_loss_epoch=0.0132]Epoch 14:   8%|▊         | 12/144 [00:00<00:04, 30.32it/s, v_num=80885, train_loss_step=0.0144, val_loss=0.0176, val_acc=0.994, train_loss_epoch=0.0132]Epoch 14:   8%|▊         | 12/144 [00:00<00:04, 30.30it/s, v_num=80885, train_loss_step=0.0217, val_loss=0.0176, val_acc=0.994, train_loss_epoch=0.0132]Epoch 14:   9%|▉         | 13/144 [00:00<00:04, 30.87it/s, v_num=80885, train_loss_step=0.0217, val_loss=0.0176, val_acc=0.994, train_loss_epoch=0.0132]Epoch 14:   9%|▉         | 13/144 [00:00<00:04, 30.86it/s, v_num=80885, train_loss_step=0.0298, val_loss=0.0176, val_acc=0.994, train_loss_epoch=0.0132]Epoch 14:  10%|▉         | 14/144 [00:00<00:04, 31.26it/s, v_num=80885, train_loss_step=0.0298, val_loss=0.0176, val_acc=0.994, train_loss_epoch=0.0132]Epoch 14:  10%|▉         | 14/144 [00:00<00:04, 31.25it/s, v_num=80885, train_loss_step=0.00684, val_loss=0.0176, val_acc=0.994, train_loss_epoch=0.0132]Epoch 14:  10%|█         | 15/144 [00:00<00:04, 31.58it/s, v_num=80885, train_loss_step=0.00684, val_loss=0.0176, val_acc=0.994, train_loss_epoch=0.0132]Epoch 14:  10%|█         | 15/144 [00:00<00:04, 31.57it/s, v_num=80885, train_loss_step=0.00591, val_loss=0.0176, val_acc=0.994, train_loss_epoch=0.0132]Epoch 14:  11%|█         | 16/144 [00:00<00:04, 31.73it/s, v_num=80885, train_loss_step=0.00591, val_loss=0.0176, val_acc=0.994, train_loss_epoch=0.0132]Epoch 14:  11%|█         | 16/144 [00:00<00:04, 31.72it/s, v_num=80885, train_loss_step=0.0293, val_loss=0.0176, val_acc=0.994, train_loss_epoch=0.0132] Epoch 14:  12%|█▏        | 17/144 [00:00<00:03, 32.02it/s, v_num=80885, train_loss_step=0.0293, val_loss=0.0176, val_acc=0.994, train_loss_epoch=0.0132]Epoch 14:  12%|█▏        | 17/144 [00:00<00:03, 32.01it/s, v_num=80885, train_loss_step=0.0113, val_loss=0.0176, val_acc=0.994, train_loss_epoch=0.0132]Epoch 14:  12%|█▎        | 18/144 [00:00<00:03, 32.27it/s, v_num=80885, train_loss_step=0.0113, val_loss=0.0176, val_acc=0.994, train_loss_epoch=0.0132]Epoch 14:  12%|█▎        | 18/144 [00:00<00:03, 32.26it/s, v_num=80885, train_loss_step=0.0273, val_loss=0.0176, val_acc=0.994, train_loss_epoch=0.0132]Epoch 14:  13%|█▎        | 19/144 [00:00<00:03, 32.41it/s, v_num=80885, train_loss_step=0.0273, val_loss=0.0176, val_acc=0.994, train_loss_epoch=0.0132]Epoch 14:  13%|█▎        | 19/144 [00:00<00:03, 32.40it/s, v_num=80885, train_loss_step=0.0024, val_loss=0.0176, val_acc=0.994, train_loss_epoch=0.0132]Epoch 14:  14%|█▍        | 20/144 [00:00<00:03, 32.44it/s, v_num=80885, train_loss_step=0.0024, val_loss=0.0176, val_acc=0.994, train_loss_epoch=0.0132]Epoch 14:  14%|█▍        | 20/144 [00:00<00:03, 32.43it/s, v_num=80885, train_loss_step=0.0134, val_loss=0.0176, val_acc=0.994, train_loss_epoch=0.0132]Epoch 14:  15%|█▍        | 21/144 [00:00<00:03, 32.69it/s, v_num=80885, train_loss_step=0.0134, val_loss=0.0176, val_acc=0.994, train_loss_epoch=0.0132]Epoch 14:  15%|█▍        | 21/144 [00:00<00:03, 32.69it/s, v_num=80885, train_loss_step=0.0269, val_loss=0.0176, val_acc=0.994, train_loss_epoch=0.0132]Epoch 14:  15%|█▌        | 22/144 [00:00<00:03, 32.91it/s, v_num=80885, train_loss_step=0.0269, val_loss=0.0176, val_acc=0.994, train_loss_epoch=0.0132]Epoch 14:  15%|█▌        | 22/144 [00:00<00:03, 32.90it/s, v_num=80885, train_loss_step=0.00998, val_loss=0.0176, val_acc=0.994, train_loss_epoch=0.0132]Epoch 14:  16%|█▌        | 23/144 [00:00<00:03, 33.09it/s, v_num=80885, train_loss_step=0.00998, val_loss=0.0176, val_acc=0.994, train_loss_epoch=0.0132]Epoch 14:  16%|█▌        | 23/144 [00:00<00:03, 33.08it/s, v_num=80885, train_loss_step=0.00751, val_loss=0.0176, val_acc=0.994, train_loss_epoch=0.0132]Epoch 14:  17%|█▋        | 24/144 [00:00<00:03, 33.12it/s, v_num=80885, train_loss_step=0.00751, val_loss=0.0176, val_acc=0.994, train_loss_epoch=0.0132]Epoch 14:  17%|█▋        | 24/144 [00:00<00:03, 33.12it/s, v_num=80885, train_loss_step=0.0199, val_loss=0.0176, val_acc=0.994, train_loss_epoch=0.0132] Epoch 14:  17%|█▋        | 25/144 [00:00<00:03, 33.29it/s, v_num=80885, train_loss_step=0.0199, val_loss=0.0176, val_acc=0.994, train_loss_epoch=0.0132]Epoch 14:  17%|█▋        | 25/144 [00:00<00:03, 33.29it/s, v_num=80885, train_loss_step=0.0223, val_loss=0.0176, val_acc=0.994, train_loss_epoch=0.0132]Epoch 14:  18%|█▊        | 26/144 [00:00<00:03, 33.42it/s, v_num=80885, train_loss_step=0.0223, val_loss=0.0176, val_acc=0.994, train_loss_epoch=0.0132]Epoch 14:  18%|█▊        | 26/144 [00:00<00:03, 33.41it/s, v_num=80885, train_loss_step=0.0045, val_loss=0.0176, val_acc=0.994, train_loss_epoch=0.0132]Epoch 14:  19%|█▉        | 27/144 [00:00<00:03, 33.54it/s, v_num=80885, train_loss_step=0.0045, val_loss=0.0176, val_acc=0.994, train_loss_epoch=0.0132]Epoch 14:  19%|█▉        | 27/144 [00:00<00:03, 33.53it/s, v_num=80885, train_loss_step=0.00363, val_loss=0.0176, val_acc=0.994, train_loss_epoch=0.0132]Epoch 14:  19%|█▉        | 28/144 [00:00<00:03, 33.53it/s, v_num=80885, train_loss_step=0.00363, val_loss=0.0176, val_acc=0.994, train_loss_epoch=0.0132]Epoch 14:  19%|█▉        | 28/144 [00:00<00:03, 33.52it/s, v_num=80885, train_loss_step=0.0383, val_loss=0.0176, val_acc=0.994, train_loss_epoch=0.0132] Epoch 14:  20%|██        | 29/144 [00:00<00:03, 33.68it/s, v_num=80885, train_loss_step=0.0383, val_loss=0.0176, val_acc=0.994, train_loss_epoch=0.0132]Epoch 14:  20%|██        | 29/144 [00:00<00:03, 33.67it/s, v_num=80885, train_loss_step=0.00657, val_loss=0.0176, val_acc=0.994, train_loss_epoch=0.0132]Epoch 14:  21%|██        | 30/144 [00:00<00:03, 33.77it/s, v_num=80885, train_loss_step=0.00657, val_loss=0.0176, val_acc=0.994, train_loss_epoch=0.0132]Epoch 14:  21%|██        | 30/144 [00:00<00:03, 33.76it/s, v_num=80885, train_loss_step=0.00623, val_loss=0.0176, val_acc=0.994, train_loss_epoch=0.0132]Epoch 14:  22%|██▏       | 31/144 [00:00<00:03, 33.85it/s, v_num=80885, train_loss_step=0.00623, val_loss=0.0176, val_acc=0.994, train_loss_epoch=0.0132]Epoch 14:  22%|██▏       | 31/144 [00:00<00:03, 33.84it/s, v_num=80885, train_loss_step=0.0245, val_loss=0.0176, val_acc=0.994, train_loss_epoch=0.0132] Epoch 14:  22%|██▏       | 32/144 [00:00<00:03, 33.88it/s, v_num=80885, train_loss_step=0.0245, val_loss=0.0176, val_acc=0.994, train_loss_epoch=0.0132]Epoch 14:  22%|██▏       | 32/144 [00:00<00:03, 33.88it/s, v_num=80885, train_loss_step=0.0103, val_loss=0.0176, val_acc=0.994, train_loss_epoch=0.0132]Epoch 14:  23%|██▎       | 33/144 [00:00<00:03, 34.01it/s, v_num=80885, train_loss_step=0.0103, val_loss=0.0176, val_acc=0.994, train_loss_epoch=0.0132]Epoch 14:  23%|██▎       | 33/144 [00:00<00:03, 34.01it/s, v_num=80885, train_loss_step=0.00365, val_loss=0.0176, val_acc=0.994, train_loss_epoch=0.0132]Epoch 14:  24%|██▎       | 34/144 [00:00<00:03, 34.14it/s, v_num=80885, train_loss_step=0.00365, val_loss=0.0176, val_acc=0.994, train_loss_epoch=0.0132]Epoch 14:  24%|██▎       | 34/144 [00:00<00:03, 34.13it/s, v_num=80885, train_loss_step=0.00816, val_loss=0.0176, val_acc=0.994, train_loss_epoch=0.0132]Epoch 14:  24%|██▍       | 35/144 [00:01<00:03, 34.21it/s, v_num=80885, train_loss_step=0.00816, val_loss=0.0176, val_acc=0.994, train_loss_epoch=0.0132]Epoch 14:  24%|██▍       | 35/144 [00:01<00:03, 34.21it/s, v_num=80885, train_loss_step=0.0181, val_loss=0.0176, val_acc=0.994, train_loss_epoch=0.0132] Epoch 14:  25%|██▌       | 36/144 [00:01<00:03, 34.00it/s, v_num=80885, train_loss_step=0.0181, val_loss=0.0176, val_acc=0.994, train_loss_epoch=0.0132]Epoch 14:  25%|██▌       | 36/144 [00:01<00:03, 33.99it/s, v_num=80885, train_loss_step=0.0273, val_loss=0.0176, val_acc=0.994, train_loss_epoch=0.0132]Epoch 14:  26%|██▌       | 37/144 [00:01<00:03, 34.04it/s, v_num=80885, train_loss_step=0.0273, val_loss=0.0176, val_acc=0.994, train_loss_epoch=0.0132]Epoch 14:  26%|██▌       | 37/144 [00:01<00:03, 34.04it/s, v_num=80885, train_loss_step=0.0119, val_loss=0.0176, val_acc=0.994, train_loss_epoch=0.0132]Epoch 14:  26%|██▋       | 38/144 [00:01<00:03, 34.00it/s, v_num=80885, train_loss_step=0.0119, val_loss=0.0176, val_acc=0.994, train_loss_epoch=0.0132]Epoch 14:  26%|██▋       | 38/144 [00:01<00:03, 34.00it/s, v_num=80885, train_loss_step=0.00868, val_loss=0.0176, val_acc=0.994, train_loss_epoch=0.0132]Epoch 14:  27%|██▋       | 39/144 [00:01<00:03, 34.00it/s, v_num=80885, train_loss_step=0.00868, val_loss=0.0176, val_acc=0.994, train_loss_epoch=0.0132]Epoch 14:  27%|██▋       | 39/144 [00:01<00:03, 34.00it/s, v_num=80885, train_loss_step=0.0266, val_loss=0.0176, val_acc=0.994, train_loss_epoch=0.0132] Epoch 14:  28%|██▊       | 40/144 [00:01<00:03, 34.05it/s, v_num=80885, train_loss_step=0.0266, val_loss=0.0176, val_acc=0.994, train_loss_epoch=0.0132]Epoch 14:  28%|██▊       | 40/144 [00:01<00:03, 34.05it/s, v_num=80885, train_loss_step=0.0115, val_loss=0.0176, val_acc=0.994, train_loss_epoch=0.0132]Epoch 14:  28%|██▊       | 41/144 [00:01<00:03, 34.13it/s, v_num=80885, train_loss_step=0.0115, val_loss=0.0176, val_acc=0.994, train_loss_epoch=0.0132]Epoch 14:  28%|██▊       | 41/144 [00:01<00:03, 34.13it/s, v_num=80885, train_loss_step=0.0094, val_loss=0.0176, val_acc=0.994, train_loss_epoch=0.0132]Epoch 14:  29%|██▉       | 42/144 [00:01<00:02, 34.16it/s, v_num=80885, train_loss_step=0.0094, val_loss=0.0176, val_acc=0.994, train_loss_epoch=0.0132]Epoch 14:  29%|██▉       | 42/144 [00:01<00:02, 34.16it/s, v_num=80885, train_loss_step=0.00591, val_loss=0.0176, val_acc=0.994, train_loss_epoch=0.0132]Epoch 14:  30%|██▉       | 43/144 [00:01<00:02, 34.16it/s, v_num=80885, train_loss_step=0.00591, val_loss=0.0176, val_acc=0.994, train_loss_epoch=0.0132]Epoch 14:  30%|██▉       | 43/144 [00:01<00:02, 34.15it/s, v_num=80885, train_loss_step=0.00979, val_loss=0.0176, val_acc=0.994, train_loss_epoch=0.0132]Epoch 14:  31%|███       | 44/144 [00:01<00:02, 34.21it/s, v_num=80885, train_loss_step=0.00979, val_loss=0.0176, val_acc=0.994, train_loss_epoch=0.0132]Epoch 14:  31%|███       | 44/144 [00:01<00:02, 34.20it/s, v_num=80885, train_loss_step=0.0164, val_loss=0.0176, val_acc=0.994, train_loss_epoch=0.0132] Epoch 14:  31%|███▏      | 45/144 [00:01<00:02, 34.28it/s, v_num=80885, train_loss_step=0.0164, val_loss=0.0176, val_acc=0.994, train_loss_epoch=0.0132]Epoch 14:  31%|███▏      | 45/144 [00:01<00:02, 34.28it/s, v_num=80885, train_loss_step=0.0269, val_loss=0.0176, val_acc=0.994, train_loss_epoch=0.0132]Epoch 14:  32%|███▏      | 46/144 [00:01<00:02, 34.34it/s, v_num=80885, train_loss_step=0.0269, val_loss=0.0176, val_acc=0.994, train_loss_epoch=0.0132]Epoch 14:  32%|███▏      | 46/144 [00:01<00:02, 34.33it/s, v_num=80885, train_loss_step=0.0176, val_loss=0.0176, val_acc=0.994, train_loss_epoch=0.0132]Epoch 14:  33%|███▎      | 47/144 [00:01<00:02, 34.27it/s, v_num=80885, train_loss_step=0.0176, val_loss=0.0176, val_acc=0.994, train_loss_epoch=0.0132]Epoch 14:  33%|███▎      | 47/144 [00:01<00:02, 34.26it/s, v_num=80885, train_loss_step=0.0157, val_loss=0.0176, val_acc=0.994, train_loss_epoch=0.0132]Epoch 14:  33%|███▎      | 48/144 [00:01<00:02, 34.33it/s, v_num=80885, train_loss_step=0.0157, val_loss=0.0176, val_acc=0.994, train_loss_epoch=0.0132]Epoch 14:  33%|███▎      | 48/144 [00:01<00:02, 34.32it/s, v_num=80885, train_loss_step=0.00629, val_loss=0.0176, val_acc=0.994, train_loss_epoch=0.0132]Epoch 14:  34%|███▍      | 49/144 [00:01<00:02, 34.38it/s, v_num=80885, train_loss_step=0.00629, val_loss=0.0176, val_acc=0.994, train_loss_epoch=0.0132]Epoch 14:  34%|███▍      | 49/144 [00:01<00:02, 34.38it/s, v_num=80885, train_loss_step=0.018, val_loss=0.0176, val_acc=0.994, train_loss_epoch=0.0132]  Epoch 14:  35%|███▍      | 50/144 [00:01<00:02, 34.41it/s, v_num=80885, train_loss_step=0.018, val_loss=0.0176, val_acc=0.994, train_loss_epoch=0.0132]Epoch 14:  35%|███▍      | 50/144 [00:01<00:02, 34.41it/s, v_num=80885, train_loss_step=0.0299, val_loss=0.0176, val_acc=0.994, train_loss_epoch=0.0132]Epoch 14:  35%|███▌      | 51/144 [00:01<00:02, 34.45it/s, v_num=80885, train_loss_step=0.0299, val_loss=0.0176, val_acc=0.994, train_loss_epoch=0.0132]Epoch 14:  35%|███▌      | 51/144 [00:01<00:02, 34.44it/s, v_num=80885, train_loss_step=0.00968, val_loss=0.0176, val_acc=0.994, train_loss_epoch=0.0132]Epoch 14:  36%|███▌      | 52/144 [00:01<00:02, 34.50it/s, v_num=80885, train_loss_step=0.00968, val_loss=0.0176, val_acc=0.994, train_loss_epoch=0.0132]Epoch 14:  36%|███▌      | 52/144 [00:01<00:02, 34.50it/s, v_num=80885, train_loss_step=0.0123, val_loss=0.0176, val_acc=0.994, train_loss_epoch=0.0132] Epoch 14:  37%|███▋      | 53/144 [00:01<00:02, 34.59it/s, v_num=80885, train_loss_step=0.0123, val_loss=0.0176, val_acc=0.994, train_loss_epoch=0.0132]Epoch 14:  37%|███▋      | 53/144 [00:01<00:02, 34.59it/s, v_num=80885, train_loss_step=0.00222, val_loss=0.0176, val_acc=0.994, train_loss_epoch=0.0132]Epoch 14:  38%|███▊      | 54/144 [00:01<00:02, 34.64it/s, v_num=80885, train_loss_step=0.00222, val_loss=0.0176, val_acc=0.994, train_loss_epoch=0.0132]Epoch 14:  38%|███▊      | 54/144 [00:01<00:02, 34.63it/s, v_num=80885, train_loss_step=0.0169, val_loss=0.0176, val_acc=0.994, train_loss_epoch=0.0132] Epoch 14:  38%|███▊      | 55/144 [00:01<00:02, 34.64it/s, v_num=80885, train_loss_step=0.0169, val_loss=0.0176, val_acc=0.994, train_loss_epoch=0.0132]Epoch 14:  38%|███▊      | 55/144 [00:01<00:02, 34.63it/s, v_num=80885, train_loss_step=0.00771, val_loss=0.0176, val_acc=0.994, train_loss_epoch=0.0132]Epoch 14:  39%|███▉      | 56/144 [00:01<00:02, 34.72it/s, v_num=80885, train_loss_step=0.00771, val_loss=0.0176, val_acc=0.994, train_loss_epoch=0.0132]Epoch 14:  39%|███▉      | 56/144 [00:01<00:02, 34.72it/s, v_num=80885, train_loss_step=0.00829, val_loss=0.0176, val_acc=0.994, train_loss_epoch=0.0132]Epoch 14:  40%|███▉      | 57/144 [00:01<00:02, 34.79it/s, v_num=80885, train_loss_step=0.00829, val_loss=0.0176, val_acc=0.994, train_loss_epoch=0.0132]Epoch 14:  40%|███▉      | 57/144 [00:01<00:02, 34.78it/s, v_num=80885, train_loss_step=0.00596, val_loss=0.0176, val_acc=0.994, train_loss_epoch=0.0132]Epoch 14:  40%|████      | 58/144 [00:01<00:02, 34.86it/s, v_num=80885, train_loss_step=0.00596, val_loss=0.0176, val_acc=0.994, train_loss_epoch=0.0132]Epoch 14:  40%|████      | 58/144 [00:01<00:02, 34.85it/s, v_num=80885, train_loss_step=0.0231, val_loss=0.0176, val_acc=0.994, train_loss_epoch=0.0132] Epoch 14:  41%|████      | 59/144 [00:01<00:02, 34.86it/s, v_num=80885, train_loss_step=0.0231, val_loss=0.0176, val_acc=0.994, train_loss_epoch=0.0132]Epoch 14:  41%|████      | 59/144 [00:01<00:02, 34.86it/s, v_num=80885, train_loss_step=0.00322, val_loss=0.0176, val_acc=0.994, train_loss_epoch=0.0132]Epoch 14:  42%|████▏     | 60/144 [00:01<00:02, 34.89it/s, v_num=80885, train_loss_step=0.00322, val_loss=0.0176, val_acc=0.994, train_loss_epoch=0.0132]Epoch 14:  42%|████▏     | 60/144 [00:01<00:02, 34.88it/s, v_num=80885, train_loss_step=0.00911, val_loss=0.0176, val_acc=0.994, train_loss_epoch=0.0132]Epoch 14:  42%|████▏     | 61/144 [00:01<00:02, 34.93it/s, v_num=80885, train_loss_step=0.00911, val_loss=0.0176, val_acc=0.994, train_loss_epoch=0.0132]Epoch 14:  42%|████▏     | 61/144 [00:01<00:02, 34.93it/s, v_num=80885, train_loss_step=0.0123, val_loss=0.0176, val_acc=0.994, train_loss_epoch=0.0132] Epoch 14:  43%|████▎     | 62/144 [00:01<00:02, 34.97it/s, v_num=80885, train_loss_step=0.0123, val_loss=0.0176, val_acc=0.994, train_loss_epoch=0.0132]Epoch 14:  43%|████▎     | 62/144 [00:01<00:02, 34.97it/s, v_num=80885, train_loss_step=0.00917, val_loss=0.0176, val_acc=0.994, train_loss_epoch=0.0132]Epoch 14:  44%|████▍     | 63/144 [00:01<00:02, 34.97it/s, v_num=80885, train_loss_step=0.00917, val_loss=0.0176, val_acc=0.994, train_loss_epoch=0.0132]Epoch 14:  44%|████▍     | 63/144 [00:01<00:02, 34.97it/s, v_num=80885, train_loss_step=0.00349, val_loss=0.0176, val_acc=0.994, train_loss_epoch=0.0132]Epoch 14:  44%|████▍     | 64/144 [00:01<00:02, 35.00it/s, v_num=80885, train_loss_step=0.00349, val_loss=0.0176, val_acc=0.994, train_loss_epoch=0.0132]Epoch 14:  44%|████▍     | 64/144 [00:01<00:02, 35.00it/s, v_num=80885, train_loss_step=0.0103, val_loss=0.0176, val_acc=0.994, train_loss_epoch=0.0132] Epoch 14:  45%|████▌     | 65/144 [00:01<00:02, 35.03it/s, v_num=80885, train_loss_step=0.0103, val_loss=0.0176, val_acc=0.994, train_loss_epoch=0.0132]Epoch 14:  45%|████▌     | 65/144 [00:01<00:02, 35.03it/s, v_num=80885, train_loss_step=0.0071, val_loss=0.0176, val_acc=0.994, train_loss_epoch=0.0132]Epoch 14:  46%|████▌     | 66/144 [00:01<00:02, 35.08it/s, v_num=80885, train_loss_step=0.0071, val_loss=0.0176, val_acc=0.994, train_loss_epoch=0.0132]Epoch 14:  46%|████▌     | 66/144 [00:01<00:02, 35.08it/s, v_num=80885, train_loss_step=0.00375, val_loss=0.0176, val_acc=0.994, train_loss_epoch=0.0132]Epoch 14:  47%|████▋     | 67/144 [00:01<00:02, 35.08it/s, v_num=80885, train_loss_step=0.00375, val_loss=0.0176, val_acc=0.994, train_loss_epoch=0.0132]Epoch 14:  47%|████▋     | 67/144 [00:01<00:02, 35.07it/s, v_num=80885, train_loss_step=0.0125, val_loss=0.0176, val_acc=0.994, train_loss_epoch=0.0132] Epoch 14:  47%|████▋     | 68/144 [00:01<00:02, 35.12it/s, v_num=80885, train_loss_step=0.0125, val_loss=0.0176, val_acc=0.994, train_loss_epoch=0.0132]Epoch 14:  47%|████▋     | 68/144 [00:01<00:02, 35.12it/s, v_num=80885, train_loss_step=0.0191, val_loss=0.0176, val_acc=0.994, train_loss_epoch=0.0132]Epoch 14:  48%|████▊     | 69/144 [00:01<00:02, 35.18it/s, v_num=80885, train_loss_step=0.0191, val_loss=0.0176, val_acc=0.994, train_loss_epoch=0.0132]Epoch 14:  48%|████▊     | 69/144 [00:01<00:02, 35.18it/s, v_num=80885, train_loss_step=0.0043, val_loss=0.0176, val_acc=0.994, train_loss_epoch=0.0132]Epoch 14:  49%|████▊     | 70/144 [00:01<00:02, 35.23it/s, v_num=80885, train_loss_step=0.0043, val_loss=0.0176, val_acc=0.994, train_loss_epoch=0.0132]Epoch 14:  49%|████▊     | 70/144 [00:01<00:02, 35.22it/s, v_num=80885, train_loss_step=0.00178, val_loss=0.0176, val_acc=0.994, train_loss_epoch=0.0132]Epoch 14:  49%|████▉     | 71/144 [00:02<00:02, 35.21it/s, v_num=80885, train_loss_step=0.00178, val_loss=0.0176, val_acc=0.994, train_loss_epoch=0.0132]Epoch 14:  49%|████▉     | 71/144 [00:02<00:02, 35.20it/s, v_num=80885, train_loss_step=0.00771, val_loss=0.0176, val_acc=0.994, train_loss_epoch=0.0132]Epoch 14:  50%|█████     | 72/144 [00:02<00:02, 35.26it/s, v_num=80885, train_loss_step=0.00771, val_loss=0.0176, val_acc=0.994, train_loss_epoch=0.0132]Epoch 14:  50%|█████     | 72/144 [00:02<00:02, 35.26it/s, v_num=80885, train_loss_step=0.0188, val_loss=0.0176, val_acc=0.994, train_loss_epoch=0.0132] Epoch 14:  51%|█████     | 73/144 [00:02<00:02, 35.31it/s, v_num=80885, train_loss_step=0.0188, val_loss=0.0176, val_acc=0.994, train_loss_epoch=0.0132]Epoch 14:  51%|█████     | 73/144 [00:02<00:02, 35.31it/s, v_num=80885, train_loss_step=0.00929, val_loss=0.0176, val_acc=0.994, train_loss_epoch=0.0132]Epoch 14:  51%|█████▏    | 74/144 [00:02<00:01, 35.36it/s, v_num=80885, train_loss_step=0.00929, val_loss=0.0176, val_acc=0.994, train_loss_epoch=0.0132]Epoch 14:  51%|█████▏    | 74/144 [00:02<00:01, 35.36it/s, v_num=80885, train_loss_step=0.00119, val_loss=0.0176, val_acc=0.994, train_loss_epoch=0.0132]Epoch 14:  52%|█████▏    | 75/144 [00:02<00:01, 35.35it/s, v_num=80885, train_loss_step=0.00119, val_loss=0.0176, val_acc=0.994, train_loss_epoch=0.0132]Epoch 14:  52%|█████▏    | 75/144 [00:02<00:01, 35.35it/s, v_num=80885, train_loss_step=0.0102, val_loss=0.0176, val_acc=0.994, train_loss_epoch=0.0132] Epoch 14:  53%|█████▎    | 76/144 [00:02<00:01, 35.39it/s, v_num=80885, train_loss_step=0.0102, val_loss=0.0176, val_acc=0.994, train_loss_epoch=0.0132]Epoch 14:  53%|█████▎    | 76/144 [00:02<00:01, 35.39it/s, v_num=80885, train_loss_step=0.0237, val_loss=0.0176, val_acc=0.994, train_loss_epoch=0.0132]Epoch 14:  53%|█████▎    | 77/144 [00:02<00:01, 35.42it/s, v_num=80885, train_loss_step=0.0237, val_loss=0.0176, val_acc=0.994, train_loss_epoch=0.0132]Epoch 14:  53%|█████▎    | 77/144 [00:02<00:01, 35.42it/s, v_num=80885, train_loss_step=0.0066, val_loss=0.0176, val_acc=0.994, train_loss_epoch=0.0132]Epoch 14:  54%|█████▍    | 78/144 [00:02<00:01, 35.47it/s, v_num=80885, train_loss_step=0.0066, val_loss=0.0176, val_acc=0.994, train_loss_epoch=0.0132]Epoch 14:  54%|█████▍    | 78/144 [00:02<00:01, 35.46it/s, v_num=80885, train_loss_step=0.00491, val_loss=0.0176, val_acc=0.994, train_loss_epoch=0.0132]Epoch 14:  55%|█████▍    | 79/144 [00:02<00:01, 35.45it/s, v_num=80885, train_loss_step=0.00491, val_loss=0.0176, val_acc=0.994, train_loss_epoch=0.0132]Epoch 14:  55%|█████▍    | 79/144 [00:02<00:01, 35.45it/s, v_num=80885, train_loss_step=0.0229, val_loss=0.0176, val_acc=0.994, train_loss_epoch=0.0132] Epoch 14:  56%|█████▌    | 80/144 [00:02<00:01, 35.49it/s, v_num=80885, train_loss_step=0.0229, val_loss=0.0176, val_acc=0.994, train_loss_epoch=0.0132]Epoch 14:  56%|█████▌    | 80/144 [00:02<00:01, 35.49it/s, v_num=80885, train_loss_step=0.0143, val_loss=0.0176, val_acc=0.994, train_loss_epoch=0.0132]Epoch 14:  56%|█████▋    | 81/144 [00:02<00:01, 35.50it/s, v_num=80885, train_loss_step=0.0143, val_loss=0.0176, val_acc=0.994, train_loss_epoch=0.0132]Epoch 14:  56%|█████▋    | 81/144 [00:02<00:01, 35.50it/s, v_num=80885, train_loss_step=0.0107, val_loss=0.0176, val_acc=0.994, train_loss_epoch=0.0132]Epoch 14:  57%|█████▋    | 82/144 [00:02<00:01, 35.52it/s, v_num=80885, train_loss_step=0.0107, val_loss=0.0176, val_acc=0.994, train_loss_epoch=0.0132]Epoch 14:  57%|█████▋    | 82/144 [00:02<00:01, 35.52it/s, v_num=80885, train_loss_step=0.00317, val_loss=0.0176, val_acc=0.994, train_loss_epoch=0.0132]Epoch 14:  58%|█████▊    | 83/144 [00:02<00:01, 35.42it/s, v_num=80885, train_loss_step=0.00317, val_loss=0.0176, val_acc=0.994, train_loss_epoch=0.0132]Epoch 14:  58%|█████▊    | 83/144 [00:02<00:01, 35.42it/s, v_num=80885, train_loss_step=0.0161, val_loss=0.0176, val_acc=0.994, train_loss_epoch=0.0132] Epoch 14:  58%|█████▊    | 84/144 [00:02<00:01, 35.44it/s, v_num=80885, train_loss_step=0.0161, val_loss=0.0176, val_acc=0.994, train_loss_epoch=0.0132]Epoch 14:  58%|█████▊    | 84/144 [00:02<00:01, 35.44it/s, v_num=80885, train_loss_step=0.0185, val_loss=0.0176, val_acc=0.994, train_loss_epoch=0.0132]Epoch 14:  59%|█████▉    | 85/144 [00:02<00:01, 35.46it/s, v_num=80885, train_loss_step=0.0185, val_loss=0.0176, val_acc=0.994, train_loss_epoch=0.0132]Epoch 14:  59%|█████▉    | 85/144 [00:02<00:01, 35.45it/s, v_num=80885, train_loss_step=0.0183, val_loss=0.0176, val_acc=0.994, train_loss_epoch=0.0132]Epoch 14:  60%|█████▉    | 86/144 [00:02<00:01, 35.48it/s, v_num=80885, train_loss_step=0.0183, val_loss=0.0176, val_acc=0.994, train_loss_epoch=0.0132]Epoch 14:  60%|█████▉    | 86/144 [00:02<00:01, 35.48it/s, v_num=80885, train_loss_step=0.00935, val_loss=0.0176, val_acc=0.994, train_loss_epoch=0.0132]Epoch 14:  60%|██████    | 87/144 [00:02<00:01, 35.46it/s, v_num=80885, train_loss_step=0.00935, val_loss=0.0176, val_acc=0.994, train_loss_epoch=0.0132]Epoch 14:  60%|██████    | 87/144 [00:02<00:01, 35.45it/s, v_num=80885, train_loss_step=0.0363, val_loss=0.0176, val_acc=0.994, train_loss_epoch=0.0132] Epoch 14:  61%|██████    | 88/144 [00:02<00:01, 35.48it/s, v_num=80885, train_loss_step=0.0363, val_loss=0.0176, val_acc=0.994, train_loss_epoch=0.0132]Epoch 14:  61%|██████    | 88/144 [00:02<00:01, 35.48it/s, v_num=80885, train_loss_step=0.0212, val_loss=0.0176, val_acc=0.994, train_loss_epoch=0.0132]Epoch 14:  62%|██████▏   | 89/144 [00:02<00:01, 35.48it/s, v_num=80885, train_loss_step=0.0212, val_loss=0.0176, val_acc=0.994, train_loss_epoch=0.0132]Epoch 14:  62%|██████▏   | 89/144 [00:02<00:01, 35.48it/s, v_num=80885, train_loss_step=0.0105, val_loss=0.0176, val_acc=0.994, train_loss_epoch=0.0132]Epoch 14:  62%|██████▎   | 90/144 [00:02<00:01, 35.49it/s, v_num=80885, train_loss_step=0.0105, val_loss=0.0176, val_acc=0.994, train_loss_epoch=0.0132]Epoch 14:  62%|██████▎   | 90/144 [00:02<00:01, 35.49it/s, v_num=80885, train_loss_step=0.0159, val_loss=0.0176, val_acc=0.994, train_loss_epoch=0.0132]Epoch 14:  63%|██████▎   | 91/144 [00:02<00:01, 35.50it/s, v_num=80885, train_loss_step=0.0159, val_loss=0.0176, val_acc=0.994, train_loss_epoch=0.0132]Epoch 14:  63%|██████▎   | 91/144 [00:02<00:01, 35.49it/s, v_num=80885, train_loss_step=0.0215, val_loss=0.0176, val_acc=0.994, train_loss_epoch=0.0132]Epoch 14:  64%|██████▍   | 92/144 [00:02<00:01, 35.51it/s, v_num=80885, train_loss_step=0.0215, val_loss=0.0176, val_acc=0.994, train_loss_epoch=0.0132]Epoch 14:  64%|██████▍   | 92/144 [00:02<00:01, 35.51it/s, v_num=80885, train_loss_step=0.00805, val_loss=0.0176, val_acc=0.994, train_loss_epoch=0.0132]Epoch 14:  65%|██████▍   | 93/144 [00:02<00:01, 35.55it/s, v_num=80885, train_loss_step=0.00805, val_loss=0.0176, val_acc=0.994, train_loss_epoch=0.0132]Epoch 14:  65%|██████▍   | 93/144 [00:02<00:01, 35.54it/s, v_num=80885, train_loss_step=0.0145, val_loss=0.0176, val_acc=0.994, train_loss_epoch=0.0132] Epoch 14:  65%|██████▌   | 94/144 [00:02<00:01, 35.57it/s, v_num=80885, train_loss_step=0.0145, val_loss=0.0176, val_acc=0.994, train_loss_epoch=0.0132]Epoch 14:  65%|██████▌   | 94/144 [00:02<00:01, 35.57it/s, v_num=80885, train_loss_step=0.0216, val_loss=0.0176, val_acc=0.994, train_loss_epoch=0.0132]Epoch 14:  66%|██████▌   | 95/144 [00:02<00:01, 35.55it/s, v_num=80885, train_loss_step=0.0216, val_loss=0.0176, val_acc=0.994, train_loss_epoch=0.0132]Epoch 14:  66%|██████▌   | 95/144 [00:02<00:01, 35.55it/s, v_num=80885, train_loss_step=0.0331, val_loss=0.0176, val_acc=0.994, train_loss_epoch=0.0132]Epoch 14:  67%|██████▋   | 96/144 [00:02<00:01, 35.57it/s, v_num=80885, train_loss_step=0.0331, val_loss=0.0176, val_acc=0.994, train_loss_epoch=0.0132]Epoch 14:  67%|██████▋   | 96/144 [00:02<00:01, 35.57it/s, v_num=80885, train_loss_step=0.0109, val_loss=0.0176, val_acc=0.994, train_loss_epoch=0.0132]Epoch 14:  67%|██████▋   | 97/144 [00:02<00:01, 35.61it/s, v_num=80885, train_loss_step=0.0109, val_loss=0.0176, val_acc=0.994, train_loss_epoch=0.0132]Epoch 14:  67%|██████▋   | 97/144 [00:02<00:01, 35.61it/s, v_num=80885, train_loss_step=0.00455, val_loss=0.0176, val_acc=0.994, train_loss_epoch=0.0132]Epoch 14:  68%|██████▊   | 98/144 [00:02<00:01, 35.64it/s, v_num=80885, train_loss_step=0.00455, val_loss=0.0176, val_acc=0.994, train_loss_epoch=0.0132]Epoch 14:  68%|██████▊   | 98/144 [00:02<00:01, 35.64it/s, v_num=80885, train_loss_step=0.0222, val_loss=0.0176, val_acc=0.994, train_loss_epoch=0.0132] Epoch 14:  69%|██████▉   | 99/144 [00:02<00:01, 35.59it/s, v_num=80885, train_loss_step=0.0222, val_loss=0.0176, val_acc=0.994, train_loss_epoch=0.0132]Epoch 14:  69%|██████▉   | 99/144 [00:02<00:01, 35.59it/s, v_num=80885, train_loss_step=0.0115, val_loss=0.0176, val_acc=0.994, train_loss_epoch=0.0132]Epoch 14:  69%|██████▉   | 100/144 [00:02<00:01, 35.62it/s, v_num=80885, train_loss_step=0.0115, val_loss=0.0176, val_acc=0.994, train_loss_epoch=0.0132]Epoch 14:  69%|██████▉   | 100/144 [00:02<00:01, 35.62it/s, v_num=80885, train_loss_step=0.00913, val_loss=0.0176, val_acc=0.994, train_loss_epoch=0.0132]Epoch 14:  70%|███████   | 101/144 [00:02<00:01, 35.65it/s, v_num=80885, train_loss_step=0.00913, val_loss=0.0176, val_acc=0.994, train_loss_epoch=0.0132]Epoch 14:  70%|███████   | 101/144 [00:02<00:01, 35.65it/s, v_num=80885, train_loss_step=0.0124, val_loss=0.0176, val_acc=0.994, train_loss_epoch=0.0132] Epoch 14:  71%|███████   | 102/144 [00:02<00:01, 35.69it/s, v_num=80885, train_loss_step=0.0124, val_loss=0.0176, val_acc=0.994, train_loss_epoch=0.0132]Epoch 14:  71%|███████   | 102/144 [00:02<00:01, 35.69it/s, v_num=80885, train_loss_step=0.0116, val_loss=0.0176, val_acc=0.994, train_loss_epoch=0.0132]Epoch 14:  72%|███████▏  | 103/144 [00:02<00:01, 35.69it/s, v_num=80885, train_loss_step=0.0116, val_loss=0.0176, val_acc=0.994, train_loss_epoch=0.0132]Epoch 14:  72%|███████▏  | 103/144 [00:02<00:01, 35.69it/s, v_num=80885, train_loss_step=0.0118, val_loss=0.0176, val_acc=0.994, train_loss_epoch=0.0132]Epoch 14:  72%|███████▏  | 104/144 [00:02<00:01, 35.72it/s, v_num=80885, train_loss_step=0.0118, val_loss=0.0176, val_acc=0.994, train_loss_epoch=0.0132]Epoch 14:  72%|███████▏  | 104/144 [00:02<00:01, 35.72it/s, v_num=80885, train_loss_step=0.00233, val_loss=0.0176, val_acc=0.994, train_loss_epoch=0.0132]Epoch 14:  73%|███████▎  | 105/144 [00:02<00:01, 35.74it/s, v_num=80885, train_loss_step=0.00233, val_loss=0.0176, val_acc=0.994, train_loss_epoch=0.0132]Epoch 14:  73%|███████▎  | 105/144 [00:02<00:01, 35.74it/s, v_num=80885, train_loss_step=0.00752, val_loss=0.0176, val_acc=0.994, train_loss_epoch=0.0132]Epoch 14:  74%|███████▎  | 106/144 [00:02<00:01, 35.77it/s, v_num=80885, train_loss_step=0.00752, val_loss=0.0176, val_acc=0.994, train_loss_epoch=0.0132]Epoch 14:  74%|███████▎  | 106/144 [00:02<00:01, 35.77it/s, v_num=80885, train_loss_step=0.0124, val_loss=0.0176, val_acc=0.994, train_loss_epoch=0.0132] Epoch 14:  74%|███████▍  | 107/144 [00:02<00:01, 35.76it/s, v_num=80885, train_loss_step=0.0124, val_loss=0.0176, val_acc=0.994, train_loss_epoch=0.0132]Epoch 14:  74%|███████▍  | 107/144 [00:02<00:01, 35.76it/s, v_num=80885, train_loss_step=0.00448, val_loss=0.0176, val_acc=0.994, train_loss_epoch=0.0132]Epoch 14:  75%|███████▌  | 108/144 [00:03<00:01, 35.81it/s, v_num=80885, train_loss_step=0.00448, val_loss=0.0176, val_acc=0.994, train_loss_epoch=0.0132]Epoch 14:  75%|███████▌  | 108/144 [00:03<00:01, 35.81it/s, v_num=80885, train_loss_step=0.00396, val_loss=0.0176, val_acc=0.994, train_loss_epoch=0.0132]Epoch 14:  76%|███████▌  | 109/144 [00:03<00:00, 35.85it/s, v_num=80885, train_loss_step=0.00396, val_loss=0.0176, val_acc=0.994, train_loss_epoch=0.0132]Epoch 14:  76%|███████▌  | 109/144 [00:03<00:00, 35.85it/s, v_num=80885, train_loss_step=0.00548, val_loss=0.0176, val_acc=0.994, train_loss_epoch=0.0132]Epoch 14:  76%|███████▋  | 110/144 [00:03<00:00, 35.89it/s, v_num=80885, train_loss_step=0.00548, val_loss=0.0176, val_acc=0.994, train_loss_epoch=0.0132]Epoch 14:  76%|███████▋  | 110/144 [00:03<00:00, 35.89it/s, v_num=80885, train_loss_step=0.00571, val_loss=0.0176, val_acc=0.994, train_loss_epoch=0.0132]Epoch 14:  77%|███████▋  | 111/144 [00:03<00:00, 35.91it/s, v_num=80885, train_loss_step=0.00571, val_loss=0.0176, val_acc=0.994, train_loss_epoch=0.0132]Epoch 14:  77%|███████▋  | 111/144 [00:03<00:00, 35.91it/s, v_num=80885, train_loss_step=0.0104, val_loss=0.0176, val_acc=0.994, train_loss_epoch=0.0132] Epoch 14:  78%|███████▊  | 112/144 [00:03<00:00, 35.89it/s, v_num=80885, train_loss_step=0.0104, val_loss=0.0176, val_acc=0.994, train_loss_epoch=0.0132]Epoch 14:  78%|███████▊  | 112/144 [00:03<00:00, 35.89it/s, v_num=80885, train_loss_step=0.0145, val_loss=0.0176, val_acc=0.994, train_loss_epoch=0.0132]Epoch 14:  78%|███████▊  | 113/144 [00:03<00:00, 35.93it/s, v_num=80885, train_loss_step=0.0145, val_loss=0.0176, val_acc=0.994, train_loss_epoch=0.0132]Epoch 14:  78%|███████▊  | 113/144 [00:03<00:00, 35.93it/s, v_num=80885, train_loss_step=0.00462, val_loss=0.0176, val_acc=0.994, train_loss_epoch=0.0132]Epoch 14:  79%|███████▉  | 114/144 [00:03<00:00, 35.96it/s, v_num=80885, train_loss_step=0.00462, val_loss=0.0176, val_acc=0.994, train_loss_epoch=0.0132]Epoch 14:  79%|███████▉  | 114/144 [00:03<00:00, 35.96it/s, v_num=80885, train_loss_step=0.00465, val_loss=0.0176, val_acc=0.994, train_loss_epoch=0.0132]Epoch 14:  80%|███████▉  | 115/144 [00:03<00:00, 36.00it/s, v_num=80885, train_loss_step=0.00465, val_loss=0.0176, val_acc=0.994, train_loss_epoch=0.0132]Epoch 14:  80%|███████▉  | 115/144 [00:03<00:00, 36.00it/s, v_num=80885, train_loss_step=0.015, val_loss=0.0176, val_acc=0.994, train_loss_epoch=0.0132]  Epoch 14:  81%|████████  | 116/144 [00:03<00:00, 35.99it/s, v_num=80885, train_loss_step=0.015, val_loss=0.0176, val_acc=0.994, train_loss_epoch=0.0132]Epoch 14:  81%|████████  | 116/144 [00:03<00:00, 35.99it/s, v_num=80885, train_loss_step=0.0105, val_loss=0.0176, val_acc=0.994, train_loss_epoch=0.0132]Epoch 14:  81%|████████▏ | 117/144 [00:03<00:00, 36.04it/s, v_num=80885, train_loss_step=0.0105, val_loss=0.0176, val_acc=0.994, train_loss_epoch=0.0132]Epoch 14:  81%|████████▏ | 117/144 [00:03<00:00, 36.04it/s, v_num=80885, train_loss_step=0.00284, val_loss=0.0176, val_acc=0.994, train_loss_epoch=0.0132]Epoch 14:  82%|████████▏ | 118/144 [00:03<00:00, 36.07it/s, v_num=80885, train_loss_step=0.00284, val_loss=0.0176, val_acc=0.994, train_loss_epoch=0.0132]Epoch 14:  82%|████████▏ | 118/144 [00:03<00:00, 36.07it/s, v_num=80885, train_loss_step=0.00131, val_loss=0.0176, val_acc=0.994, train_loss_epoch=0.0132]Epoch 14:  83%|████████▎ | 119/144 [00:03<00:00, 36.10it/s, v_num=80885, train_loss_step=0.00131, val_loss=0.0176, val_acc=0.994, train_loss_epoch=0.0132]Epoch 14:  83%|████████▎ | 119/144 [00:03<00:00, 36.10it/s, v_num=80885, train_loss_step=0.0138, val_loss=0.0176, val_acc=0.994, train_loss_epoch=0.0132] Epoch 14:  83%|████████▎ | 120/144 [00:03<00:00, 36.10it/s, v_num=80885, train_loss_step=0.0138, val_loss=0.0176, val_acc=0.994, train_loss_epoch=0.0132]Epoch 14:  83%|████████▎ | 120/144 [00:03<00:00, 36.10it/s, v_num=80885, train_loss_step=0.00182, val_loss=0.0176, val_acc=0.994, train_loss_epoch=0.0132]Epoch 14:  84%|████████▍ | 121/144 [00:03<00:00, 36.05it/s, v_num=80885, train_loss_step=0.00182, val_loss=0.0176, val_acc=0.994, train_loss_epoch=0.0132]Epoch 14:  84%|████████▍ | 121/144 [00:03<00:00, 36.04it/s, v_num=80885, train_loss_step=0.0196, val_loss=0.0176, val_acc=0.994, train_loss_epoch=0.0132] Epoch 14:  85%|████████▍ | 122/144 [00:03<00:00, 36.08it/s, v_num=80885, train_loss_step=0.0196, val_loss=0.0176, val_acc=0.994, train_loss_epoch=0.0132]Epoch 14:  85%|████████▍ | 122/144 [00:03<00:00, 36.07it/s, v_num=80885, train_loss_step=0.0188, val_loss=0.0176, val_acc=0.994, train_loss_epoch=0.0132]Epoch 14:  85%|████████▌ | 123/144 [00:03<00:00, 36.10it/s, v_num=80885, train_loss_step=0.0188, val_loss=0.0176, val_acc=0.994, train_loss_epoch=0.0132]Epoch 14:  85%|████████▌ | 123/144 [00:03<00:00, 36.10it/s, v_num=80885, train_loss_step=0.00168, val_loss=0.0176, val_acc=0.994, train_loss_epoch=0.0132]Epoch 14:  86%|████████▌ | 124/144 [00:03<00:00, 36.14it/s, v_num=80885, train_loss_step=0.00168, val_loss=0.0176, val_acc=0.994, train_loss_epoch=0.0132]Epoch 14:  86%|████████▌ | 124/144 [00:03<00:00, 36.14it/s, v_num=80885, train_loss_step=0.0117, val_loss=0.0176, val_acc=0.994, train_loss_epoch=0.0132] Epoch 14:  87%|████████▋ | 125/144 [00:03<00:00, 36.14it/s, v_num=80885, train_loss_step=0.0117, val_loss=0.0176, val_acc=0.994, train_loss_epoch=0.0132]Epoch 14:  87%|████████▋ | 125/144 [00:03<00:00, 36.14it/s, v_num=80885, train_loss_step=0.0362, val_loss=0.0176, val_acc=0.994, train_loss_epoch=0.0132]Epoch 14:  88%|████████▊ | 126/144 [00:03<00:00, 36.17it/s, v_num=80885, train_loss_step=0.0362, val_loss=0.0176, val_acc=0.994, train_loss_epoch=0.0132]Epoch 14:  88%|████████▊ | 126/144 [00:03<00:00, 36.17it/s, v_num=80885, train_loss_step=0.0172, val_loss=0.0176, val_acc=0.994, train_loss_epoch=0.0132]Epoch 14:  88%|████████▊ | 127/144 [00:03<00:00, 36.21it/s, v_num=80885, train_loss_step=0.0172, val_loss=0.0176, val_acc=0.994, train_loss_epoch=0.0132]Epoch 14:  88%|████████▊ | 127/144 [00:03<00:00, 36.21it/s, v_num=80885, train_loss_step=0.00566, val_loss=0.0176, val_acc=0.994, train_loss_epoch=0.0132]Epoch 14:  89%|████████▉ | 128/144 [00:03<00:00, 36.24it/s, v_num=80885, train_loss_step=0.00566, val_loss=0.0176, val_acc=0.994, train_loss_epoch=0.0132]Epoch 14:  89%|████████▉ | 128/144 [00:03<00:00, 36.24it/s, v_num=80885, train_loss_step=0.0243, val_loss=0.0176, val_acc=0.994, train_loss_epoch=0.0132] Epoch 14:  90%|████████▉ | 129/144 [00:03<00:00, 36.25it/s, v_num=80885, train_loss_step=0.0243, val_loss=0.0176, val_acc=0.994, train_loss_epoch=0.0132]Epoch 14:  90%|████████▉ | 129/144 [00:03<00:00, 36.25it/s, v_num=80885, train_loss_step=0.0105, val_loss=0.0176, val_acc=0.994, train_loss_epoch=0.0132]Epoch 14:  90%|█████████ | 130/144 [00:03<00:00, 36.20it/s, v_num=80885, train_loss_step=0.0105, val_loss=0.0176, val_acc=0.994, train_loss_epoch=0.0132]Epoch 14:  90%|█████████ | 130/144 [00:03<00:00, 36.20it/s, v_num=80885, train_loss_step=0.0145, val_loss=0.0176, val_acc=0.994, train_loss_epoch=0.0132]Epoch 14:  91%|█████████ | 131/144 [00:03<00:00, 36.23it/s, v_num=80885, train_loss_step=0.0145, val_loss=0.0176, val_acc=0.994, train_loss_epoch=0.0132]Epoch 14:  91%|█████████ | 131/144 [00:03<00:00, 36.23it/s, v_num=80885, train_loss_step=0.0408, val_loss=0.0176, val_acc=0.994, train_loss_epoch=0.0132]Epoch 14:  92%|█████████▏| 132/144 [00:03<00:00, 36.27it/s, v_num=80885, train_loss_step=0.0408, val_loss=0.0176, val_acc=0.994, train_loss_epoch=0.0132]Epoch 14:  92%|█████████▏| 132/144 [00:03<00:00, 36.27it/s, v_num=80885, train_loss_step=0.0211, val_loss=0.0176, val_acc=0.994, train_loss_epoch=0.0132]Epoch 14:  92%|█████████▏| 133/144 [00:03<00:00, 36.29it/s, v_num=80885, train_loss_step=0.0211, val_loss=0.0176, val_acc=0.994, train_loss_epoch=0.0132]Epoch 14:  92%|█████████▏| 133/144 [00:03<00:00, 36.28it/s, v_num=80885, train_loss_step=0.00372, val_loss=0.0176, val_acc=0.994, train_loss_epoch=0.0132]Epoch 14:  93%|█████████▎| 134/144 [00:03<00:00, 36.27it/s, v_num=80885, train_loss_step=0.00372, val_loss=0.0176, val_acc=0.994, train_loss_epoch=0.0132]Epoch 14:  93%|█████████▎| 134/144 [00:03<00:00, 36.27it/s, v_num=80885, train_loss_step=0.0167, val_loss=0.0176, val_acc=0.994, train_loss_epoch=0.0132] Epoch 14:  94%|█████████▍| 135/144 [00:03<00:00, 36.22it/s, v_num=80885, train_loss_step=0.0167, val_loss=0.0176, val_acc=0.994, train_loss_epoch=0.0132]Epoch 14:  94%|█████████▍| 135/144 [00:03<00:00, 36.22it/s, v_num=80885, train_loss_step=0.0198, val_loss=0.0176, val_acc=0.994, train_loss_epoch=0.0132]Epoch 14:  94%|█████████▍| 136/144 [00:03<00:00, 36.25it/s, v_num=80885, train_loss_step=0.0198, val_loss=0.0176, val_acc=0.994, train_loss_epoch=0.0132]Epoch 14:  94%|█████████▍| 136/144 [00:03<00:00, 36.24it/s, v_num=80885, train_loss_step=0.00584, val_loss=0.0176, val_acc=0.994, train_loss_epoch=0.0132]Epoch 14:  95%|█████████▌| 137/144 [00:03<00:00, 36.26it/s, v_num=80885, train_loss_step=0.00584, val_loss=0.0176, val_acc=0.994, train_loss_epoch=0.0132]Epoch 14:  95%|█████████▌| 137/144 [00:03<00:00, 36.26it/s, v_num=80885, train_loss_step=0.0355, val_loss=0.0176, val_acc=0.994, train_loss_epoch=0.0132] Epoch 14:  96%|█████████▌| 138/144 [00:03<00:00, 36.28it/s, v_num=80885, train_loss_step=0.0355, val_loss=0.0176, val_acc=0.994, train_loss_epoch=0.0132]Epoch 14:  96%|█████████▌| 138/144 [00:03<00:00, 36.28it/s, v_num=80885, train_loss_step=0.00799, val_loss=0.0176, val_acc=0.994, train_loss_epoch=0.0132]Epoch 14:  97%|█████████▋| 139/144 [00:03<00:00, 36.25it/s, v_num=80885, train_loss_step=0.00799, val_loss=0.0176, val_acc=0.994, train_loss_epoch=0.0132]Epoch 14:  97%|█████████▋| 139/144 [00:03<00:00, 36.24it/s, v_num=80885, train_loss_step=0.00859, val_loss=0.0176, val_acc=0.994, train_loss_epoch=0.0132]Epoch 14:  97%|█████████▋| 140/144 [00:03<00:00, 36.28it/s, v_num=80885, train_loss_step=0.00859, val_loss=0.0176, val_acc=0.994, train_loss_epoch=0.0132]Epoch 14:  97%|█████████▋| 140/144 [00:03<00:00, 36.27it/s, v_num=80885, train_loss_step=0.00779, val_loss=0.0176, val_acc=0.994, train_loss_epoch=0.0132]Epoch 14:  98%|█████████▊| 141/144 [00:03<00:00, 36.27it/s, v_num=80885, train_loss_step=0.00779, val_loss=0.0176, val_acc=0.994, train_loss_epoch=0.0132]Epoch 14:  98%|█████████▊| 141/144 [00:03<00:00, 36.27it/s, v_num=80885, train_loss_step=0.0183, val_loss=0.0176, val_acc=0.994, train_loss_epoch=0.0132] Epoch 14:  99%|█████████▊| 142/144 [00:03<00:00, 36.28it/s, v_num=80885, train_loss_step=0.0183, val_loss=0.0176, val_acc=0.994, train_loss_epoch=0.0132]Epoch 14:  99%|█████████▊| 142/144 [00:03<00:00, 36.28it/s, v_num=80885, train_loss_step=0.0598, val_loss=0.0176, val_acc=0.994, train_loss_epoch=0.0132]Epoch 14:  99%|█████████▉| 143/144 [00:03<00:00, 36.27it/s, v_num=80885, train_loss_step=0.0598, val_loss=0.0176, val_acc=0.994, train_loss_epoch=0.0132]Epoch 14:  99%|█████████▉| 143/144 [00:03<00:00, 36.26it/s, v_num=80885, train_loss_step=0.0175, val_loss=0.0176, val_acc=0.994, train_loss_epoch=0.0132]Epoch 14: 100%|██████████| 144/144 [00:03<00:00, 36.29it/s, v_num=80885, train_loss_step=0.0175, val_loss=0.0176, val_acc=0.994, train_loss_epoch=0.0132]Epoch 14: 100%|██████████| 144/144 [00:03<00:00, 36.29it/s, v_num=80885, train_loss_step=0.00705, val_loss=0.0176, val_acc=0.994, train_loss_epoch=0.0132]
Validation: |          | 0/? [00:00<?, ?it/s][A
Validation:   0%|          | 0/14 [00:00<?, ?it/s][A
Validation DataLoader 0:   0%|          | 0/14 [00:00<?, ?it/s][A
Validation DataLoader 0:   7%|▋         | 1/14 [00:00<00:00, 119.27it/s][A
Validation DataLoader 0:  14%|█▍        | 2/14 [00:00<00:00, 76.65it/s] [A
Validation DataLoader 0:  21%|██▏       | 3/14 [00:00<00:00, 83.12it/s][A
Validation DataLoader 0:  29%|██▊       | 4/14 [00:00<00:00, 86.96it/s][A
Validation DataLoader 0:  36%|███▌      | 5/14 [00:00<00:00, 84.27it/s][A
Validation DataLoader 0:  43%|████▎     | 6/14 [00:00<00:00, 80.85it/s][A
Validation DataLoader 0:  50%|█████     | 7/14 [00:00<00:00, 79.52it/s][A
Validation DataLoader 0:  57%|█████▋    | 8/14 [00:00<00:00, 81.36it/s][A
Validation DataLoader 0:  64%|██████▍   | 9/14 [00:00<00:00, 82.87it/s][A
Validation DataLoader 0:  71%|███████▏  | 10/14 [00:00<00:00, 84.44it/s][A
Validation DataLoader 0:  79%|███████▊  | 11/14 [00:00<00:00, 85.78it/s][A
Validation DataLoader 0:  86%|████████▌ | 12/14 [00:00<00:00, 86.94it/s][A
Validation DataLoader 0:  93%|█████████▎| 13/14 [00:00<00:00, 87.93it/s][A
Validation DataLoader 0: 100%|██████████| 14/14 [00:00<00:00, 88.83it/s][A
                                                                        [AEpoch 14: 100%|██████████| 144/144 [00:04<00:00, 34.74it/s, v_num=80885, train_loss_step=0.00705, val_loss=0.0256, val_acc=0.991, train_loss_epoch=0.0132]Epoch 14: 100%|██████████| 144/144 [00:04<00:00, 34.73it/s, v_num=80885, train_loss_step=0.00705, val_loss=0.0256, val_acc=0.991, train_loss_epoch=0.0133][2025-09-11 12:54:26,368] [INFO] [logging.py:107:log_dist] [Rank 0] [Torch] Checkpoint checkpoint is begin to save!
[2025-09-11 12:54:26,371] [INFO] [logging.py:107:log_dist] [Rank 0] Saving model checkpoint: deepspeed_logs/lightning_logs/version_80885/checkpoints/deepspeed-epoch=14-val_acc=0.99.ckpt/checkpoint/zero_pp_rank_0_mp_rank_00_model_states.pt
Epoch 14:   0%|          | 0/144 [00:00<?, ?it/s, v_num=80885, train_loss_step=0.00705, val_loss=0.0256, val_acc=0.991, train_loss_epoch=0.0133]          Epoch 15:   0%|          | 0/144 [00:00<?, ?it/s, v_num=80885, train_loss_step=0.00705, val_loss=0.0256, val_acc=0.991, train_loss_epoch=0.0133]Epoch 15:   1%|          | 1/144 [00:00<00:10, 13.65it/s, v_num=80885, train_loss_step=0.00705, val_loss=0.0256, val_acc=0.991, train_loss_epoch=0.0133]Epoch 15:   1%|          | 1/144 [00:00<00:10, 13.61it/s, v_num=80885, train_loss_step=0.0113, val_loss=0.0256, val_acc=0.991, train_loss_epoch=0.0133] Epoch 15:   1%|▏         | 2/144 [00:00<00:07, 19.76it/s, v_num=80885, train_loss_step=0.0113, val_loss=0.0256, val_acc=0.991, train_loss_epoch=0.0133]Epoch 15:   1%|▏         | 2/144 [00:00<00:07, 19.73it/s, v_num=80885, train_loss_step=0.0415, val_loss=0.0256, val_acc=0.991, train_loss_epoch=0.0133]Epoch 15:   2%|▏         | 3/144 [00:00<00:06, 22.85it/s, v_num=80885, train_loss_step=0.0415, val_loss=0.0256, val_acc=0.991, train_loss_epoch=0.0133]Epoch 15:   2%|▏         | 3/144 [00:00<00:06, 22.82it/s, v_num=80885, train_loss_step=0.0113, val_loss=0.0256, val_acc=0.991, train_loss_epoch=0.0133]Epoch 15:   3%|▎         | 4/144 [00:00<00:05, 25.37it/s, v_num=80885, train_loss_step=0.0113, val_loss=0.0256, val_acc=0.991, train_loss_epoch=0.0133]Epoch 15:   3%|▎         | 4/144 [00:00<00:05, 25.35it/s, v_num=80885, train_loss_step=0.0139, val_loss=0.0256, val_acc=0.991, train_loss_epoch=0.0133]Epoch 15:   3%|▎         | 5/144 [00:00<00:05, 27.07it/s, v_num=80885, train_loss_step=0.0139, val_loss=0.0256, val_acc=0.991, train_loss_epoch=0.0133]Epoch 15:   3%|▎         | 5/144 [00:00<00:05, 27.05it/s, v_num=80885, train_loss_step=0.0144, val_loss=0.0256, val_acc=0.991, train_loss_epoch=0.0133]Epoch 15:   4%|▍         | 6/144 [00:00<00:04, 28.47it/s, v_num=80885, train_loss_step=0.0144, val_loss=0.0256, val_acc=0.991, train_loss_epoch=0.0133]Epoch 15:   4%|▍         | 6/144 [00:00<00:04, 28.44it/s, v_num=80885, train_loss_step=0.0159, val_loss=0.0256, val_acc=0.991, train_loss_epoch=0.0133]Epoch 15:   5%|▍         | 7/144 [00:00<00:04, 29.19it/s, v_num=80885, train_loss_step=0.0159, val_loss=0.0256, val_acc=0.991, train_loss_epoch=0.0133]Epoch 15:   5%|▍         | 7/144 [00:00<00:04, 29.17it/s, v_num=80885, train_loss_step=0.0313, val_loss=0.0256, val_acc=0.991, train_loss_epoch=0.0133]Epoch 15:   6%|▌         | 8/144 [00:00<00:04, 29.93it/s, v_num=80885, train_loss_step=0.0313, val_loss=0.0256, val_acc=0.991, train_loss_epoch=0.0133]Epoch 15:   6%|▌         | 8/144 [00:00<00:04, 29.91it/s, v_num=80885, train_loss_step=0.027, val_loss=0.0256, val_acc=0.991, train_loss_epoch=0.0133] Epoch 15:   6%|▋         | 9/144 [00:00<00:04, 30.63it/s, v_num=80885, train_loss_step=0.027, val_loss=0.0256, val_acc=0.991, train_loss_epoch=0.0133]Epoch 15:   6%|▋         | 9/144 [00:00<00:04, 30.62it/s, v_num=80885, train_loss_step=0.00585, val_loss=0.0256, val_acc=0.991, train_loss_epoch=0.0133]Epoch 15:   7%|▋         | 10/144 [00:00<00:04, 31.18it/s, v_num=80885, train_loss_step=0.00585, val_loss=0.0256, val_acc=0.991, train_loss_epoch=0.0133]Epoch 15:   7%|▋         | 10/144 [00:00<00:04, 31.17it/s, v_num=80885, train_loss_step=0.00535, val_loss=0.0256, val_acc=0.991, train_loss_epoch=0.0133]Epoch 15:   8%|▊         | 11/144 [00:00<00:04, 31.34it/s, v_num=80885, train_loss_step=0.00535, val_loss=0.0256, val_acc=0.991, train_loss_epoch=0.0133]Epoch 15:   8%|▊         | 11/144 [00:00<00:04, 31.33it/s, v_num=80885, train_loss_step=0.0298, val_loss=0.0256, val_acc=0.991, train_loss_epoch=0.0133] Epoch 15:   8%|▊         | 12/144 [00:00<00:04, 31.76it/s, v_num=80885, train_loss_step=0.0298, val_loss=0.0256, val_acc=0.991, train_loss_epoch=0.0133]Epoch 15:   8%|▊         | 12/144 [00:00<00:04, 31.74it/s, v_num=80885, train_loss_step=0.0217, val_loss=0.0256, val_acc=0.991, train_loss_epoch=0.0133]Epoch 15:   9%|▉         | 13/144 [00:00<00:04, 32.15it/s, v_num=80885, train_loss_step=0.0217, val_loss=0.0256, val_acc=0.991, train_loss_epoch=0.0133]Epoch 15:   9%|▉         | 13/144 [00:00<00:04, 32.13it/s, v_num=80885, train_loss_step=0.0415, val_loss=0.0256, val_acc=0.991, train_loss_epoch=0.0133]Epoch 15:  10%|▉         | 14/144 [00:00<00:03, 32.55it/s, v_num=80885, train_loss_step=0.0415, val_loss=0.0256, val_acc=0.991, train_loss_epoch=0.0133]Epoch 15:  10%|▉         | 14/144 [00:00<00:03, 32.53it/s, v_num=80885, train_loss_step=0.0217, val_loss=0.0256, val_acc=0.991, train_loss_epoch=0.0133]Epoch 15:  10%|█         | 15/144 [00:00<00:03, 32.68it/s, v_num=80885, train_loss_step=0.0217, val_loss=0.0256, val_acc=0.991, train_loss_epoch=0.0133]Epoch 15:  10%|█         | 15/144 [00:00<00:03, 32.67it/s, v_num=80885, train_loss_step=0.00784, val_loss=0.0256, val_acc=0.991, train_loss_epoch=0.0133]Epoch 15:  11%|█         | 16/144 [00:00<00:03, 32.99it/s, v_num=80885, train_loss_step=0.00784, val_loss=0.0256, val_acc=0.991, train_loss_epoch=0.0133]Epoch 15:  11%|█         | 16/144 [00:00<00:03, 32.98it/s, v_num=80885, train_loss_step=0.00285, val_loss=0.0256, val_acc=0.991, train_loss_epoch=0.0133]Epoch 15:  12%|█▏        | 17/144 [00:00<00:03, 33.31it/s, v_num=80885, train_loss_step=0.00285, val_loss=0.0256, val_acc=0.991, train_loss_epoch=0.0133]Epoch 15:  12%|█▏        | 17/144 [00:00<00:03, 33.29it/s, v_num=80885, train_loss_step=0.0213, val_loss=0.0256, val_acc=0.991, train_loss_epoch=0.0133] Epoch 15:  12%|█▎        | 18/144 [00:00<00:03, 33.56it/s, v_num=80885, train_loss_step=0.0213, val_loss=0.0256, val_acc=0.991, train_loss_epoch=0.0133]Epoch 15:  12%|█▎        | 18/144 [00:00<00:03, 33.55it/s, v_num=80885, train_loss_step=0.026, val_loss=0.0256, val_acc=0.991, train_loss_epoch=0.0133] Epoch 15:  13%|█▎        | 19/144 [00:00<00:03, 33.62it/s, v_num=80885, train_loss_step=0.026, val_loss=0.0256, val_acc=0.991, train_loss_epoch=0.0133]Epoch 15:  13%|█▎        | 19/144 [00:00<00:03, 33.61it/s, v_num=80885, train_loss_step=0.00604, val_loss=0.0256, val_acc=0.991, train_loss_epoch=0.0133]Epoch 15:  14%|█▍        | 20/144 [00:00<00:03, 33.84it/s, v_num=80885, train_loss_step=0.00604, val_loss=0.0256, val_acc=0.991, train_loss_epoch=0.0133]Epoch 15:  14%|█▍        | 20/144 [00:00<00:03, 33.83it/s, v_num=80885, train_loss_step=0.0474, val_loss=0.0256, val_acc=0.991, train_loss_epoch=0.0133] Epoch 15:  15%|█▍        | 21/144 [00:00<00:03, 33.99it/s, v_num=80885, train_loss_step=0.0474, val_loss=0.0256, val_acc=0.991, train_loss_epoch=0.0133]Epoch 15:  15%|█▍        | 21/144 [00:00<00:03, 33.98it/s, v_num=80885, train_loss_step=0.0077, val_loss=0.0256, val_acc=0.991, train_loss_epoch=0.0133]Epoch 15:  15%|█▌        | 22/144 [00:00<00:03, 34.19it/s, v_num=80885, train_loss_step=0.0077, val_loss=0.0256, val_acc=0.991, train_loss_epoch=0.0133]Epoch 15:  15%|█▌        | 22/144 [00:00<00:03, 34.19it/s, v_num=80885, train_loss_step=0.00639, val_loss=0.0256, val_acc=0.991, train_loss_epoch=0.0133]Epoch 15:  16%|█▌        | 23/144 [00:00<00:03, 34.23it/s, v_num=80885, train_loss_step=0.00639, val_loss=0.0256, val_acc=0.991, train_loss_epoch=0.0133]Epoch 15:  16%|█▌        | 23/144 [00:00<00:03, 34.22it/s, v_num=80885, train_loss_step=0.0109, val_loss=0.0256, val_acc=0.991, train_loss_epoch=0.0133] Epoch 15:  17%|█▋        | 24/144 [00:00<00:03, 34.45it/s, v_num=80885, train_loss_step=0.0109, val_loss=0.0256, val_acc=0.991, train_loss_epoch=0.0133]Epoch 15:  17%|█▋        | 24/144 [00:00<00:03, 34.44it/s, v_num=80885, train_loss_step=0.0178, val_loss=0.0256, val_acc=0.991, train_loss_epoch=0.0133]Epoch 15:  17%|█▋        | 25/144 [00:00<00:03, 34.64it/s, v_num=80885, train_loss_step=0.0178, val_loss=0.0256, val_acc=0.991, train_loss_epoch=0.0133]Epoch 15:  17%|█▋        | 25/144 [00:00<00:03, 34.63it/s, v_num=80885, train_loss_step=0.0133, val_loss=0.0256, val_acc=0.991, train_loss_epoch=0.0133]Epoch 15:  18%|█▊        | 26/144 [00:00<00:03, 34.80it/s, v_num=80885, train_loss_step=0.0133, val_loss=0.0256, val_acc=0.991, train_loss_epoch=0.0133]Epoch 15:  18%|█▊        | 26/144 [00:00<00:03, 34.79it/s, v_num=80885, train_loss_step=0.0151, val_loss=0.0256, val_acc=0.991, train_loss_epoch=0.0133]Epoch 15:  19%|█▉        | 27/144 [00:00<00:03, 34.84it/s, v_num=80885, train_loss_step=0.0151, val_loss=0.0256, val_acc=0.991, train_loss_epoch=0.0133]Epoch 15:  19%|█▉        | 27/144 [00:00<00:03, 34.84it/s, v_num=80885, train_loss_step=0.00854, val_loss=0.0256, val_acc=0.991, train_loss_epoch=0.0133]Epoch 15:  19%|█▉        | 28/144 [00:00<00:03, 35.01it/s, v_num=80885, train_loss_step=0.00854, val_loss=0.0256, val_acc=0.991, train_loss_epoch=0.0133]Epoch 15:  19%|█▉        | 28/144 [00:00<00:03, 35.01it/s, v_num=80885, train_loss_step=0.0104, val_loss=0.0256, val_acc=0.991, train_loss_epoch=0.0133] Epoch 15:  20%|██        | 29/144 [00:00<00:03, 35.18it/s, v_num=80885, train_loss_step=0.0104, val_loss=0.0256, val_acc=0.991, train_loss_epoch=0.0133]Epoch 15:  20%|██        | 29/144 [00:00<00:03, 35.17it/s, v_num=80885, train_loss_step=0.0112, val_loss=0.0256, val_acc=0.991, train_loss_epoch=0.0133]Epoch 15:  21%|██        | 30/144 [00:00<00:03, 35.32it/s, v_num=80885, train_loss_step=0.0112, val_loss=0.0256, val_acc=0.991, train_loss_epoch=0.0133]Epoch 15:  21%|██        | 30/144 [00:00<00:03, 35.31it/s, v_num=80885, train_loss_step=0.0253, val_loss=0.0256, val_acc=0.991, train_loss_epoch=0.0133]Epoch 15:  22%|██▏       | 31/144 [00:00<00:03, 35.22it/s, v_num=80885, train_loss_step=0.0253, val_loss=0.0256, val_acc=0.991, train_loss_epoch=0.0133]Epoch 15:  22%|██▏       | 31/144 [00:00<00:03, 35.22it/s, v_num=80885, train_loss_step=0.0178, val_loss=0.0256, val_acc=0.991, train_loss_epoch=0.0133]Epoch 15:  22%|██▏       | 32/144 [00:00<00:03, 35.16it/s, v_num=80885, train_loss_step=0.0178, val_loss=0.0256, val_acc=0.991, train_loss_epoch=0.0133]Epoch 15:  22%|██▏       | 32/144 [00:00<00:03, 35.16it/s, v_num=80885, train_loss_step=0.0115, val_loss=0.0256, val_acc=0.991, train_loss_epoch=0.0133]Epoch 15:  23%|██▎       | 33/144 [00:00<00:03, 35.27it/s, v_num=80885, train_loss_step=0.0115, val_loss=0.0256, val_acc=0.991, train_loss_epoch=0.0133]Epoch 15:  23%|██▎       | 33/144 [00:00<00:03, 35.27it/s, v_num=80885, train_loss_step=0.0301, val_loss=0.0256, val_acc=0.991, train_loss_epoch=0.0133]Epoch 15:  24%|██▎       | 34/144 [00:00<00:03, 35.30it/s, v_num=80885, train_loss_step=0.0301, val_loss=0.0256, val_acc=0.991, train_loss_epoch=0.0133]Epoch 15:  24%|██▎       | 34/144 [00:00<00:03, 35.29it/s, v_num=80885, train_loss_step=0.0358, val_loss=0.0256, val_acc=0.991, train_loss_epoch=0.0133]Epoch 15:  24%|██▍       | 35/144 [00:00<00:03, 35.34it/s, v_num=80885, train_loss_step=0.0358, val_loss=0.0256, val_acc=0.991, train_loss_epoch=0.0133]Epoch 15:  24%|██▍       | 35/144 [00:00<00:03, 35.33it/s, v_num=80885, train_loss_step=0.00797, val_loss=0.0256, val_acc=0.991, train_loss_epoch=0.0133]Epoch 15:  25%|██▌       | 36/144 [00:01<00:03, 35.31it/s, v_num=80885, train_loss_step=0.00797, val_loss=0.0256, val_acc=0.991, train_loss_epoch=0.0133]Epoch 15:  25%|██▌       | 36/144 [00:01<00:03, 35.31it/s, v_num=80885, train_loss_step=0.00834, val_loss=0.0256, val_acc=0.991, train_loss_epoch=0.0133]Epoch 15:  26%|██▌       | 37/144 [00:01<00:03, 35.35it/s, v_num=80885, train_loss_step=0.00834, val_loss=0.0256, val_acc=0.991, train_loss_epoch=0.0133]Epoch 15:  26%|██▌       | 37/144 [00:01<00:03, 35.35it/s, v_num=80885, train_loss_step=0.0235, val_loss=0.0256, val_acc=0.991, train_loss_epoch=0.0133] Epoch 15:  26%|██▋       | 38/144 [00:01<00:02, 35.43it/s, v_num=80885, train_loss_step=0.0235, val_loss=0.0256, val_acc=0.991, train_loss_epoch=0.0133]Epoch 15:  26%|██▋       | 38/144 [00:01<00:02, 35.43it/s, v_num=80885, train_loss_step=0.0475, val_loss=0.0256, val_acc=0.991, train_loss_epoch=0.0133]Epoch 15:  27%|██▋       | 39/144 [00:01<00:02, 35.48it/s, v_num=80885, train_loss_step=0.0475, val_loss=0.0256, val_acc=0.991, train_loss_epoch=0.0133]Epoch 15:  27%|██▋       | 39/144 [00:01<00:02, 35.48it/s, v_num=80885, train_loss_step=0.0176, val_loss=0.0256, val_acc=0.991, train_loss_epoch=0.0133]Epoch 15:  28%|██▊       | 40/144 [00:01<00:02, 35.44it/s, v_num=80885, train_loss_step=0.0176, val_loss=0.0256, val_acc=0.991, train_loss_epoch=0.0133]Epoch 15:  28%|██▊       | 40/144 [00:01<00:02, 35.43it/s, v_num=80885, train_loss_step=0.010, val_loss=0.0256, val_acc=0.991, train_loss_epoch=0.0133] Epoch 15:  28%|██▊       | 41/144 [00:01<00:02, 35.46it/s, v_num=80885, train_loss_step=0.010, val_loss=0.0256, val_acc=0.991, train_loss_epoch=0.0133]Epoch 15:  28%|██▊       | 41/144 [00:01<00:02, 35.46it/s, v_num=80885, train_loss_step=0.00684, val_loss=0.0256, val_acc=0.991, train_loss_epoch=0.0133]Epoch 15:  29%|██▉       | 42/144 [00:01<00:02, 35.50it/s, v_num=80885, train_loss_step=0.00684, val_loss=0.0256, val_acc=0.991, train_loss_epoch=0.0133]Epoch 15:  29%|██▉       | 42/144 [00:01<00:02, 35.50it/s, v_num=80885, train_loss_step=0.0176, val_loss=0.0256, val_acc=0.991, train_loss_epoch=0.0133] Epoch 15:  30%|██▉       | 43/144 [00:01<00:02, 35.55it/s, v_num=80885, train_loss_step=0.0176, val_loss=0.0256, val_acc=0.991, train_loss_epoch=0.0133]Epoch 15:  30%|██▉       | 43/144 [00:01<00:02, 35.55it/s, v_num=80885, train_loss_step=0.0078, val_loss=0.0256, val_acc=0.991, train_loss_epoch=0.0133]Epoch 15:  31%|███       | 44/144 [00:01<00:02, 35.53it/s, v_num=80885, train_loss_step=0.0078, val_loss=0.0256, val_acc=0.991, train_loss_epoch=0.0133]Epoch 15:  31%|███       | 44/144 [00:01<00:02, 35.53it/s, v_num=80885, train_loss_step=0.0241, val_loss=0.0256, val_acc=0.991, train_loss_epoch=0.0133]Epoch 15:  31%|███▏      | 45/144 [00:01<00:02, 35.60it/s, v_num=80885, train_loss_step=0.0241, val_loss=0.0256, val_acc=0.991, train_loss_epoch=0.0133]Epoch 15:  31%|███▏      | 45/144 [00:01<00:02, 35.59it/s, v_num=80885, train_loss_step=0.0114, val_loss=0.0256, val_acc=0.991, train_loss_epoch=0.0133]Epoch 15:  32%|███▏      | 46/144 [00:01<00:02, 35.66it/s, v_num=80885, train_loss_step=0.0114, val_loss=0.0256, val_acc=0.991, train_loss_epoch=0.0133]Epoch 15:  32%|███▏      | 46/144 [00:01<00:02, 35.66it/s, v_num=80885, train_loss_step=0.00697, val_loss=0.0256, val_acc=0.991, train_loss_epoch=0.0133]Epoch 15:  33%|███▎      | 47/144 [00:01<00:02, 35.73it/s, v_num=80885, train_loss_step=0.00697, val_loss=0.0256, val_acc=0.991, train_loss_epoch=0.0133]Epoch 15:  33%|███▎      | 47/144 [00:01<00:02, 35.73it/s, v_num=80885, train_loss_step=0.0627, val_loss=0.0256, val_acc=0.991, train_loss_epoch=0.0133] Epoch 15:  33%|███▎      | 48/144 [00:01<00:02, 35.70it/s, v_num=80885, train_loss_step=0.0627, val_loss=0.0256, val_acc=0.991, train_loss_epoch=0.0133]Epoch 15:  33%|███▎      | 48/144 [00:01<00:02, 35.70it/s, v_num=80885, train_loss_step=0.0329, val_loss=0.0256, val_acc=0.991, train_loss_epoch=0.0133]Epoch 15:  34%|███▍      | 49/144 [00:01<00:02, 35.76it/s, v_num=80885, train_loss_step=0.0329, val_loss=0.0256, val_acc=0.991, train_loss_epoch=0.0133]Epoch 15:  34%|███▍      | 49/144 [00:01<00:02, 35.76it/s, v_num=80885, train_loss_step=0.0173, val_loss=0.0256, val_acc=0.991, train_loss_epoch=0.0133]Epoch 15:  35%|███▍      | 50/144 [00:01<00:02, 35.79it/s, v_num=80885, train_loss_step=0.0173, val_loss=0.0256, val_acc=0.991, train_loss_epoch=0.0133]Epoch 15:  35%|███▍      | 50/144 [00:01<00:02, 35.79it/s, v_num=80885, train_loss_step=0.00963, val_loss=0.0256, val_acc=0.991, train_loss_epoch=0.0133]Epoch 15:  35%|███▌      | 51/144 [00:01<00:02, 35.75it/s, v_num=80885, train_loss_step=0.00963, val_loss=0.0256, val_acc=0.991, train_loss_epoch=0.0133]Epoch 15:  35%|███▌      | 51/144 [00:01<00:02, 35.75it/s, v_num=80885, train_loss_step=0.00927, val_loss=0.0256, val_acc=0.991, train_loss_epoch=0.0133]Epoch 15:  36%|███▌      | 52/144 [00:01<00:02, 35.70it/s, v_num=80885, train_loss_step=0.00927, val_loss=0.0256, val_acc=0.991, train_loss_epoch=0.0133]Epoch 15:  36%|███▌      | 52/144 [00:01<00:02, 35.69it/s, v_num=80885, train_loss_step=0.0433, val_loss=0.0256, val_acc=0.991, train_loss_epoch=0.0133] Epoch 15:  37%|███▋      | 53/144 [00:01<00:02, 35.71it/s, v_num=80885, train_loss_step=0.0433, val_loss=0.0256, val_acc=0.991, train_loss_epoch=0.0133]Epoch 15:  37%|███▋      | 53/144 [00:01<00:02, 35.71it/s, v_num=80885, train_loss_step=0.0102, val_loss=0.0256, val_acc=0.991, train_loss_epoch=0.0133]Epoch 15:  38%|███▊      | 54/144 [00:01<00:02, 35.75it/s, v_num=80885, train_loss_step=0.0102, val_loss=0.0256, val_acc=0.991, train_loss_epoch=0.0133]Epoch 15:  38%|███▊      | 54/144 [00:01<00:02, 35.75it/s, v_num=80885, train_loss_step=0.0158, val_loss=0.0256, val_acc=0.991, train_loss_epoch=0.0133]Epoch 15:  38%|███▊      | 55/144 [00:01<00:02, 35.79it/s, v_num=80885, train_loss_step=0.0158, val_loss=0.0256, val_acc=0.991, train_loss_epoch=0.0133]Epoch 15:  38%|███▊      | 55/144 [00:01<00:02, 35.79it/s, v_num=80885, train_loss_step=0.0184, val_loss=0.0256, val_acc=0.991, train_loss_epoch=0.0133]Epoch 15:  39%|███▉      | 56/144 [00:01<00:02, 35.73it/s, v_num=80885, train_loss_step=0.0184, val_loss=0.0256, val_acc=0.991, train_loss_epoch=0.0133]Epoch 15:  39%|███▉      | 56/144 [00:01<00:02, 35.72it/s, v_num=80885, train_loss_step=0.0393, val_loss=0.0256, val_acc=0.991, train_loss_epoch=0.0133]Epoch 15:  40%|███▉      | 57/144 [00:01<00:02, 35.77it/s, v_num=80885, train_loss_step=0.0393, val_loss=0.0256, val_acc=0.991, train_loss_epoch=0.0133]Epoch 15:  40%|███▉      | 57/144 [00:01<00:02, 35.77it/s, v_num=80885, train_loss_step=0.0129, val_loss=0.0256, val_acc=0.991, train_loss_epoch=0.0133]Epoch 15:  40%|████      | 58/144 [00:01<00:02, 35.81it/s, v_num=80885, train_loss_step=0.0129, val_loss=0.0256, val_acc=0.991, train_loss_epoch=0.0133]Epoch 15:  40%|████      | 58/144 [00:01<00:02, 35.81it/s, v_num=80885, train_loss_step=0.0129, val_loss=0.0256, val_acc=0.991, train_loss_epoch=0.0133]Epoch 15:  41%|████      | 59/144 [00:01<00:02, 35.85it/s, v_num=80885, train_loss_step=0.0129, val_loss=0.0256, val_acc=0.991, train_loss_epoch=0.0133]Epoch 15:  41%|████      | 59/144 [00:01<00:02, 35.85it/s, v_num=80885, train_loss_step=0.0109, val_loss=0.0256, val_acc=0.991, train_loss_epoch=0.0133]Epoch 15:  42%|████▏     | 60/144 [00:01<00:02, 35.80it/s, v_num=80885, train_loss_step=0.0109, val_loss=0.0256, val_acc=0.991, train_loss_epoch=0.0133]Epoch 15:  42%|████▏     | 60/144 [00:01<00:02, 35.79it/s, v_num=80885, train_loss_step=0.033, val_loss=0.0256, val_acc=0.991, train_loss_epoch=0.0133] Epoch 15:  42%|████▏     | 61/144 [00:01<00:02, 35.82it/s, v_num=80885, train_loss_step=0.033, val_loss=0.0256, val_acc=0.991, train_loss_epoch=0.0133]Epoch 15:  42%|████▏     | 61/144 [00:01<00:02, 35.81it/s, v_num=80885, train_loss_step=0.0256, val_loss=0.0256, val_acc=0.991, train_loss_epoch=0.0133]Epoch 15:  43%|████▎     | 62/144 [00:01<00:02, 35.84it/s, v_num=80885, train_loss_step=0.0256, val_loss=0.0256, val_acc=0.991, train_loss_epoch=0.0133]Epoch 15:  43%|████▎     | 62/144 [00:01<00:02, 35.84it/s, v_num=80885, train_loss_step=0.0134, val_loss=0.0256, val_acc=0.991, train_loss_epoch=0.0133]Epoch 15:  44%|████▍     | 63/144 [00:01<00:02, 35.90it/s, v_num=80885, train_loss_step=0.0134, val_loss=0.0256, val_acc=0.991, train_loss_epoch=0.0133]Epoch 15:  44%|████▍     | 63/144 [00:01<00:02, 35.90it/s, v_num=80885, train_loss_step=0.0204, val_loss=0.0256, val_acc=0.991, train_loss_epoch=0.0133]Epoch 15:  44%|████▍     | 64/144 [00:01<00:02, 35.88it/s, v_num=80885, train_loss_step=0.0204, val_loss=0.0256, val_acc=0.991, train_loss_epoch=0.0133]Epoch 15:  44%|████▍     | 64/144 [00:01<00:02, 35.88it/s, v_num=80885, train_loss_step=0.0218, val_loss=0.0256, val_acc=0.991, train_loss_epoch=0.0133]Epoch 15:  45%|████▌     | 65/144 [00:01<00:02, 35.87it/s, v_num=80885, train_loss_step=0.0218, val_loss=0.0256, val_acc=0.991, train_loss_epoch=0.0133]Epoch 15:  45%|████▌     | 65/144 [00:01<00:02, 35.87it/s, v_num=80885, train_loss_step=0.00807, val_loss=0.0256, val_acc=0.991, train_loss_epoch=0.0133]Epoch 15:  46%|████▌     | 66/144 [00:01<00:02, 35.91it/s, v_num=80885, train_loss_step=0.00807, val_loss=0.0256, val_acc=0.991, train_loss_epoch=0.0133]Epoch 15:  46%|████▌     | 66/144 [00:01<00:02, 35.90it/s, v_num=80885, train_loss_step=0.0366, val_loss=0.0256, val_acc=0.991, train_loss_epoch=0.0133] Epoch 15:  47%|████▋     | 67/144 [00:01<00:02, 35.95it/s, v_num=80885, train_loss_step=0.0366, val_loss=0.0256, val_acc=0.991, train_loss_epoch=0.0133]Epoch 15:  47%|████▋     | 67/144 [00:01<00:02, 35.95it/s, v_num=80885, train_loss_step=0.0142, val_loss=0.0256, val_acc=0.991, train_loss_epoch=0.0133]Epoch 15:  47%|████▋     | 68/144 [00:01<00:02, 35.93it/s, v_num=80885, train_loss_step=0.0142, val_loss=0.0256, val_acc=0.991, train_loss_epoch=0.0133]Epoch 15:  47%|████▋     | 68/144 [00:01<00:02, 35.92it/s, v_num=80885, train_loss_step=0.0203, val_loss=0.0256, val_acc=0.991, train_loss_epoch=0.0133]Epoch 15:  48%|████▊     | 69/144 [00:01<00:02, 35.77it/s, v_num=80885, train_loss_step=0.0203, val_loss=0.0256, val_acc=0.991, train_loss_epoch=0.0133]Epoch 15:  48%|████▊     | 69/144 [00:01<00:02, 35.76it/s, v_num=80885, train_loss_step=0.0172, val_loss=0.0256, val_acc=0.991, train_loss_epoch=0.0133]Epoch 15:  49%|████▊     | 70/144 [00:01<00:02, 35.79it/s, v_num=80885, train_loss_step=0.0172, val_loss=0.0256, val_acc=0.991, train_loss_epoch=0.0133]Epoch 15:  49%|████▊     | 70/144 [00:01<00:02, 35.79it/s, v_num=80885, train_loss_step=0.00711, val_loss=0.0256, val_acc=0.991, train_loss_epoch=0.0133]Epoch 15:  49%|████▉     | 71/144 [00:01<00:02, 35.76it/s, v_num=80885, train_loss_step=0.00711, val_loss=0.0256, val_acc=0.991, train_loss_epoch=0.0133]Epoch 15:  49%|████▉     | 71/144 [00:01<00:02, 35.76it/s, v_num=80885, train_loss_step=0.0104, val_loss=0.0256, val_acc=0.991, train_loss_epoch=0.0133] Epoch 15:  50%|█████     | 72/144 [00:02<00:02, 35.80it/s, v_num=80885, train_loss_step=0.0104, val_loss=0.0256, val_acc=0.991, train_loss_epoch=0.0133]Epoch 15:  50%|█████     | 72/144 [00:02<00:02, 35.79it/s, v_num=80885, train_loss_step=0.0244, val_loss=0.0256, val_acc=0.991, train_loss_epoch=0.0133]Epoch 15:  51%|█████     | 73/144 [00:02<00:01, 35.83it/s, v_num=80885, train_loss_step=0.0244, val_loss=0.0256, val_acc=0.991, train_loss_epoch=0.0133]Epoch 15:  51%|█████     | 73/144 [00:02<00:01, 35.82it/s, v_num=80885, train_loss_step=0.0338, val_loss=0.0256, val_acc=0.991, train_loss_epoch=0.0133]Epoch 15:  51%|█████▏    | 74/144 [00:02<00:01, 35.85it/s, v_num=80885, train_loss_step=0.0338, val_loss=0.0256, val_acc=0.991, train_loss_epoch=0.0133]Epoch 15:  51%|█████▏    | 74/144 [00:02<00:01, 35.85it/s, v_num=80885, train_loss_step=0.0178, val_loss=0.0256, val_acc=0.991, train_loss_epoch=0.0133]Epoch 15:  52%|█████▏    | 75/144 [00:02<00:01, 35.77it/s, v_num=80885, train_loss_step=0.0178, val_loss=0.0256, val_acc=0.991, train_loss_epoch=0.0133]Epoch 15:  52%|█████▏    | 75/144 [00:02<00:01, 35.76it/s, v_num=80885, train_loss_step=0.00809, val_loss=0.0256, val_acc=0.991, train_loss_epoch=0.0133]Epoch 15:  53%|█████▎    | 76/144 [00:02<00:01, 35.81it/s, v_num=80885, train_loss_step=0.00809, val_loss=0.0256, val_acc=0.991, train_loss_epoch=0.0133]Epoch 15:  53%|█████▎    | 76/144 [00:02<00:01, 35.81it/s, v_num=80885, train_loss_step=0.0105, val_loss=0.0256, val_acc=0.991, train_loss_epoch=0.0133] Epoch 15:  53%|█████▎    | 77/144 [00:02<00:01, 35.84it/s, v_num=80885, train_loss_step=0.0105, val_loss=0.0256, val_acc=0.991, train_loss_epoch=0.0133]Epoch 15:  53%|█████▎    | 77/144 [00:02<00:01, 35.83it/s, v_num=80885, train_loss_step=0.0114, val_loss=0.0256, val_acc=0.991, train_loss_epoch=0.0133]Epoch 15:  54%|█████▍    | 78/144 [00:02<00:01, 35.84it/s, v_num=80885, train_loss_step=0.0114, val_loss=0.0256, val_acc=0.991, train_loss_epoch=0.0133]Epoch 15:  54%|█████▍    | 78/144 [00:02<00:01, 35.84it/s, v_num=80885, train_loss_step=0.0468, val_loss=0.0256, val_acc=0.991, train_loss_epoch=0.0133]Epoch 15:  55%|█████▍    | 79/144 [00:02<00:01, 35.78it/s, v_num=80885, train_loss_step=0.0468, val_loss=0.0256, val_acc=0.991, train_loss_epoch=0.0133]Epoch 15:  55%|█████▍    | 79/144 [00:02<00:01, 35.77it/s, v_num=80885, train_loss_step=0.0186, val_loss=0.0256, val_acc=0.991, train_loss_epoch=0.0133]Epoch 15:  56%|█████▌    | 80/144 [00:02<00:01, 35.78it/s, v_num=80885, train_loss_step=0.0186, val_loss=0.0256, val_acc=0.991, train_loss_epoch=0.0133]Epoch 15:  56%|█████▌    | 80/144 [00:02<00:01, 35.78it/s, v_num=80885, train_loss_step=0.00545, val_loss=0.0256, val_acc=0.991, train_loss_epoch=0.0133]Epoch 15:  56%|█████▋    | 81/144 [00:02<00:01, 35.81it/s, v_num=80885, train_loss_step=0.00545, val_loss=0.0256, val_acc=0.991, train_loss_epoch=0.0133]Epoch 15:  56%|█████▋    | 81/144 [00:02<00:01, 35.81it/s, v_num=80885, train_loss_step=0.0205, val_loss=0.0256, val_acc=0.991, train_loss_epoch=0.0133] Epoch 15:  57%|█████▋    | 82/144 [00:02<00:01, 35.84it/s, v_num=80885, train_loss_step=0.0205, val_loss=0.0256, val_acc=0.991, train_loss_epoch=0.0133]Epoch 15:  57%|█████▋    | 82/144 [00:02<00:01, 35.84it/s, v_num=80885, train_loss_step=0.00093, val_loss=0.0256, val_acc=0.991, train_loss_epoch=0.0133]Epoch 15:  58%|█████▊    | 83/144 [00:02<00:01, 35.83it/s, v_num=80885, train_loss_step=0.00093, val_loss=0.0256, val_acc=0.991, train_loss_epoch=0.0133]Epoch 15:  58%|█████▊    | 83/144 [00:02<00:01, 35.83it/s, v_num=80885, train_loss_step=0.0136, val_loss=0.0256, val_acc=0.991, train_loss_epoch=0.0133] Epoch 15:  58%|█████▊    | 84/144 [00:02<00:01, 35.85it/s, v_num=80885, train_loss_step=0.0136, val_loss=0.0256, val_acc=0.991, train_loss_epoch=0.0133]Epoch 15:  58%|█████▊    | 84/144 [00:02<00:01, 35.85it/s, v_num=80885, train_loss_step=0.00364, val_loss=0.0256, val_acc=0.991, train_loss_epoch=0.0133]Epoch 15:  59%|█████▉    | 85/144 [00:02<00:01, 35.88it/s, v_num=80885, train_loss_step=0.00364, val_loss=0.0256, val_acc=0.991, train_loss_epoch=0.0133]Epoch 15:  59%|█████▉    | 85/144 [00:02<00:01, 35.88it/s, v_num=80885, train_loss_step=0.00202, val_loss=0.0256, val_acc=0.991, train_loss_epoch=0.0133]Epoch 15:  60%|█████▉    | 86/144 [00:02<00:01, 35.90it/s, v_num=80885, train_loss_step=0.00202, val_loss=0.0256, val_acc=0.991, train_loss_epoch=0.0133]Epoch 15:  60%|█████▉    | 86/144 [00:02<00:01, 35.90it/s, v_num=80885, train_loss_step=0.0375, val_loss=0.0256, val_acc=0.991, train_loss_epoch=0.0133] Epoch 15:  60%|██████    | 87/144 [00:02<00:01, 35.88it/s, v_num=80885, train_loss_step=0.0375, val_loss=0.0256, val_acc=0.991, train_loss_epoch=0.0133]Epoch 15:  60%|██████    | 87/144 [00:02<00:01, 35.87it/s, v_num=80885, train_loss_step=0.00835, val_loss=0.0256, val_acc=0.991, train_loss_epoch=0.0133]Epoch 15:  61%|██████    | 88/144 [00:02<00:01, 35.91it/s, v_num=80885, train_loss_step=0.00835, val_loss=0.0256, val_acc=0.991, train_loss_epoch=0.0133]Epoch 15:  61%|██████    | 88/144 [00:02<00:01, 35.91it/s, v_num=80885, train_loss_step=0.00532, val_loss=0.0256, val_acc=0.991, train_loss_epoch=0.0133]Epoch 15:  62%|██████▏   | 89/144 [00:02<00:01, 35.94it/s, v_num=80885, train_loss_step=0.00532, val_loss=0.0256, val_acc=0.991, train_loss_epoch=0.0133]Epoch 15:  62%|██████▏   | 89/144 [00:02<00:01, 35.94it/s, v_num=80885, train_loss_step=0.0269, val_loss=0.0256, val_acc=0.991, train_loss_epoch=0.0133] Epoch 15:  62%|██████▎   | 90/144 [00:02<00:01, 35.89it/s, v_num=80885, train_loss_step=0.0269, val_loss=0.0256, val_acc=0.991, train_loss_epoch=0.0133]Epoch 15:  62%|██████▎   | 90/144 [00:02<00:01, 35.89it/s, v_num=80885, train_loss_step=0.00861, val_loss=0.0256, val_acc=0.991, train_loss_epoch=0.0133]Epoch 15:  63%|██████▎   | 91/144 [00:02<00:01, 35.87it/s, v_num=80885, train_loss_step=0.00861, val_loss=0.0256, val_acc=0.991, train_loss_epoch=0.0133]Epoch 15:  63%|██████▎   | 91/144 [00:02<00:01, 35.87it/s, v_num=80885, train_loss_step=0.020, val_loss=0.0256, val_acc=0.991, train_loss_epoch=0.0133]  Epoch 15:  64%|██████▍   | 92/144 [00:02<00:01, 35.89it/s, v_num=80885, train_loss_step=0.020, val_loss=0.0256, val_acc=0.991, train_loss_epoch=0.0133]Epoch 15:  64%|██████▍   | 92/144 [00:02<00:01, 35.89it/s, v_num=80885, train_loss_step=0.0138, val_loss=0.0256, val_acc=0.991, train_loss_epoch=0.0133]Epoch 15:  65%|██████▍   | 93/144 [00:02<00:01, 35.93it/s, v_num=80885, train_loss_step=0.0138, val_loss=0.0256, val_acc=0.991, train_loss_epoch=0.0133]Epoch 15:  65%|██████▍   | 93/144 [00:02<00:01, 35.92it/s, v_num=80885, train_loss_step=0.0131, val_loss=0.0256, val_acc=0.991, train_loss_epoch=0.0133]Epoch 15:  65%|██████▌   | 94/144 [00:02<00:01, 35.90it/s, v_num=80885, train_loss_step=0.0131, val_loss=0.0256, val_acc=0.991, train_loss_epoch=0.0133]Epoch 15:  65%|██████▌   | 94/144 [00:02<00:01, 35.89it/s, v_num=80885, train_loss_step=0.0108, val_loss=0.0256, val_acc=0.991, train_loss_epoch=0.0133]Epoch 15:  66%|██████▌   | 95/144 [00:02<00:01, 35.85it/s, v_num=80885, train_loss_step=0.0108, val_loss=0.0256, val_acc=0.991, train_loss_epoch=0.0133]Epoch 15:  66%|██████▌   | 95/144 [00:02<00:01, 35.85it/s, v_num=80885, train_loss_step=0.023, val_loss=0.0256, val_acc=0.991, train_loss_epoch=0.0133] Epoch 15:  67%|██████▋   | 96/144 [00:02<00:01, 35.88it/s, v_num=80885, train_loss_step=0.023, val_loss=0.0256, val_acc=0.991, train_loss_epoch=0.0133]Epoch 15:  67%|██████▋   | 96/144 [00:02<00:01, 35.87it/s, v_num=80885, train_loss_step=0.0391, val_loss=0.0256, val_acc=0.991, train_loss_epoch=0.0133]Epoch 15:  67%|██████▋   | 97/144 [00:02<00:01, 35.93it/s, v_num=80885, train_loss_step=0.0391, val_loss=0.0256, val_acc=0.991, train_loss_epoch=0.0133]Epoch 15:  67%|██████▋   | 97/144 [00:02<00:01, 35.92it/s, v_num=80885, train_loss_step=0.0199, val_loss=0.0256, val_acc=0.991, train_loss_epoch=0.0133]Epoch 15:  68%|██████▊   | 98/144 [00:02<00:01, 35.97it/s, v_num=80885, train_loss_step=0.0199, val_loss=0.0256, val_acc=0.991, train_loss_epoch=0.0133]Epoch 15:  68%|██████▊   | 98/144 [00:02<00:01, 35.97it/s, v_num=80885, train_loss_step=0.00685, val_loss=0.0256, val_acc=0.991, train_loss_epoch=0.0133]Epoch 15:  69%|██████▉   | 99/144 [00:02<00:01, 35.98it/s, v_num=80885, train_loss_step=0.00685, val_loss=0.0256, val_acc=0.991, train_loss_epoch=0.0133]Epoch 15:  69%|██████▉   | 99/144 [00:02<00:01, 35.98it/s, v_num=80885, train_loss_step=0.0107, val_loss=0.0256, val_acc=0.991, train_loss_epoch=0.0133] Epoch 15:  69%|██████▉   | 100/144 [00:02<00:01, 36.03it/s, v_num=80885, train_loss_step=0.0107, val_loss=0.0256, val_acc=0.991, train_loss_epoch=0.0133]Epoch 15:  69%|██████▉   | 100/144 [00:02<00:01, 36.03it/s, v_num=80885, train_loss_step=0.00623, val_loss=0.0256, val_acc=0.991, train_loss_epoch=0.0133]Epoch 15:  70%|███████   | 101/144 [00:02<00:01, 36.08it/s, v_num=80885, train_loss_step=0.00623, val_loss=0.0256, val_acc=0.991, train_loss_epoch=0.0133]Epoch 15:  70%|███████   | 101/144 [00:02<00:01, 36.08it/s, v_num=80885, train_loss_step=0.0106, val_loss=0.0256, val_acc=0.991, train_loss_epoch=0.0133] Epoch 15:  71%|███████   | 102/144 [00:02<00:01, 36.13it/s, v_num=80885, train_loss_step=0.0106, val_loss=0.0256, val_acc=0.991, train_loss_epoch=0.0133]Epoch 15:  71%|███████   | 102/144 [00:02<00:01, 36.13it/s, v_num=80885, train_loss_step=0.024, val_loss=0.0256, val_acc=0.991, train_loss_epoch=0.0133] Epoch 15:  72%|███████▏  | 103/144 [00:02<00:01, 36.16it/s, v_num=80885, train_loss_step=0.024, val_loss=0.0256, val_acc=0.991, train_loss_epoch=0.0133]Epoch 15:  72%|███████▏  | 103/144 [00:02<00:01, 36.15it/s, v_num=80885, train_loss_step=0.0169, val_loss=0.0256, val_acc=0.991, train_loss_epoch=0.0133]Epoch 15:  72%|███████▏  | 104/144 [00:02<00:01, 36.11it/s, v_num=80885, train_loss_step=0.0169, val_loss=0.0256, val_acc=0.991, train_loss_epoch=0.0133]Epoch 15:  72%|███████▏  | 104/144 [00:02<00:01, 36.11it/s, v_num=80885, train_loss_step=0.0155, val_loss=0.0256, val_acc=0.991, train_loss_epoch=0.0133]Epoch 15:  73%|███████▎  | 105/144 [00:02<00:01, 36.13it/s, v_num=80885, train_loss_step=0.0155, val_loss=0.0256, val_acc=0.991, train_loss_epoch=0.0133]Epoch 15:  73%|███████▎  | 105/144 [00:02<00:01, 36.13it/s, v_num=80885, train_loss_step=0.0211, val_loss=0.0256, val_acc=0.991, train_loss_epoch=0.0133]Epoch 15:  74%|███████▎  | 106/144 [00:02<00:01, 36.15it/s, v_num=80885, train_loss_step=0.0211, val_loss=0.0256, val_acc=0.991, train_loss_epoch=0.0133]Epoch 15:  74%|███████▎  | 106/144 [00:02<00:01, 36.15it/s, v_num=80885, train_loss_step=0.00375, val_loss=0.0256, val_acc=0.991, train_loss_epoch=0.0133]Epoch 15:  74%|███████▍  | 107/144 [00:02<00:01, 36.19it/s, v_num=80885, train_loss_step=0.00375, val_loss=0.0256, val_acc=0.991, train_loss_epoch=0.0133]Epoch 15:  74%|███████▍  | 107/144 [00:02<00:01, 36.19it/s, v_num=80885, train_loss_step=0.00815, val_loss=0.0256, val_acc=0.991, train_loss_epoch=0.0133]Epoch 15:  75%|███████▌  | 108/144 [00:02<00:00, 36.17it/s, v_num=80885, train_loss_step=0.00815, val_loss=0.0256, val_acc=0.991, train_loss_epoch=0.0133]Epoch 15:  75%|███████▌  | 108/144 [00:02<00:00, 36.17it/s, v_num=80885, train_loss_step=0.00831, val_loss=0.0256, val_acc=0.991, train_loss_epoch=0.0133]Epoch 15:  76%|███████▌  | 109/144 [00:03<00:00, 36.21it/s, v_num=80885, train_loss_step=0.00831, val_loss=0.0256, val_acc=0.991, train_loss_epoch=0.0133]Epoch 15:  76%|███████▌  | 109/144 [00:03<00:00, 36.21it/s, v_num=80885, train_loss_step=0.0147, val_loss=0.0256, val_acc=0.991, train_loss_epoch=0.0133] Epoch 15:  76%|███████▋  | 110/144 [00:03<00:00, 36.25it/s, v_num=80885, train_loss_step=0.0147, val_loss=0.0256, val_acc=0.991, train_loss_epoch=0.0133]Epoch 15:  76%|███████▋  | 110/144 [00:03<00:00, 36.25it/s, v_num=80885, train_loss_step=0.0305, val_loss=0.0256, val_acc=0.991, train_loss_epoch=0.0133]Epoch 15:  77%|███████▋  | 111/144 [00:03<00:00, 36.29it/s, v_num=80885, train_loss_step=0.0305, val_loss=0.0256, val_acc=0.991, train_loss_epoch=0.0133]Epoch 15:  77%|███████▋  | 111/144 [00:03<00:00, 36.29it/s, v_num=80885, train_loss_step=0.0173, val_loss=0.0256, val_acc=0.991, train_loss_epoch=0.0133]Epoch 15:  78%|███████▊  | 112/144 [00:03<00:00, 36.28it/s, v_num=80885, train_loss_step=0.0173, val_loss=0.0256, val_acc=0.991, train_loss_epoch=0.0133]Epoch 15:  78%|███████▊  | 112/144 [00:03<00:00, 36.28it/s, v_num=80885, train_loss_step=0.0122, val_loss=0.0256, val_acc=0.991, train_loss_epoch=0.0133]Epoch 15:  78%|███████▊  | 113/144 [00:03<00:00, 36.23it/s, v_num=80885, train_loss_step=0.0122, val_loss=0.0256, val_acc=0.991, train_loss_epoch=0.0133]Epoch 15:  78%|███████▊  | 113/144 [00:03<00:00, 36.23it/s, v_num=80885, train_loss_step=0.0178, val_loss=0.0256, val_acc=0.991, train_loss_epoch=0.0133]Epoch 15:  79%|███████▉  | 114/144 [00:03<00:00, 36.27it/s, v_num=80885, train_loss_step=0.0178, val_loss=0.0256, val_acc=0.991, train_loss_epoch=0.0133]Epoch 15:  79%|███████▉  | 114/144 [00:03<00:00, 36.27it/s, v_num=80885, train_loss_step=0.00698, val_loss=0.0256, val_acc=0.991, train_loss_epoch=0.0133]Epoch 15:  80%|███████▉  | 115/144 [00:03<00:00, 36.31it/s, v_num=80885, train_loss_step=0.00698, val_loss=0.0256, val_acc=0.991, train_loss_epoch=0.0133]Epoch 15:  80%|███████▉  | 115/144 [00:03<00:00, 36.31it/s, v_num=80885, train_loss_step=0.0127, val_loss=0.0256, val_acc=0.991, train_loss_epoch=0.0133] Epoch 15:  81%|████████  | 116/144 [00:03<00:00, 36.34it/s, v_num=80885, train_loss_step=0.0127, val_loss=0.0256, val_acc=0.991, train_loss_epoch=0.0133]Epoch 15:  81%|████████  | 116/144 [00:03<00:00, 36.34it/s, v_num=80885, train_loss_step=0.0134, val_loss=0.0256, val_acc=0.991, train_loss_epoch=0.0133]Epoch 15:  81%|████████▏ | 117/144 [00:03<00:00, 36.33it/s, v_num=80885, train_loss_step=0.0134, val_loss=0.0256, val_acc=0.991, train_loss_epoch=0.0133]Epoch 15:  81%|████████▏ | 117/144 [00:03<00:00, 36.33it/s, v_num=80885, train_loss_step=0.008, val_loss=0.0256, val_acc=0.991, train_loss_epoch=0.0133] Epoch 15:  82%|████████▏ | 118/144 [00:03<00:00, 36.28it/s, v_num=80885, train_loss_step=0.008, val_loss=0.0256, val_acc=0.991, train_loss_epoch=0.0133]Epoch 15:  82%|████████▏ | 118/144 [00:03<00:00, 36.28it/s, v_num=80885, train_loss_step=0.0107, val_loss=0.0256, val_acc=0.991, train_loss_epoch=0.0133]Epoch 15:  83%|████████▎ | 119/144 [00:03<00:00, 36.26it/s, v_num=80885, train_loss_step=0.0107, val_loss=0.0256, val_acc=0.991, train_loss_epoch=0.0133]Epoch 15:  83%|████████▎ | 119/144 [00:03<00:00, 36.25it/s, v_num=80885, train_loss_step=0.00356, val_loss=0.0256, val_acc=0.991, train_loss_epoch=0.0133]Epoch 15:  83%|████████▎ | 120/144 [00:03<00:00, 36.26it/s, v_num=80885, train_loss_step=0.00356, val_loss=0.0256, val_acc=0.991, train_loss_epoch=0.0133]Epoch 15:  83%|████████▎ | 120/144 [00:03<00:00, 36.26it/s, v_num=80885, train_loss_step=0.0292, val_loss=0.0256, val_acc=0.991, train_loss_epoch=0.0133] Epoch 15:  84%|████████▍ | 121/144 [00:03<00:00, 36.28it/s, v_num=80885, train_loss_step=0.0292, val_loss=0.0256, val_acc=0.991, train_loss_epoch=0.0133]Epoch 15:  84%|████████▍ | 121/144 [00:03<00:00, 36.28it/s, v_num=80885, train_loss_step=0.0188, val_loss=0.0256, val_acc=0.991, train_loss_epoch=0.0133]Epoch 15:  85%|████████▍ | 122/144 [00:03<00:00, 36.28it/s, v_num=80885, train_loss_step=0.0188, val_loss=0.0256, val_acc=0.991, train_loss_epoch=0.0133]Epoch 15:  85%|████████▍ | 122/144 [00:03<00:00, 36.28it/s, v_num=80885, train_loss_step=0.004, val_loss=0.0256, val_acc=0.991, train_loss_epoch=0.0133] Epoch 15:  85%|████████▌ | 123/144 [00:03<00:00, 36.30it/s, v_num=80885, train_loss_step=0.004, val_loss=0.0256, val_acc=0.991, train_loss_epoch=0.0133]Epoch 15:  85%|████████▌ | 123/144 [00:03<00:00, 36.30it/s, v_num=80885, train_loss_step=0.00639, val_loss=0.0256, val_acc=0.991, train_loss_epoch=0.0133]Epoch 15:  86%|████████▌ | 124/144 [00:03<00:00, 36.32it/s, v_num=80885, train_loss_step=0.00639, val_loss=0.0256, val_acc=0.991, train_loss_epoch=0.0133]Epoch 15:  86%|████████▌ | 124/144 [00:03<00:00, 36.32it/s, v_num=80885, train_loss_step=0.00881, val_loss=0.0256, val_acc=0.991, train_loss_epoch=0.0133]Epoch 15:  87%|████████▋ | 125/144 [00:03<00:00, 36.36it/s, v_num=80885, train_loss_step=0.00881, val_loss=0.0256, val_acc=0.991, train_loss_epoch=0.0133]Epoch 15:  87%|████████▋ | 125/144 [00:03<00:00, 36.36it/s, v_num=80885, train_loss_step=0.00718, val_loss=0.0256, val_acc=0.991, train_loss_epoch=0.0133]Epoch 15:  88%|████████▊ | 126/144 [00:03<00:00, 36.37it/s, v_num=80885, train_loss_step=0.00718, val_loss=0.0256, val_acc=0.991, train_loss_epoch=0.0133]Epoch 15:  88%|████████▊ | 126/144 [00:03<00:00, 36.37it/s, v_num=80885, train_loss_step=0.00364, val_loss=0.0256, val_acc=0.991, train_loss_epoch=0.0133]Epoch 15:  88%|████████▊ | 127/144 [00:03<00:00, 36.39it/s, v_num=80885, train_loss_step=0.00364, val_loss=0.0256, val_acc=0.991, train_loss_epoch=0.0133]Epoch 15:  88%|████████▊ | 127/144 [00:03<00:00, 36.39it/s, v_num=80885, train_loss_step=0.00619, val_loss=0.0256, val_acc=0.991, train_loss_epoch=0.0133]Epoch 15:  89%|████████▉ | 128/144 [00:03<00:00, 36.42it/s, v_num=80885, train_loss_step=0.00619, val_loss=0.0256, val_acc=0.991, train_loss_epoch=0.0133]Epoch 15:  89%|████████▉ | 128/144 [00:03<00:00, 36.42it/s, v_num=80885, train_loss_step=0.0262, val_loss=0.0256, val_acc=0.991, train_loss_epoch=0.0133] Epoch 15:  90%|████████▉ | 129/144 [00:03<00:00, 36.44it/s, v_num=80885, train_loss_step=0.0262, val_loss=0.0256, val_acc=0.991, train_loss_epoch=0.0133]Epoch 15:  90%|████████▉ | 129/144 [00:03<00:00, 36.44it/s, v_num=80885, train_loss_step=0.00553, val_loss=0.0256, val_acc=0.991, train_loss_epoch=0.0133]Epoch 15:  90%|█████████ | 130/144 [00:03<00:00, 36.44it/s, v_num=80885, train_loss_step=0.00553, val_loss=0.0256, val_acc=0.991, train_loss_epoch=0.0133]Epoch 15:  90%|█████████ | 130/144 [00:03<00:00, 36.44it/s, v_num=80885, train_loss_step=0.00308, val_loss=0.0256, val_acc=0.991, train_loss_epoch=0.0133]Epoch 15:  91%|█████████ | 131/144 [00:03<00:00, 36.41it/s, v_num=80885, train_loss_step=0.00308, val_loss=0.0256, val_acc=0.991, train_loss_epoch=0.0133]Epoch 15:  91%|█████████ | 131/144 [00:03<00:00, 36.41it/s, v_num=80885, train_loss_step=0.00425, val_loss=0.0256, val_acc=0.991, train_loss_epoch=0.0133]Epoch 15:  92%|█████████▏| 132/144 [00:03<00:00, 36.42it/s, v_num=80885, train_loss_step=0.00425, val_loss=0.0256, val_acc=0.991, train_loss_epoch=0.0133]Epoch 15:  92%|█████████▏| 132/144 [00:03<00:00, 36.41it/s, v_num=80885, train_loss_step=0.024, val_loss=0.0256, val_acc=0.991, train_loss_epoch=0.0133]  Epoch 15:  92%|█████████▏| 133/144 [00:03<00:00, 36.44it/s, v_num=80885, train_loss_step=0.024, val_loss=0.0256, val_acc=0.991, train_loss_epoch=0.0133]Epoch 15:  92%|█████████▏| 133/144 [00:03<00:00, 36.44it/s, v_num=80885, train_loss_step=0.00805, val_loss=0.0256, val_acc=0.991, train_loss_epoch=0.0133]Epoch 15:  93%|█████████▎| 134/144 [00:03<00:00, 36.47it/s, v_num=80885, train_loss_step=0.00805, val_loss=0.0256, val_acc=0.991, train_loss_epoch=0.0133]Epoch 15:  93%|█████████▎| 134/144 [00:03<00:00, 36.46it/s, v_num=80885, train_loss_step=0.0246, val_loss=0.0256, val_acc=0.991, train_loss_epoch=0.0133] Epoch 15:  94%|█████████▍| 135/144 [00:03<00:00, 36.45it/s, v_num=80885, train_loss_step=0.0246, val_loss=0.0256, val_acc=0.991, train_loss_epoch=0.0133]Epoch 15:  94%|█████████▍| 135/144 [00:03<00:00, 36.45it/s, v_num=80885, train_loss_step=0.0234, val_loss=0.0256, val_acc=0.991, train_loss_epoch=0.0133]Epoch 15:  94%|█████████▍| 136/144 [00:03<00:00, 36.44it/s, v_num=80885, train_loss_step=0.0234, val_loss=0.0256, val_acc=0.991, train_loss_epoch=0.0133]Epoch 15:  94%|█████████▍| 136/144 [00:03<00:00, 36.44it/s, v_num=80885, train_loss_step=0.018, val_loss=0.0256, val_acc=0.991, train_loss_epoch=0.0133] Epoch 15:  95%|█████████▌| 137/144 [00:03<00:00, 36.47it/s, v_num=80885, train_loss_step=0.018, val_loss=0.0256, val_acc=0.991, train_loss_epoch=0.0133]Epoch 15:  95%|█████████▌| 137/144 [00:03<00:00, 36.46it/s, v_num=80885, train_loss_step=0.0162, val_loss=0.0256, val_acc=0.991, train_loss_epoch=0.0133]Epoch 15:  96%|█████████▌| 138/144 [00:03<00:00, 36.48it/s, v_num=80885, train_loss_step=0.0162, val_loss=0.0256, val_acc=0.991, train_loss_epoch=0.0133]Epoch 15:  96%|█████████▌| 138/144 [00:03<00:00, 36.48it/s, v_num=80885, train_loss_step=0.0215, val_loss=0.0256, val_acc=0.991, train_loss_epoch=0.0133]Epoch 15:  97%|█████████▋| 139/144 [00:03<00:00, 36.46it/s, v_num=80885, train_loss_step=0.0215, val_loss=0.0256, val_acc=0.991, train_loss_epoch=0.0133]Epoch 15:  97%|█████████▋| 139/144 [00:03<00:00, 36.46it/s, v_num=80885, train_loss_step=0.0117, val_loss=0.0256, val_acc=0.991, train_loss_epoch=0.0133]Epoch 15:  97%|█████████▋| 140/144 [00:03<00:00, 36.46it/s, v_num=80885, train_loss_step=0.0117, val_loss=0.0256, val_acc=0.991, train_loss_epoch=0.0133]Epoch 15:  97%|█████████▋| 140/144 [00:03<00:00, 36.46it/s, v_num=80885, train_loss_step=0.0204, val_loss=0.0256, val_acc=0.991, train_loss_epoch=0.0133]Epoch 15:  98%|█████████▊| 141/144 [00:03<00:00, 36.48it/s, v_num=80885, train_loss_step=0.0204, val_loss=0.0256, val_acc=0.991, train_loss_epoch=0.0133]Epoch 15:  98%|█████████▊| 141/144 [00:03<00:00, 36.48it/s, v_num=80885, train_loss_step=0.0106, val_loss=0.0256, val_acc=0.991, train_loss_epoch=0.0133]Epoch 15:  99%|█████████▊| 142/144 [00:03<00:00, 36.49it/s, v_num=80885, train_loss_step=0.0106, val_loss=0.0256, val_acc=0.991, train_loss_epoch=0.0133]Epoch 15:  99%|█████████▊| 142/144 [00:03<00:00, 36.49it/s, v_num=80885, train_loss_step=0.0314, val_loss=0.0256, val_acc=0.991, train_loss_epoch=0.0133]Epoch 15:  99%|█████████▉| 143/144 [00:03<00:00, 36.46it/s, v_num=80885, train_loss_step=0.0314, val_loss=0.0256, val_acc=0.991, train_loss_epoch=0.0133]Epoch 15:  99%|█████████▉| 143/144 [00:03<00:00, 36.46it/s, v_num=80885, train_loss_step=0.0118, val_loss=0.0256, val_acc=0.991, train_loss_epoch=0.0133]Epoch 15: 100%|██████████| 144/144 [00:03<00:00, 36.48it/s, v_num=80885, train_loss_step=0.0118, val_loss=0.0256, val_acc=0.991, train_loss_epoch=0.0133]Epoch 15: 100%|██████████| 144/144 [00:03<00:00, 36.48it/s, v_num=80885, train_loss_step=0.000589, val_loss=0.0256, val_acc=0.991, train_loss_epoch=0.0133]
Validation: |          | 0/? [00:00<?, ?it/s][A
Validation:   0%|          | 0/14 [00:00<?, ?it/s][A
Validation DataLoader 0:   0%|          | 0/14 [00:00<?, ?it/s][A
Validation DataLoader 0:   7%|▋         | 1/14 [00:00<00:00, 123.85it/s][A
Validation DataLoader 0:  14%|█▍        | 2/14 [00:00<00:00, 84.35it/s] [A
Validation DataLoader 0:  21%|██▏       | 3/14 [00:00<00:00, 88.99it/s][A
Validation DataLoader 0:  29%|██▊       | 4/14 [00:00<00:00, 86.76it/s][A
Validation DataLoader 0:  36%|███▌      | 5/14 [00:00<00:00, 81.43it/s][A
Validation DataLoader 0:  43%|████▎     | 6/14 [00:00<00:00, 83.59it/s][A
Validation DataLoader 0:  50%|█████     | 7/14 [00:00<00:00, 85.66it/s][A
Validation DataLoader 0:  57%|█████▋    | 8/14 [00:00<00:00, 87.27it/s][A
Validation DataLoader 0:  64%|██████▍   | 9/14 [00:00<00:00, 86.87it/s][A
Validation DataLoader 0:  71%|███████▏  | 10/14 [00:00<00:00, 88.35it/s][A
Validation DataLoader 0:  79%|███████▊  | 11/14 [00:00<00:00, 89.35it/s][A
Validation DataLoader 0:  86%|████████▌ | 12/14 [00:00<00:00, 90.22it/s][A
Validation DataLoader 0:  93%|█████████▎| 13/14 [00:00<00:00, 90.96it/s][A
Validation DataLoader 0: 100%|██████████| 14/14 [00:00<00:00, 91.58it/s][A
                                                                        [AEpoch 15: 100%|██████████| 144/144 [00:04<00:00, 34.95it/s, v_num=80885, train_loss_step=0.000589, val_loss=0.0151, val_acc=0.994, train_loss_epoch=0.0133]Epoch 15: 100%|██████████| 144/144 [00:04<00:00, 34.94it/s, v_num=80885, train_loss_step=0.000589, val_loss=0.0151, val_acc=0.994, train_loss_epoch=0.0168]Epoch 15:   0%|          | 0/144 [00:00<?, ?it/s, v_num=80885, train_loss_step=0.000589, val_loss=0.0151, val_acc=0.994, train_loss_epoch=0.0168]          Epoch 16:   0%|          | 0/144 [00:00<?, ?it/s, v_num=80885, train_loss_step=0.000589, val_loss=0.0151, val_acc=0.994, train_loss_epoch=0.0168]Epoch 16:   1%|          | 1/144 [00:00<00:13, 10.50it/s, v_num=80885, train_loss_step=0.000589, val_loss=0.0151, val_acc=0.994, train_loss_epoch=0.0168]Epoch 16:   1%|          | 1/144 [00:00<00:13, 10.48it/s, v_num=80885, train_loss_step=0.00874, val_loss=0.0151, val_acc=0.994, train_loss_epoch=0.0168] Epoch 16:   1%|▏         | 2/144 [00:00<00:09, 15.67it/s, v_num=80885, train_loss_step=0.00874, val_loss=0.0151, val_acc=0.994, train_loss_epoch=0.0168]Epoch 16:   1%|▏         | 2/144 [00:00<00:09, 15.65it/s, v_num=80885, train_loss_step=0.0129, val_loss=0.0151, val_acc=0.994, train_loss_epoch=0.0168] Epoch 16:   2%|▏         | 3/144 [00:00<00:07, 19.35it/s, v_num=80885, train_loss_step=0.0129, val_loss=0.0151, val_acc=0.994, train_loss_epoch=0.0168]Epoch 16:   2%|▏         | 3/144 [00:00<00:07, 19.33it/s, v_num=80885, train_loss_step=0.0221, val_loss=0.0151, val_acc=0.994, train_loss_epoch=0.0168]Epoch 16:   3%|▎         | 4/144 [00:00<00:06, 21.99it/s, v_num=80885, train_loss_step=0.0221, val_loss=0.0151, val_acc=0.994, train_loss_epoch=0.0168]Epoch 16:   3%|▎         | 4/144 [00:00<00:06, 21.97it/s, v_num=80885, train_loss_step=0.0318, val_loss=0.0151, val_acc=0.994, train_loss_epoch=0.0168]Epoch 16:   3%|▎         | 5/144 [00:00<00:05, 23.86it/s, v_num=80885, train_loss_step=0.0318, val_loss=0.0151, val_acc=0.994, train_loss_epoch=0.0168]Epoch 16:   3%|▎         | 5/144 [00:00<00:05, 23.84it/s, v_num=80885, train_loss_step=0.019, val_loss=0.0151, val_acc=0.994, train_loss_epoch=0.0168] Epoch 16:   4%|▍         | 6/144 [00:00<00:05, 24.88it/s, v_num=80885, train_loss_step=0.019, val_loss=0.0151, val_acc=0.994, train_loss_epoch=0.0168]Epoch 16:   4%|▍         | 6/144 [00:00<00:05, 24.86it/s, v_num=80885, train_loss_step=0.0317, val_loss=0.0151, val_acc=0.994, train_loss_epoch=0.0168]Epoch 16:   5%|▍         | 7/144 [00:00<00:05, 26.10it/s, v_num=80885, train_loss_step=0.0317, val_loss=0.0151, val_acc=0.994, train_loss_epoch=0.0168]Epoch 16:   5%|▍         | 7/144 [00:00<00:05, 26.08it/s, v_num=80885, train_loss_step=0.00701, val_loss=0.0151, val_acc=0.994, train_loss_epoch=0.0168]Epoch 16:   6%|▌         | 8/144 [00:00<00:05, 26.87it/s, v_num=80885, train_loss_step=0.00701, val_loss=0.0151, val_acc=0.994, train_loss_epoch=0.0168]Epoch 16:   6%|▌         | 8/144 [00:00<00:05, 26.85it/s, v_num=80885, train_loss_step=0.00481, val_loss=0.0151, val_acc=0.994, train_loss_epoch=0.0168]Epoch 16:   6%|▋         | 9/144 [00:00<00:04, 27.67it/s, v_num=80885, train_loss_step=0.00481, val_loss=0.0151, val_acc=0.994, train_loss_epoch=0.0168]Epoch 16:   6%|▋         | 9/144 [00:00<00:04, 27.65it/s, v_num=80885, train_loss_step=0.0161, val_loss=0.0151, val_acc=0.994, train_loss_epoch=0.0168] Epoch 16:   7%|▋         | 10/144 [00:00<00:04, 27.99it/s, v_num=80885, train_loss_step=0.0161, val_loss=0.0151, val_acc=0.994, train_loss_epoch=0.0168]Epoch 16:   7%|▋         | 10/144 [00:00<00:04, 27.98it/s, v_num=80885, train_loss_step=0.0139, val_loss=0.0151, val_acc=0.994, train_loss_epoch=0.0168]Epoch 16:   8%|▊         | 11/144 [00:00<00:04, 28.60it/s, v_num=80885, train_loss_step=0.0139, val_loss=0.0151, val_acc=0.994, train_loss_epoch=0.0168]Epoch 16:   8%|▊         | 11/144 [00:00<00:04, 28.59it/s, v_num=80885, train_loss_step=0.00731, val_loss=0.0151, val_acc=0.994, train_loss_epoch=0.0168]Epoch 16:   8%|▊         | 12/144 [00:00<00:04, 29.17it/s, v_num=80885, train_loss_step=0.00731, val_loss=0.0151, val_acc=0.994, train_loss_epoch=0.0168]Epoch 16:   8%|▊         | 12/144 [00:00<00:04, 29.16it/s, v_num=80885, train_loss_step=0.00354, val_loss=0.0151, val_acc=0.994, train_loss_epoch=0.0168]Epoch 16:   9%|▉         | 13/144 [00:00<00:04, 29.70it/s, v_num=80885, train_loss_step=0.00354, val_loss=0.0151, val_acc=0.994, train_loss_epoch=0.0168]Epoch 16:   9%|▉         | 13/144 [00:00<00:04, 29.69it/s, v_num=80885, train_loss_step=0.0187, val_loss=0.0151, val_acc=0.994, train_loss_epoch=0.0168] Epoch 16:  10%|▉         | 14/144 [00:00<00:04, 29.97it/s, v_num=80885, train_loss_step=0.0187, val_loss=0.0151, val_acc=0.994, train_loss_epoch=0.0168]Epoch 16:  10%|▉         | 14/144 [00:00<00:04, 29.96it/s, v_num=80885, train_loss_step=0.00687, val_loss=0.0151, val_acc=0.994, train_loss_epoch=0.0168]Epoch 16:  10%|█         | 15/144 [00:00<00:04, 30.36it/s, v_num=80885, train_loss_step=0.00687, val_loss=0.0151, val_acc=0.994, train_loss_epoch=0.0168]Epoch 16:  10%|█         | 15/144 [00:00<00:04, 30.35it/s, v_num=80885, train_loss_step=0.0259, val_loss=0.0151, val_acc=0.994, train_loss_epoch=0.0168] Epoch 16:  11%|█         | 16/144 [00:00<00:04, 30.60it/s, v_num=80885, train_loss_step=0.0259, val_loss=0.0151, val_acc=0.994, train_loss_epoch=0.0168]Epoch 16:  11%|█         | 16/144 [00:00<00:04, 30.59it/s, v_num=80885, train_loss_step=0.00477, val_loss=0.0151, val_acc=0.994, train_loss_epoch=0.0168]Epoch 16:  12%|█▏        | 17/144 [00:00<00:04, 30.79it/s, v_num=80885, train_loss_step=0.00477, val_loss=0.0151, val_acc=0.994, train_loss_epoch=0.0168]Epoch 16:  12%|█▏        | 17/144 [00:00<00:04, 30.78it/s, v_num=80885, train_loss_step=0.0173, val_loss=0.0151, val_acc=0.994, train_loss_epoch=0.0168] Epoch 16:  12%|█▎        | 18/144 [00:00<00:04, 30.77it/s, v_num=80885, train_loss_step=0.0173, val_loss=0.0151, val_acc=0.994, train_loss_epoch=0.0168]Epoch 16:  12%|█▎        | 18/144 [00:00<00:04, 30.76it/s, v_num=80885, train_loss_step=0.00177, val_loss=0.0151, val_acc=0.994, train_loss_epoch=0.0168]Epoch 16:  13%|█▎        | 19/144 [00:00<00:04, 31.00it/s, v_num=80885, train_loss_step=0.00177, val_loss=0.0151, val_acc=0.994, train_loss_epoch=0.0168]Epoch 16:  13%|█▎        | 19/144 [00:00<00:04, 30.99it/s, v_num=80885, train_loss_step=0.0189, val_loss=0.0151, val_acc=0.994, train_loss_epoch=0.0168] Epoch 16:  14%|█▍        | 20/144 [00:00<00:03, 31.22it/s, v_num=80885, train_loss_step=0.0189, val_loss=0.0151, val_acc=0.994, train_loss_epoch=0.0168]Epoch 16:  14%|█▍        | 20/144 [00:00<00:03, 31.21it/s, v_num=80885, train_loss_step=0.012, val_loss=0.0151, val_acc=0.994, train_loss_epoch=0.0168] Epoch 16:  15%|█▍        | 21/144 [00:00<00:03, 31.34it/s, v_num=80885, train_loss_step=0.012, val_loss=0.0151, val_acc=0.994, train_loss_epoch=0.0168]Epoch 16:  15%|█▍        | 21/144 [00:00<00:03, 31.33it/s, v_num=80885, train_loss_step=0.0148, val_loss=0.0151, val_acc=0.994, train_loss_epoch=0.0168]Epoch 16:  15%|█▌        | 22/144 [00:00<00:03, 31.27it/s, v_num=80885, train_loss_step=0.0148, val_loss=0.0151, val_acc=0.994, train_loss_epoch=0.0168]Epoch 16:  15%|█▌        | 22/144 [00:00<00:03, 31.26it/s, v_num=80885, train_loss_step=0.021, val_loss=0.0151, val_acc=0.994, train_loss_epoch=0.0168] Epoch 16:  16%|█▌        | 23/144 [00:00<00:03, 31.44it/s, v_num=80885, train_loss_step=0.021, val_loss=0.0151, val_acc=0.994, train_loss_epoch=0.0168]Epoch 16:  16%|█▌        | 23/144 [00:00<00:03, 31.43it/s, v_num=80885, train_loss_step=0.0538, val_loss=0.0151, val_acc=0.994, train_loss_epoch=0.0168]Epoch 16:  17%|█▋        | 24/144 [00:00<00:03, 31.63it/s, v_num=80885, train_loss_step=0.0538, val_loss=0.0151, val_acc=0.994, train_loss_epoch=0.0168]Epoch 16:  17%|█▋        | 24/144 [00:00<00:03, 31.62it/s, v_num=80885, train_loss_step=0.00399, val_loss=0.0151, val_acc=0.994, train_loss_epoch=0.0168]Epoch 16:  17%|█▋        | 25/144 [00:00<00:03, 31.79it/s, v_num=80885, train_loss_step=0.00399, val_loss=0.0151, val_acc=0.994, train_loss_epoch=0.0168]Epoch 16:  17%|█▋        | 25/144 [00:00<00:03, 31.78it/s, v_num=80885, train_loss_step=0.0437, val_loss=0.0151, val_acc=0.994, train_loss_epoch=0.0168] Epoch 16:  18%|█▊        | 26/144 [00:00<00:03, 31.82it/s, v_num=80885, train_loss_step=0.0437, val_loss=0.0151, val_acc=0.994, train_loss_epoch=0.0168]Epoch 16:  18%|█▊        | 26/144 [00:00<00:03, 31.81it/s, v_num=80885, train_loss_step=0.0103, val_loss=0.0151, val_acc=0.994, train_loss_epoch=0.0168]Epoch 16:  19%|█▉        | 27/144 [00:00<00:03, 31.98it/s, v_num=80885, train_loss_step=0.0103, val_loss=0.0151, val_acc=0.994, train_loss_epoch=0.0168]Epoch 16:  19%|█▉        | 27/144 [00:00<00:03, 31.98it/s, v_num=80885, train_loss_step=0.0276, val_loss=0.0151, val_acc=0.994, train_loss_epoch=0.0168]Epoch 16:  19%|█▉        | 28/144 [00:00<00:03, 32.13it/s, v_num=80885, train_loss_step=0.0276, val_loss=0.0151, val_acc=0.994, train_loss_epoch=0.0168]Epoch 16:  19%|█▉        | 28/144 [00:00<00:03, 32.13it/s, v_num=80885, train_loss_step=0.00656, val_loss=0.0151, val_acc=0.994, train_loss_epoch=0.0168]Epoch 16:  20%|██        | 29/144 [00:00<00:03, 32.25it/s, v_num=80885, train_loss_step=0.00656, val_loss=0.0151, val_acc=0.994, train_loss_epoch=0.0168]Epoch 16:  20%|██        | 29/144 [00:00<00:03, 32.24it/s, v_num=80885, train_loss_step=0.0203, val_loss=0.0151, val_acc=0.994, train_loss_epoch=0.0168] Epoch 16:  21%|██        | 30/144 [00:00<00:03, 32.29it/s, v_num=80885, train_loss_step=0.0203, val_loss=0.0151, val_acc=0.994, train_loss_epoch=0.0168]Epoch 16:  21%|██        | 30/144 [00:00<00:03, 32.28it/s, v_num=80885, train_loss_step=0.0132, val_loss=0.0151, val_acc=0.994, train_loss_epoch=0.0168]Epoch 16:  22%|██▏       | 31/144 [00:00<00:03, 32.42it/s, v_num=80885, train_loss_step=0.0132, val_loss=0.0151, val_acc=0.994, train_loss_epoch=0.0168]Epoch 16:  22%|██▏       | 31/144 [00:00<00:03, 32.42it/s, v_num=80885, train_loss_step=0.0238, val_loss=0.0151, val_acc=0.994, train_loss_epoch=0.0168]Epoch 16:  22%|██▏       | 32/144 [00:00<00:03, 32.56it/s, v_num=80885, train_loss_step=0.0238, val_loss=0.0151, val_acc=0.994, train_loss_epoch=0.0168]Epoch 16:  22%|██▏       | 32/144 [00:00<00:03, 32.56it/s, v_num=80885, train_loss_step=0.00484, val_loss=0.0151, val_acc=0.994, train_loss_epoch=0.0168]Epoch 16:  23%|██▎       | 33/144 [00:01<00:03, 32.69it/s, v_num=80885, train_loss_step=0.00484, val_loss=0.0151, val_acc=0.994, train_loss_epoch=0.0168]Epoch 16:  23%|██▎       | 33/144 [00:01<00:03, 32.68it/s, v_num=80885, train_loss_step=0.0168, val_loss=0.0151, val_acc=0.994, train_loss_epoch=0.0168] Epoch 16:  24%|██▎       | 34/144 [00:01<00:03, 32.68it/s, v_num=80885, train_loss_step=0.0168, val_loss=0.0151, val_acc=0.994, train_loss_epoch=0.0168]Epoch 16:  24%|██▎       | 34/144 [00:01<00:03, 32.67it/s, v_num=80885, train_loss_step=0.00918, val_loss=0.0151, val_acc=0.994, train_loss_epoch=0.0168]Epoch 16:  24%|██▍       | 35/144 [00:01<00:03, 32.83it/s, v_num=80885, train_loss_step=0.00918, val_loss=0.0151, val_acc=0.994, train_loss_epoch=0.0168]Epoch 16:  24%|██▍       | 35/144 [00:01<00:03, 32.83it/s, v_num=80885, train_loss_step=0.00694, val_loss=0.0151, val_acc=0.994, train_loss_epoch=0.0168]Epoch 16:  25%|██▌       | 36/144 [00:01<00:03, 32.96it/s, v_num=80885, train_loss_step=0.00694, val_loss=0.0151, val_acc=0.994, train_loss_epoch=0.0168]Epoch 16:  25%|██▌       | 36/144 [00:01<00:03, 32.96it/s, v_num=80885, train_loss_step=0.019, val_loss=0.0151, val_acc=0.994, train_loss_epoch=0.0168]  Epoch 16:  26%|██▌       | 37/144 [00:01<00:03, 33.04it/s, v_num=80885, train_loss_step=0.019, val_loss=0.0151, val_acc=0.994, train_loss_epoch=0.0168]Epoch 16:  26%|██▌       | 37/144 [00:01<00:03, 33.03it/s, v_num=80885, train_loss_step=0.0145, val_loss=0.0151, val_acc=0.994, train_loss_epoch=0.0168]Epoch 16:  26%|██▋       | 38/144 [00:01<00:03, 33.03it/s, v_num=80885, train_loss_step=0.0145, val_loss=0.0151, val_acc=0.994, train_loss_epoch=0.0168]Epoch 16:  26%|██▋       | 38/144 [00:01<00:03, 33.03it/s, v_num=80885, train_loss_step=0.0265, val_loss=0.0151, val_acc=0.994, train_loss_epoch=0.0168]Epoch 16:  27%|██▋       | 39/144 [00:01<00:03, 33.12it/s, v_num=80885, train_loss_step=0.0265, val_loss=0.0151, val_acc=0.994, train_loss_epoch=0.0168]Epoch 16:  27%|██▋       | 39/144 [00:01<00:03, 33.11it/s, v_num=80885, train_loss_step=0.014, val_loss=0.0151, val_acc=0.994, train_loss_epoch=0.0168] Epoch 16:  28%|██▊       | 40/144 [00:01<00:03, 33.18it/s, v_num=80885, train_loss_step=0.014, val_loss=0.0151, val_acc=0.994, train_loss_epoch=0.0168]Epoch 16:  28%|██▊       | 40/144 [00:01<00:03, 33.18it/s, v_num=80885, train_loss_step=0.00365, val_loss=0.0151, val_acc=0.994, train_loss_epoch=0.0168]Epoch 16:  28%|██▊       | 41/144 [00:01<00:03, 33.28it/s, v_num=80885, train_loss_step=0.00365, val_loss=0.0151, val_acc=0.994, train_loss_epoch=0.0168]Epoch 16:  28%|██▊       | 41/144 [00:01<00:03, 33.28it/s, v_num=80885, train_loss_step=0.0134, val_loss=0.0151, val_acc=0.994, train_loss_epoch=0.0168] Epoch 16:  29%|██▉       | 42/144 [00:01<00:03, 33.29it/s, v_num=80885, train_loss_step=0.0134, val_loss=0.0151, val_acc=0.994, train_loss_epoch=0.0168]Epoch 16:  29%|██▉       | 42/144 [00:01<00:03, 33.29it/s, v_num=80885, train_loss_step=0.000613, val_loss=0.0151, val_acc=0.994, train_loss_epoch=0.0168]Epoch 16:  30%|██▉       | 43/144 [00:01<00:03, 33.41it/s, v_num=80885, train_loss_step=0.000613, val_loss=0.0151, val_acc=0.994, train_loss_epoch=0.0168]Epoch 16:  30%|██▉       | 43/144 [00:01<00:03, 33.40it/s, v_num=80885, train_loss_step=0.0517, val_loss=0.0151, val_acc=0.994, train_loss_epoch=0.0168]  Epoch 16:  31%|███       | 44/144 [00:01<00:02, 33.47it/s, v_num=80885, train_loss_step=0.0517, val_loss=0.0151, val_acc=0.994, train_loss_epoch=0.0168]Epoch 16:  31%|███       | 44/144 [00:01<00:02, 33.47it/s, v_num=80885, train_loss_step=0.0185, val_loss=0.0151, val_acc=0.994, train_loss_epoch=0.0168]Epoch 16:  31%|███▏      | 45/144 [00:01<00:02, 33.56it/s, v_num=80885, train_loss_step=0.0185, val_loss=0.0151, val_acc=0.994, train_loss_epoch=0.0168]Epoch 16:  31%|███▏      | 45/144 [00:01<00:02, 33.55it/s, v_num=80885, train_loss_step=0.00766, val_loss=0.0151, val_acc=0.994, train_loss_epoch=0.0168]Epoch 16:  32%|███▏      | 46/144 [00:01<00:02, 33.58it/s, v_num=80885, train_loss_step=0.00766, val_loss=0.0151, val_acc=0.994, train_loss_epoch=0.0168]Epoch 16:  32%|███▏      | 46/144 [00:01<00:02, 33.57it/s, v_num=80885, train_loss_step=0.00365, val_loss=0.0151, val_acc=0.994, train_loss_epoch=0.0168]Epoch 16:  33%|███▎      | 47/144 [00:01<00:02, 33.55it/s, v_num=80885, train_loss_step=0.00365, val_loss=0.0151, val_acc=0.994, train_loss_epoch=0.0168]Epoch 16:  33%|███▎      | 47/144 [00:01<00:02, 33.54it/s, v_num=80885, train_loss_step=0.00534, val_loss=0.0151, val_acc=0.994, train_loss_epoch=0.0168]Epoch 16:  33%|███▎      | 48/144 [00:01<00:02, 33.60it/s, v_num=80885, train_loss_step=0.00534, val_loss=0.0151, val_acc=0.994, train_loss_epoch=0.0168]Epoch 16:  33%|███▎      | 48/144 [00:01<00:02, 33.60it/s, v_num=80885, train_loss_step=0.0112, val_loss=0.0151, val_acc=0.994, train_loss_epoch=0.0168] Epoch 16:  34%|███▍      | 49/144 [00:01<00:02, 33.65it/s, v_num=80885, train_loss_step=0.0112, val_loss=0.0151, val_acc=0.994, train_loss_epoch=0.0168]Epoch 16:  34%|███▍      | 49/144 [00:01<00:02, 33.64it/s, v_num=80885, train_loss_step=0.00952, val_loss=0.0151, val_acc=0.994, train_loss_epoch=0.0168]Epoch 16:  35%|███▍      | 50/144 [00:01<00:02, 33.66it/s, v_num=80885, train_loss_step=0.00952, val_loss=0.0151, val_acc=0.994, train_loss_epoch=0.0168]Epoch 16:  35%|███▍      | 50/144 [00:01<00:02, 33.65it/s, v_num=80885, train_loss_step=0.00681, val_loss=0.0151, val_acc=0.994, train_loss_epoch=0.0168]Epoch 16:  35%|███▌      | 51/144 [00:01<00:02, 33.75it/s, v_num=80885, train_loss_step=0.00681, val_loss=0.0151, val_acc=0.994, train_loss_epoch=0.0168]Epoch 16:  35%|███▌      | 51/144 [00:01<00:02, 33.74it/s, v_num=80885, train_loss_step=0.0221, val_loss=0.0151, val_acc=0.994, train_loss_epoch=0.0168] Epoch 16:  36%|███▌      | 52/144 [00:01<00:02, 33.84it/s, v_num=80885, train_loss_step=0.0221, val_loss=0.0151, val_acc=0.994, train_loss_epoch=0.0168]Epoch 16:  36%|███▌      | 52/144 [00:01<00:02, 33.83it/s, v_num=80885, train_loss_step=0.0192, val_loss=0.0151, val_acc=0.994, train_loss_epoch=0.0168]Epoch 16:  37%|███▋      | 53/144 [00:01<00:02, 33.93it/s, v_num=80885, train_loss_step=0.0192, val_loss=0.0151, val_acc=0.994, train_loss_epoch=0.0168]Epoch 16:  37%|███▋      | 53/144 [00:01<00:02, 33.92it/s, v_num=80885, train_loss_step=0.0158, val_loss=0.0151, val_acc=0.994, train_loss_epoch=0.0168]Epoch 16:  38%|███▊      | 54/144 [00:01<00:02, 33.94it/s, v_num=80885, train_loss_step=0.0158, val_loss=0.0151, val_acc=0.994, train_loss_epoch=0.0168]Epoch 16:  38%|███▊      | 54/144 [00:01<00:02, 33.94it/s, v_num=80885, train_loss_step=0.0189, val_loss=0.0151, val_acc=0.994, train_loss_epoch=0.0168]Epoch 16:  38%|███▊      | 55/144 [00:01<00:02, 33.99it/s, v_num=80885, train_loss_step=0.0189, val_loss=0.0151, val_acc=0.994, train_loss_epoch=0.0168]Epoch 16:  38%|███▊      | 55/144 [00:01<00:02, 33.99it/s, v_num=80885, train_loss_step=0.0115, val_loss=0.0151, val_acc=0.994, train_loss_epoch=0.0168]Epoch 16:  39%|███▉      | 56/144 [00:01<00:02, 34.02it/s, v_num=80885, train_loss_step=0.0115, val_loss=0.0151, val_acc=0.994, train_loss_epoch=0.0168]Epoch 16:  39%|███▉      | 56/144 [00:01<00:02, 34.01it/s, v_num=80885, train_loss_step=0.0109, val_loss=0.0151, val_acc=0.994, train_loss_epoch=0.0168]Epoch 16:  40%|███▉      | 57/144 [00:01<00:02, 34.04it/s, v_num=80885, train_loss_step=0.0109, val_loss=0.0151, val_acc=0.994, train_loss_epoch=0.0168]Epoch 16:  40%|███▉      | 57/144 [00:01<00:02, 34.04it/s, v_num=80885, train_loss_step=0.00596, val_loss=0.0151, val_acc=0.994, train_loss_epoch=0.0168]Epoch 16:  40%|████      | 58/144 [00:01<00:02, 33.99it/s, v_num=80885, train_loss_step=0.00596, val_loss=0.0151, val_acc=0.994, train_loss_epoch=0.0168]Epoch 16:  40%|████      | 58/144 [00:01<00:02, 33.99it/s, v_num=80885, train_loss_step=0.010, val_loss=0.0151, val_acc=0.994, train_loss_epoch=0.0168]  Epoch 16:  41%|████      | 59/144 [00:01<00:02, 34.05it/s, v_num=80885, train_loss_step=0.010, val_loss=0.0151, val_acc=0.994, train_loss_epoch=0.0168]Epoch 16:  41%|████      | 59/144 [00:01<00:02, 34.04it/s, v_num=80885, train_loss_step=0.0504, val_loss=0.0151, val_acc=0.994, train_loss_epoch=0.0168]Epoch 16:  42%|████▏     | 60/144 [00:01<00:02, 34.11it/s, v_num=80885, train_loss_step=0.0504, val_loss=0.0151, val_acc=0.994, train_loss_epoch=0.0168]Epoch 16:  42%|████▏     | 60/144 [00:01<00:02, 34.11it/s, v_num=80885, train_loss_step=0.00211, val_loss=0.0151, val_acc=0.994, train_loss_epoch=0.0168]Epoch 16:  42%|████▏     | 61/144 [00:01<00:02, 34.09it/s, v_num=80885, train_loss_step=0.00211, val_loss=0.0151, val_acc=0.994, train_loss_epoch=0.0168]Epoch 16:  42%|████▏     | 61/144 [00:01<00:02, 34.09it/s, v_num=80885, train_loss_step=0.00749, val_loss=0.0151, val_acc=0.994, train_loss_epoch=0.0168]Epoch 16:  43%|████▎     | 62/144 [00:01<00:02, 34.08it/s, v_num=80885, train_loss_step=0.00749, val_loss=0.0151, val_acc=0.994, train_loss_epoch=0.0168]Epoch 16:  43%|████▎     | 62/144 [00:01<00:02, 34.08it/s, v_num=80885, train_loss_step=0.0273, val_loss=0.0151, val_acc=0.994, train_loss_epoch=0.0168] Epoch 16:  44%|████▍     | 63/144 [00:01<00:02, 34.15it/s, v_num=80885, train_loss_step=0.0273, val_loss=0.0151, val_acc=0.994, train_loss_epoch=0.0168]Epoch 16:  44%|████▍     | 63/144 [00:01<00:02, 34.15it/s, v_num=80885, train_loss_step=0.00423, val_loss=0.0151, val_acc=0.994, train_loss_epoch=0.0168]Epoch 16:  44%|████▍     | 64/144 [00:01<00:02, 34.18it/s, v_num=80885, train_loss_step=0.00423, val_loss=0.0151, val_acc=0.994, train_loss_epoch=0.0168]Epoch 16:  44%|████▍     | 64/144 [00:01<00:02, 34.18it/s, v_num=80885, train_loss_step=0.00696, val_loss=0.0151, val_acc=0.994, train_loss_epoch=0.0168]Epoch 16:  45%|████▌     | 65/144 [00:01<00:02, 34.23it/s, v_num=80885, train_loss_step=0.00696, val_loss=0.0151, val_acc=0.994, train_loss_epoch=0.0168]Epoch 16:  45%|████▌     | 65/144 [00:01<00:02, 34.23it/s, v_num=80885, train_loss_step=0.00716, val_loss=0.0151, val_acc=0.994, train_loss_epoch=0.0168]Epoch 16:  46%|████▌     | 66/144 [00:01<00:02, 34.22it/s, v_num=80885, train_loss_step=0.00716, val_loss=0.0151, val_acc=0.994, train_loss_epoch=0.0168]Epoch 16:  46%|████▌     | 66/144 [00:01<00:02, 34.21it/s, v_num=80885, train_loss_step=0.0217, val_loss=0.0151, val_acc=0.994, train_loss_epoch=0.0168] Epoch 16:  47%|████▋     | 67/144 [00:01<00:02, 34.25it/s, v_num=80885, train_loss_step=0.0217, val_loss=0.0151, val_acc=0.994, train_loss_epoch=0.0168]Epoch 16:  47%|████▋     | 67/144 [00:01<00:02, 34.25it/s, v_num=80885, train_loss_step=0.00907, val_loss=0.0151, val_acc=0.994, train_loss_epoch=0.0168]Epoch 16:  47%|████▋     | 68/144 [00:01<00:02, 34.31it/s, v_num=80885, train_loss_step=0.00907, val_loss=0.0151, val_acc=0.994, train_loss_epoch=0.0168]Epoch 16:  47%|████▋     | 68/144 [00:01<00:02, 34.31it/s, v_num=80885, train_loss_step=0.00662, val_loss=0.0151, val_acc=0.994, train_loss_epoch=0.0168]Epoch 16:  48%|████▊     | 69/144 [00:02<00:02, 34.34it/s, v_num=80885, train_loss_step=0.00662, val_loss=0.0151, val_acc=0.994, train_loss_epoch=0.0168]Epoch 16:  48%|████▊     | 69/144 [00:02<00:02, 34.34it/s, v_num=80885, train_loss_step=0.00642, val_loss=0.0151, val_acc=0.994, train_loss_epoch=0.0168]Epoch 16:  49%|████▊     | 70/144 [00:02<00:02, 34.34it/s, v_num=80885, train_loss_step=0.00642, val_loss=0.0151, val_acc=0.994, train_loss_epoch=0.0168]Epoch 16:  49%|████▊     | 70/144 [00:02<00:02, 34.34it/s, v_num=80885, train_loss_step=0.00206, val_loss=0.0151, val_acc=0.994, train_loss_epoch=0.0168]Epoch 16:  49%|████▉     | 71/144 [00:02<00:02, 34.38it/s, v_num=80885, train_loss_step=0.00206, val_loss=0.0151, val_acc=0.994, train_loss_epoch=0.0168]Epoch 16:  49%|████▉     | 71/144 [00:02<00:02, 34.37it/s, v_num=80885, train_loss_step=0.0104, val_loss=0.0151, val_acc=0.994, train_loss_epoch=0.0168] Epoch 16:  50%|█████     | 72/144 [00:02<00:02, 34.43it/s, v_num=80885, train_loss_step=0.0104, val_loss=0.0151, val_acc=0.994, train_loss_epoch=0.0168]Epoch 16:  50%|█████     | 72/144 [00:02<00:02, 34.43it/s, v_num=80885, train_loss_step=0.00238, val_loss=0.0151, val_acc=0.994, train_loss_epoch=0.0168]Epoch 16:  51%|█████     | 73/144 [00:02<00:02, 34.45it/s, v_num=80885, train_loss_step=0.00238, val_loss=0.0151, val_acc=0.994, train_loss_epoch=0.0168]Epoch 16:  51%|█████     | 73/144 [00:02<00:02, 34.45it/s, v_num=80885, train_loss_step=0.0084, val_loss=0.0151, val_acc=0.994, train_loss_epoch=0.0168] Epoch 16:  51%|█████▏    | 74/144 [00:02<00:02, 34.43it/s, v_num=80885, train_loss_step=0.0084, val_loss=0.0151, val_acc=0.994, train_loss_epoch=0.0168]Epoch 16:  51%|█████▏    | 74/144 [00:02<00:02, 34.42it/s, v_num=80885, train_loss_step=0.00455, val_loss=0.0151, val_acc=0.994, train_loss_epoch=0.0168]Epoch 16:  52%|█████▏    | 75/144 [00:02<00:02, 34.48it/s, v_num=80885, train_loss_step=0.00455, val_loss=0.0151, val_acc=0.994, train_loss_epoch=0.0168]Epoch 16:  52%|█████▏    | 75/144 [00:02<00:02, 34.48it/s, v_num=80885, train_loss_step=0.00595, val_loss=0.0151, val_acc=0.994, train_loss_epoch=0.0168]Epoch 16:  53%|█████▎    | 76/144 [00:02<00:01, 34.52it/s, v_num=80885, train_loss_step=0.00595, val_loss=0.0151, val_acc=0.994, train_loss_epoch=0.0168]Epoch 16:  53%|█████▎    | 76/144 [00:02<00:01, 34.52it/s, v_num=80885, train_loss_step=0.00365, val_loss=0.0151, val_acc=0.994, train_loss_epoch=0.0168]Epoch 16:  53%|█████▎    | 77/144 [00:02<00:01, 34.54it/s, v_num=80885, train_loss_step=0.00365, val_loss=0.0151, val_acc=0.994, train_loss_epoch=0.0168]Epoch 16:  53%|█████▎    | 77/144 [00:02<00:01, 34.53it/s, v_num=80885, train_loss_step=0.0113, val_loss=0.0151, val_acc=0.994, train_loss_epoch=0.0168] Epoch 16:  54%|█████▍    | 78/144 [00:02<00:01, 34.53it/s, v_num=80885, train_loss_step=0.0113, val_loss=0.0151, val_acc=0.994, train_loss_epoch=0.0168]Epoch 16:  54%|█████▍    | 78/144 [00:02<00:01, 34.53it/s, v_num=80885, train_loss_step=0.00709, val_loss=0.0151, val_acc=0.994, train_loss_epoch=0.0168]Epoch 16:  55%|█████▍    | 79/144 [00:02<00:01, 34.51it/s, v_num=80885, train_loss_step=0.00709, val_loss=0.0151, val_acc=0.994, train_loss_epoch=0.0168]Epoch 16:  55%|█████▍    | 79/144 [00:02<00:01, 34.50it/s, v_num=80885, train_loss_step=0.00468, val_loss=0.0151, val_acc=0.994, train_loss_epoch=0.0168]Epoch 16:  56%|█████▌    | 80/144 [00:02<00:01, 34.54it/s, v_num=80885, train_loss_step=0.00468, val_loss=0.0151, val_acc=0.994, train_loss_epoch=0.0168]Epoch 16:  56%|█████▌    | 80/144 [00:02<00:01, 34.54it/s, v_num=80885, train_loss_step=0.00175, val_loss=0.0151, val_acc=0.994, train_loss_epoch=0.0168]Epoch 16:  56%|█████▋    | 81/144 [00:02<00:01, 34.57it/s, v_num=80885, train_loss_step=0.00175, val_loss=0.0151, val_acc=0.994, train_loss_epoch=0.0168]Epoch 16:  56%|█████▋    | 81/144 [00:02<00:01, 34.57it/s, v_num=80885, train_loss_step=0.00719, val_loss=0.0151, val_acc=0.994, train_loss_epoch=0.0168]Epoch 16:  57%|█████▋    | 82/144 [00:02<00:01, 34.58it/s, v_num=80885, train_loss_step=0.00719, val_loss=0.0151, val_acc=0.994, train_loss_epoch=0.0168]Epoch 16:  57%|█████▋    | 82/144 [00:02<00:01, 34.57it/s, v_num=80885, train_loss_step=0.00799, val_loss=0.0151, val_acc=0.994, train_loss_epoch=0.0168]Epoch 16:  58%|█████▊    | 83/144 [00:02<00:01, 34.61it/s, v_num=80885, train_loss_step=0.00799, val_loss=0.0151, val_acc=0.994, train_loss_epoch=0.0168]Epoch 16:  58%|█████▊    | 83/144 [00:02<00:01, 34.60it/s, v_num=80885, train_loss_step=0.00963, val_loss=0.0151, val_acc=0.994, train_loss_epoch=0.0168]Epoch 16:  58%|█████▊    | 84/144 [00:02<00:01, 34.66it/s, v_num=80885, train_loss_step=0.00963, val_loss=0.0151, val_acc=0.994, train_loss_epoch=0.0168]Epoch 16:  58%|█████▊    | 84/144 [00:02<00:01, 34.65it/s, v_num=80885, train_loss_step=0.0102, val_loss=0.0151, val_acc=0.994, train_loss_epoch=0.0168] Epoch 16:  59%|█████▉    | 85/144 [00:02<00:01, 34.69it/s, v_num=80885, train_loss_step=0.0102, val_loss=0.0151, val_acc=0.994, train_loss_epoch=0.0168]Epoch 16:  59%|█████▉    | 85/144 [00:02<00:01, 34.69it/s, v_num=80885, train_loss_step=0.00549, val_loss=0.0151, val_acc=0.994, train_loss_epoch=0.0168]Epoch 16:  60%|█████▉    | 86/144 [00:02<00:01, 34.68it/s, v_num=80885, train_loss_step=0.00549, val_loss=0.0151, val_acc=0.994, train_loss_epoch=0.0168]Epoch 16:  60%|█████▉    | 86/144 [00:02<00:01, 34.68it/s, v_num=80885, train_loss_step=0.00371, val_loss=0.0151, val_acc=0.994, train_loss_epoch=0.0168]Epoch 16:  60%|██████    | 87/144 [00:02<00:01, 34.73it/s, v_num=80885, train_loss_step=0.00371, val_loss=0.0151, val_acc=0.994, train_loss_epoch=0.0168]Epoch 16:  60%|██████    | 87/144 [00:02<00:01, 34.73it/s, v_num=80885, train_loss_step=0.00742, val_loss=0.0151, val_acc=0.994, train_loss_epoch=0.0168]Epoch 16:  61%|██████    | 88/144 [00:02<00:01, 34.76it/s, v_num=80885, train_loss_step=0.00742, val_loss=0.0151, val_acc=0.994, train_loss_epoch=0.0168]Epoch 16:  61%|██████    | 88/144 [00:02<00:01, 34.76it/s, v_num=80885, train_loss_step=0.0109, val_loss=0.0151, val_acc=0.994, train_loss_epoch=0.0168] Epoch 16:  62%|██████▏   | 89/144 [00:02<00:01, 34.78it/s, v_num=80885, train_loss_step=0.0109, val_loss=0.0151, val_acc=0.994, train_loss_epoch=0.0168]Epoch 16:  62%|██████▏   | 89/144 [00:02<00:01, 34.78it/s, v_num=80885, train_loss_step=0.00649, val_loss=0.0151, val_acc=0.994, train_loss_epoch=0.0168]Epoch 16:  62%|██████▎   | 90/144 [00:02<00:01, 34.76it/s, v_num=80885, train_loss_step=0.00649, val_loss=0.0151, val_acc=0.994, train_loss_epoch=0.0168]Epoch 16:  62%|██████▎   | 90/144 [00:02<00:01, 34.75it/s, v_num=80885, train_loss_step=0.000936, val_loss=0.0151, val_acc=0.994, train_loss_epoch=0.0168]Epoch 16:  63%|██████▎   | 91/144 [00:02<00:01, 34.79it/s, v_num=80885, train_loss_step=0.000936, val_loss=0.0151, val_acc=0.994, train_loss_epoch=0.0168]Epoch 16:  63%|██████▎   | 91/144 [00:02<00:01, 34.79it/s, v_num=80885, train_loss_step=0.00199, val_loss=0.0151, val_acc=0.994, train_loss_epoch=0.0168] Epoch 16:  64%|██████▍   | 92/144 [00:02<00:01, 34.82it/s, v_num=80885, train_loss_step=0.00199, val_loss=0.0151, val_acc=0.994, train_loss_epoch=0.0168]Epoch 16:  64%|██████▍   | 92/144 [00:02<00:01, 34.82it/s, v_num=80885, train_loss_step=0.0034, val_loss=0.0151, val_acc=0.994, train_loss_epoch=0.0168] Epoch 16:  65%|██████▍   | 93/144 [00:02<00:01, 34.85it/s, v_num=80885, train_loss_step=0.0034, val_loss=0.0151, val_acc=0.994, train_loss_epoch=0.0168]Epoch 16:  65%|██████▍   | 93/144 [00:02<00:01, 34.85it/s, v_num=80885, train_loss_step=0.00541, val_loss=0.0151, val_acc=0.994, train_loss_epoch=0.0168]Epoch 16:  65%|██████▌   | 94/144 [00:02<00:01, 34.84it/s, v_num=80885, train_loss_step=0.00541, val_loss=0.0151, val_acc=0.994, train_loss_epoch=0.0168]Epoch 16:  65%|██████▌   | 94/144 [00:02<00:01, 34.84it/s, v_num=80885, train_loss_step=0.0228, val_loss=0.0151, val_acc=0.994, train_loss_epoch=0.0168] Epoch 16:  66%|██████▌   | 95/144 [00:02<00:01, 34.86it/s, v_num=80885, train_loss_step=0.0228, val_loss=0.0151, val_acc=0.994, train_loss_epoch=0.0168]Epoch 16:  66%|██████▌   | 95/144 [00:02<00:01, 34.86it/s, v_num=80885, train_loss_step=0.0026, val_loss=0.0151, val_acc=0.994, train_loss_epoch=0.0168]Epoch 16:  67%|██████▋   | 96/144 [00:02<00:01, 34.83it/s, v_num=80885, train_loss_step=0.0026, val_loss=0.0151, val_acc=0.994, train_loss_epoch=0.0168]Epoch 16:  67%|██████▋   | 96/144 [00:02<00:01, 34.83it/s, v_num=80885, train_loss_step=0.00184, val_loss=0.0151, val_acc=0.994, train_loss_epoch=0.0168]Epoch 16:  67%|██████▋   | 97/144 [00:02<00:01, 34.81it/s, v_num=80885, train_loss_step=0.00184, val_loss=0.0151, val_acc=0.994, train_loss_epoch=0.0168]Epoch 16:  67%|██████▋   | 97/144 [00:02<00:01, 34.81it/s, v_num=80885, train_loss_step=0.013, val_loss=0.0151, val_acc=0.994, train_loss_epoch=0.0168]  Epoch 16:  68%|██████▊   | 98/144 [00:02<00:01, 34.85it/s, v_num=80885, train_loss_step=0.013, val_loss=0.0151, val_acc=0.994, train_loss_epoch=0.0168]Epoch 16:  68%|██████▊   | 98/144 [00:02<00:01, 34.85it/s, v_num=80885, train_loss_step=0.0101, val_loss=0.0151, val_acc=0.994, train_loss_epoch=0.0168]Epoch 16:  69%|██████▉   | 99/144 [00:02<00:01, 34.90it/s, v_num=80885, train_loss_step=0.0101, val_loss=0.0151, val_acc=0.994, train_loss_epoch=0.0168]Epoch 16:  69%|██████▉   | 99/144 [00:02<00:01, 34.90it/s, v_num=80885, train_loss_step=0.0064, val_loss=0.0151, val_acc=0.994, train_loss_epoch=0.0168]Epoch 16:  69%|██████▉   | 100/144 [00:02<00:01, 34.93it/s, v_num=80885, train_loss_step=0.0064, val_loss=0.0151, val_acc=0.994, train_loss_epoch=0.0168]Epoch 16:  69%|██████▉   | 100/144 [00:02<00:01, 34.93it/s, v_num=80885, train_loss_step=0.0176, val_loss=0.0151, val_acc=0.994, train_loss_epoch=0.0168]Epoch 16:  70%|███████   | 101/144 [00:02<00:01, 34.92it/s, v_num=80885, train_loss_step=0.0176, val_loss=0.0151, val_acc=0.994, train_loss_epoch=0.0168]Epoch 16:  70%|███████   | 101/144 [00:02<00:01, 34.92it/s, v_num=80885, train_loss_step=0.0098, val_loss=0.0151, val_acc=0.994, train_loss_epoch=0.0168]Epoch 16:  71%|███████   | 102/144 [00:02<00:01, 34.91it/s, v_num=80885, train_loss_step=0.0098, val_loss=0.0151, val_acc=0.994, train_loss_epoch=0.0168]Epoch 16:  71%|███████   | 102/144 [00:02<00:01, 34.90it/s, v_num=80885, train_loss_step=0.00323, val_loss=0.0151, val_acc=0.994, train_loss_epoch=0.0168]Epoch 16:  72%|███████▏  | 103/144 [00:02<00:01, 34.94it/s, v_num=80885, train_loss_step=0.00323, val_loss=0.0151, val_acc=0.994, train_loss_epoch=0.0168]Epoch 16:  72%|███████▏  | 103/144 [00:02<00:01, 34.93it/s, v_num=80885, train_loss_step=0.00786, val_loss=0.0151, val_acc=0.994, train_loss_epoch=0.0168]Epoch 16:  72%|███████▏  | 104/144 [00:02<00:01, 34.97it/s, v_num=80885, train_loss_step=0.00786, val_loss=0.0151, val_acc=0.994, train_loss_epoch=0.0168]Epoch 16:  72%|███████▏  | 104/144 [00:02<00:01, 34.97it/s, v_num=80885, train_loss_step=0.0185, val_loss=0.0151, val_acc=0.994, train_loss_epoch=0.0168] Epoch 16:  73%|███████▎  | 105/144 [00:02<00:01, 35.02it/s, v_num=80885, train_loss_step=0.0185, val_loss=0.0151, val_acc=0.994, train_loss_epoch=0.0168]Epoch 16:  73%|███████▎  | 105/144 [00:02<00:01, 35.02it/s, v_num=80885, train_loss_step=0.00239, val_loss=0.0151, val_acc=0.994, train_loss_epoch=0.0168]Epoch 16:  74%|███████▎  | 106/144 [00:03<00:01, 35.00it/s, v_num=80885, train_loss_step=0.00239, val_loss=0.0151, val_acc=0.994, train_loss_epoch=0.0168]Epoch 16:  74%|███████▎  | 106/144 [00:03<00:01, 34.99it/s, v_num=80885, train_loss_step=0.0297, val_loss=0.0151, val_acc=0.994, train_loss_epoch=0.0168] Epoch 16:  74%|███████▍  | 107/144 [00:03<00:01, 35.04it/s, v_num=80885, train_loss_step=0.0297, val_loss=0.0151, val_acc=0.994, train_loss_epoch=0.0168]Epoch 16:  74%|███████▍  | 107/144 [00:03<00:01, 35.03it/s, v_num=80885, train_loss_step=0.00827, val_loss=0.0151, val_acc=0.994, train_loss_epoch=0.0168]Epoch 16:  75%|███████▌  | 108/144 [00:03<00:01, 35.07it/s, v_num=80885, train_loss_step=0.00827, val_loss=0.0151, val_acc=0.994, train_loss_epoch=0.0168]Epoch 16:  75%|███████▌  | 108/144 [00:03<00:01, 35.07it/s, v_num=80885, train_loss_step=0.0382, val_loss=0.0151, val_acc=0.994, train_loss_epoch=0.0168] Epoch 16:  76%|███████▌  | 109/144 [00:03<00:00, 35.12it/s, v_num=80885, train_loss_step=0.0382, val_loss=0.0151, val_acc=0.994, train_loss_epoch=0.0168]Epoch 16:  76%|███████▌  | 109/144 [00:03<00:00, 35.12it/s, v_num=80885, train_loss_step=0.00476, val_loss=0.0151, val_acc=0.994, train_loss_epoch=0.0168]Epoch 16:  76%|███████▋  | 110/144 [00:03<00:00, 35.08it/s, v_num=80885, train_loss_step=0.00476, val_loss=0.0151, val_acc=0.994, train_loss_epoch=0.0168]Epoch 16:  76%|███████▋  | 110/144 [00:03<00:00, 35.08it/s, v_num=80885, train_loss_step=0.00115, val_loss=0.0151, val_acc=0.994, train_loss_epoch=0.0168]Epoch 16:  77%|███████▋  | 111/144 [00:03<00:00, 35.13it/s, v_num=80885, train_loss_step=0.00115, val_loss=0.0151, val_acc=0.994, train_loss_epoch=0.0168]Epoch 16:  77%|███████▋  | 111/144 [00:03<00:00, 35.13it/s, v_num=80885, train_loss_step=0.00388, val_loss=0.0151, val_acc=0.994, train_loss_epoch=0.0168]Epoch 16:  78%|███████▊  | 112/144 [00:03<00:00, 35.17it/s, v_num=80885, train_loss_step=0.00388, val_loss=0.0151, val_acc=0.994, train_loss_epoch=0.0168]Epoch 16:  78%|███████▊  | 112/144 [00:03<00:00, 35.16it/s, v_num=80885, train_loss_step=0.0219, val_loss=0.0151, val_acc=0.994, train_loss_epoch=0.0168] Epoch 16:  78%|███████▊  | 113/144 [00:03<00:00, 35.21it/s, v_num=80885, train_loss_step=0.0219, val_loss=0.0151, val_acc=0.994, train_loss_epoch=0.0168]Epoch 16:  78%|███████▊  | 113/144 [00:03<00:00, 35.21it/s, v_num=80885, train_loss_step=0.00151, val_loss=0.0151, val_acc=0.994, train_loss_epoch=0.0168]Epoch 16:  79%|███████▉  | 114/144 [00:03<00:00, 35.22it/s, v_num=80885, train_loss_step=0.00151, val_loss=0.0151, val_acc=0.994, train_loss_epoch=0.0168]Epoch 16:  79%|███████▉  | 114/144 [00:03<00:00, 35.22it/s, v_num=80885, train_loss_step=0.0159, val_loss=0.0151, val_acc=0.994, train_loss_epoch=0.0168] Epoch 16:  80%|███████▉  | 115/144 [00:03<00:00, 35.26it/s, v_num=80885, train_loss_step=0.0159, val_loss=0.0151, val_acc=0.994, train_loss_epoch=0.0168]Epoch 16:  80%|███████▉  | 115/144 [00:03<00:00, 35.25it/s, v_num=80885, train_loss_step=0.0185, val_loss=0.0151, val_acc=0.994, train_loss_epoch=0.0168]Epoch 16:  81%|████████  | 116/144 [00:03<00:00, 35.29it/s, v_num=80885, train_loss_step=0.0185, val_loss=0.0151, val_acc=0.994, train_loss_epoch=0.0168]Epoch 16:  81%|████████  | 116/144 [00:03<00:00, 35.29it/s, v_num=80885, train_loss_step=0.0044, val_loss=0.0151, val_acc=0.994, train_loss_epoch=0.0168]Epoch 16:  81%|████████▏ | 117/144 [00:03<00:00, 35.31it/s, v_num=80885, train_loss_step=0.0044, val_loss=0.0151, val_acc=0.994, train_loss_epoch=0.0168]Epoch 16:  81%|████████▏ | 117/144 [00:03<00:00, 35.31it/s, v_num=80885, train_loss_step=0.00701, val_loss=0.0151, val_acc=0.994, train_loss_epoch=0.0168]Epoch 16:  82%|████████▏ | 118/144 [00:03<00:00, 35.30it/s, v_num=80885, train_loss_step=0.00701, val_loss=0.0151, val_acc=0.994, train_loss_epoch=0.0168]Epoch 16:  82%|████████▏ | 118/144 [00:03<00:00, 35.30it/s, v_num=80885, train_loss_step=0.00437, val_loss=0.0151, val_acc=0.994, train_loss_epoch=0.0168]Epoch 16:  83%|████████▎ | 119/144 [00:03<00:00, 35.25it/s, v_num=80885, train_loss_step=0.00437, val_loss=0.0151, val_acc=0.994, train_loss_epoch=0.0168]Epoch 16:  83%|████████▎ | 119/144 [00:03<00:00, 35.25it/s, v_num=80885, train_loss_step=0.00405, val_loss=0.0151, val_acc=0.994, train_loss_epoch=0.0168]Epoch 16:  83%|████████▎ | 120/144 [00:03<00:00, 35.28it/s, v_num=80885, train_loss_step=0.00405, val_loss=0.0151, val_acc=0.994, train_loss_epoch=0.0168]Epoch 16:  83%|████████▎ | 120/144 [00:03<00:00, 35.27it/s, v_num=80885, train_loss_step=0.0213, val_loss=0.0151, val_acc=0.994, train_loss_epoch=0.0168] Epoch 16:  84%|████████▍ | 121/144 [00:03<00:00, 35.23it/s, v_num=80885, train_loss_step=0.0213, val_loss=0.0151, val_acc=0.994, train_loss_epoch=0.0168]Epoch 16:  84%|████████▍ | 121/144 [00:03<00:00, 35.23it/s, v_num=80885, train_loss_step=0.0139, val_loss=0.0151, val_acc=0.994, train_loss_epoch=0.0168]Epoch 16:  85%|████████▍ | 122/144 [00:03<00:00, 35.21it/s, v_num=80885, train_loss_step=0.0139, val_loss=0.0151, val_acc=0.994, train_loss_epoch=0.0168]Epoch 16:  85%|████████▍ | 122/144 [00:03<00:00, 35.21it/s, v_num=80885, train_loss_step=0.0141, val_loss=0.0151, val_acc=0.994, train_loss_epoch=0.0168]Epoch 16:  85%|████████▌ | 123/144 [00:03<00:00, 35.15it/s, v_num=80885, train_loss_step=0.0141, val_loss=0.0151, val_acc=0.994, train_loss_epoch=0.0168]Epoch 16:  85%|████████▌ | 123/144 [00:03<00:00, 35.15it/s, v_num=80885, train_loss_step=0.00561, val_loss=0.0151, val_acc=0.994, train_loss_epoch=0.0168]Epoch 16:  86%|████████▌ | 124/144 [00:03<00:00, 35.19it/s, v_num=80885, train_loss_step=0.00561, val_loss=0.0151, val_acc=0.994, train_loss_epoch=0.0168]Epoch 16:  86%|████████▌ | 124/144 [00:03<00:00, 35.18it/s, v_num=80885, train_loss_step=0.000359, val_loss=0.0151, val_acc=0.994, train_loss_epoch=0.0168]Epoch 16:  87%|████████▋ | 125/144 [00:03<00:00, 35.22it/s, v_num=80885, train_loss_step=0.000359, val_loss=0.0151, val_acc=0.994, train_loss_epoch=0.0168]Epoch 16:  87%|████████▋ | 125/144 [00:03<00:00, 35.22it/s, v_num=80885, train_loss_step=0.00297, val_loss=0.0151, val_acc=0.994, train_loss_epoch=0.0168] Epoch 16:  88%|████████▊ | 126/144 [00:03<00:00, 35.25it/s, v_num=80885, train_loss_step=0.00297, val_loss=0.0151, val_acc=0.994, train_loss_epoch=0.0168]Epoch 16:  88%|████████▊ | 126/144 [00:03<00:00, 35.25it/s, v_num=80885, train_loss_step=0.00775, val_loss=0.0151, val_acc=0.994, train_loss_epoch=0.0168]Epoch 16:  88%|████████▊ | 127/144 [00:03<00:00, 35.25it/s, v_num=80885, train_loss_step=0.00775, val_loss=0.0151, val_acc=0.994, train_loss_epoch=0.0168]Epoch 16:  88%|████████▊ | 127/144 [00:03<00:00, 35.25it/s, v_num=80885, train_loss_step=0.0119, val_loss=0.0151, val_acc=0.994, train_loss_epoch=0.0168] Epoch 16:  89%|████████▉ | 128/144 [00:03<00:00, 35.23it/s, v_num=80885, train_loss_step=0.0119, val_loss=0.0151, val_acc=0.994, train_loss_epoch=0.0168]Epoch 16:  89%|████████▉ | 128/144 [00:03<00:00, 35.23it/s, v_num=80885, train_loss_step=0.00267, val_loss=0.0151, val_acc=0.994, train_loss_epoch=0.0168]Epoch 16:  90%|████████▉ | 129/144 [00:03<00:00, 35.23it/s, v_num=80885, train_loss_step=0.00267, val_loss=0.0151, val_acc=0.994, train_loss_epoch=0.0168]Epoch 16:  90%|████████▉ | 129/144 [00:03<00:00, 35.23it/s, v_num=80885, train_loss_step=0.00247, val_loss=0.0151, val_acc=0.994, train_loss_epoch=0.0168]Epoch 16:  90%|█████████ | 130/144 [00:03<00:00, 35.26it/s, v_num=80885, train_loss_step=0.00247, val_loss=0.0151, val_acc=0.994, train_loss_epoch=0.0168]Epoch 16:  90%|█████████ | 130/144 [00:03<00:00, 35.26it/s, v_num=80885, train_loss_step=0.0154, val_loss=0.0151, val_acc=0.994, train_loss_epoch=0.0168] Epoch 16:  91%|█████████ | 131/144 [00:03<00:00, 35.26it/s, v_num=80885, train_loss_step=0.0154, val_loss=0.0151, val_acc=0.994, train_loss_epoch=0.0168]Epoch 16:  91%|█████████ | 131/144 [00:03<00:00, 35.25it/s, v_num=80885, train_loss_step=0.0164, val_loss=0.0151, val_acc=0.994, train_loss_epoch=0.0168]Epoch 16:  92%|█████████▏| 132/144 [00:03<00:00, 35.28it/s, v_num=80885, train_loss_step=0.0164, val_loss=0.0151, val_acc=0.994, train_loss_epoch=0.0168]Epoch 16:  92%|█████████▏| 132/144 [00:03<00:00, 35.28it/s, v_num=80885, train_loss_step=0.0111, val_loss=0.0151, val_acc=0.994, train_loss_epoch=0.0168]Epoch 16:  92%|█████████▏| 133/144 [00:03<00:00, 35.31it/s, v_num=80885, train_loss_step=0.0111, val_loss=0.0151, val_acc=0.994, train_loss_epoch=0.0168]Epoch 16:  92%|█████████▏| 133/144 [00:03<00:00, 35.31it/s, v_num=80885, train_loss_step=0.0151, val_loss=0.0151, val_acc=0.994, train_loss_epoch=0.0168]Epoch 16:  93%|█████████▎| 134/144 [00:03<00:00, 35.34it/s, v_num=80885, train_loss_step=0.0151, val_loss=0.0151, val_acc=0.994, train_loss_epoch=0.0168]Epoch 16:  93%|█████████▎| 134/144 [00:03<00:00, 35.34it/s, v_num=80885, train_loss_step=0.0117, val_loss=0.0151, val_acc=0.994, train_loss_epoch=0.0168]Epoch 16:  94%|█████████▍| 135/144 [00:03<00:00, 35.32it/s, v_num=80885, train_loss_step=0.0117, val_loss=0.0151, val_acc=0.994, train_loss_epoch=0.0168]Epoch 16:  94%|█████████▍| 135/144 [00:03<00:00, 35.32it/s, v_num=80885, train_loss_step=0.00761, val_loss=0.0151, val_acc=0.994, train_loss_epoch=0.0168]Epoch 16:  94%|█████████▍| 136/144 [00:03<00:00, 35.35it/s, v_num=80885, train_loss_step=0.00761, val_loss=0.0151, val_acc=0.994, train_loss_epoch=0.0168]Epoch 16:  94%|█████████▍| 136/144 [00:03<00:00, 35.34it/s, v_num=80885, train_loss_step=0.0116, val_loss=0.0151, val_acc=0.994, train_loss_epoch=0.0168] Epoch 16:  95%|█████████▌| 137/144 [00:03<00:00, 35.37it/s, v_num=80885, train_loss_step=0.0116, val_loss=0.0151, val_acc=0.994, train_loss_epoch=0.0168]Epoch 16:  95%|█████████▌| 137/144 [00:03<00:00, 35.37it/s, v_num=80885, train_loss_step=0.0118, val_loss=0.0151, val_acc=0.994, train_loss_epoch=0.0168]Epoch 16:  96%|█████████▌| 138/144 [00:03<00:00, 35.40it/s, v_num=80885, train_loss_step=0.0118, val_loss=0.0151, val_acc=0.994, train_loss_epoch=0.0168]Epoch 16:  96%|█████████▌| 138/144 [00:03<00:00, 35.39it/s, v_num=80885, train_loss_step=0.00583, val_loss=0.0151, val_acc=0.994, train_loss_epoch=0.0168]Epoch 16:  97%|█████████▋| 139/144 [00:03<00:00, 35.40it/s, v_num=80885, train_loss_step=0.00583, val_loss=0.0151, val_acc=0.994, train_loss_epoch=0.0168]Epoch 16:  97%|█████████▋| 139/144 [00:03<00:00, 35.40it/s, v_num=80885, train_loss_step=0.024, val_loss=0.0151, val_acc=0.994, train_loss_epoch=0.0168]  Epoch 16:  97%|█████████▋| 140/144 [00:03<00:00, 35.43it/s, v_num=80885, train_loss_step=0.024, val_loss=0.0151, val_acc=0.994, train_loss_epoch=0.0168]Epoch 16:  97%|█████████▋| 140/144 [00:03<00:00, 35.43it/s, v_num=80885, train_loss_step=0.00644, val_loss=0.0151, val_acc=0.994, train_loss_epoch=0.0168]Epoch 16:  98%|█████████▊| 141/144 [00:03<00:00, 35.45it/s, v_num=80885, train_loss_step=0.00644, val_loss=0.0151, val_acc=0.994, train_loss_epoch=0.0168]Epoch 16:  98%|█████████▊| 141/144 [00:03<00:00, 35.45it/s, v_num=80885, train_loss_step=0.010, val_loss=0.0151, val_acc=0.994, train_loss_epoch=0.0168]  Epoch 16:  99%|█████████▊| 142/144 [00:04<00:00, 35.48it/s, v_num=80885, train_loss_step=0.010, val_loss=0.0151, val_acc=0.994, train_loss_epoch=0.0168]Epoch 16:  99%|█████████▊| 142/144 [00:04<00:00, 35.48it/s, v_num=80885, train_loss_step=0.00418, val_loss=0.0151, val_acc=0.994, train_loss_epoch=0.0168]Epoch 16:  99%|█████████▉| 143/144 [00:04<00:00, 35.47it/s, v_num=80885, train_loss_step=0.00418, val_loss=0.0151, val_acc=0.994, train_loss_epoch=0.0168]Epoch 16:  99%|█████████▉| 143/144 [00:04<00:00, 35.47it/s, v_num=80885, train_loss_step=0.0119, val_loss=0.0151, val_acc=0.994, train_loss_epoch=0.0168] Epoch 16: 100%|██████████| 144/144 [00:04<00:00, 35.45it/s, v_num=80885, train_loss_step=0.0119, val_loss=0.0151, val_acc=0.994, train_loss_epoch=0.0168]Epoch 16: 100%|██████████| 144/144 [00:04<00:00, 35.45it/s, v_num=80885, train_loss_step=0.0207, val_loss=0.0151, val_acc=0.994, train_loss_epoch=0.0168]
Validation: |          | 0/? [00:00<?, ?it/s][A
Validation:   0%|          | 0/14 [00:00<?, ?it/s][A
Validation DataLoader 0:   0%|          | 0/14 [00:00<?, ?it/s][A
Validation DataLoader 0:   7%|▋         | 1/14 [00:00<00:00, 137.01it/s][A
Validation DataLoader 0:  14%|█▍        | 2/14 [00:00<00:00, 80.98it/s] [A
Validation DataLoader 0:  21%|██▏       | 3/14 [00:00<00:00, 85.74it/s][A
Validation DataLoader 0:  29%|██▊       | 4/14 [00:00<00:00, 87.84it/s][A
Validation DataLoader 0:  36%|███▌      | 5/14 [00:00<00:00, 89.61it/s][A
Validation DataLoader 0:  43%|████▎     | 6/14 [00:00<00:00, 89.18it/s][A
Validation DataLoader 0:  50%|█████     | 7/14 [00:00<00:00, 85.46it/s][A
Validation DataLoader 0:  57%|█████▋    | 8/14 [00:00<00:00, 82.81it/s][A
Validation DataLoader 0:  64%|██████▍   | 9/14 [00:00<00:00, 80.93it/s][A
Validation DataLoader 0:  71%|███████▏  | 10/14 [00:00<00:00, 79.33it/s][A
Validation DataLoader 0:  79%|███████▊  | 11/14 [00:00<00:00, 78.17it/s][A
Validation DataLoader 0:  86%|████████▌ | 12/14 [00:00<00:00, 77.37it/s][A
Validation DataLoader 0:  93%|█████████▎| 13/14 [00:00<00:00, 76.71it/s][A
Validation DataLoader 0: 100%|██████████| 14/14 [00:00<00:00, 76.01it/s][A
                                                                        [AEpoch 16: 100%|██████████| 144/144 [00:04<00:00, 33.73it/s, v_num=80885, train_loss_step=0.0207, val_loss=0.0103, val_acc=0.996, train_loss_epoch=0.0168]Epoch 16: 100%|██████████| 144/144 [00:04<00:00, 33.72it/s, v_num=80885, train_loss_step=0.0207, val_loss=0.0103, val_acc=0.996, train_loss_epoch=0.0119]Epoch 16:   0%|          | 0/144 [00:00<?, ?it/s, v_num=80885, train_loss_step=0.0207, val_loss=0.0103, val_acc=0.996, train_loss_epoch=0.0119]          Epoch 17:   0%|          | 0/144 [00:00<?, ?it/s, v_num=80885, train_loss_step=0.0207, val_loss=0.0103, val_acc=0.996, train_loss_epoch=0.0119]Epoch 17:   1%|          | 1/144 [00:00<00:12, 11.55it/s, v_num=80885, train_loss_step=0.0207, val_loss=0.0103, val_acc=0.996, train_loss_epoch=0.0119]Epoch 17:   1%|          | 1/144 [00:00<00:12, 11.53it/s, v_num=80885, train_loss_step=0.011, val_loss=0.0103, val_acc=0.996, train_loss_epoch=0.0119] Epoch 17:   1%|▏         | 2/144 [00:00<00:08, 17.64it/s, v_num=80885, train_loss_step=0.011, val_loss=0.0103, val_acc=0.996, train_loss_epoch=0.0119]Epoch 17:   1%|▏         | 2/144 [00:00<00:08, 17.62it/s, v_num=80885, train_loss_step=0.0171, val_loss=0.0103, val_acc=0.996, train_loss_epoch=0.0119]Epoch 17:   2%|▏         | 3/144 [00:00<00:06, 20.83it/s, v_num=80885, train_loss_step=0.0171, val_loss=0.0103, val_acc=0.996, train_loss_epoch=0.0119]Epoch 17:   2%|▏         | 3/144 [00:00<00:06, 20.81it/s, v_num=80885, train_loss_step=0.010, val_loss=0.0103, val_acc=0.996, train_loss_epoch=0.0119] Epoch 17:   3%|▎         | 4/144 [00:00<00:05, 23.42it/s, v_num=80885, train_loss_step=0.010, val_loss=0.0103, val_acc=0.996, train_loss_epoch=0.0119]Epoch 17:   3%|▎         | 4/144 [00:00<00:05, 23.40it/s, v_num=80885, train_loss_step=0.00709, val_loss=0.0103, val_acc=0.996, train_loss_epoch=0.0119]Epoch 17:   3%|▎         | 5/144 [00:00<00:05, 25.37it/s, v_num=80885, train_loss_step=0.00709, val_loss=0.0103, val_acc=0.996, train_loss_epoch=0.0119]Epoch 17:   3%|▎         | 5/144 [00:00<00:05, 25.35it/s, v_num=80885, train_loss_step=0.00884, val_loss=0.0103, val_acc=0.996, train_loss_epoch=0.0119]Epoch 17:   4%|▍         | 6/144 [00:00<00:05, 26.96it/s, v_num=80885, train_loss_step=0.00884, val_loss=0.0103, val_acc=0.996, train_loss_epoch=0.0119]Epoch 17:   4%|▍         | 6/144 [00:00<00:05, 26.94it/s, v_num=80885, train_loss_step=0.0069, val_loss=0.0103, val_acc=0.996, train_loss_epoch=0.0119] Epoch 17:   5%|▍         | 7/144 [00:00<00:04, 27.76it/s, v_num=80885, train_loss_step=0.0069, val_loss=0.0103, val_acc=0.996, train_loss_epoch=0.0119]Epoch 17:   5%|▍         | 7/144 [00:00<00:04, 27.74it/s, v_num=80885, train_loss_step=0.0283, val_loss=0.0103, val_acc=0.996, train_loss_epoch=0.0119]Epoch 17:   6%|▌         | 8/144 [00:00<00:04, 28.71it/s, v_num=80885, train_loss_step=0.0283, val_loss=0.0103, val_acc=0.996, train_loss_epoch=0.0119]Epoch 17:   6%|▌         | 8/144 [00:00<00:04, 28.70it/s, v_num=80885, train_loss_step=0.00615, val_loss=0.0103, val_acc=0.996, train_loss_epoch=0.0119]Epoch 17:   6%|▋         | 9/144 [00:00<00:04, 29.55it/s, v_num=80885, train_loss_step=0.00615, val_loss=0.0103, val_acc=0.996, train_loss_epoch=0.0119]Epoch 17:   6%|▋         | 9/144 [00:00<00:04, 29.53it/s, v_num=80885, train_loss_step=0.00877, val_loss=0.0103, val_acc=0.996, train_loss_epoch=0.0119]Epoch 17:   7%|▋         | 10/144 [00:00<00:04, 30.22it/s, v_num=80885, train_loss_step=0.00877, val_loss=0.0103, val_acc=0.996, train_loss_epoch=0.0119]Epoch 17:   7%|▋         | 10/144 [00:00<00:04, 30.20it/s, v_num=80885, train_loss_step=0.0103, val_loss=0.0103, val_acc=0.996, train_loss_epoch=0.0119] Epoch 17:   8%|▊         | 11/144 [00:00<00:04, 30.31it/s, v_num=80885, train_loss_step=0.0103, val_loss=0.0103, val_acc=0.996, train_loss_epoch=0.0119]Epoch 17:   8%|▊         | 11/144 [00:00<00:04, 30.29it/s, v_num=80885, train_loss_step=0.0263, val_loss=0.0103, val_acc=0.996, train_loss_epoch=0.0119]Epoch 17:   8%|▊         | 12/144 [00:00<00:04, 30.74it/s, v_num=80885, train_loss_step=0.0263, val_loss=0.0103, val_acc=0.996, train_loss_epoch=0.0119]Epoch 17:   8%|▊         | 12/144 [00:00<00:04, 30.73it/s, v_num=80885, train_loss_step=0.0103, val_loss=0.0103, val_acc=0.996, train_loss_epoch=0.0119]Epoch 17:   9%|▉         | 13/144 [00:00<00:04, 31.08it/s, v_num=80885, train_loss_step=0.0103, val_loss=0.0103, val_acc=0.996, train_loss_epoch=0.0119]Epoch 17:   9%|▉         | 13/144 [00:00<00:04, 31.06it/s, v_num=80885, train_loss_step=0.0164, val_loss=0.0103, val_acc=0.996, train_loss_epoch=0.0119]Epoch 17:  10%|▉         | 14/144 [00:00<00:04, 31.40it/s, v_num=80885, train_loss_step=0.0164, val_loss=0.0103, val_acc=0.996, train_loss_epoch=0.0119]Epoch 17:  10%|▉         | 14/144 [00:00<00:04, 31.39it/s, v_num=80885, train_loss_step=0.0347, val_loss=0.0103, val_acc=0.996, train_loss_epoch=0.0119]Epoch 17:  10%|█         | 15/144 [00:00<00:04, 31.50it/s, v_num=80885, train_loss_step=0.0347, val_loss=0.0103, val_acc=0.996, train_loss_epoch=0.0119]Epoch 17:  10%|█         | 15/144 [00:00<00:04, 31.49it/s, v_num=80885, train_loss_step=0.00432, val_loss=0.0103, val_acc=0.996, train_loss_epoch=0.0119]Epoch 17:  11%|█         | 16/144 [00:00<00:04, 31.73it/s, v_num=80885, train_loss_step=0.00432, val_loss=0.0103, val_acc=0.996, train_loss_epoch=0.0119]Epoch 17:  11%|█         | 16/144 [00:00<00:04, 31.72it/s, v_num=80885, train_loss_step=0.035, val_loss=0.0103, val_acc=0.996, train_loss_epoch=0.0119]  Epoch 17:  12%|█▏        | 17/144 [00:00<00:03, 31.99it/s, v_num=80885, train_loss_step=0.035, val_loss=0.0103, val_acc=0.996, train_loss_epoch=0.0119]Epoch 17:  12%|█▏        | 17/144 [00:00<00:03, 31.98it/s, v_num=80885, train_loss_step=0.0298, val_loss=0.0103, val_acc=0.996, train_loss_epoch=0.0119]Epoch 17:  12%|█▎        | 18/144 [00:00<00:03, 32.20it/s, v_num=80885, train_loss_step=0.0298, val_loss=0.0103, val_acc=0.996, train_loss_epoch=0.0119]Epoch 17:  12%|█▎        | 18/144 [00:00<00:03, 32.19it/s, v_num=80885, train_loss_step=0.0223, val_loss=0.0103, val_acc=0.996, train_loss_epoch=0.0119]Epoch 17:  13%|█▎        | 19/144 [00:00<00:03, 32.22it/s, v_num=80885, train_loss_step=0.0223, val_loss=0.0103, val_acc=0.996, train_loss_epoch=0.0119]Epoch 17:  13%|█▎        | 19/144 [00:00<00:03, 32.21it/s, v_num=80885, train_loss_step=0.0185, val_loss=0.0103, val_acc=0.996, train_loss_epoch=0.0119]Epoch 17:  14%|█▍        | 20/144 [00:00<00:03, 32.44it/s, v_num=80885, train_loss_step=0.0185, val_loss=0.0103, val_acc=0.996, train_loss_epoch=0.0119]Epoch 17:  14%|█▍        | 20/144 [00:00<00:03, 32.44it/s, v_num=80885, train_loss_step=0.00186, val_loss=0.0103, val_acc=0.996, train_loss_epoch=0.0119]Epoch 17:  15%|█▍        | 21/144 [00:00<00:03, 32.61it/s, v_num=80885, train_loss_step=0.00186, val_loss=0.0103, val_acc=0.996, train_loss_epoch=0.0119]Epoch 17:  15%|█▍        | 21/144 [00:00<00:03, 32.60it/s, v_num=80885, train_loss_step=0.0267, val_loss=0.0103, val_acc=0.996, train_loss_epoch=0.0119] Epoch 17:  15%|█▌        | 22/144 [00:00<00:03, 32.78it/s, v_num=80885, train_loss_step=0.0267, val_loss=0.0103, val_acc=0.996, train_loss_epoch=0.0119]Epoch 17:  15%|█▌        | 22/144 [00:00<00:03, 32.77it/s, v_num=80885, train_loss_step=0.0211, val_loss=0.0103, val_acc=0.996, train_loss_epoch=0.0119]Epoch 17:  16%|█▌        | 23/144 [00:00<00:03, 32.84it/s, v_num=80885, train_loss_step=0.0211, val_loss=0.0103, val_acc=0.996, train_loss_epoch=0.0119]Epoch 17:  16%|█▌        | 23/144 [00:00<00:03, 32.83it/s, v_num=80885, train_loss_step=0.0247, val_loss=0.0103, val_acc=0.996, train_loss_epoch=0.0119]Epoch 17:  17%|█▋        | 24/144 [00:00<00:03, 32.99it/s, v_num=80885, train_loss_step=0.0247, val_loss=0.0103, val_acc=0.996, train_loss_epoch=0.0119]Epoch 17:  17%|█▋        | 24/144 [00:00<00:03, 32.99it/s, v_num=80885, train_loss_step=0.00469, val_loss=0.0103, val_acc=0.996, train_loss_epoch=0.0119]Epoch 17:  17%|█▋        | 25/144 [00:00<00:03, 33.18it/s, v_num=80885, train_loss_step=0.00469, val_loss=0.0103, val_acc=0.996, train_loss_epoch=0.0119]Epoch 17:  17%|█▋        | 25/144 [00:00<00:03, 33.17it/s, v_num=80885, train_loss_step=0.00444, val_loss=0.0103, val_acc=0.996, train_loss_epoch=0.0119]Epoch 17:  18%|█▊        | 26/144 [00:00<00:03, 33.31it/s, v_num=80885, train_loss_step=0.00444, val_loss=0.0103, val_acc=0.996, train_loss_epoch=0.0119]Epoch 17:  18%|█▊        | 26/144 [00:00<00:03, 33.31it/s, v_num=80885, train_loss_step=0.0371, val_loss=0.0103, val_acc=0.996, train_loss_epoch=0.0119] Epoch 17:  19%|█▉        | 27/144 [00:00<00:03, 33.30it/s, v_num=80885, train_loss_step=0.0371, val_loss=0.0103, val_acc=0.996, train_loss_epoch=0.0119]Epoch 17:  19%|█▉        | 27/144 [00:00<00:03, 33.30it/s, v_num=80885, train_loss_step=0.00257, val_loss=0.0103, val_acc=0.996, train_loss_epoch=0.0119]Epoch 17:  19%|█▉        | 28/144 [00:00<00:03, 33.41it/s, v_num=80885, train_loss_step=0.00257, val_loss=0.0103, val_acc=0.996, train_loss_epoch=0.0119]Epoch 17:  19%|█▉        | 28/144 [00:00<00:03, 33.40it/s, v_num=80885, train_loss_step=0.0056, val_loss=0.0103, val_acc=0.996, train_loss_epoch=0.0119] Epoch 17:  20%|██        | 29/144 [00:00<00:03, 33.56it/s, v_num=80885, train_loss_step=0.0056, val_loss=0.0103, val_acc=0.996, train_loss_epoch=0.0119]Epoch 17:  20%|██        | 29/144 [00:00<00:03, 33.55it/s, v_num=80885, train_loss_step=0.019, val_loss=0.0103, val_acc=0.996, train_loss_epoch=0.0119] Epoch 17:  21%|██        | 30/144 [00:00<00:03, 33.74it/s, v_num=80885, train_loss_step=0.019, val_loss=0.0103, val_acc=0.996, train_loss_epoch=0.0119]Epoch 17:  21%|██        | 30/144 [00:00<00:03, 33.73it/s, v_num=80885, train_loss_step=0.00367, val_loss=0.0103, val_acc=0.996, train_loss_epoch=0.0119]Epoch 17:  22%|██▏       | 31/144 [00:00<00:03, 33.69it/s, v_num=80885, train_loss_step=0.00367, val_loss=0.0103, val_acc=0.996, train_loss_epoch=0.0119]Epoch 17:  22%|██▏       | 31/144 [00:00<00:03, 33.69it/s, v_num=80885, train_loss_step=0.00315, val_loss=0.0103, val_acc=0.996, train_loss_epoch=0.0119]Epoch 17:  22%|██▏       | 32/144 [00:00<00:03, 33.79it/s, v_num=80885, train_loss_step=0.00315, val_loss=0.0103, val_acc=0.996, train_loss_epoch=0.0119]Epoch 17:  22%|██▏       | 32/144 [00:00<00:03, 33.78it/s, v_num=80885, train_loss_step=0.00315, val_loss=0.0103, val_acc=0.996, train_loss_epoch=0.0119]Epoch 17:  23%|██▎       | 33/144 [00:00<00:03, 33.91it/s, v_num=80885, train_loss_step=0.00315, val_loss=0.0103, val_acc=0.996, train_loss_epoch=0.0119]Epoch 17:  23%|██▎       | 33/144 [00:00<00:03, 33.91it/s, v_num=80885, train_loss_step=0.00599, val_loss=0.0103, val_acc=0.996, train_loss_epoch=0.0119]Epoch 17:  24%|██▎       | 34/144 [00:01<00:03, 33.99it/s, v_num=80885, train_loss_step=0.00599, val_loss=0.0103, val_acc=0.996, train_loss_epoch=0.0119]Epoch 17:  24%|██▎       | 34/144 [00:01<00:03, 33.98it/s, v_num=80885, train_loss_step=0.0557, val_loss=0.0103, val_acc=0.996, train_loss_epoch=0.0119] Epoch 17:  24%|██▍       | 35/144 [00:01<00:03, 33.99it/s, v_num=80885, train_loss_step=0.0557, val_loss=0.0103, val_acc=0.996, train_loss_epoch=0.0119]Epoch 17:  24%|██▍       | 35/144 [00:01<00:03, 33.99it/s, v_num=80885, train_loss_step=0.0306, val_loss=0.0103, val_acc=0.996, train_loss_epoch=0.0119]Epoch 17:  25%|██▌       | 36/144 [00:01<00:03, 34.08it/s, v_num=80885, train_loss_step=0.0306, val_loss=0.0103, val_acc=0.996, train_loss_epoch=0.0119]Epoch 17:  25%|██▌       | 36/144 [00:01<00:03, 34.08it/s, v_num=80885, train_loss_step=0.0041, val_loss=0.0103, val_acc=0.996, train_loss_epoch=0.0119]Epoch 17:  26%|██▌       | 37/144 [00:01<00:03, 34.16it/s, v_num=80885, train_loss_step=0.0041, val_loss=0.0103, val_acc=0.996, train_loss_epoch=0.0119]Epoch 17:  26%|██▌       | 37/144 [00:01<00:03, 34.16it/s, v_num=80885, train_loss_step=0.00207, val_loss=0.0103, val_acc=0.996, train_loss_epoch=0.0119]Epoch 17:  26%|██▋       | 38/144 [00:01<00:03, 34.19it/s, v_num=80885, train_loss_step=0.00207, val_loss=0.0103, val_acc=0.996, train_loss_epoch=0.0119]Epoch 17:  26%|██▋       | 38/144 [00:01<00:03, 34.19it/s, v_num=80885, train_loss_step=0.00814, val_loss=0.0103, val_acc=0.996, train_loss_epoch=0.0119]Epoch 17:  27%|██▋       | 39/144 [00:01<00:03, 34.16it/s, v_num=80885, train_loss_step=0.00814, val_loss=0.0103, val_acc=0.996, train_loss_epoch=0.0119]Epoch 17:  27%|██▋       | 39/144 [00:01<00:03, 34.16it/s, v_num=80885, train_loss_step=0.0152, val_loss=0.0103, val_acc=0.996, train_loss_epoch=0.0119] Epoch 17:  28%|██▊       | 40/144 [00:01<00:03, 34.18it/s, v_num=80885, train_loss_step=0.0152, val_loss=0.0103, val_acc=0.996, train_loss_epoch=0.0119]Epoch 17:  28%|██▊       | 40/144 [00:01<00:03, 34.17it/s, v_num=80885, train_loss_step=0.00542, val_loss=0.0103, val_acc=0.996, train_loss_epoch=0.0119]Epoch 17:  28%|██▊       | 41/144 [00:01<00:03, 34.22it/s, v_num=80885, train_loss_step=0.00542, val_loss=0.0103, val_acc=0.996, train_loss_epoch=0.0119]Epoch 17:  28%|██▊       | 41/144 [00:01<00:03, 34.22it/s, v_num=80885, train_loss_step=0.0252, val_loss=0.0103, val_acc=0.996, train_loss_epoch=0.0119] Epoch 17:  29%|██▉       | 42/144 [00:01<00:02, 34.29it/s, v_num=80885, train_loss_step=0.0252, val_loss=0.0103, val_acc=0.996, train_loss_epoch=0.0119]Epoch 17:  29%|██▉       | 42/144 [00:01<00:02, 34.28it/s, v_num=80885, train_loss_step=0.00337, val_loss=0.0103, val_acc=0.996, train_loss_epoch=0.0119]Epoch 17:  30%|██▉       | 43/144 [00:01<00:02, 34.24it/s, v_num=80885, train_loss_step=0.00337, val_loss=0.0103, val_acc=0.996, train_loss_epoch=0.0119]Epoch 17:  30%|██▉       | 43/144 [00:01<00:02, 34.24it/s, v_num=80885, train_loss_step=0.00568, val_loss=0.0103, val_acc=0.996, train_loss_epoch=0.0119]Epoch 17:  31%|███       | 44/144 [00:01<00:02, 34.28it/s, v_num=80885, train_loss_step=0.00568, val_loss=0.0103, val_acc=0.996, train_loss_epoch=0.0119]Epoch 17:  31%|███       | 44/144 [00:01<00:02, 34.28it/s, v_num=80885, train_loss_step=0.0175, val_loss=0.0103, val_acc=0.996, train_loss_epoch=0.0119] Epoch 17:  31%|███▏      | 45/144 [00:01<00:02, 34.36it/s, v_num=80885, train_loss_step=0.0175, val_loss=0.0103, val_acc=0.996, train_loss_epoch=0.0119]Epoch 17:  31%|███▏      | 45/144 [00:01<00:02, 34.36it/s, v_num=80885, train_loss_step=0.00597, val_loss=0.0103, val_acc=0.996, train_loss_epoch=0.0119]Epoch 17:  32%|███▏      | 46/144 [00:01<00:02, 34.45it/s, v_num=80885, train_loss_step=0.00597, val_loss=0.0103, val_acc=0.996, train_loss_epoch=0.0119]Epoch 17:  32%|███▏      | 46/144 [00:01<00:02, 34.45it/s, v_num=80885, train_loss_step=0.0159, val_loss=0.0103, val_acc=0.996, train_loss_epoch=0.0119] Epoch 17:  33%|███▎      | 47/144 [00:01<00:02, 34.44it/s, v_num=80885, train_loss_step=0.0159, val_loss=0.0103, val_acc=0.996, train_loss_epoch=0.0119]Epoch 17:  33%|███▎      | 47/144 [00:01<00:02, 34.43it/s, v_num=80885, train_loss_step=0.0038, val_loss=0.0103, val_acc=0.996, train_loss_epoch=0.0119]Epoch 17:  33%|███▎      | 48/144 [00:01<00:02, 34.53it/s, v_num=80885, train_loss_step=0.0038, val_loss=0.0103, val_acc=0.996, train_loss_epoch=0.0119]Epoch 17:  33%|███▎      | 48/144 [00:01<00:02, 34.52it/s, v_num=80885, train_loss_step=0.0112, val_loss=0.0103, val_acc=0.996, train_loss_epoch=0.0119]Epoch 17:  34%|███▍      | 49/144 [00:01<00:02, 34.61it/s, v_num=80885, train_loss_step=0.0112, val_loss=0.0103, val_acc=0.996, train_loss_epoch=0.0119]Epoch 17:  34%|███▍      | 49/144 [00:01<00:02, 34.61it/s, v_num=80885, train_loss_step=0.0145, val_loss=0.0103, val_acc=0.996, train_loss_epoch=0.0119]Epoch 17:  35%|███▍      | 50/144 [00:01<00:02, 34.66it/s, v_num=80885, train_loss_step=0.0145, val_loss=0.0103, val_acc=0.996, train_loss_epoch=0.0119]Epoch 17:  35%|███▍      | 50/144 [00:01<00:02, 34.66it/s, v_num=80885, train_loss_step=0.0144, val_loss=0.0103, val_acc=0.996, train_loss_epoch=0.0119]Epoch 17:  35%|███▌      | 51/144 [00:01<00:02, 34.64it/s, v_num=80885, train_loss_step=0.0144, val_loss=0.0103, val_acc=0.996, train_loss_epoch=0.0119]Epoch 17:  35%|███▌      | 51/144 [00:01<00:02, 34.64it/s, v_num=80885, train_loss_step=0.0165, val_loss=0.0103, val_acc=0.996, train_loss_epoch=0.0119]Epoch 17:  36%|███▌      | 52/144 [00:01<00:02, 34.69it/s, v_num=80885, train_loss_step=0.0165, val_loss=0.0103, val_acc=0.996, train_loss_epoch=0.0119]Epoch 17:  36%|███▌      | 52/144 [00:01<00:02, 34.68it/s, v_num=80885, train_loss_step=0.00387, val_loss=0.0103, val_acc=0.996, train_loss_epoch=0.0119]Epoch 17:  37%|███▋      | 53/144 [00:01<00:02, 34.75it/s, v_num=80885, train_loss_step=0.00387, val_loss=0.0103, val_acc=0.996, train_loss_epoch=0.0119]Epoch 17:  37%|███▋      | 53/144 [00:01<00:02, 34.75it/s, v_num=80885, train_loss_step=0.00859, val_loss=0.0103, val_acc=0.996, train_loss_epoch=0.0119]Epoch 17:  38%|███▊      | 54/144 [00:01<00:02, 34.83it/s, v_num=80885, train_loss_step=0.00859, val_loss=0.0103, val_acc=0.996, train_loss_epoch=0.0119]Epoch 17:  38%|███▊      | 54/144 [00:01<00:02, 34.83it/s, v_num=80885, train_loss_step=0.00436, val_loss=0.0103, val_acc=0.996, train_loss_epoch=0.0119]Epoch 17:  38%|███▊      | 55/144 [00:01<00:02, 34.82it/s, v_num=80885, train_loss_step=0.00436, val_loss=0.0103, val_acc=0.996, train_loss_epoch=0.0119]Epoch 17:  38%|███▊      | 55/144 [00:01<00:02, 34.81it/s, v_num=80885, train_loss_step=0.0299, val_loss=0.0103, val_acc=0.996, train_loss_epoch=0.0119] Epoch 17:  39%|███▉      | 56/144 [00:01<00:02, 34.87it/s, v_num=80885, train_loss_step=0.0299, val_loss=0.0103, val_acc=0.996, train_loss_epoch=0.0119]Epoch 17:  39%|███▉      | 56/144 [00:01<00:02, 34.87it/s, v_num=80885, train_loss_step=0.0147, val_loss=0.0103, val_acc=0.996, train_loss_epoch=0.0119]Epoch 17:  40%|███▉      | 57/144 [00:01<00:02, 34.94it/s, v_num=80885, train_loss_step=0.0147, val_loss=0.0103, val_acc=0.996, train_loss_epoch=0.0119]Epoch 17:  40%|███▉      | 57/144 [00:01<00:02, 34.94it/s, v_num=80885, train_loss_step=0.0132, val_loss=0.0103, val_acc=0.996, train_loss_epoch=0.0119]Epoch 17:  40%|████      | 58/144 [00:01<00:02, 34.99it/s, v_num=80885, train_loss_step=0.0132, val_loss=0.0103, val_acc=0.996, train_loss_epoch=0.0119]Epoch 17:  40%|████      | 58/144 [00:01<00:02, 34.98it/s, v_num=80885, train_loss_step=0.0145, val_loss=0.0103, val_acc=0.996, train_loss_epoch=0.0119]Epoch 17:  41%|████      | 59/144 [00:01<00:02, 34.97it/s, v_num=80885, train_loss_step=0.0145, val_loss=0.0103, val_acc=0.996, train_loss_epoch=0.0119]Epoch 17:  41%|████      | 59/144 [00:01<00:02, 34.97it/s, v_num=80885, train_loss_step=0.00619, val_loss=0.0103, val_acc=0.996, train_loss_epoch=0.0119]Epoch 17:  42%|████▏     | 60/144 [00:01<00:02, 35.02it/s, v_num=80885, train_loss_step=0.00619, val_loss=0.0103, val_acc=0.996, train_loss_epoch=0.0119]Epoch 17:  42%|████▏     | 60/144 [00:01<00:02, 35.02it/s, v_num=80885, train_loss_step=0.00649, val_loss=0.0103, val_acc=0.996, train_loss_epoch=0.0119]Epoch 17:  42%|████▏     | 61/144 [00:01<00:02, 35.07it/s, v_num=80885, train_loss_step=0.00649, val_loss=0.0103, val_acc=0.996, train_loss_epoch=0.0119]Epoch 17:  42%|████▏     | 61/144 [00:01<00:02, 35.07it/s, v_num=80885, train_loss_step=0.00982, val_loss=0.0103, val_acc=0.996, train_loss_epoch=0.0119]Epoch 17:  43%|████▎     | 62/144 [00:01<00:02, 35.12it/s, v_num=80885, train_loss_step=0.00982, val_loss=0.0103, val_acc=0.996, train_loss_epoch=0.0119]Epoch 17:  43%|████▎     | 62/144 [00:01<00:02, 35.11it/s, v_num=80885, train_loss_step=0.00195, val_loss=0.0103, val_acc=0.996, train_loss_epoch=0.0119]Epoch 17:  44%|████▍     | 63/144 [00:01<00:02, 35.10it/s, v_num=80885, train_loss_step=0.00195, val_loss=0.0103, val_acc=0.996, train_loss_epoch=0.0119]Epoch 17:  44%|████▍     | 63/144 [00:01<00:02, 35.10it/s, v_num=80885, train_loss_step=0.0152, val_loss=0.0103, val_acc=0.996, train_loss_epoch=0.0119] Epoch 17:  44%|████▍     | 64/144 [00:01<00:02, 35.14it/s, v_num=80885, train_loss_step=0.0152, val_loss=0.0103, val_acc=0.996, train_loss_epoch=0.0119]Epoch 17:  44%|████▍     | 64/144 [00:01<00:02, 35.14it/s, v_num=80885, train_loss_step=0.00932, val_loss=0.0103, val_acc=0.996, train_loss_epoch=0.0119]Epoch 17:  45%|████▌     | 65/144 [00:01<00:02, 35.18it/s, v_num=80885, train_loss_step=0.00932, val_loss=0.0103, val_acc=0.996, train_loss_epoch=0.0119]Epoch 17:  45%|████▌     | 65/144 [00:01<00:02, 35.18it/s, v_num=80885, train_loss_step=0.0039, val_loss=0.0103, val_acc=0.996, train_loss_epoch=0.0119] Epoch 17:  46%|████▌     | 66/144 [00:01<00:02, 35.17it/s, v_num=80885, train_loss_step=0.0039, val_loss=0.0103, val_acc=0.996, train_loss_epoch=0.0119]Epoch 17:  46%|████▌     | 66/144 [00:01<00:02, 35.16it/s, v_num=80885, train_loss_step=0.0137, val_loss=0.0103, val_acc=0.996, train_loss_epoch=0.0119]Epoch 17:  47%|████▋     | 67/144 [00:01<00:02, 35.15it/s, v_num=80885, train_loss_step=0.0137, val_loss=0.0103, val_acc=0.996, train_loss_epoch=0.0119]Epoch 17:  47%|████▋     | 67/144 [00:01<00:02, 35.15it/s, v_num=80885, train_loss_step=0.00499, val_loss=0.0103, val_acc=0.996, train_loss_epoch=0.0119]Epoch 17:  47%|████▋     | 68/144 [00:01<00:02, 35.17it/s, v_num=80885, train_loss_step=0.00499, val_loss=0.0103, val_acc=0.996, train_loss_epoch=0.0119]Epoch 17:  47%|████▋     | 68/144 [00:01<00:02, 35.17it/s, v_num=80885, train_loss_step=0.0126, val_loss=0.0103, val_acc=0.996, train_loss_epoch=0.0119] Epoch 17:  48%|████▊     | 69/144 [00:01<00:02, 35.18it/s, v_num=80885, train_loss_step=0.0126, val_loss=0.0103, val_acc=0.996, train_loss_epoch=0.0119]Epoch 17:  48%|████▊     | 69/144 [00:01<00:02, 35.18it/s, v_num=80885, train_loss_step=0.00143, val_loss=0.0103, val_acc=0.996, train_loss_epoch=0.0119]Epoch 17:  49%|████▊     | 70/144 [00:01<00:02, 35.22it/s, v_num=80885, train_loss_step=0.00143, val_loss=0.0103, val_acc=0.996, train_loss_epoch=0.0119]Epoch 17:  49%|████▊     | 70/144 [00:01<00:02, 35.22it/s, v_num=80885, train_loss_step=0.0199, val_loss=0.0103, val_acc=0.996, train_loss_epoch=0.0119] Epoch 17:  49%|████▉     | 71/144 [00:02<00:02, 35.18it/s, v_num=80885, train_loss_step=0.0199, val_loss=0.0103, val_acc=0.996, train_loss_epoch=0.0119]Epoch 17:  49%|████▉     | 71/144 [00:02<00:02, 35.17it/s, v_num=80885, train_loss_step=0.00669, val_loss=0.0103, val_acc=0.996, train_loss_epoch=0.0119]Epoch 17:  50%|█████     | 72/144 [00:02<00:02, 35.21it/s, v_num=80885, train_loss_step=0.00669, val_loss=0.0103, val_acc=0.996, train_loss_epoch=0.0119]Epoch 17:  50%|█████     | 72/144 [00:02<00:02, 35.21it/s, v_num=80885, train_loss_step=0.0129, val_loss=0.0103, val_acc=0.996, train_loss_epoch=0.0119] Epoch 17:  51%|█████     | 73/144 [00:02<00:02, 35.24it/s, v_num=80885, train_loss_step=0.0129, val_loss=0.0103, val_acc=0.996, train_loss_epoch=0.0119]Epoch 17:  51%|█████     | 73/144 [00:02<00:02, 35.24it/s, v_num=80885, train_loss_step=0.0312, val_loss=0.0103, val_acc=0.996, train_loss_epoch=0.0119]Epoch 17:  51%|█████▏    | 74/144 [00:02<00:01, 35.28it/s, v_num=80885, train_loss_step=0.0312, val_loss=0.0103, val_acc=0.996, train_loss_epoch=0.0119]Epoch 17:  51%|█████▏    | 74/144 [00:02<00:01, 35.27it/s, v_num=80885, train_loss_step=0.0113, val_loss=0.0103, val_acc=0.996, train_loss_epoch=0.0119]Epoch 17:  52%|█████▏    | 75/144 [00:02<00:01, 35.27it/s, v_num=80885, train_loss_step=0.0113, val_loss=0.0103, val_acc=0.996, train_loss_epoch=0.0119]Epoch 17:  52%|█████▏    | 75/144 [00:02<00:01, 35.27it/s, v_num=80885, train_loss_step=0.00175, val_loss=0.0103, val_acc=0.996, train_loss_epoch=0.0119]Epoch 17:  53%|█████▎    | 76/144 [00:02<00:01, 35.30it/s, v_num=80885, train_loss_step=0.00175, val_loss=0.0103, val_acc=0.996, train_loss_epoch=0.0119]Epoch 17:  53%|█████▎    | 76/144 [00:02<00:01, 35.30it/s, v_num=80885, train_loss_step=0.0328, val_loss=0.0103, val_acc=0.996, train_loss_epoch=0.0119] Epoch 17:  53%|█████▎    | 77/144 [00:02<00:01, 35.34it/s, v_num=80885, train_loss_step=0.0328, val_loss=0.0103, val_acc=0.996, train_loss_epoch=0.0119]Epoch 17:  53%|█████▎    | 77/144 [00:02<00:01, 35.33it/s, v_num=80885, train_loss_step=0.0117, val_loss=0.0103, val_acc=0.996, train_loss_epoch=0.0119]Epoch 17:  54%|█████▍    | 78/144 [00:02<00:01, 35.39it/s, v_num=80885, train_loss_step=0.0117, val_loss=0.0103, val_acc=0.996, train_loss_epoch=0.0119]Epoch 17:  54%|█████▍    | 78/144 [00:02<00:01, 35.39it/s, v_num=80885, train_loss_step=0.0077, val_loss=0.0103, val_acc=0.996, train_loss_epoch=0.0119]Epoch 17:  55%|█████▍    | 79/144 [00:02<00:01, 35.38it/s, v_num=80885, train_loss_step=0.0077, val_loss=0.0103, val_acc=0.996, train_loss_epoch=0.0119]Epoch 17:  55%|█████▍    | 79/144 [00:02<00:01, 35.37it/s, v_num=80885, train_loss_step=0.0138, val_loss=0.0103, val_acc=0.996, train_loss_epoch=0.0119]Epoch 17:  56%|█████▌    | 80/144 [00:02<00:01, 35.40it/s, v_num=80885, train_loss_step=0.0138, val_loss=0.0103, val_acc=0.996, train_loss_epoch=0.0119]Epoch 17:  56%|█████▌    | 80/144 [00:02<00:01, 35.40it/s, v_num=80885, train_loss_step=0.00355, val_loss=0.0103, val_acc=0.996, train_loss_epoch=0.0119]Epoch 17:  56%|█████▋    | 81/144 [00:02<00:01, 35.42it/s, v_num=80885, train_loss_step=0.00355, val_loss=0.0103, val_acc=0.996, train_loss_epoch=0.0119]Epoch 17:  56%|█████▋    | 81/144 [00:02<00:01, 35.42it/s, v_num=80885, train_loss_step=0.00812, val_loss=0.0103, val_acc=0.996, train_loss_epoch=0.0119]Epoch 17:  57%|█████▋    | 82/144 [00:02<00:01, 35.46it/s, v_num=80885, train_loss_step=0.00812, val_loss=0.0103, val_acc=0.996, train_loss_epoch=0.0119]Epoch 17:  57%|█████▋    | 82/144 [00:02<00:01, 35.45it/s, v_num=80885, train_loss_step=0.0149, val_loss=0.0103, val_acc=0.996, train_loss_epoch=0.0119] Epoch 17:  58%|█████▊    | 83/144 [00:02<00:01, 35.45it/s, v_num=80885, train_loss_step=0.0149, val_loss=0.0103, val_acc=0.996, train_loss_epoch=0.0119]Epoch 17:  58%|█████▊    | 83/144 [00:02<00:01, 35.45it/s, v_num=80885, train_loss_step=0.0196, val_loss=0.0103, val_acc=0.996, train_loss_epoch=0.0119]Epoch 17:  58%|█████▊    | 84/144 [00:02<00:01, 35.47it/s, v_num=80885, train_loss_step=0.0196, val_loss=0.0103, val_acc=0.996, train_loss_epoch=0.0119]Epoch 17:  58%|█████▊    | 84/144 [00:02<00:01, 35.47it/s, v_num=80885, train_loss_step=0.00186, val_loss=0.0103, val_acc=0.996, train_loss_epoch=0.0119]Epoch 17:  59%|█████▉    | 85/144 [00:02<00:01, 35.50it/s, v_num=80885, train_loss_step=0.00186, val_loss=0.0103, val_acc=0.996, train_loss_epoch=0.0119]Epoch 17:  59%|█████▉    | 85/144 [00:02<00:01, 35.49it/s, v_num=80885, train_loss_step=0.0107, val_loss=0.0103, val_acc=0.996, train_loss_epoch=0.0119] Epoch 17:  60%|█████▉    | 86/144 [00:02<00:01, 35.53it/s, v_num=80885, train_loss_step=0.0107, val_loss=0.0103, val_acc=0.996, train_loss_epoch=0.0119]Epoch 17:  60%|█████▉    | 86/144 [00:02<00:01, 35.53it/s, v_num=80885, train_loss_step=0.0251, val_loss=0.0103, val_acc=0.996, train_loss_epoch=0.0119]Epoch 17:  60%|██████    | 87/144 [00:02<00:01, 35.52it/s, v_num=80885, train_loss_step=0.0251, val_loss=0.0103, val_acc=0.996, train_loss_epoch=0.0119]Epoch 17:  60%|██████    | 87/144 [00:02<00:01, 35.52it/s, v_num=80885, train_loss_step=0.00272, val_loss=0.0103, val_acc=0.996, train_loss_epoch=0.0119]Epoch 17:  61%|██████    | 88/144 [00:02<00:01, 35.55it/s, v_num=80885, train_loss_step=0.00272, val_loss=0.0103, val_acc=0.996, train_loss_epoch=0.0119]Epoch 17:  61%|██████    | 88/144 [00:02<00:01, 35.55it/s, v_num=80885, train_loss_step=0.00393, val_loss=0.0103, val_acc=0.996, train_loss_epoch=0.0119]Epoch 17:  62%|██████▏   | 89/144 [00:02<00:01, 35.58it/s, v_num=80885, train_loss_step=0.00393, val_loss=0.0103, val_acc=0.996, train_loss_epoch=0.0119]Epoch 17:  62%|██████▏   | 89/144 [00:02<00:01, 35.57it/s, v_num=80885, train_loss_step=0.00951, val_loss=0.0103, val_acc=0.996, train_loss_epoch=0.0119]Epoch 17:  62%|██████▎   | 90/144 [00:02<00:01, 35.61it/s, v_num=80885, train_loss_step=0.00951, val_loss=0.0103, val_acc=0.996, train_loss_epoch=0.0119]Epoch 17:  62%|██████▎   | 90/144 [00:02<00:01, 35.61it/s, v_num=80885, train_loss_step=0.0135, val_loss=0.0103, val_acc=0.996, train_loss_epoch=0.0119] Epoch 17:  63%|██████▎   | 91/144 [00:02<00:01, 35.60it/s, v_num=80885, train_loss_step=0.0135, val_loss=0.0103, val_acc=0.996, train_loss_epoch=0.0119]Epoch 17:  63%|██████▎   | 91/144 [00:02<00:01, 35.60it/s, v_num=80885, train_loss_step=0.0187, val_loss=0.0103, val_acc=0.996, train_loss_epoch=0.0119]Epoch 17:  64%|██████▍   | 92/144 [00:02<00:01, 35.61it/s, v_num=80885, train_loss_step=0.0187, val_loss=0.0103, val_acc=0.996, train_loss_epoch=0.0119]Epoch 17:  64%|██████▍   | 92/144 [00:02<00:01, 35.60it/s, v_num=80885, train_loss_step=0.00805, val_loss=0.0103, val_acc=0.996, train_loss_epoch=0.0119]Epoch 17:  65%|██████▍   | 93/144 [00:02<00:01, 35.63it/s, v_num=80885, train_loss_step=0.00805, val_loss=0.0103, val_acc=0.996, train_loss_epoch=0.0119]Epoch 17:  65%|██████▍   | 93/144 [00:02<00:01, 35.63it/s, v_num=80885, train_loss_step=0.00538, val_loss=0.0103, val_acc=0.996, train_loss_epoch=0.0119]Epoch 17:  65%|██████▌   | 94/144 [00:02<00:01, 35.67it/s, v_num=80885, train_loss_step=0.00538, val_loss=0.0103, val_acc=0.996, train_loss_epoch=0.0119]Epoch 17:  65%|██████▌   | 94/144 [00:02<00:01, 35.67it/s, v_num=80885, train_loss_step=0.0147, val_loss=0.0103, val_acc=0.996, train_loss_epoch=0.0119] Epoch 17:  66%|██████▌   | 95/144 [00:02<00:01, 35.63it/s, v_num=80885, train_loss_step=0.0147, val_loss=0.0103, val_acc=0.996, train_loss_epoch=0.0119]Epoch 17:  66%|██████▌   | 95/144 [00:02<00:01, 35.62it/s, v_num=80885, train_loss_step=0.0147, val_loss=0.0103, val_acc=0.996, train_loss_epoch=0.0119]Epoch 17:  67%|██████▋   | 96/144 [00:02<00:01, 35.63it/s, v_num=80885, train_loss_step=0.0147, val_loss=0.0103, val_acc=0.996, train_loss_epoch=0.0119]Epoch 17:  67%|██████▋   | 96/144 [00:02<00:01, 35.63it/s, v_num=80885, train_loss_step=0.00644, val_loss=0.0103, val_acc=0.996, train_loss_epoch=0.0119]Epoch 17:  67%|██████▋   | 97/144 [00:02<00:01, 35.66it/s, v_num=80885, train_loss_step=0.00644, val_loss=0.0103, val_acc=0.996, train_loss_epoch=0.0119]Epoch 17:  67%|██████▋   | 97/144 [00:02<00:01, 35.66it/s, v_num=80885, train_loss_step=0.00201, val_loss=0.0103, val_acc=0.996, train_loss_epoch=0.0119]Epoch 17:  68%|██████▊   | 98/144 [00:02<00:01, 35.69it/s, v_num=80885, train_loss_step=0.00201, val_loss=0.0103, val_acc=0.996, train_loss_epoch=0.0119]Epoch 17:  68%|██████▊   | 98/144 [00:02<00:01, 35.69it/s, v_num=80885, train_loss_step=0.00575, val_loss=0.0103, val_acc=0.996, train_loss_epoch=0.0119]Epoch 17:  69%|██████▉   | 99/144 [00:02<00:01, 35.69it/s, v_num=80885, train_loss_step=0.00575, val_loss=0.0103, val_acc=0.996, train_loss_epoch=0.0119]Epoch 17:  69%|██████▉   | 99/144 [00:02<00:01, 35.69it/s, v_num=80885, train_loss_step=0.00275, val_loss=0.0103, val_acc=0.996, train_loss_epoch=0.0119]Epoch 17:  69%|██████▉   | 100/144 [00:02<00:01, 35.72it/s, v_num=80885, train_loss_step=0.00275, val_loss=0.0103, val_acc=0.996, train_loss_epoch=0.0119]Epoch 17:  69%|██████▉   | 100/144 [00:02<00:01, 35.72it/s, v_num=80885, train_loss_step=0.00283, val_loss=0.0103, val_acc=0.996, train_loss_epoch=0.0119]Epoch 17:  70%|███████   | 101/144 [00:02<00:01, 35.75it/s, v_num=80885, train_loss_step=0.00283, val_loss=0.0103, val_acc=0.996, train_loss_epoch=0.0119]Epoch 17:  70%|███████   | 101/144 [00:02<00:01, 35.75it/s, v_num=80885, train_loss_step=0.00529, val_loss=0.0103, val_acc=0.996, train_loss_epoch=0.0119]Epoch 17:  71%|███████   | 102/144 [00:02<00:01, 35.79it/s, v_num=80885, train_loss_step=0.00529, val_loss=0.0103, val_acc=0.996, train_loss_epoch=0.0119]Epoch 17:  71%|███████   | 102/144 [00:02<00:01, 35.79it/s, v_num=80885, train_loss_step=0.00489, val_loss=0.0103, val_acc=0.996, train_loss_epoch=0.0119]Epoch 17:  72%|███████▏  | 103/144 [00:02<00:01, 35.79it/s, v_num=80885, train_loss_step=0.00489, val_loss=0.0103, val_acc=0.996, train_loss_epoch=0.0119]Epoch 17:  72%|███████▏  | 103/144 [00:02<00:01, 35.79it/s, v_num=80885, train_loss_step=0.00237, val_loss=0.0103, val_acc=0.996, train_loss_epoch=0.0119]Epoch 17:  72%|███████▏  | 104/144 [00:02<00:01, 35.83it/s, v_num=80885, train_loss_step=0.00237, val_loss=0.0103, val_acc=0.996, train_loss_epoch=0.0119]Epoch 17:  72%|███████▏  | 104/144 [00:02<00:01, 35.82it/s, v_num=80885, train_loss_step=0.00782, val_loss=0.0103, val_acc=0.996, train_loss_epoch=0.0119]Epoch 17:  73%|███████▎  | 105/144 [00:02<00:01, 35.87it/s, v_num=80885, train_loss_step=0.00782, val_loss=0.0103, val_acc=0.996, train_loss_epoch=0.0119]Epoch 17:  73%|███████▎  | 105/144 [00:02<00:01, 35.86it/s, v_num=80885, train_loss_step=0.00335, val_loss=0.0103, val_acc=0.996, train_loss_epoch=0.0119]Epoch 17:  74%|███████▎  | 106/144 [00:02<00:01, 35.92it/s, v_num=80885, train_loss_step=0.00335, val_loss=0.0103, val_acc=0.996, train_loss_epoch=0.0119]Epoch 17:  74%|███████▎  | 106/144 [00:02<00:01, 35.91it/s, v_num=80885, train_loss_step=0.00494, val_loss=0.0103, val_acc=0.996, train_loss_epoch=0.0119]Epoch 17:  74%|███████▍  | 107/144 [00:02<00:01, 35.94it/s, v_num=80885, train_loss_step=0.00494, val_loss=0.0103, val_acc=0.996, train_loss_epoch=0.0119]Epoch 17:  74%|███████▍  | 107/144 [00:02<00:01, 35.94it/s, v_num=80885, train_loss_step=0.00517, val_loss=0.0103, val_acc=0.996, train_loss_epoch=0.0119]Epoch 17:  75%|███████▌  | 108/144 [00:03<00:01, 35.92it/s, v_num=80885, train_loss_step=0.00517, val_loss=0.0103, val_acc=0.996, train_loss_epoch=0.0119]Epoch 17:  75%|███████▌  | 108/144 [00:03<00:01, 35.92it/s, v_num=80885, train_loss_step=0.0037, val_loss=0.0103, val_acc=0.996, train_loss_epoch=0.0119] Epoch 17:  76%|███████▌  | 109/144 [00:03<00:00, 35.96it/s, v_num=80885, train_loss_step=0.0037, val_loss=0.0103, val_acc=0.996, train_loss_epoch=0.0119]Epoch 17:  76%|███████▌  | 109/144 [00:03<00:00, 35.95it/s, v_num=80885, train_loss_step=0.0123, val_loss=0.0103, val_acc=0.996, train_loss_epoch=0.0119]Epoch 17:  76%|███████▋  | 110/144 [00:03<00:00, 35.99it/s, v_num=80885, train_loss_step=0.0123, val_loss=0.0103, val_acc=0.996, train_loss_epoch=0.0119]Epoch 17:  76%|███████▋  | 110/144 [00:03<00:00, 35.98it/s, v_num=80885, train_loss_step=0.0028, val_loss=0.0103, val_acc=0.996, train_loss_epoch=0.0119]Epoch 17:  77%|███████▋  | 111/144 [00:03<00:00, 36.01it/s, v_num=80885, train_loss_step=0.0028, val_loss=0.0103, val_acc=0.996, train_loss_epoch=0.0119]Epoch 17:  77%|███████▋  | 111/144 [00:03<00:00, 36.01it/s, v_num=80885, train_loss_step=0.00628, val_loss=0.0103, val_acc=0.996, train_loss_epoch=0.0119]Epoch 17:  78%|███████▊  | 112/144 [00:03<00:00, 35.98it/s, v_num=80885, train_loss_step=0.00628, val_loss=0.0103, val_acc=0.996, train_loss_epoch=0.0119]Epoch 17:  78%|███████▊  | 112/144 [00:03<00:00, 35.97it/s, v_num=80885, train_loss_step=0.00596, val_loss=0.0103, val_acc=0.996, train_loss_epoch=0.0119]Epoch 17:  78%|███████▊  | 113/144 [00:03<00:00, 35.97it/s, v_num=80885, train_loss_step=0.00596, val_loss=0.0103, val_acc=0.996, train_loss_epoch=0.0119]Epoch 17:  78%|███████▊  | 113/144 [00:03<00:00, 35.97it/s, v_num=80885, train_loss_step=0.00458, val_loss=0.0103, val_acc=0.996, train_loss_epoch=0.0119]Epoch 17:  79%|███████▉  | 114/144 [00:03<00:00, 36.00it/s, v_num=80885, train_loss_step=0.00458, val_loss=0.0103, val_acc=0.996, train_loss_epoch=0.0119]Epoch 17:  79%|███████▉  | 114/144 [00:03<00:00, 36.00it/s, v_num=80885, train_loss_step=0.0105, val_loss=0.0103, val_acc=0.996, train_loss_epoch=0.0119] Epoch 17:  80%|███████▉  | 115/144 [00:03<00:00, 36.03it/s, v_num=80885, train_loss_step=0.0105, val_loss=0.0103, val_acc=0.996, train_loss_epoch=0.0119]Epoch 17:  80%|███████▉  | 115/144 [00:03<00:00, 36.03it/s, v_num=80885, train_loss_step=0.00569, val_loss=0.0103, val_acc=0.996, train_loss_epoch=0.0119]Epoch 17:  81%|████████  | 116/144 [00:03<00:00, 36.02it/s, v_num=80885, train_loss_step=0.00569, val_loss=0.0103, val_acc=0.996, train_loss_epoch=0.0119]Epoch 17:  81%|████████  | 116/144 [00:03<00:00, 36.02it/s, v_num=80885, train_loss_step=0.00212, val_loss=0.0103, val_acc=0.996, train_loss_epoch=0.0119]Epoch 17:  81%|████████▏ | 117/144 [00:03<00:00, 36.04it/s, v_num=80885, train_loss_step=0.00212, val_loss=0.0103, val_acc=0.996, train_loss_epoch=0.0119]Epoch 17:  81%|████████▏ | 117/144 [00:03<00:00, 36.04it/s, v_num=80885, train_loss_step=0.00913, val_loss=0.0103, val_acc=0.996, train_loss_epoch=0.0119]Epoch 17:  82%|████████▏ | 118/144 [00:03<00:00, 36.06it/s, v_num=80885, train_loss_step=0.00913, val_loss=0.0103, val_acc=0.996, train_loss_epoch=0.0119]Epoch 17:  82%|████████▏ | 118/144 [00:03<00:00, 36.06it/s, v_num=80885, train_loss_step=0.00141, val_loss=0.0103, val_acc=0.996, train_loss_epoch=0.0119]Epoch 17:  83%|████████▎ | 119/144 [00:03<00:00, 36.09it/s, v_num=80885, train_loss_step=0.00141, val_loss=0.0103, val_acc=0.996, train_loss_epoch=0.0119]Epoch 17:  83%|████████▎ | 119/144 [00:03<00:00, 36.09it/s, v_num=80885, train_loss_step=0.00407, val_loss=0.0103, val_acc=0.996, train_loss_epoch=0.0119]Epoch 17:  83%|████████▎ | 120/144 [00:03<00:00, 36.02it/s, v_num=80885, train_loss_step=0.00407, val_loss=0.0103, val_acc=0.996, train_loss_epoch=0.0119]Epoch 17:  83%|████████▎ | 120/144 [00:03<00:00, 36.02it/s, v_num=80885, train_loss_step=0.0183, val_loss=0.0103, val_acc=0.996, train_loss_epoch=0.0119] Epoch 17:  84%|████████▍ | 121/144 [00:03<00:00, 35.97it/s, v_num=80885, train_loss_step=0.0183, val_loss=0.0103, val_acc=0.996, train_loss_epoch=0.0119]Epoch 17:  84%|████████▍ | 121/144 [00:03<00:00, 35.97it/s, v_num=80885, train_loss_step=0.0013, val_loss=0.0103, val_acc=0.996, train_loss_epoch=0.0119]Epoch 17:  85%|████████▍ | 122/144 [00:03<00:00, 35.99it/s, v_num=80885, train_loss_step=0.0013, val_loss=0.0103, val_acc=0.996, train_loss_epoch=0.0119]Epoch 17:  85%|████████▍ | 122/144 [00:03<00:00, 35.99it/s, v_num=80885, train_loss_step=0.0109, val_loss=0.0103, val_acc=0.996, train_loss_epoch=0.0119]Epoch 17:  85%|████████▌ | 123/144 [00:03<00:00, 36.02it/s, v_num=80885, train_loss_step=0.0109, val_loss=0.0103, val_acc=0.996, train_loss_epoch=0.0119]Epoch 17:  85%|████████▌ | 123/144 [00:03<00:00, 36.02it/s, v_num=80885, train_loss_step=0.0364, val_loss=0.0103, val_acc=0.996, train_loss_epoch=0.0119]Epoch 17:  86%|████████▌ | 124/144 [00:03<00:00, 36.04it/s, v_num=80885, train_loss_step=0.0364, val_loss=0.0103, val_acc=0.996, train_loss_epoch=0.0119]Epoch 17:  86%|████████▌ | 124/144 [00:03<00:00, 36.03it/s, v_num=80885, train_loss_step=0.00212, val_loss=0.0103, val_acc=0.996, train_loss_epoch=0.0119]Epoch 17:  87%|████████▋ | 125/144 [00:03<00:00, 36.02it/s, v_num=80885, train_loss_step=0.00212, val_loss=0.0103, val_acc=0.996, train_loss_epoch=0.0119]Epoch 17:  87%|████████▋ | 125/144 [00:03<00:00, 36.02it/s, v_num=80885, train_loss_step=0.00524, val_loss=0.0103, val_acc=0.996, train_loss_epoch=0.0119]Epoch 17:  88%|████████▊ | 126/144 [00:03<00:00, 36.05it/s, v_num=80885, train_loss_step=0.00524, val_loss=0.0103, val_acc=0.996, train_loss_epoch=0.0119]Epoch 17:  88%|████████▊ | 126/144 [00:03<00:00, 36.05it/s, v_num=80885, train_loss_step=0.00312, val_loss=0.0103, val_acc=0.996, train_loss_epoch=0.0119]Epoch 17:  88%|████████▊ | 127/144 [00:03<00:00, 36.08it/s, v_num=80885, train_loss_step=0.00312, val_loss=0.0103, val_acc=0.996, train_loss_epoch=0.0119]Epoch 17:  88%|████████▊ | 127/144 [00:03<00:00, 36.08it/s, v_num=80885, train_loss_step=0.00242, val_loss=0.0103, val_acc=0.996, train_loss_epoch=0.0119]Epoch 17:  89%|████████▉ | 128/144 [00:03<00:00, 36.12it/s, v_num=80885, train_loss_step=0.00242, val_loss=0.0103, val_acc=0.996, train_loss_epoch=0.0119]Epoch 17:  89%|████████▉ | 128/144 [00:03<00:00, 36.11it/s, v_num=80885, train_loss_step=0.0161, val_loss=0.0103, val_acc=0.996, train_loss_epoch=0.0119] Epoch 17:  90%|████████▉ | 129/144 [00:03<00:00, 36.10it/s, v_num=80885, train_loss_step=0.0161, val_loss=0.0103, val_acc=0.996, train_loss_epoch=0.0119]Epoch 17:  90%|████████▉ | 129/144 [00:03<00:00, 36.10it/s, v_num=80885, train_loss_step=0.00483, val_loss=0.0103, val_acc=0.996, train_loss_epoch=0.0119]Epoch 17:  90%|█████████ | 130/144 [00:03<00:00, 36.04it/s, v_num=80885, train_loss_step=0.00483, val_loss=0.0103, val_acc=0.996, train_loss_epoch=0.0119]Epoch 17:  90%|█████████ | 130/144 [00:03<00:00, 36.03it/s, v_num=80885, train_loss_step=0.0059, val_loss=0.0103, val_acc=0.996, train_loss_epoch=0.0119] Epoch 17:  91%|█████████ | 131/144 [00:03<00:00, 36.05it/s, v_num=80885, train_loss_step=0.0059, val_loss=0.0103, val_acc=0.996, train_loss_epoch=0.0119]Epoch 17:  91%|█████████ | 131/144 [00:03<00:00, 36.05it/s, v_num=80885, train_loss_step=0.0162, val_loss=0.0103, val_acc=0.996, train_loss_epoch=0.0119]Epoch 17:  92%|█████████▏| 132/144 [00:03<00:00, 36.08it/s, v_num=80885, train_loss_step=0.0162, val_loss=0.0103, val_acc=0.996, train_loss_epoch=0.0119]Epoch 17:  92%|█████████▏| 132/144 [00:03<00:00, 36.08it/s, v_num=80885, train_loss_step=0.0242, val_loss=0.0103, val_acc=0.996, train_loss_epoch=0.0119]Epoch 17:  92%|█████████▏| 133/144 [00:03<00:00, 36.09it/s, v_num=80885, train_loss_step=0.0242, val_loss=0.0103, val_acc=0.996, train_loss_epoch=0.0119]Epoch 17:  92%|█████████▏| 133/144 [00:03<00:00, 36.09it/s, v_num=80885, train_loss_step=0.00117, val_loss=0.0103, val_acc=0.996, train_loss_epoch=0.0119]Epoch 17:  93%|█████████▎| 134/144 [00:03<00:00, 36.07it/s, v_num=80885, train_loss_step=0.00117, val_loss=0.0103, val_acc=0.996, train_loss_epoch=0.0119]Epoch 17:  93%|█████████▎| 134/144 [00:03<00:00, 36.07it/s, v_num=80885, train_loss_step=0.0397, val_loss=0.0103, val_acc=0.996, train_loss_epoch=0.0119] Epoch 17:  94%|█████████▍| 135/144 [00:03<00:00, 36.09it/s, v_num=80885, train_loss_step=0.0397, val_loss=0.0103, val_acc=0.996, train_loss_epoch=0.0119]Epoch 17:  94%|█████████▍| 135/144 [00:03<00:00, 36.09it/s, v_num=80885, train_loss_step=0.0056, val_loss=0.0103, val_acc=0.996, train_loss_epoch=0.0119]Epoch 17:  94%|█████████▍| 136/144 [00:03<00:00, 36.11it/s, v_num=80885, train_loss_step=0.0056, val_loss=0.0103, val_acc=0.996, train_loss_epoch=0.0119]Epoch 17:  94%|█████████▍| 136/144 [00:03<00:00, 36.11it/s, v_num=80885, train_loss_step=0.00583, val_loss=0.0103, val_acc=0.996, train_loss_epoch=0.0119]Epoch 17:  95%|█████████▌| 137/144 [00:03<00:00, 36.13it/s, v_num=80885, train_loss_step=0.00583, val_loss=0.0103, val_acc=0.996, train_loss_epoch=0.0119]Epoch 17:  95%|█████████▌| 137/144 [00:03<00:00, 36.13it/s, v_num=80885, train_loss_step=0.00598, val_loss=0.0103, val_acc=0.996, train_loss_epoch=0.0119]Epoch 17:  96%|█████████▌| 138/144 [00:03<00:00, 36.11it/s, v_num=80885, train_loss_step=0.00598, val_loss=0.0103, val_acc=0.996, train_loss_epoch=0.0119]Epoch 17:  96%|█████████▌| 138/144 [00:03<00:00, 36.11it/s, v_num=80885, train_loss_step=0.0134, val_loss=0.0103, val_acc=0.996, train_loss_epoch=0.0119] Epoch 17:  97%|█████████▋| 139/144 [00:03<00:00, 36.14it/s, v_num=80885, train_loss_step=0.0134, val_loss=0.0103, val_acc=0.996, train_loss_epoch=0.0119]Epoch 17:  97%|█████████▋| 139/144 [00:03<00:00, 36.14it/s, v_num=80885, train_loss_step=0.0021, val_loss=0.0103, val_acc=0.996, train_loss_epoch=0.0119]Epoch 17:  97%|█████████▋| 140/144 [00:03<00:00, 36.16it/s, v_num=80885, train_loss_step=0.0021, val_loss=0.0103, val_acc=0.996, train_loss_epoch=0.0119]Epoch 17:  97%|█████████▋| 140/144 [00:03<00:00, 36.16it/s, v_num=80885, train_loss_step=0.00119, val_loss=0.0103, val_acc=0.996, train_loss_epoch=0.0119]Epoch 17:  98%|█████████▊| 141/144 [00:03<00:00, 36.20it/s, v_num=80885, train_loss_step=0.00119, val_loss=0.0103, val_acc=0.996, train_loss_epoch=0.0119]Epoch 17:  98%|█████████▊| 141/144 [00:03<00:00, 36.19it/s, v_num=80885, train_loss_step=0.00681, val_loss=0.0103, val_acc=0.996, train_loss_epoch=0.0119]Epoch 17:  99%|█████████▊| 142/144 [00:03<00:00, 36.19it/s, v_num=80885, train_loss_step=0.00681, val_loss=0.0103, val_acc=0.996, train_loss_epoch=0.0119]Epoch 17:  99%|█████████▊| 142/144 [00:03<00:00, 36.19it/s, v_num=80885, train_loss_step=0.00633, val_loss=0.0103, val_acc=0.996, train_loss_epoch=0.0119]Epoch 17:  99%|█████████▉| 143/144 [00:03<00:00, 36.16it/s, v_num=80885, train_loss_step=0.00633, val_loss=0.0103, val_acc=0.996, train_loss_epoch=0.0119]Epoch 17:  99%|█████████▉| 143/144 [00:03<00:00, 36.16it/s, v_num=80885, train_loss_step=0.000779, val_loss=0.0103, val_acc=0.996, train_loss_epoch=0.0119]Epoch 17: 100%|██████████| 144/144 [00:03<00:00, 36.19it/s, v_num=80885, train_loss_step=0.000779, val_loss=0.0103, val_acc=0.996, train_loss_epoch=0.0119]Epoch 17: 100%|██████████| 144/144 [00:03<00:00, 36.19it/s, v_num=80885, train_loss_step=0.00973, val_loss=0.0103, val_acc=0.996, train_loss_epoch=0.0119] 
Validation: |          | 0/? [00:00<?, ?it/s][A
Validation:   0%|          | 0/14 [00:00<?, ?it/s][A
Validation DataLoader 0:   0%|          | 0/14 [00:00<?, ?it/s][A
Validation DataLoader 0:   7%|▋         | 1/14 [00:00<00:00, 125.27it/s][A
Validation DataLoader 0:  14%|█▍        | 2/14 [00:00<00:00, 93.60it/s] [A
Validation DataLoader 0:  21%|██▏       | 3/14 [00:00<00:00, 95.96it/s][A
Validation DataLoader 0:  29%|██▊       | 4/14 [00:00<00:00, 88.72it/s][A
Validation DataLoader 0:  36%|███▌      | 5/14 [00:00<00:00, 83.26it/s][A
Validation DataLoader 0:  43%|████▎     | 6/14 [00:00<00:00, 79.92it/s][A
Validation DataLoader 0:  50%|█████     | 7/14 [00:00<00:00, 77.84it/s][A
Validation DataLoader 0:  57%|█████▋    | 8/14 [00:00<00:00, 76.37it/s][A
Validation DataLoader 0:  64%|██████▍   | 9/14 [00:00<00:00, 75.13it/s][A
Validation DataLoader 0:  71%|███████▏  | 10/14 [00:00<00:00, 74.29it/s][A
Validation DataLoader 0:  79%|███████▊  | 11/14 [00:00<00:00, 73.61it/s][A
Validation DataLoader 0:  86%|████████▌ | 12/14 [00:00<00:00, 72.88it/s][A
Validation DataLoader 0:  93%|█████████▎| 13/14 [00:00<00:00, 72.34it/s][A
Validation DataLoader 0: 100%|██████████| 14/14 [00:00<00:00, 71.95it/s][A
                                                                        [AEpoch 17: 100%|██████████| 144/144 [00:04<00:00, 34.31it/s, v_num=80885, train_loss_step=0.00973, val_loss=0.00614, val_acc=0.998, train_loss_epoch=0.0119]Epoch 17: 100%|██████████| 144/144 [00:04<00:00, 34.30it/s, v_num=80885, train_loss_step=0.00973, val_loss=0.00614, val_acc=0.998, train_loss_epoch=0.0111]Epoch 17:   0%|          | 0/144 [00:00<?, ?it/s, v_num=80885, train_loss_step=0.00973, val_loss=0.00614, val_acc=0.998, train_loss_epoch=0.0111]          Epoch 18:   0%|          | 0/144 [00:00<?, ?it/s, v_num=80885, train_loss_step=0.00973, val_loss=0.00614, val_acc=0.998, train_loss_epoch=0.0111]Epoch 18:   1%|          | 1/144 [00:00<00:12, 11.03it/s, v_num=80885, train_loss_step=0.00973, val_loss=0.00614, val_acc=0.998, train_loss_epoch=0.0111]Epoch 18:   1%|          | 1/144 [00:00<00:12, 11.01it/s, v_num=80885, train_loss_step=0.0013, val_loss=0.00614, val_acc=0.998, train_loss_epoch=0.0111] Epoch 18:   1%|▏         | 2/144 [00:00<00:08, 16.81it/s, v_num=80885, train_loss_step=0.0013, val_loss=0.00614, val_acc=0.998, train_loss_epoch=0.0111]Epoch 18:   1%|▏         | 2/144 [00:00<00:08, 16.79it/s, v_num=80885, train_loss_step=0.0127, val_loss=0.00614, val_acc=0.998, train_loss_epoch=0.0111]Epoch 18:   2%|▏         | 3/144 [00:00<00:07, 20.05it/s, v_num=80885, train_loss_step=0.0127, val_loss=0.00614, val_acc=0.998, train_loss_epoch=0.0111]Epoch 18:   2%|▏         | 3/144 [00:00<00:07, 20.03it/s, v_num=80885, train_loss_step=0.0199, val_loss=0.00614, val_acc=0.998, train_loss_epoch=0.0111]Epoch 18:   3%|▎         | 4/144 [00:00<00:06, 22.43it/s, v_num=80885, train_loss_step=0.0199, val_loss=0.00614, val_acc=0.998, train_loss_epoch=0.0111]Epoch 18:   3%|▎         | 4/144 [00:00<00:06, 22.41it/s, v_num=80885, train_loss_step=0.00399, val_loss=0.00614, val_acc=0.998, train_loss_epoch=0.0111]Epoch 18:   3%|▎         | 5/144 [00:00<00:05, 24.30it/s, v_num=80885, train_loss_step=0.00399, val_loss=0.00614, val_acc=0.998, train_loss_epoch=0.0111]Epoch 18:   3%|▎         | 5/144 [00:00<00:05, 24.28it/s, v_num=80885, train_loss_step=0.00107, val_loss=0.00614, val_acc=0.998, train_loss_epoch=0.0111]Epoch 18:   4%|▍         | 6/144 [00:00<00:05, 25.32it/s, v_num=80885, train_loss_step=0.00107, val_loss=0.00614, val_acc=0.998, train_loss_epoch=0.0111]Epoch 18:   4%|▍         | 6/144 [00:00<00:05, 25.30it/s, v_num=80885, train_loss_step=0.0114, val_loss=0.00614, val_acc=0.998, train_loss_epoch=0.0111] Epoch 18:   5%|▍         | 7/144 [00:00<00:05, 26.08it/s, v_num=80885, train_loss_step=0.0114, val_loss=0.00614, val_acc=0.998, train_loss_epoch=0.0111]Epoch 18:   5%|▍         | 7/144 [00:00<00:05, 26.07it/s, v_num=80885, train_loss_step=0.00803, val_loss=0.00614, val_acc=0.998, train_loss_epoch=0.0111]Epoch 18:   6%|▌         | 8/144 [00:00<00:05, 26.90it/s, v_num=80885, train_loss_step=0.00803, val_loss=0.00614, val_acc=0.998, train_loss_epoch=0.0111]Epoch 18:   6%|▌         | 8/144 [00:00<00:05, 26.89it/s, v_num=80885, train_loss_step=0.00571, val_loss=0.00614, val_acc=0.998, train_loss_epoch=0.0111]Epoch 18:   6%|▋         | 9/144 [00:00<00:04, 27.67it/s, v_num=80885, train_loss_step=0.00571, val_loss=0.00614, val_acc=0.998, train_loss_epoch=0.0111]Epoch 18:   6%|▋         | 9/144 [00:00<00:04, 27.66it/s, v_num=80885, train_loss_step=0.00159, val_loss=0.00614, val_acc=0.998, train_loss_epoch=0.0111]Epoch 18:   7%|▋         | 10/144 [00:00<00:04, 28.15it/s, v_num=80885, train_loss_step=0.00159, val_loss=0.00614, val_acc=0.998, train_loss_epoch=0.0111]Epoch 18:   7%|▋         | 10/144 [00:00<00:04, 28.14it/s, v_num=80885, train_loss_step=0.0112, val_loss=0.00614, val_acc=0.998, train_loss_epoch=0.0111] Epoch 18:   8%|▊         | 11/144 [00:00<00:04, 28.41it/s, v_num=80885, train_loss_step=0.0112, val_loss=0.00614, val_acc=0.998, train_loss_epoch=0.0111]Epoch 18:   8%|▊         | 11/144 [00:00<00:04, 28.40it/s, v_num=80885, train_loss_step=0.00333, val_loss=0.00614, val_acc=0.998, train_loss_epoch=0.0111]Epoch 18:   8%|▊         | 12/144 [00:00<00:04, 28.95it/s, v_num=80885, train_loss_step=0.00333, val_loss=0.00614, val_acc=0.998, train_loss_epoch=0.0111]Epoch 18:   8%|▊         | 12/144 [00:00<00:04, 28.94it/s, v_num=80885, train_loss_step=0.0016, val_loss=0.00614, val_acc=0.998, train_loss_epoch=0.0111] Epoch 18:   9%|▉         | 13/144 [00:00<00:04, 29.36it/s, v_num=80885, train_loss_step=0.0016, val_loss=0.00614, val_acc=0.998, train_loss_epoch=0.0111]Epoch 18:   9%|▉         | 13/144 [00:00<00:04, 29.35it/s, v_num=80885, train_loss_step=0.00474, val_loss=0.00614, val_acc=0.998, train_loss_epoch=0.0111]Epoch 18:  10%|▉         | 14/144 [00:00<00:04, 29.66it/s, v_num=80885, train_loss_step=0.00474, val_loss=0.00614, val_acc=0.998, train_loss_epoch=0.0111]Epoch 18:  10%|▉         | 14/144 [00:00<00:04, 29.65it/s, v_num=80885, train_loss_step=0.00117, val_loss=0.00614, val_acc=0.998, train_loss_epoch=0.0111]Epoch 18:  10%|█         | 15/144 [00:00<00:04, 29.89it/s, v_num=80885, train_loss_step=0.00117, val_loss=0.00614, val_acc=0.998, train_loss_epoch=0.0111]Epoch 18:  10%|█         | 15/144 [00:00<00:04, 29.88it/s, v_num=80885, train_loss_step=0.000921, val_loss=0.00614, val_acc=0.998, train_loss_epoch=0.0111]Epoch 18:  11%|█         | 16/144 [00:00<00:04, 30.33it/s, v_num=80885, train_loss_step=0.000921, val_loss=0.00614, val_acc=0.998, train_loss_epoch=0.0111]Epoch 18:  11%|█         | 16/144 [00:00<00:04, 30.32it/s, v_num=80885, train_loss_step=0.00966, val_loss=0.00614, val_acc=0.998, train_loss_epoch=0.0111] Epoch 18:  12%|█▏        | 17/144 [00:00<00:04, 30.13it/s, v_num=80885, train_loss_step=0.00966, val_loss=0.00614, val_acc=0.998, train_loss_epoch=0.0111]Epoch 18:  12%|█▏        | 17/144 [00:00<00:04, 30.12it/s, v_num=80885, train_loss_step=0.00902, val_loss=0.00614, val_acc=0.998, train_loss_epoch=0.0111]Epoch 18:  12%|█▎        | 18/144 [00:00<00:04, 30.02it/s, v_num=80885, train_loss_step=0.00902, val_loss=0.00614, val_acc=0.998, train_loss_epoch=0.0111]Epoch 18:  12%|█▎        | 18/144 [00:00<00:04, 30.01it/s, v_num=80885, train_loss_step=0.0214, val_loss=0.00614, val_acc=0.998, train_loss_epoch=0.0111] Epoch 18:  13%|█▎        | 19/144 [00:00<00:04, 30.39it/s, v_num=80885, train_loss_step=0.0214, val_loss=0.00614, val_acc=0.998, train_loss_epoch=0.0111]Epoch 18:  13%|█▎        | 19/144 [00:00<00:04, 30.38it/s, v_num=80885, train_loss_step=0.00222, val_loss=0.00614, val_acc=0.998, train_loss_epoch=0.0111]Epoch 18:  14%|█▍        | 20/144 [00:00<00:04, 30.68it/s, v_num=80885, train_loss_step=0.00222, val_loss=0.00614, val_acc=0.998, train_loss_epoch=0.0111]Epoch 18:  14%|█▍        | 20/144 [00:00<00:04, 30.67it/s, v_num=80885, train_loss_step=0.000941, val_loss=0.00614, val_acc=0.998, train_loss_epoch=0.0111]Epoch 18:  15%|█▍        | 21/144 [00:00<00:03, 30.95it/s, v_num=80885, train_loss_step=0.000941, val_loss=0.00614, val_acc=0.998, train_loss_epoch=0.0111]Epoch 18:  15%|█▍        | 21/144 [00:00<00:03, 30.94it/s, v_num=80885, train_loss_step=0.00374, val_loss=0.00614, val_acc=0.998, train_loss_epoch=0.0111] Epoch 18:  15%|█▌        | 22/144 [00:00<00:03, 31.01it/s, v_num=80885, train_loss_step=0.00374, val_loss=0.00614, val_acc=0.998, train_loss_epoch=0.0111]Epoch 18:  15%|█▌        | 22/144 [00:00<00:03, 31.00it/s, v_num=80885, train_loss_step=0.00397, val_loss=0.00614, val_acc=0.998, train_loss_epoch=0.0111]Epoch 18:  16%|█▌        | 23/144 [00:00<00:03, 31.22it/s, v_num=80885, train_loss_step=0.00397, val_loss=0.00614, val_acc=0.998, train_loss_epoch=0.0111]Epoch 18:  16%|█▌        | 23/144 [00:00<00:03, 31.21it/s, v_num=80885, train_loss_step=0.0248, val_loss=0.00614, val_acc=0.998, train_loss_epoch=0.0111] Epoch 18:  17%|█▋        | 24/144 [00:00<00:03, 31.45it/s, v_num=80885, train_loss_step=0.0248, val_loss=0.00614, val_acc=0.998, train_loss_epoch=0.0111]Epoch 18:  17%|█▋        | 24/144 [00:00<00:03, 31.44it/s, v_num=80885, train_loss_step=0.00671, val_loss=0.00614, val_acc=0.998, train_loss_epoch=0.0111]Epoch 18:  17%|█▋        | 25/144 [00:00<00:03, 31.61it/s, v_num=80885, train_loss_step=0.00671, val_loss=0.00614, val_acc=0.998, train_loss_epoch=0.0111]Epoch 18:  17%|█▋        | 25/144 [00:00<00:03, 31.60it/s, v_num=80885, train_loss_step=0.0172, val_loss=0.00614, val_acc=0.998, train_loss_epoch=0.0111] Epoch 18:  18%|█▊        | 26/144 [00:00<00:03, 31.68it/s, v_num=80885, train_loss_step=0.0172, val_loss=0.00614, val_acc=0.998, train_loss_epoch=0.0111]Epoch 18:  18%|█▊        | 26/144 [00:00<00:03, 31.68it/s, v_num=80885, train_loss_step=0.002, val_loss=0.00614, val_acc=0.998, train_loss_epoch=0.0111] Epoch 18:  19%|█▉        | 27/144 [00:00<00:03, 31.78it/s, v_num=80885, train_loss_step=0.002, val_loss=0.00614, val_acc=0.998, train_loss_epoch=0.0111]Epoch 18:  19%|█▉        | 27/144 [00:00<00:03, 31.77it/s, v_num=80885, train_loss_step=0.0111, val_loss=0.00614, val_acc=0.998, train_loss_epoch=0.0111]Epoch 18:  19%|█▉        | 28/144 [00:00<00:03, 31.95it/s, v_num=80885, train_loss_step=0.0111, val_loss=0.00614, val_acc=0.998, train_loss_epoch=0.0111]Epoch 18:  19%|█▉        | 28/144 [00:00<00:03, 31.94it/s, v_num=80885, train_loss_step=0.0103, val_loss=0.00614, val_acc=0.998, train_loss_epoch=0.0111]Epoch 18:  20%|██        | 29/144 [00:00<00:03, 32.07it/s, v_num=80885, train_loss_step=0.0103, val_loss=0.00614, val_acc=0.998, train_loss_epoch=0.0111]Epoch 18:  20%|██        | 29/144 [00:00<00:03, 32.06it/s, v_num=80885, train_loss_step=0.00274, val_loss=0.00614, val_acc=0.998, train_loss_epoch=0.0111]Epoch 18:  21%|██        | 30/144 [00:00<00:03, 31.90it/s, v_num=80885, train_loss_step=0.00274, val_loss=0.00614, val_acc=0.998, train_loss_epoch=0.0111]Epoch 18:  21%|██        | 30/144 [00:00<00:03, 31.89it/s, v_num=80885, train_loss_step=0.00394, val_loss=0.00614, val_acc=0.998, train_loss_epoch=0.0111]Epoch 18:  22%|██▏       | 31/144 [00:00<00:03, 32.04it/s, v_num=80885, train_loss_step=0.00394, val_loss=0.00614, val_acc=0.998, train_loss_epoch=0.0111]Epoch 18:  22%|██▏       | 31/144 [00:00<00:03, 32.04it/s, v_num=80885, train_loss_step=0.00295, val_loss=0.00614, val_acc=0.998, train_loss_epoch=0.0111]Epoch 18:  22%|██▏       | 32/144 [00:00<00:03, 32.17it/s, v_num=80885, train_loss_step=0.00295, val_loss=0.00614, val_acc=0.998, train_loss_epoch=0.0111]Epoch 18:  22%|██▏       | 32/144 [00:00<00:03, 32.16it/s, v_num=80885, train_loss_step=0.00984, val_loss=0.00614, val_acc=0.998, train_loss_epoch=0.0111]Epoch 18:  23%|██▎       | 33/144 [00:01<00:03, 32.27it/s, v_num=80885, train_loss_step=0.00984, val_loss=0.00614, val_acc=0.998, train_loss_epoch=0.0111]Epoch 18:  23%|██▎       | 33/144 [00:01<00:03, 32.26it/s, v_num=80885, train_loss_step=0.00247, val_loss=0.00614, val_acc=0.998, train_loss_epoch=0.0111]Epoch 18:  24%|██▎       | 34/144 [00:01<00:03, 32.22it/s, v_num=80885, train_loss_step=0.00247, val_loss=0.00614, val_acc=0.998, train_loss_epoch=0.0111]Epoch 18:  24%|██▎       | 34/144 [00:01<00:03, 32.21it/s, v_num=80885, train_loss_step=0.0273, val_loss=0.00614, val_acc=0.998, train_loss_epoch=0.0111] Epoch 18:  24%|██▍       | 35/144 [00:01<00:03, 32.30it/s, v_num=80885, train_loss_step=0.0273, val_loss=0.00614, val_acc=0.998, train_loss_epoch=0.0111]Epoch 18:  24%|██▍       | 35/144 [00:01<00:03, 32.29it/s, v_num=80885, train_loss_step=0.00361, val_loss=0.00614, val_acc=0.998, train_loss_epoch=0.0111]Epoch 18:  25%|██▌       | 36/144 [00:01<00:03, 32.42it/s, v_num=80885, train_loss_step=0.00361, val_loss=0.00614, val_acc=0.998, train_loss_epoch=0.0111]Epoch 18:  25%|██▌       | 36/144 [00:01<00:03, 32.42it/s, v_num=80885, train_loss_step=0.000956, val_loss=0.00614, val_acc=0.998, train_loss_epoch=0.0111]Epoch 18:  26%|██▌       | 37/144 [00:01<00:03, 32.54it/s, v_num=80885, train_loss_step=0.000956, val_loss=0.00614, val_acc=0.998, train_loss_epoch=0.0111]Epoch 18:  26%|██▌       | 37/144 [00:01<00:03, 32.53it/s, v_num=80885, train_loss_step=0.0016, val_loss=0.00614, val_acc=0.998, train_loss_epoch=0.0111]  Epoch 18:  26%|██▋       | 38/144 [00:01<00:03, 32.58it/s, v_num=80885, train_loss_step=0.0016, val_loss=0.00614, val_acc=0.998, train_loss_epoch=0.0111]Epoch 18:  26%|██▋       | 38/144 [00:01<00:03, 32.58it/s, v_num=80885, train_loss_step=0.00334, val_loss=0.00614, val_acc=0.998, train_loss_epoch=0.0111]Epoch 18:  27%|██▋       | 39/144 [00:01<00:03, 32.66it/s, v_num=80885, train_loss_step=0.00334, val_loss=0.00614, val_acc=0.998, train_loss_epoch=0.0111]Epoch 18:  27%|██▋       | 39/144 [00:01<00:03, 32.66it/s, v_num=80885, train_loss_step=0.0082, val_loss=0.00614, val_acc=0.998, train_loss_epoch=0.0111] Epoch 18:  28%|██▊       | 40/144 [00:01<00:03, 32.69it/s, v_num=80885, train_loss_step=0.0082, val_loss=0.00614, val_acc=0.998, train_loss_epoch=0.0111]Epoch 18:  28%|██▊       | 40/144 [00:01<00:03, 32.69it/s, v_num=80885, train_loss_step=0.00668, val_loss=0.00614, val_acc=0.998, train_loss_epoch=0.0111]Epoch 18:  28%|██▊       | 41/144 [00:01<00:03, 32.78it/s, v_num=80885, train_loss_step=0.00668, val_loss=0.00614, val_acc=0.998, train_loss_epoch=0.0111]Epoch 18:  28%|██▊       | 41/144 [00:01<00:03, 32.77it/s, v_num=80885, train_loss_step=0.00971, val_loss=0.00614, val_acc=0.998, train_loss_epoch=0.0111]Epoch 18:  29%|██▉       | 42/144 [00:01<00:03, 32.76it/s, v_num=80885, train_loss_step=0.00971, val_loss=0.00614, val_acc=0.998, train_loss_epoch=0.0111]Epoch 18:  29%|██▉       | 42/144 [00:01<00:03, 32.75it/s, v_num=80885, train_loss_step=0.000568, val_loss=0.00614, val_acc=0.998, train_loss_epoch=0.0111]Epoch 18:  30%|██▉       | 43/144 [00:01<00:03, 32.85it/s, v_num=80885, train_loss_step=0.000568, val_loss=0.00614, val_acc=0.998, train_loss_epoch=0.0111]Epoch 18:  30%|██▉       | 43/144 [00:01<00:03, 32.85it/s, v_num=80885, train_loss_step=0.0146, val_loss=0.00614, val_acc=0.998, train_loss_epoch=0.0111]  Epoch 18:  31%|███       | 44/144 [00:01<00:03, 32.88it/s, v_num=80885, train_loss_step=0.0146, val_loss=0.00614, val_acc=0.998, train_loss_epoch=0.0111]Epoch 18:  31%|███       | 44/144 [00:01<00:03, 32.88it/s, v_num=80885, train_loss_step=0.00811, val_loss=0.00614, val_acc=0.998, train_loss_epoch=0.0111]Epoch 18:  31%|███▏      | 45/144 [00:01<00:03, 32.95it/s, v_num=80885, train_loss_step=0.00811, val_loss=0.00614, val_acc=0.998, train_loss_epoch=0.0111]Epoch 18:  31%|███▏      | 45/144 [00:01<00:03, 32.94it/s, v_num=80885, train_loss_step=0.00257, val_loss=0.00614, val_acc=0.998, train_loss_epoch=0.0111]Epoch 18:  32%|███▏      | 46/144 [00:01<00:02, 32.94it/s, v_num=80885, train_loss_step=0.00257, val_loss=0.00614, val_acc=0.998, train_loss_epoch=0.0111]Epoch 18:  32%|███▏      | 46/144 [00:01<00:02, 32.93it/s, v_num=80885, train_loss_step=0.0127, val_loss=0.00614, val_acc=0.998, train_loss_epoch=0.0111] Epoch 18:  33%|███▎      | 47/144 [00:01<00:02, 33.01it/s, v_num=80885, train_loss_step=0.0127, val_loss=0.00614, val_acc=0.998, train_loss_epoch=0.0111]Epoch 18:  33%|███▎      | 47/144 [00:01<00:02, 33.01it/s, v_num=80885, train_loss_step=0.00749, val_loss=0.00614, val_acc=0.998, train_loss_epoch=0.0111]Epoch 18:  33%|███▎      | 48/144 [00:01<00:02, 33.06it/s, v_num=80885, train_loss_step=0.00749, val_loss=0.00614, val_acc=0.998, train_loss_epoch=0.0111]Epoch 18:  33%|███▎      | 48/144 [00:01<00:02, 33.05it/s, v_num=80885, train_loss_step=0.0172, val_loss=0.00614, val_acc=0.998, train_loss_epoch=0.0111] Epoch 18:  34%|███▍      | 49/144 [00:01<00:02, 33.10it/s, v_num=80885, train_loss_step=0.0172, val_loss=0.00614, val_acc=0.998, train_loss_epoch=0.0111]Epoch 18:  34%|███▍      | 49/144 [00:01<00:02, 33.09it/s, v_num=80885, train_loss_step=0.0031, val_loss=0.00614, val_acc=0.998, train_loss_epoch=0.0111]Epoch 18:  35%|███▍      | 50/144 [00:01<00:02, 33.09it/s, v_num=80885, train_loss_step=0.0031, val_loss=0.00614, val_acc=0.998, train_loss_epoch=0.0111]Epoch 18:  35%|███▍      | 50/144 [00:01<00:02, 33.09it/s, v_num=80885, train_loss_step=0.00873, val_loss=0.00614, val_acc=0.998, train_loss_epoch=0.0111]Epoch 18:  35%|███▌      | 51/144 [00:01<00:02, 33.14it/s, v_num=80885, train_loss_step=0.00873, val_loss=0.00614, val_acc=0.998, train_loss_epoch=0.0111]Epoch 18:  35%|███▌      | 51/144 [00:01<00:02, 33.14it/s, v_num=80885, train_loss_step=0.010, val_loss=0.00614, val_acc=0.998, train_loss_epoch=0.0111]  Epoch 18:  36%|███▌      | 52/144 [00:01<00:02, 33.10it/s, v_num=80885, train_loss_step=0.010, val_loss=0.00614, val_acc=0.998, train_loss_epoch=0.0111]Epoch 18:  36%|███▌      | 52/144 [00:01<00:02, 33.10it/s, v_num=80885, train_loss_step=0.0164, val_loss=0.00614, val_acc=0.998, train_loss_epoch=0.0111]Epoch 18:  37%|███▋      | 53/144 [00:01<00:02, 33.07it/s, v_num=80885, train_loss_step=0.0164, val_loss=0.00614, val_acc=0.998, train_loss_epoch=0.0111]Epoch 18:  37%|███▋      | 53/144 [00:01<00:02, 33.07it/s, v_num=80885, train_loss_step=0.0113, val_loss=0.00614, val_acc=0.998, train_loss_epoch=0.0111]Epoch 18:  38%|███▊      | 54/144 [00:01<00:02, 33.09it/s, v_num=80885, train_loss_step=0.0113, val_loss=0.00614, val_acc=0.998, train_loss_epoch=0.0111]Epoch 18:  38%|███▊      | 54/144 [00:01<00:02, 33.08it/s, v_num=80885, train_loss_step=0.0243, val_loss=0.00614, val_acc=0.998, train_loss_epoch=0.0111]Epoch 18:  38%|███▊      | 55/144 [00:01<00:02, 33.15it/s, v_num=80885, train_loss_step=0.0243, val_loss=0.00614, val_acc=0.998, train_loss_epoch=0.0111]Epoch 18:  38%|███▊      | 55/144 [00:01<00:02, 33.14it/s, v_num=80885, train_loss_step=0.00737, val_loss=0.00614, val_acc=0.998, train_loss_epoch=0.0111]Epoch 18:  39%|███▉      | 56/144 [00:01<00:02, 33.20it/s, v_num=80885, train_loss_step=0.00737, val_loss=0.00614, val_acc=0.998, train_loss_epoch=0.0111]Epoch 18:  39%|███▉      | 56/144 [00:01<00:02, 33.20it/s, v_num=80885, train_loss_step=0.0356, val_loss=0.00614, val_acc=0.998, train_loss_epoch=0.0111] Epoch 18:  40%|███▉      | 57/144 [00:01<00:02, 33.27it/s, v_num=80885, train_loss_step=0.0356, val_loss=0.00614, val_acc=0.998, train_loss_epoch=0.0111]Epoch 18:  40%|███▉      | 57/144 [00:01<00:02, 33.27it/s, v_num=80885, train_loss_step=0.0107, val_loss=0.00614, val_acc=0.998, train_loss_epoch=0.0111]Epoch 18:  40%|████      | 58/144 [00:01<00:02, 33.28it/s, v_num=80885, train_loss_step=0.0107, val_loss=0.00614, val_acc=0.998, train_loss_epoch=0.0111]Epoch 18:  40%|████      | 58/144 [00:01<00:02, 33.28it/s, v_num=80885, train_loss_step=0.0426, val_loss=0.00614, val_acc=0.998, train_loss_epoch=0.0111]Epoch 18:  41%|████      | 59/144 [00:01<00:02, 33.35it/s, v_num=80885, train_loss_step=0.0426, val_loss=0.00614, val_acc=0.998, train_loss_epoch=0.0111]Epoch 18:  41%|████      | 59/144 [00:01<00:02, 33.34it/s, v_num=80885, train_loss_step=0.0123, val_loss=0.00614, val_acc=0.998, train_loss_epoch=0.0111]Epoch 18:  42%|████▏     | 60/144 [00:01<00:02, 33.42it/s, v_num=80885, train_loss_step=0.0123, val_loss=0.00614, val_acc=0.998, train_loss_epoch=0.0111]Epoch 18:  42%|████▏     | 60/144 [00:01<00:02, 33.42it/s, v_num=80885, train_loss_step=0.00583, val_loss=0.00614, val_acc=0.998, train_loss_epoch=0.0111]Epoch 18:  42%|████▏     | 61/144 [00:01<00:02, 33.48it/s, v_num=80885, train_loss_step=0.00583, val_loss=0.00614, val_acc=0.998, train_loss_epoch=0.0111]Epoch 18:  42%|████▏     | 61/144 [00:01<00:02, 33.48it/s, v_num=80885, train_loss_step=0.0137, val_loss=0.00614, val_acc=0.998, train_loss_epoch=0.0111] Epoch 18:  43%|████▎     | 62/144 [00:01<00:02, 33.45it/s, v_num=80885, train_loss_step=0.0137, val_loss=0.00614, val_acc=0.998, train_loss_epoch=0.0111]Epoch 18:  43%|████▎     | 62/144 [00:01<00:02, 33.45it/s, v_num=80885, train_loss_step=0.0021, val_loss=0.00614, val_acc=0.998, train_loss_epoch=0.0111]Epoch 18:  44%|████▍     | 63/144 [00:01<00:02, 33.50it/s, v_num=80885, train_loss_step=0.0021, val_loss=0.00614, val_acc=0.998, train_loss_epoch=0.0111]Epoch 18:  44%|████▍     | 63/144 [00:01<00:02, 33.49it/s, v_num=80885, train_loss_step=0.00386, val_loss=0.00614, val_acc=0.998, train_loss_epoch=0.0111]Epoch 18:  44%|████▍     | 64/144 [00:01<00:02, 33.54it/s, v_num=80885, train_loss_step=0.00386, val_loss=0.00614, val_acc=0.998, train_loss_epoch=0.0111]Epoch 18:  44%|████▍     | 64/144 [00:01<00:02, 33.54it/s, v_num=80885, train_loss_step=0.0125, val_loss=0.00614, val_acc=0.998, train_loss_epoch=0.0111] Epoch 18:  45%|████▌     | 65/144 [00:01<00:02, 33.57it/s, v_num=80885, train_loss_step=0.0125, val_loss=0.00614, val_acc=0.998, train_loss_epoch=0.0111]Epoch 18:  45%|████▌     | 65/144 [00:01<00:02, 33.57it/s, v_num=80885, train_loss_step=0.0331, val_loss=0.00614, val_acc=0.998, train_loss_epoch=0.0111]Epoch 18:  46%|████▌     | 66/144 [00:01<00:02, 33.57it/s, v_num=80885, train_loss_step=0.0331, val_loss=0.00614, val_acc=0.998, train_loss_epoch=0.0111]Epoch 18:  46%|████▌     | 66/144 [00:01<00:02, 33.57it/s, v_num=80885, train_loss_step=0.0131, val_loss=0.00614, val_acc=0.998, train_loss_epoch=0.0111]Epoch 18:  47%|████▋     | 67/144 [00:01<00:02, 33.61it/s, v_num=80885, train_loss_step=0.0131, val_loss=0.00614, val_acc=0.998, train_loss_epoch=0.0111]Epoch 18:  47%|████▋     | 67/144 [00:01<00:02, 33.61it/s, v_num=80885, train_loss_step=0.00477, val_loss=0.00614, val_acc=0.998, train_loss_epoch=0.0111]Epoch 18:  47%|████▋     | 68/144 [00:02<00:02, 33.69it/s, v_num=80885, train_loss_step=0.00477, val_loss=0.00614, val_acc=0.998, train_loss_epoch=0.0111]Epoch 18:  47%|████▋     | 68/144 [00:02<00:02, 33.68it/s, v_num=80885, train_loss_step=0.00492, val_loss=0.00614, val_acc=0.998, train_loss_epoch=0.0111]Epoch 18:  48%|████▊     | 69/144 [00:02<00:02, 33.75it/s, v_num=80885, train_loss_step=0.00492, val_loss=0.00614, val_acc=0.998, train_loss_epoch=0.0111]Epoch 18:  48%|████▊     | 69/144 [00:02<00:02, 33.75it/s, v_num=80885, train_loss_step=0.00446, val_loss=0.00614, val_acc=0.998, train_loss_epoch=0.0111]Epoch 18:  49%|████▊     | 70/144 [00:02<00:02, 33.75it/s, v_num=80885, train_loss_step=0.00446, val_loss=0.00614, val_acc=0.998, train_loss_epoch=0.0111]Epoch 18:  49%|████▊     | 70/144 [00:02<00:02, 33.75it/s, v_num=80885, train_loss_step=0.0235, val_loss=0.00614, val_acc=0.998, train_loss_epoch=0.0111] Epoch 18:  49%|████▉     | 71/144 [00:02<00:02, 33.79it/s, v_num=80885, train_loss_step=0.0235, val_loss=0.00614, val_acc=0.998, train_loss_epoch=0.0111]Epoch 18:  49%|████▉     | 71/144 [00:02<00:02, 33.79it/s, v_num=80885, train_loss_step=0.0085, val_loss=0.00614, val_acc=0.998, train_loss_epoch=0.0111]Epoch 18:  50%|█████     | 72/144 [00:02<00:02, 33.85it/s, v_num=80885, train_loss_step=0.0085, val_loss=0.00614, val_acc=0.998, train_loss_epoch=0.0111]Epoch 18:  50%|█████     | 72/144 [00:02<00:02, 33.85it/s, v_num=80885, train_loss_step=0.0258, val_loss=0.00614, val_acc=0.998, train_loss_epoch=0.0111]Epoch 18:  51%|█████     | 73/144 [00:02<00:02, 33.92it/s, v_num=80885, train_loss_step=0.0258, val_loss=0.00614, val_acc=0.998, train_loss_epoch=0.0111]Epoch 18:  51%|█████     | 73/144 [00:02<00:02, 33.92it/s, v_num=80885, train_loss_step=0.0101, val_loss=0.00614, val_acc=0.998, train_loss_epoch=0.0111]Epoch 18:  51%|█████▏    | 74/144 [00:02<00:02, 33.90it/s, v_num=80885, train_loss_step=0.0101, val_loss=0.00614, val_acc=0.998, train_loss_epoch=0.0111]Epoch 18:  51%|█████▏    | 74/144 [00:02<00:02, 33.90it/s, v_num=80885, train_loss_step=0.00244, val_loss=0.00614, val_acc=0.998, train_loss_epoch=0.0111]Epoch 18:  52%|█████▏    | 75/144 [00:02<00:02, 33.96it/s, v_num=80885, train_loss_step=0.00244, val_loss=0.00614, val_acc=0.998, train_loss_epoch=0.0111]Epoch 18:  52%|█████▏    | 75/144 [00:02<00:02, 33.96it/s, v_num=80885, train_loss_step=0.00752, val_loss=0.00614, val_acc=0.998, train_loss_epoch=0.0111]Epoch 18:  53%|█████▎    | 76/144 [00:02<00:01, 34.01it/s, v_num=80885, train_loss_step=0.00752, val_loss=0.00614, val_acc=0.998, train_loss_epoch=0.0111]Epoch 18:  53%|█████▎    | 76/144 [00:02<00:01, 34.01it/s, v_num=80885, train_loss_step=0.00188, val_loss=0.00614, val_acc=0.998, train_loss_epoch=0.0111]Epoch 18:  53%|█████▎    | 77/144 [00:02<00:01, 34.07it/s, v_num=80885, train_loss_step=0.00188, val_loss=0.00614, val_acc=0.998, train_loss_epoch=0.0111]Epoch 18:  53%|█████▎    | 77/144 [00:02<00:01, 34.07it/s, v_num=80885, train_loss_step=0.00817, val_loss=0.00614, val_acc=0.998, train_loss_epoch=0.0111]Epoch 18:  54%|█████▍    | 78/144 [00:02<00:01, 34.03it/s, v_num=80885, train_loss_step=0.00817, val_loss=0.00614, val_acc=0.998, train_loss_epoch=0.0111]Epoch 18:  54%|█████▍    | 78/144 [00:02<00:01, 34.03it/s, v_num=80885, train_loss_step=0.0103, val_loss=0.00614, val_acc=0.998, train_loss_epoch=0.0111] Epoch 18:  55%|█████▍    | 79/144 [00:02<00:01, 34.08it/s, v_num=80885, train_loss_step=0.0103, val_loss=0.00614, val_acc=0.998, train_loss_epoch=0.0111]Epoch 18:  55%|█████▍    | 79/144 [00:02<00:01, 34.08it/s, v_num=80885, train_loss_step=0.00197, val_loss=0.00614, val_acc=0.998, train_loss_epoch=0.0111]Epoch 18:  56%|█████▌    | 80/144 [00:02<00:01, 34.14it/s, v_num=80885, train_loss_step=0.00197, val_loss=0.00614, val_acc=0.998, train_loss_epoch=0.0111]Epoch 18:  56%|█████▌    | 80/144 [00:02<00:01, 34.13it/s, v_num=80885, train_loss_step=0.019, val_loss=0.00614, val_acc=0.998, train_loss_epoch=0.0111]  Epoch 18:  56%|█████▋    | 81/144 [00:02<00:01, 34.20it/s, v_num=80885, train_loss_step=0.019, val_loss=0.00614, val_acc=0.998, train_loss_epoch=0.0111]Epoch 18:  56%|█████▋    | 81/144 [00:02<00:01, 34.20it/s, v_num=80885, train_loss_step=0.0154, val_loss=0.00614, val_acc=0.998, train_loss_epoch=0.0111]Epoch 18:  57%|█████▋    | 82/144 [00:02<00:01, 34.18it/s, v_num=80885, train_loss_step=0.0154, val_loss=0.00614, val_acc=0.998, train_loss_epoch=0.0111]Epoch 18:  57%|█████▋    | 82/144 [00:02<00:01, 34.18it/s, v_num=80885, train_loss_step=0.0236, val_loss=0.00614, val_acc=0.998, train_loss_epoch=0.0111]Epoch 18:  58%|█████▊    | 83/144 [00:02<00:01, 34.23it/s, v_num=80885, train_loss_step=0.0236, val_loss=0.00614, val_acc=0.998, train_loss_epoch=0.0111]Epoch 18:  58%|█████▊    | 83/144 [00:02<00:01, 34.23it/s, v_num=80885, train_loss_step=0.0086, val_loss=0.00614, val_acc=0.998, train_loss_epoch=0.0111]Epoch 18:  58%|█████▊    | 84/144 [00:02<00:01, 34.27it/s, v_num=80885, train_loss_step=0.0086, val_loss=0.00614, val_acc=0.998, train_loss_epoch=0.0111]Epoch 18:  58%|█████▊    | 84/144 [00:02<00:01, 34.27it/s, v_num=80885, train_loss_step=0.00895, val_loss=0.00614, val_acc=0.998, train_loss_epoch=0.0111]Epoch 18:  59%|█████▉    | 85/144 [00:02<00:01, 34.30it/s, v_num=80885, train_loss_step=0.00895, val_loss=0.00614, val_acc=0.998, train_loss_epoch=0.0111]Epoch 18:  59%|█████▉    | 85/144 [00:02<00:01, 34.30it/s, v_num=80885, train_loss_step=0.0101, val_loss=0.00614, val_acc=0.998, train_loss_epoch=0.0111] Epoch 18:  60%|█████▉    | 86/144 [00:02<00:01, 34.28it/s, v_num=80885, train_loss_step=0.0101, val_loss=0.00614, val_acc=0.998, train_loss_epoch=0.0111]Epoch 18:  60%|█████▉    | 86/144 [00:02<00:01, 34.28it/s, v_num=80885, train_loss_step=0.0359, val_loss=0.00614, val_acc=0.998, train_loss_epoch=0.0111]Epoch 18:  60%|██████    | 87/144 [00:02<00:01, 34.34it/s, v_num=80885, train_loss_step=0.0359, val_loss=0.00614, val_acc=0.998, train_loss_epoch=0.0111]Epoch 18:  60%|██████    | 87/144 [00:02<00:01, 34.33it/s, v_num=80885, train_loss_step=0.00327, val_loss=0.00614, val_acc=0.998, train_loss_epoch=0.0111]Epoch 18:  61%|██████    | 88/144 [00:02<00:01, 34.37it/s, v_num=80885, train_loss_step=0.00327, val_loss=0.00614, val_acc=0.998, train_loss_epoch=0.0111]Epoch 18:  61%|██████    | 88/144 [00:02<00:01, 34.37it/s, v_num=80885, train_loss_step=0.0042, val_loss=0.00614, val_acc=0.998, train_loss_epoch=0.0111] Epoch 18:  62%|██████▏   | 89/144 [00:02<00:01, 34.42it/s, v_num=80885, train_loss_step=0.0042, val_loss=0.00614, val_acc=0.998, train_loss_epoch=0.0111]Epoch 18:  62%|██████▏   | 89/144 [00:02<00:01, 34.41it/s, v_num=80885, train_loss_step=0.00214, val_loss=0.00614, val_acc=0.998, train_loss_epoch=0.0111]Epoch 18:  62%|██████▎   | 90/144 [00:02<00:01, 34.41it/s, v_num=80885, train_loss_step=0.00214, val_loss=0.00614, val_acc=0.998, train_loss_epoch=0.0111]Epoch 18:  62%|██████▎   | 90/144 [00:02<00:01, 34.41it/s, v_num=80885, train_loss_step=0.00322, val_loss=0.00614, val_acc=0.998, train_loss_epoch=0.0111]Epoch 18:  63%|██████▎   | 91/144 [00:02<00:01, 34.45it/s, v_num=80885, train_loss_step=0.00322, val_loss=0.00614, val_acc=0.998, train_loss_epoch=0.0111]Epoch 18:  63%|██████▎   | 91/144 [00:02<00:01, 34.44it/s, v_num=80885, train_loss_step=0.0263, val_loss=0.00614, val_acc=0.998, train_loss_epoch=0.0111] Epoch 18:  64%|██████▍   | 92/144 [00:02<00:01, 34.50it/s, v_num=80885, train_loss_step=0.0263, val_loss=0.00614, val_acc=0.998, train_loss_epoch=0.0111]Epoch 18:  64%|██████▍   | 92/144 [00:02<00:01, 34.50it/s, v_num=80885, train_loss_step=0.00255, val_loss=0.00614, val_acc=0.998, train_loss_epoch=0.0111]Epoch 18:  65%|██████▍   | 93/144 [00:02<00:01, 34.52it/s, v_num=80885, train_loss_step=0.00255, val_loss=0.00614, val_acc=0.998, train_loss_epoch=0.0111]Epoch 18:  65%|██████▍   | 93/144 [00:02<00:01, 34.52it/s, v_num=80885, train_loss_step=0.0126, val_loss=0.00614, val_acc=0.998, train_loss_epoch=0.0111] Epoch 18:  65%|██████▌   | 94/144 [00:02<00:01, 34.51it/s, v_num=80885, train_loss_step=0.0126, val_loss=0.00614, val_acc=0.998, train_loss_epoch=0.0111]Epoch 18:  65%|██████▌   | 94/144 [00:02<00:01, 34.51it/s, v_num=80885, train_loss_step=0.00576, val_loss=0.00614, val_acc=0.998, train_loss_epoch=0.0111]Epoch 18:  66%|██████▌   | 95/144 [00:02<00:01, 34.49it/s, v_num=80885, train_loss_step=0.00576, val_loss=0.00614, val_acc=0.998, train_loss_epoch=0.0111]Epoch 18:  66%|██████▌   | 95/144 [00:02<00:01, 34.49it/s, v_num=80885, train_loss_step=0.00395, val_loss=0.00614, val_acc=0.998, train_loss_epoch=0.0111]Epoch 18:  67%|██████▋   | 96/144 [00:02<00:01, 34.48it/s, v_num=80885, train_loss_step=0.00395, val_loss=0.00614, val_acc=0.998, train_loss_epoch=0.0111]Epoch 18:  67%|██████▋   | 96/144 [00:02<00:01, 34.48it/s, v_num=80885, train_loss_step=0.0164, val_loss=0.00614, val_acc=0.998, train_loss_epoch=0.0111] Epoch 18:  67%|██████▋   | 97/144 [00:02<00:01, 34.48it/s, v_num=80885, train_loss_step=0.0164, val_loss=0.00614, val_acc=0.998, train_loss_epoch=0.0111]Epoch 18:  67%|██████▋   | 97/144 [00:02<00:01, 34.48it/s, v_num=80885, train_loss_step=0.00649, val_loss=0.00614, val_acc=0.998, train_loss_epoch=0.0111]Epoch 18:  68%|██████▊   | 98/144 [00:02<00:01, 34.47it/s, v_num=80885, train_loss_step=0.00649, val_loss=0.00614, val_acc=0.998, train_loss_epoch=0.0111]Epoch 18:  68%|██████▊   | 98/144 [00:02<00:01, 34.46it/s, v_num=80885, train_loss_step=0.00892, val_loss=0.00614, val_acc=0.998, train_loss_epoch=0.0111]Epoch 18:  69%|██████▉   | 99/144 [00:02<00:01, 34.51it/s, v_num=80885, train_loss_step=0.00892, val_loss=0.00614, val_acc=0.998, train_loss_epoch=0.0111]Epoch 18:  69%|██████▉   | 99/144 [00:02<00:01, 34.51it/s, v_num=80885, train_loss_step=0.0134, val_loss=0.00614, val_acc=0.998, train_loss_epoch=0.0111] Epoch 18:  69%|██████▉   | 100/144 [00:02<00:01, 34.56it/s, v_num=80885, train_loss_step=0.0134, val_loss=0.00614, val_acc=0.998, train_loss_epoch=0.0111]Epoch 18:  69%|██████▉   | 100/144 [00:02<00:01, 34.56it/s, v_num=80885, train_loss_step=0.00985, val_loss=0.00614, val_acc=0.998, train_loss_epoch=0.0111]Epoch 18:  70%|███████   | 101/144 [00:02<00:01, 34.60it/s, v_num=80885, train_loss_step=0.00985, val_loss=0.00614, val_acc=0.998, train_loss_epoch=0.0111]Epoch 18:  70%|███████   | 101/144 [00:02<00:01, 34.60it/s, v_num=80885, train_loss_step=0.00427, val_loss=0.00614, val_acc=0.998, train_loss_epoch=0.0111]Epoch 18:  71%|███████   | 102/144 [00:02<00:01, 34.57it/s, v_num=80885, train_loss_step=0.00427, val_loss=0.00614, val_acc=0.998, train_loss_epoch=0.0111]Epoch 18:  71%|███████   | 102/144 [00:02<00:01, 34.57it/s, v_num=80885, train_loss_step=0.0149, val_loss=0.00614, val_acc=0.998, train_loss_epoch=0.0111] Epoch 18:  72%|███████▏  | 103/144 [00:02<00:01, 34.62it/s, v_num=80885, train_loss_step=0.0149, val_loss=0.00614, val_acc=0.998, train_loss_epoch=0.0111]Epoch 18:  72%|███████▏  | 103/144 [00:02<00:01, 34.62it/s, v_num=80885, train_loss_step=0.00454, val_loss=0.00614, val_acc=0.998, train_loss_epoch=0.0111]Epoch 18:  72%|███████▏  | 104/144 [00:03<00:01, 34.65it/s, v_num=80885, train_loss_step=0.00454, val_loss=0.00614, val_acc=0.998, train_loss_epoch=0.0111]Epoch 18:  72%|███████▏  | 104/144 [00:03<00:01, 34.65it/s, v_num=80885, train_loss_step=0.0049, val_loss=0.00614, val_acc=0.998, train_loss_epoch=0.0111] Epoch 18:  73%|███████▎  | 105/144 [00:03<00:01, 34.68it/s, v_num=80885, train_loss_step=0.0049, val_loss=0.00614, val_acc=0.998, train_loss_epoch=0.0111]Epoch 18:  73%|███████▎  | 105/144 [00:03<00:01, 34.68it/s, v_num=80885, train_loss_step=0.00186, val_loss=0.00614, val_acc=0.998, train_loss_epoch=0.0111]Epoch 18:  74%|███████▎  | 106/144 [00:03<00:01, 34.67it/s, v_num=80885, train_loss_step=0.00186, val_loss=0.00614, val_acc=0.998, train_loss_epoch=0.0111]Epoch 18:  74%|███████▎  | 106/144 [00:03<00:01, 34.67it/s, v_num=80885, train_loss_step=0.0137, val_loss=0.00614, val_acc=0.998, train_loss_epoch=0.0111] Epoch 18:  74%|███████▍  | 107/144 [00:03<00:01, 34.71it/s, v_num=80885, train_loss_step=0.0137, val_loss=0.00614, val_acc=0.998, train_loss_epoch=0.0111]Epoch 18:  74%|███████▍  | 107/144 [00:03<00:01, 34.70it/s, v_num=80885, train_loss_step=0.012, val_loss=0.00614, val_acc=0.998, train_loss_epoch=0.0111] Epoch 18:  75%|███████▌  | 108/144 [00:03<00:01, 34.74it/s, v_num=80885, train_loss_step=0.012, val_loss=0.00614, val_acc=0.998, train_loss_epoch=0.0111]Epoch 18:  75%|███████▌  | 108/144 [00:03<00:01, 34.74it/s, v_num=80885, train_loss_step=0.00633, val_loss=0.00614, val_acc=0.998, train_loss_epoch=0.0111]Epoch 18:  76%|███████▌  | 109/144 [00:03<00:01, 34.75it/s, v_num=80885, train_loss_step=0.00633, val_loss=0.00614, val_acc=0.998, train_loss_epoch=0.0111]Epoch 18:  76%|███████▌  | 109/144 [00:03<00:01, 34.75it/s, v_num=80885, train_loss_step=0.00515, val_loss=0.00614, val_acc=0.998, train_loss_epoch=0.0111]Epoch 18:  76%|███████▋  | 110/144 [00:03<00:00, 34.74it/s, v_num=80885, train_loss_step=0.00515, val_loss=0.00614, val_acc=0.998, train_loss_epoch=0.0111]Epoch 18:  76%|███████▋  | 110/144 [00:03<00:00, 34.74it/s, v_num=80885, train_loss_step=0.00233, val_loss=0.00614, val_acc=0.998, train_loss_epoch=0.0111]Epoch 18:  77%|███████▋  | 111/144 [00:03<00:00, 34.79it/s, v_num=80885, train_loss_step=0.00233, val_loss=0.00614, val_acc=0.998, train_loss_epoch=0.0111]Epoch 18:  77%|███████▋  | 111/144 [00:03<00:00, 34.78it/s, v_num=80885, train_loss_step=0.0074, val_loss=0.00614, val_acc=0.998, train_loss_epoch=0.0111] Epoch 18:  78%|███████▊  | 112/144 [00:03<00:00, 34.81it/s, v_num=80885, train_loss_step=0.0074, val_loss=0.00614, val_acc=0.998, train_loss_epoch=0.0111]Epoch 18:  78%|███████▊  | 112/144 [00:03<00:00, 34.81it/s, v_num=80885, train_loss_step=0.00401, val_loss=0.00614, val_acc=0.998, train_loss_epoch=0.0111]Epoch 18:  78%|███████▊  | 113/144 [00:03<00:00, 34.85it/s, v_num=80885, train_loss_step=0.00401, val_loss=0.00614, val_acc=0.998, train_loss_epoch=0.0111]Epoch 18:  78%|███████▊  | 113/144 [00:03<00:00, 34.85it/s, v_num=80885, train_loss_step=0.00606, val_loss=0.00614, val_acc=0.998, train_loss_epoch=0.0111]Epoch 18:  79%|███████▉  | 114/144 [00:03<00:00, 34.81it/s, v_num=80885, train_loss_step=0.00606, val_loss=0.00614, val_acc=0.998, train_loss_epoch=0.0111]Epoch 18:  79%|███████▉  | 114/144 [00:03<00:00, 34.81it/s, v_num=80885, train_loss_step=0.00433, val_loss=0.00614, val_acc=0.998, train_loss_epoch=0.0111]Epoch 18:  80%|███████▉  | 115/144 [00:03<00:00, 34.83it/s, v_num=80885, train_loss_step=0.00433, val_loss=0.00614, val_acc=0.998, train_loss_epoch=0.0111]Epoch 18:  80%|███████▉  | 115/144 [00:03<00:00, 34.83it/s, v_num=80885, train_loss_step=0.00171, val_loss=0.00614, val_acc=0.998, train_loss_epoch=0.0111]Epoch 18:  81%|████████  | 116/144 [00:03<00:00, 34.87it/s, v_num=80885, train_loss_step=0.00171, val_loss=0.00614, val_acc=0.998, train_loss_epoch=0.0111]Epoch 18:  81%|████████  | 116/144 [00:03<00:00, 34.87it/s, v_num=80885, train_loss_step=0.00222, val_loss=0.00614, val_acc=0.998, train_loss_epoch=0.0111]Epoch 18:  81%|████████▏ | 117/144 [00:03<00:00, 34.90it/s, v_num=80885, train_loss_step=0.00222, val_loss=0.00614, val_acc=0.998, train_loss_epoch=0.0111]Epoch 18:  81%|████████▏ | 117/144 [00:03<00:00, 34.89it/s, v_num=80885, train_loss_step=0.023, val_loss=0.00614, val_acc=0.998, train_loss_epoch=0.0111]  Epoch 18:  82%|████████▏ | 118/144 [00:03<00:00, 34.89it/s, v_num=80885, train_loss_step=0.023, val_loss=0.00614, val_acc=0.998, train_loss_epoch=0.0111]Epoch 18:  82%|████████▏ | 118/144 [00:03<00:00, 34.89it/s, v_num=80885, train_loss_step=0.0194, val_loss=0.00614, val_acc=0.998, train_loss_epoch=0.0111]Epoch 18:  83%|████████▎ | 119/144 [00:03<00:00, 34.92it/s, v_num=80885, train_loss_step=0.0194, val_loss=0.00614, val_acc=0.998, train_loss_epoch=0.0111]Epoch 18:  83%|████████▎ | 119/144 [00:03<00:00, 34.91it/s, v_num=80885, train_loss_step=0.00202, val_loss=0.00614, val_acc=0.998, train_loss_epoch=0.0111]Epoch 18:  83%|████████▎ | 120/144 [00:03<00:00, 34.95it/s, v_num=80885, train_loss_step=0.00202, val_loss=0.00614, val_acc=0.998, train_loss_epoch=0.0111]Epoch 18:  83%|████████▎ | 120/144 [00:03<00:00, 34.95it/s, v_num=80885, train_loss_step=0.0184, val_loss=0.00614, val_acc=0.998, train_loss_epoch=0.0111] Epoch 18:  84%|████████▍ | 121/144 [00:03<00:00, 34.99it/s, v_num=80885, train_loss_step=0.0184, val_loss=0.00614, val_acc=0.998, train_loss_epoch=0.0111]Epoch 18:  84%|████████▍ | 121/144 [00:03<00:00, 34.99it/s, v_num=80885, train_loss_step=0.00765, val_loss=0.00614, val_acc=0.998, train_loss_epoch=0.0111]Epoch 18:  85%|████████▍ | 122/144 [00:03<00:00, 34.98it/s, v_num=80885, train_loss_step=0.00765, val_loss=0.00614, val_acc=0.998, train_loss_epoch=0.0111]Epoch 18:  85%|████████▍ | 122/144 [00:03<00:00, 34.98it/s, v_num=80885, train_loss_step=0.00786, val_loss=0.00614, val_acc=0.998, train_loss_epoch=0.0111]Epoch 18:  85%|████████▌ | 123/144 [00:03<00:00, 35.00it/s, v_num=80885, train_loss_step=0.00786, val_loss=0.00614, val_acc=0.998, train_loss_epoch=0.0111]Epoch 18:  85%|████████▌ | 123/144 [00:03<00:00, 35.00it/s, v_num=80885, train_loss_step=0.00859, val_loss=0.00614, val_acc=0.998, train_loss_epoch=0.0111]Epoch 18:  86%|████████▌ | 124/144 [00:03<00:00, 35.04it/s, v_num=80885, train_loss_step=0.00859, val_loss=0.00614, val_acc=0.998, train_loss_epoch=0.0111]Epoch 18:  86%|████████▌ | 124/144 [00:03<00:00, 35.03it/s, v_num=80885, train_loss_step=0.0101, val_loss=0.00614, val_acc=0.998, train_loss_epoch=0.0111] Epoch 18:  87%|████████▋ | 125/144 [00:03<00:00, 35.07it/s, v_num=80885, train_loss_step=0.0101, val_loss=0.00614, val_acc=0.998, train_loss_epoch=0.0111]Epoch 18:  87%|████████▋ | 125/144 [00:03<00:00, 35.07it/s, v_num=80885, train_loss_step=0.00601, val_loss=0.00614, val_acc=0.998, train_loss_epoch=0.0111]Epoch 18:  88%|████████▊ | 126/144 [00:03<00:00, 35.07it/s, v_num=80885, train_loss_step=0.00601, val_loss=0.00614, val_acc=0.998, train_loss_epoch=0.0111]Epoch 18:  88%|████████▊ | 126/144 [00:03<00:00, 35.07it/s, v_num=80885, train_loss_step=0.00181, val_loss=0.00614, val_acc=0.998, train_loss_epoch=0.0111]Epoch 18:  88%|████████▊ | 127/144 [00:03<00:00, 35.11it/s, v_num=80885, train_loss_step=0.00181, val_loss=0.00614, val_acc=0.998, train_loss_epoch=0.0111]Epoch 18:  88%|████████▊ | 127/144 [00:03<00:00, 35.11it/s, v_num=80885, train_loss_step=0.0108, val_loss=0.00614, val_acc=0.998, train_loss_epoch=0.0111] Epoch 18:  89%|████████▉ | 128/144 [00:03<00:00, 35.09it/s, v_num=80885, train_loss_step=0.0108, val_loss=0.00614, val_acc=0.998, train_loss_epoch=0.0111]Epoch 18:  89%|████████▉ | 128/144 [00:03<00:00, 35.09it/s, v_num=80885, train_loss_step=0.00637, val_loss=0.00614, val_acc=0.998, train_loss_epoch=0.0111]Epoch 18:  90%|████████▉ | 129/144 [00:03<00:00, 35.12it/s, v_num=80885, train_loss_step=0.00637, val_loss=0.00614, val_acc=0.998, train_loss_epoch=0.0111]Epoch 18:  90%|████████▉ | 129/144 [00:03<00:00, 35.11it/s, v_num=80885, train_loss_step=0.00279, val_loss=0.00614, val_acc=0.998, train_loss_epoch=0.0111]Epoch 18:  90%|█████████ | 130/144 [00:03<00:00, 35.10it/s, v_num=80885, train_loss_step=0.00279, val_loss=0.00614, val_acc=0.998, train_loss_epoch=0.0111]Epoch 18:  90%|█████████ | 130/144 [00:03<00:00, 35.10it/s, v_num=80885, train_loss_step=0.00208, val_loss=0.00614, val_acc=0.998, train_loss_epoch=0.0111]Epoch 18:  91%|█████████ | 131/144 [00:03<00:00, 35.13it/s, v_num=80885, train_loss_step=0.00208, val_loss=0.00614, val_acc=0.998, train_loss_epoch=0.0111]Epoch 18:  91%|█████████ | 131/144 [00:03<00:00, 35.13it/s, v_num=80885, train_loss_step=0.00187, val_loss=0.00614, val_acc=0.998, train_loss_epoch=0.0111]Epoch 18:  92%|█████████▏| 132/144 [00:03<00:00, 35.16it/s, v_num=80885, train_loss_step=0.00187, val_loss=0.00614, val_acc=0.998, train_loss_epoch=0.0111]Epoch 18:  92%|█████████▏| 132/144 [00:03<00:00, 35.16it/s, v_num=80885, train_loss_step=0.00465, val_loss=0.00614, val_acc=0.998, train_loss_epoch=0.0111]Epoch 18:  92%|█████████▏| 133/144 [00:03<00:00, 35.19it/s, v_num=80885, train_loss_step=0.00465, val_loss=0.00614, val_acc=0.998, train_loss_epoch=0.0111]Epoch 18:  92%|█████████▏| 133/144 [00:03<00:00, 35.19it/s, v_num=80885, train_loss_step=0.00264, val_loss=0.00614, val_acc=0.998, train_loss_epoch=0.0111]Epoch 18:  93%|█████████▎| 134/144 [00:03<00:00, 35.17it/s, v_num=80885, train_loss_step=0.00264, val_loss=0.00614, val_acc=0.998, train_loss_epoch=0.0111]Epoch 18:  93%|█████████▎| 134/144 [00:03<00:00, 35.17it/s, v_num=80885, train_loss_step=0.00709, val_loss=0.00614, val_acc=0.998, train_loss_epoch=0.0111]Epoch 18:  94%|█████████▍| 135/144 [00:03<00:00, 35.20it/s, v_num=80885, train_loss_step=0.00709, val_loss=0.00614, val_acc=0.998, train_loss_epoch=0.0111]Epoch 18:  94%|█████████▍| 135/144 [00:03<00:00, 35.20it/s, v_num=80885, train_loss_step=0.0121, val_loss=0.00614, val_acc=0.998, train_loss_epoch=0.0111] Epoch 18:  94%|█████████▍| 136/144 [00:03<00:00, 35.23it/s, v_num=80885, train_loss_step=0.0121, val_loss=0.00614, val_acc=0.998, train_loss_epoch=0.0111]Epoch 18:  94%|█████████▍| 136/144 [00:03<00:00, 35.23it/s, v_num=80885, train_loss_step=0.00177, val_loss=0.00614, val_acc=0.998, train_loss_epoch=0.0111]Epoch 18:  95%|█████████▌| 137/144 [00:03<00:00, 35.26it/s, v_num=80885, train_loss_step=0.00177, val_loss=0.00614, val_acc=0.998, train_loss_epoch=0.0111]Epoch 18:  95%|█████████▌| 137/144 [00:03<00:00, 35.26it/s, v_num=80885, train_loss_step=0.0226, val_loss=0.00614, val_acc=0.998, train_loss_epoch=0.0111] Epoch 18:  96%|█████████▌| 138/144 [00:03<00:00, 35.25it/s, v_num=80885, train_loss_step=0.0226, val_loss=0.00614, val_acc=0.998, train_loss_epoch=0.0111]Epoch 18:  96%|█████████▌| 138/144 [00:03<00:00, 35.25it/s, v_num=80885, train_loss_step=0.0347, val_loss=0.00614, val_acc=0.998, train_loss_epoch=0.0111]Epoch 18:  97%|█████████▋| 139/144 [00:03<00:00, 35.29it/s, v_num=80885, train_loss_step=0.0347, val_loss=0.00614, val_acc=0.998, train_loss_epoch=0.0111]Epoch 18:  97%|█████████▋| 139/144 [00:03<00:00, 35.29it/s, v_num=80885, train_loss_step=0.00223, val_loss=0.00614, val_acc=0.998, train_loss_epoch=0.0111]Epoch 18:  97%|█████████▋| 140/144 [00:03<00:00, 35.31it/s, v_num=80885, train_loss_step=0.00223, val_loss=0.00614, val_acc=0.998, train_loss_epoch=0.0111]Epoch 18:  97%|█████████▋| 140/144 [00:03<00:00, 35.31it/s, v_num=80885, train_loss_step=0.0282, val_loss=0.00614, val_acc=0.998, train_loss_epoch=0.0111] Epoch 18:  98%|█████████▊| 141/144 [00:03<00:00, 35.34it/s, v_num=80885, train_loss_step=0.0282, val_loss=0.00614, val_acc=0.998, train_loss_epoch=0.0111]Epoch 18:  98%|█████████▊| 141/144 [00:03<00:00, 35.34it/s, v_num=80885, train_loss_step=0.0247, val_loss=0.00614, val_acc=0.998, train_loss_epoch=0.0111]Epoch 18:  99%|█████████▊| 142/144 [00:04<00:00, 35.32it/s, v_num=80885, train_loss_step=0.0247, val_loss=0.00614, val_acc=0.998, train_loss_epoch=0.0111]Epoch 18:  99%|█████████▊| 142/144 [00:04<00:00, 35.32it/s, v_num=80885, train_loss_step=0.00395, val_loss=0.00614, val_acc=0.998, train_loss_epoch=0.0111]Epoch 18:  99%|█████████▉| 143/144 [00:04<00:00, 35.25it/s, v_num=80885, train_loss_step=0.00395, val_loss=0.00614, val_acc=0.998, train_loss_epoch=0.0111]Epoch 18:  99%|█████████▉| 143/144 [00:04<00:00, 35.25it/s, v_num=80885, train_loss_step=0.000764, val_loss=0.00614, val_acc=0.998, train_loss_epoch=0.0111]Epoch 18: 100%|██████████| 144/144 [00:04<00:00, 35.28it/s, v_num=80885, train_loss_step=0.000764, val_loss=0.00614, val_acc=0.998, train_loss_epoch=0.0111]Epoch 18: 100%|██████████| 144/144 [00:04<00:00, 35.27it/s, v_num=80885, train_loss_step=0.00213, val_loss=0.00614, val_acc=0.998, train_loss_epoch=0.0111] 
Validation: |          | 0/? [00:00<?, ?it/s][A
Validation:   0%|          | 0/14 [00:00<?, ?it/s][A
Validation DataLoader 0:   0%|          | 0/14 [00:00<?, ?it/s][A
Validation DataLoader 0:   7%|▋         | 1/14 [00:00<00:00, 87.69it/s][A
Validation DataLoader 0:  14%|█▍        | 2/14 [00:00<00:00, 61.47it/s][A
Validation DataLoader 0:  21%|██▏       | 3/14 [00:00<00:00, 70.95it/s][A
Validation DataLoader 0:  29%|██▊       | 4/14 [00:00<00:00, 76.54it/s][A
Validation DataLoader 0:  36%|███▌      | 5/14 [00:00<00:00, 74.11it/s][A
Validation DataLoader 0:  43%|████▎     | 6/14 [00:00<00:00, 72.81it/s][A
Validation DataLoader 0:  50%|█████     | 7/14 [00:00<00:00, 71.86it/s][A
Validation DataLoader 0:  57%|█████▋    | 8/14 [00:00<00:00, 70.86it/s][A
Validation DataLoader 0:  64%|██████▍   | 9/14 [00:00<00:00, 70.39it/s][A
Validation DataLoader 0:  71%|███████▏  | 10/14 [00:00<00:00, 70.11it/s][A
Validation DataLoader 0:  79%|███████▊  | 11/14 [00:00<00:00, 69.91it/s][A
Validation DataLoader 0:  86%|████████▌ | 12/14 [00:00<00:00, 69.76it/s][A
Validation DataLoader 0:  93%|█████████▎| 13/14 [00:00<00:00, 69.58it/s][A
Validation DataLoader 0: 100%|██████████| 14/14 [00:00<00:00, 69.41it/s][A
                                                                        [AEpoch 18: 100%|██████████| 144/144 [00:04<00:00, 33.48it/s, v_num=80885, train_loss_step=0.00213, val_loss=0.016, val_acc=0.995, train_loss_epoch=0.0111]  Epoch 18: 100%|██████████| 144/144 [00:04<00:00, 33.47it/s, v_num=80885, train_loss_step=0.00213, val_loss=0.016, val_acc=0.995, train_loss_epoch=0.00942]Epoch 18:   0%|          | 0/144 [00:00<?, ?it/s, v_num=80885, train_loss_step=0.00213, val_loss=0.016, val_acc=0.995, train_loss_epoch=0.00942]          Epoch 19:   0%|          | 0/144 [00:00<?, ?it/s, v_num=80885, train_loss_step=0.00213, val_loss=0.016, val_acc=0.995, train_loss_epoch=0.00942]Epoch 19:   1%|          | 1/144 [00:00<00:13, 10.85it/s, v_num=80885, train_loss_step=0.00213, val_loss=0.016, val_acc=0.995, train_loss_epoch=0.00942]Epoch 19:   1%|          | 1/144 [00:00<00:13, 10.83it/s, v_num=80885, train_loss_step=0.0165, val_loss=0.016, val_acc=0.995, train_loss_epoch=0.00942] Epoch 19:   1%|▏         | 2/144 [00:00<00:08, 16.53it/s, v_num=80885, train_loss_step=0.0165, val_loss=0.016, val_acc=0.995, train_loss_epoch=0.00942]Epoch 19:   1%|▏         | 2/144 [00:00<00:08, 16.50it/s, v_num=80885, train_loss_step=0.00078, val_loss=0.016, val_acc=0.995, train_loss_epoch=0.00942]Epoch 19:   2%|▏         | 3/144 [00:00<00:07, 19.32it/s, v_num=80885, train_loss_step=0.00078, val_loss=0.016, val_acc=0.995, train_loss_epoch=0.00942]Epoch 19:   2%|▏         | 3/144 [00:00<00:07, 19.30it/s, v_num=80885, train_loss_step=0.0171, val_loss=0.016, val_acc=0.995, train_loss_epoch=0.00942] Epoch 19:   3%|▎         | 4/144 [00:00<00:06, 21.65it/s, v_num=80885, train_loss_step=0.0171, val_loss=0.016, val_acc=0.995, train_loss_epoch=0.00942]Epoch 19:   3%|▎         | 4/144 [00:00<00:06, 21.63it/s, v_num=80885, train_loss_step=0.0102, val_loss=0.016, val_acc=0.995, train_loss_epoch=0.00942]Epoch 19:   3%|▎         | 5/144 [00:00<00:05, 23.42it/s, v_num=80885, train_loss_step=0.0102, val_loss=0.016, val_acc=0.995, train_loss_epoch=0.00942]Epoch 19:   3%|▎         | 5/144 [00:00<00:05, 23.40it/s, v_num=80885, train_loss_step=0.0174, val_loss=0.016, val_acc=0.995, train_loss_epoch=0.00942]Epoch 19:   4%|▍         | 6/144 [00:00<00:05, 24.88it/s, v_num=80885, train_loss_step=0.0174, val_loss=0.016, val_acc=0.995, train_loss_epoch=0.00942]Epoch 19:   4%|▍         | 6/144 [00:00<00:05, 24.87it/s, v_num=80885, train_loss_step=0.00156, val_loss=0.016, val_acc=0.995, train_loss_epoch=0.00942]Epoch 19:   5%|▍         | 7/144 [00:00<00:05, 25.72it/s, v_num=80885, train_loss_step=0.00156, val_loss=0.016, val_acc=0.995, train_loss_epoch=0.00942]Epoch 19:   5%|▍         | 7/144 [00:00<00:05, 25.71it/s, v_num=80885, train_loss_step=0.00897, val_loss=0.016, val_acc=0.995, train_loss_epoch=0.00942]Epoch 19:   6%|▌         | 8/144 [00:00<00:05, 26.39it/s, v_num=80885, train_loss_step=0.00897, val_loss=0.016, val_acc=0.995, train_loss_epoch=0.00942]Epoch 19:   6%|▌         | 8/144 [00:00<00:05, 26.38it/s, v_num=80885, train_loss_step=0.0161, val_loss=0.016, val_acc=0.995, train_loss_epoch=0.00942] Epoch 19:   6%|▋         | 9/144 [00:00<00:05, 26.75it/s, v_num=80885, train_loss_step=0.0161, val_loss=0.016, val_acc=0.995, train_loss_epoch=0.00942]Epoch 19:   6%|▋         | 9/144 [00:00<00:05, 26.74it/s, v_num=80885, train_loss_step=0.00944, val_loss=0.016, val_acc=0.995, train_loss_epoch=0.00942]Epoch 19:   7%|▋         | 10/144 [00:00<00:04, 27.16it/s, v_num=80885, train_loss_step=0.00944, val_loss=0.016, val_acc=0.995, train_loss_epoch=0.00942]Epoch 19:   7%|▋         | 10/144 [00:00<00:04, 27.14it/s, v_num=80885, train_loss_step=0.000642, val_loss=0.016, val_acc=0.995, train_loss_epoch=0.00942]Epoch 19:   8%|▊         | 11/144 [00:00<00:04, 27.75it/s, v_num=80885, train_loss_step=0.000642, val_loss=0.016, val_acc=0.995, train_loss_epoch=0.00942]Epoch 19:   8%|▊         | 11/144 [00:00<00:04, 27.74it/s, v_num=80885, train_loss_step=0.0225, val_loss=0.016, val_acc=0.995, train_loss_epoch=0.00942]  Epoch 19:   8%|▊         | 12/144 [00:00<00:04, 28.16it/s, v_num=80885, train_loss_step=0.0225, val_loss=0.016, val_acc=0.995, train_loss_epoch=0.00942]Epoch 19:   8%|▊         | 12/144 [00:00<00:04, 28.15it/s, v_num=80885, train_loss_step=0.0198, val_loss=0.016, val_acc=0.995, train_loss_epoch=0.00942]Epoch 19:   9%|▉         | 13/144 [00:00<00:04, 28.67it/s, v_num=80885, train_loss_step=0.0198, val_loss=0.016, val_acc=0.995, train_loss_epoch=0.00942]Epoch 19:   9%|▉         | 13/144 [00:00<00:04, 28.66it/s, v_num=80885, train_loss_step=0.00497, val_loss=0.016, val_acc=0.995, train_loss_epoch=0.00942]Epoch 19:  10%|▉         | 14/144 [00:00<00:04, 28.88it/s, v_num=80885, train_loss_step=0.00497, val_loss=0.016, val_acc=0.995, train_loss_epoch=0.00942]Epoch 19:  10%|▉         | 14/144 [00:00<00:04, 28.87it/s, v_num=80885, train_loss_step=0.0141, val_loss=0.016, val_acc=0.995, train_loss_epoch=0.00942] Epoch 19:  10%|█         | 15/144 [00:00<00:04, 29.29it/s, v_num=80885, train_loss_step=0.0141, val_loss=0.016, val_acc=0.995, train_loss_epoch=0.00942]Epoch 19:  10%|█         | 15/144 [00:00<00:04, 29.29it/s, v_num=80885, train_loss_step=0.019, val_loss=0.016, val_acc=0.995, train_loss_epoch=0.00942] Epoch 19:  11%|█         | 16/144 [00:00<00:04, 29.65it/s, v_num=80885, train_loss_step=0.019, val_loss=0.016, val_acc=0.995, train_loss_epoch=0.00942]Epoch 19:  11%|█         | 16/144 [00:00<00:04, 29.64it/s, v_num=80885, train_loss_step=0.0184, val_loss=0.016, val_acc=0.995, train_loss_epoch=0.00942]Epoch 19:  12%|█▏        | 17/144 [00:00<00:04, 29.94it/s, v_num=80885, train_loss_step=0.0184, val_loss=0.016, val_acc=0.995, train_loss_epoch=0.00942]Epoch 19:  12%|█▏        | 17/144 [00:00<00:04, 29.93it/s, v_num=80885, train_loss_step=0.0202, val_loss=0.016, val_acc=0.995, train_loss_epoch=0.00942]Epoch 19:  12%|█▎        | 18/144 [00:00<00:04, 29.59it/s, v_num=80885, train_loss_step=0.0202, val_loss=0.016, val_acc=0.995, train_loss_epoch=0.00942]Epoch 19:  12%|█▎        | 18/144 [00:00<00:04, 29.58it/s, v_num=80885, train_loss_step=0.00983, val_loss=0.016, val_acc=0.995, train_loss_epoch=0.00942]Epoch 19:  13%|█▎        | 19/144 [00:00<00:04, 29.89it/s, v_num=80885, train_loss_step=0.00983, val_loss=0.016, val_acc=0.995, train_loss_epoch=0.00942]Epoch 19:  13%|█▎        | 19/144 [00:00<00:04, 29.89it/s, v_num=80885, train_loss_step=0.019, val_loss=0.016, val_acc=0.995, train_loss_epoch=0.00942]  Epoch 19:  14%|█▍        | 20/144 [00:00<00:04, 30.13it/s, v_num=80885, train_loss_step=0.019, val_loss=0.016, val_acc=0.995, train_loss_epoch=0.00942]Epoch 19:  14%|█▍        | 20/144 [00:00<00:04, 30.12it/s, v_num=80885, train_loss_step=0.00812, val_loss=0.016, val_acc=0.995, train_loss_epoch=0.00942]Epoch 19:  15%|█▍        | 21/144 [00:00<00:04, 30.21it/s, v_num=80885, train_loss_step=0.00812, val_loss=0.016, val_acc=0.995, train_loss_epoch=0.00942]Epoch 19:  15%|█▍        | 21/144 [00:00<00:04, 30.20it/s, v_num=80885, train_loss_step=0.00133, val_loss=0.016, val_acc=0.995, train_loss_epoch=0.00942]Epoch 19:  15%|█▌        | 22/144 [00:00<00:04, 30.38it/s, v_num=80885, train_loss_step=0.00133, val_loss=0.016, val_acc=0.995, train_loss_epoch=0.00942]Epoch 19:  15%|█▌        | 22/144 [00:00<00:04, 30.38it/s, v_num=80885, train_loss_step=0.0221, val_loss=0.016, val_acc=0.995, train_loss_epoch=0.00942] Epoch 19:  16%|█▌        | 23/144 [00:00<00:03, 30.61it/s, v_num=80885, train_loss_step=0.0221, val_loss=0.016, val_acc=0.995, train_loss_epoch=0.00942]Epoch 19:  16%|█▌        | 23/144 [00:00<00:03, 30.61it/s, v_num=80885, train_loss_step=0.00375, val_loss=0.016, val_acc=0.995, train_loss_epoch=0.00942]Epoch 19:  17%|█▋        | 24/144 [00:00<00:03, 30.74it/s, v_num=80885, train_loss_step=0.00375, val_loss=0.016, val_acc=0.995, train_loss_epoch=0.00942]Epoch 19:  17%|█▋        | 24/144 [00:00<00:03, 30.73it/s, v_num=80885, train_loss_step=0.00272, val_loss=0.016, val_acc=0.995, train_loss_epoch=0.00942]Epoch 19:  17%|█▋        | 25/144 [00:00<00:03, 30.68it/s, v_num=80885, train_loss_step=0.00272, val_loss=0.016, val_acc=0.995, train_loss_epoch=0.00942]Epoch 19:  17%|█▋        | 25/144 [00:00<00:03, 30.68it/s, v_num=80885, train_loss_step=0.00857, val_loss=0.016, val_acc=0.995, train_loss_epoch=0.00942]Epoch 19:  18%|█▊        | 26/144 [00:00<00:03, 30.88it/s, v_num=80885, train_loss_step=0.00857, val_loss=0.016, val_acc=0.995, train_loss_epoch=0.00942]Epoch 19:  18%|█▊        | 26/144 [00:00<00:03, 30.88it/s, v_num=80885, train_loss_step=0.0123, val_loss=0.016, val_acc=0.995, train_loss_epoch=0.00942] Epoch 19:  19%|█▉        | 27/144 [00:00<00:03, 31.02it/s, v_num=80885, train_loss_step=0.0123, val_loss=0.016, val_acc=0.995, train_loss_epoch=0.00942]Epoch 19:  19%|█▉        | 27/144 [00:00<00:03, 31.02it/s, v_num=80885, train_loss_step=0.011, val_loss=0.016, val_acc=0.995, train_loss_epoch=0.00942] Epoch 19:  19%|█▉        | 28/144 [00:00<00:03, 31.13it/s, v_num=80885, train_loss_step=0.011, val_loss=0.016, val_acc=0.995, train_loss_epoch=0.00942]Epoch 19:  19%|█▉        | 28/144 [00:00<00:03, 31.13it/s, v_num=80885, train_loss_step=0.0111, val_loss=0.016, val_acc=0.995, train_loss_epoch=0.00942]Epoch 19:  20%|██        | 29/144 [00:00<00:03, 31.16it/s, v_num=80885, train_loss_step=0.0111, val_loss=0.016, val_acc=0.995, train_loss_epoch=0.00942]Epoch 19:  20%|██        | 29/144 [00:00<00:03, 31.15it/s, v_num=80885, train_loss_step=0.0203, val_loss=0.016, val_acc=0.995, train_loss_epoch=0.00942]Epoch 19:  21%|██        | 30/144 [00:00<00:03, 31.32it/s, v_num=80885, train_loss_step=0.0203, val_loss=0.016, val_acc=0.995, train_loss_epoch=0.00942]Epoch 19:  21%|██        | 30/144 [00:00<00:03, 31.32it/s, v_num=80885, train_loss_step=0.00846, val_loss=0.016, val_acc=0.995, train_loss_epoch=0.00942]Epoch 19:  22%|██▏       | 31/144 [00:00<00:03, 31.46it/s, v_num=80885, train_loss_step=0.00846, val_loss=0.016, val_acc=0.995, train_loss_epoch=0.00942]Epoch 19:  22%|██▏       | 31/144 [00:00<00:03, 31.46it/s, v_num=80885, train_loss_step=0.0108, val_loss=0.016, val_acc=0.995, train_loss_epoch=0.00942] Epoch 19:  22%|██▏       | 32/144 [00:01<00:03, 31.46it/s, v_num=80885, train_loss_step=0.0108, val_loss=0.016, val_acc=0.995, train_loss_epoch=0.00942]Epoch 19:  22%|██▏       | 32/144 [00:01<00:03, 31.46it/s, v_num=80885, train_loss_step=0.0133, val_loss=0.016, val_acc=0.995, train_loss_epoch=0.00942]Epoch 19:  23%|██▎       | 33/144 [00:01<00:03, 31.53it/s, v_num=80885, train_loss_step=0.0133, val_loss=0.016, val_acc=0.995, train_loss_epoch=0.00942]Epoch 19:  23%|██▎       | 33/144 [00:01<00:03, 31.52it/s, v_num=80885, train_loss_step=0.0187, val_loss=0.016, val_acc=0.995, train_loss_epoch=0.00942]Epoch 19:  24%|██▎       | 34/144 [00:01<00:03, 31.65it/s, v_num=80885, train_loss_step=0.0187, val_loss=0.016, val_acc=0.995, train_loss_epoch=0.00942]Epoch 19:  24%|██▎       | 34/144 [00:01<00:03, 31.65it/s, v_num=80885, train_loss_step=0.0303, val_loss=0.016, val_acc=0.995, train_loss_epoch=0.00942]Epoch 19:  24%|██▍       | 35/144 [00:01<00:03, 31.61it/s, v_num=80885, train_loss_step=0.0303, val_loss=0.016, val_acc=0.995, train_loss_epoch=0.00942]Epoch 19:  24%|██▍       | 35/144 [00:01<00:03, 31.60it/s, v_num=80885, train_loss_step=0.00619, val_loss=0.016, val_acc=0.995, train_loss_epoch=0.00942]Epoch 19:  25%|██▌       | 36/144 [00:01<00:03, 31.63it/s, v_num=80885, train_loss_step=0.00619, val_loss=0.016, val_acc=0.995, train_loss_epoch=0.00942]Epoch 19:  25%|██▌       | 36/144 [00:01<00:03, 31.63it/s, v_num=80885, train_loss_step=0.0315, val_loss=0.016, val_acc=0.995, train_loss_epoch=0.00942] Epoch 19:  26%|██▌       | 37/144 [00:01<00:03, 31.76it/s, v_num=80885, train_loss_step=0.0315, val_loss=0.016, val_acc=0.995, train_loss_epoch=0.00942]Epoch 19:  26%|██▌       | 37/144 [00:01<00:03, 31.76it/s, v_num=80885, train_loss_step=0.0166, val_loss=0.016, val_acc=0.995, train_loss_epoch=0.00942]Epoch 19:  26%|██▋       | 38/144 [00:01<00:03, 31.89it/s, v_num=80885, train_loss_step=0.0166, val_loss=0.016, val_acc=0.995, train_loss_epoch=0.00942]Epoch 19:  26%|██▋       | 38/144 [00:01<00:03, 31.89it/s, v_num=80885, train_loss_step=0.0273, val_loss=0.016, val_acc=0.995, train_loss_epoch=0.00942]Epoch 19:  27%|██▋       | 39/144 [00:01<00:03, 31.97it/s, v_num=80885, train_loss_step=0.0273, val_loss=0.016, val_acc=0.995, train_loss_epoch=0.00942]Epoch 19:  27%|██▋       | 39/144 [00:01<00:03, 31.96it/s, v_num=80885, train_loss_step=0.016, val_loss=0.016, val_acc=0.995, train_loss_epoch=0.00942] Epoch 19:  28%|██▊       | 40/144 [00:01<00:03, 31.89it/s, v_num=80885, train_loss_step=0.016, val_loss=0.016, val_acc=0.995, train_loss_epoch=0.00942]Epoch 19:  28%|██▊       | 40/144 [00:01<00:03, 31.88it/s, v_num=80885, train_loss_step=0.0248, val_loss=0.016, val_acc=0.995, train_loss_epoch=0.00942]Epoch 19:  28%|██▊       | 41/144 [00:01<00:03, 31.96it/s, v_num=80885, train_loss_step=0.0248, val_loss=0.016, val_acc=0.995, train_loss_epoch=0.00942]Epoch 19:  28%|██▊       | 41/144 [00:01<00:03, 31.96it/s, v_num=80885, train_loss_step=0.00401, val_loss=0.016, val_acc=0.995, train_loss_epoch=0.00942]Epoch 19:  29%|██▉       | 42/144 [00:01<00:03, 32.03it/s, v_num=80885, train_loss_step=0.00401, val_loss=0.016, val_acc=0.995, train_loss_epoch=0.00942]Epoch 19:  29%|██▉       | 42/144 [00:01<00:03, 32.03it/s, v_num=80885, train_loss_step=0.0485, val_loss=0.016, val_acc=0.995, train_loss_epoch=0.00942] Epoch 19:  30%|██▉       | 43/144 [00:01<00:03, 32.09it/s, v_num=80885, train_loss_step=0.0485, val_loss=0.016, val_acc=0.995, train_loss_epoch=0.00942]Epoch 19:  30%|██▉       | 43/144 [00:01<00:03, 32.09it/s, v_num=80885, train_loss_step=0.0242, val_loss=0.016, val_acc=0.995, train_loss_epoch=0.00942]Epoch 19:  31%|███       | 44/144 [00:01<00:03, 32.10it/s, v_num=80885, train_loss_step=0.0242, val_loss=0.016, val_acc=0.995, train_loss_epoch=0.00942]Epoch 19:  31%|███       | 44/144 [00:01<00:03, 32.10it/s, v_num=80885, train_loss_step=0.0063, val_loss=0.016, val_acc=0.995, train_loss_epoch=0.00942]Epoch 19:  31%|███▏      | 45/144 [00:01<00:03, 32.18it/s, v_num=80885, train_loss_step=0.0063, val_loss=0.016, val_acc=0.995, train_loss_epoch=0.00942]Epoch 19:  31%|███▏      | 45/144 [00:01<00:03, 32.17it/s, v_num=80885, train_loss_step=0.00357, val_loss=0.016, val_acc=0.995, train_loss_epoch=0.00942]Epoch 19:  32%|███▏      | 46/144 [00:01<00:03, 32.18it/s, v_num=80885, train_loss_step=0.00357, val_loss=0.016, val_acc=0.995, train_loss_epoch=0.00942]Epoch 19:  32%|███▏      | 46/144 [00:01<00:03, 32.17it/s, v_num=80885, train_loss_step=0.0156, val_loss=0.016, val_acc=0.995, train_loss_epoch=0.00942] Epoch 19:  33%|███▎      | 47/144 [00:01<00:03, 32.16it/s, v_num=80885, train_loss_step=0.0156, val_loss=0.016, val_acc=0.995, train_loss_epoch=0.00942]Epoch 19:  33%|███▎      | 47/144 [00:01<00:03, 32.16it/s, v_num=80885, train_loss_step=0.0165, val_loss=0.016, val_acc=0.995, train_loss_epoch=0.00942]Epoch 19:  33%|███▎      | 48/144 [00:01<00:02, 32.26it/s, v_num=80885, train_loss_step=0.0165, val_loss=0.016, val_acc=0.995, train_loss_epoch=0.00942]Epoch 19:  33%|███▎      | 48/144 [00:01<00:02, 32.25it/s, v_num=80885, train_loss_step=0.0185, val_loss=0.016, val_acc=0.995, train_loss_epoch=0.00942]Epoch 19:  34%|███▍      | 49/144 [00:01<00:02, 32.34it/s, v_num=80885, train_loss_step=0.0185, val_loss=0.016, val_acc=0.995, train_loss_epoch=0.00942]Epoch 19:  34%|███▍      | 49/144 [00:01<00:02, 32.34it/s, v_num=80885, train_loss_step=0.0223, val_loss=0.016, val_acc=0.995, train_loss_epoch=0.00942]Epoch 19:  35%|███▍      | 50/144 [00:01<00:02, 32.42it/s, v_num=80885, train_loss_step=0.0223, val_loss=0.016, val_acc=0.995, train_loss_epoch=0.00942]Epoch 19:  35%|███▍      | 50/144 [00:01<00:02, 32.42it/s, v_num=80885, train_loss_step=0.0132, val_loss=0.016, val_acc=0.995, train_loss_epoch=0.00942]Epoch 19:  35%|███▌      | 51/144 [00:01<00:02, 32.43it/s, v_num=80885, train_loss_step=0.0132, val_loss=0.016, val_acc=0.995, train_loss_epoch=0.00942]Epoch 19:  35%|███▌      | 51/144 [00:01<00:02, 32.43it/s, v_num=80885, train_loss_step=0.00734, val_loss=0.016, val_acc=0.995, train_loss_epoch=0.00942]Epoch 19:  36%|███▌      | 52/144 [00:01<00:02, 32.54it/s, v_num=80885, train_loss_step=0.00734, val_loss=0.016, val_acc=0.995, train_loss_epoch=0.00942]Epoch 19:  36%|███▌      | 52/144 [00:01<00:02, 32.53it/s, v_num=80885, train_loss_step=0.0122, val_loss=0.016, val_acc=0.995, train_loss_epoch=0.00942] Epoch 19:  37%|███▋      | 53/144 [00:01<00:02, 32.60it/s, v_num=80885, train_loss_step=0.0122, val_loss=0.016, val_acc=0.995, train_loss_epoch=0.00942]Epoch 19:  37%|███▋      | 53/144 [00:01<00:02, 32.60it/s, v_num=80885, train_loss_step=0.0165, val_loss=0.016, val_acc=0.995, train_loss_epoch=0.00942]Epoch 19:  38%|███▊      | 54/144 [00:01<00:02, 32.69it/s, v_num=80885, train_loss_step=0.0165, val_loss=0.016, val_acc=0.995, train_loss_epoch=0.00942]Epoch 19:  38%|███▊      | 54/144 [00:01<00:02, 32.69it/s, v_num=80885, train_loss_step=0.00943, val_loss=0.016, val_acc=0.995, train_loss_epoch=0.00942]Epoch 19:  38%|███▊      | 55/144 [00:01<00:02, 32.70it/s, v_num=80885, train_loss_step=0.00943, val_loss=0.016, val_acc=0.995, train_loss_epoch=0.00942]Epoch 19:  38%|███▊      | 55/144 [00:01<00:02, 32.70it/s, v_num=80885, train_loss_step=0.0214, val_loss=0.016, val_acc=0.995, train_loss_epoch=0.00942] Epoch 19:  39%|███▉      | 56/144 [00:01<00:02, 32.78it/s, v_num=80885, train_loss_step=0.0214, val_loss=0.016, val_acc=0.995, train_loss_epoch=0.00942]Epoch 19:  39%|███▉      | 56/144 [00:01<00:02, 32.77it/s, v_num=80885, train_loss_step=0.0264, val_loss=0.016, val_acc=0.995, train_loss_epoch=0.00942]Epoch 19:  40%|███▉      | 57/144 [00:01<00:02, 32.85it/s, v_num=80885, train_loss_step=0.0264, val_loss=0.016, val_acc=0.995, train_loss_epoch=0.00942]Epoch 19:  40%|███▉      | 57/144 [00:01<00:02, 32.84it/s, v_num=80885, train_loss_step=0.0143, val_loss=0.016, val_acc=0.995, train_loss_epoch=0.00942]Epoch 19:  40%|████      | 58/144 [00:01<00:02, 32.92it/s, v_num=80885, train_loss_step=0.0143, val_loss=0.016, val_acc=0.995, train_loss_epoch=0.00942]Epoch 19:  40%|████      | 58/144 [00:01<00:02, 32.92it/s, v_num=80885, train_loss_step=0.00882, val_loss=0.016, val_acc=0.995, train_loss_epoch=0.00942]Epoch 19:  41%|████      | 59/144 [00:01<00:02, 32.93it/s, v_num=80885, train_loss_step=0.00882, val_loss=0.016, val_acc=0.995, train_loss_epoch=0.00942]Epoch 19:  41%|████      | 59/144 [00:01<00:02, 32.93it/s, v_num=80885, train_loss_step=0.0174, val_loss=0.016, val_acc=0.995, train_loss_epoch=0.00942] Epoch 19:  42%|████▏     | 60/144 [00:01<00:02, 32.96it/s, v_num=80885, train_loss_step=0.0174, val_loss=0.016, val_acc=0.995, train_loss_epoch=0.00942]Epoch 19:  42%|████▏     | 60/144 [00:01<00:02, 32.96it/s, v_num=80885, train_loss_step=0.00167, val_loss=0.016, val_acc=0.995, train_loss_epoch=0.00942]Epoch 19:  42%|████▏     | 61/144 [00:01<00:02, 33.05it/s, v_num=80885, train_loss_step=0.00167, val_loss=0.016, val_acc=0.995, train_loss_epoch=0.00942]Epoch 19:  42%|████▏     | 61/144 [00:01<00:02, 33.05it/s, v_num=80885, train_loss_step=0.0056, val_loss=0.016, val_acc=0.995, train_loss_epoch=0.00942] Epoch 19:  43%|████▎     | 62/144 [00:01<00:02, 33.13it/s, v_num=80885, train_loss_step=0.0056, val_loss=0.016, val_acc=0.995, train_loss_epoch=0.00942]Epoch 19:  43%|████▎     | 62/144 [00:01<00:02, 33.12it/s, v_num=80885, train_loss_step=0.00755, val_loss=0.016, val_acc=0.995, train_loss_epoch=0.00942]Epoch 19:  44%|████▍     | 63/144 [00:01<00:02, 33.14it/s, v_num=80885, train_loss_step=0.00755, val_loss=0.016, val_acc=0.995, train_loss_epoch=0.00942]Epoch 19:  44%|████▍     | 63/144 [00:01<00:02, 33.14it/s, v_num=80885, train_loss_step=0.0017, val_loss=0.016, val_acc=0.995, train_loss_epoch=0.00942] Epoch 19:  44%|████▍     | 64/144 [00:01<00:02, 33.22it/s, v_num=80885, train_loss_step=0.0017, val_loss=0.016, val_acc=0.995, train_loss_epoch=0.00942]Epoch 19:  44%|████▍     | 64/144 [00:01<00:02, 33.21it/s, v_num=80885, train_loss_step=0.0034, val_loss=0.016, val_acc=0.995, train_loss_epoch=0.00942]Epoch 19:  45%|████▌     | 65/144 [00:01<00:02, 33.29it/s, v_num=80885, train_loss_step=0.0034, val_loss=0.016, val_acc=0.995, train_loss_epoch=0.00942]Epoch 19:  45%|████▌     | 65/144 [00:01<00:02, 33.28it/s, v_num=80885, train_loss_step=0.0138, val_loss=0.016, val_acc=0.995, train_loss_epoch=0.00942]Epoch 19:  46%|████▌     | 66/144 [00:01<00:02, 33.35it/s, v_num=80885, train_loss_step=0.0138, val_loss=0.016, val_acc=0.995, train_loss_epoch=0.00942]Epoch 19:  46%|████▌     | 66/144 [00:01<00:02, 33.35it/s, v_num=80885, train_loss_step=0.00805, val_loss=0.016, val_acc=0.995, train_loss_epoch=0.00942]Epoch 19:  47%|████▋     | 67/144 [00:02<00:02, 33.35it/s, v_num=80885, train_loss_step=0.00805, val_loss=0.016, val_acc=0.995, train_loss_epoch=0.00942]Epoch 19:  47%|████▋     | 67/144 [00:02<00:02, 33.35it/s, v_num=80885, train_loss_step=0.0107, val_loss=0.016, val_acc=0.995, train_loss_epoch=0.00942] Epoch 19:  47%|████▋     | 68/144 [00:02<00:02, 33.41it/s, v_num=80885, train_loss_step=0.0107, val_loss=0.016, val_acc=0.995, train_loss_epoch=0.00942]Epoch 19:  47%|████▋     | 68/144 [00:02<00:02, 33.41it/s, v_num=80885, train_loss_step=0.000923, val_loss=0.016, val_acc=0.995, train_loss_epoch=0.00942]Epoch 19:  48%|████▊     | 69/144 [00:02<00:02, 33.46it/s, v_num=80885, train_loss_step=0.000923, val_loss=0.016, val_acc=0.995, train_loss_epoch=0.00942]Epoch 19:  48%|████▊     | 69/144 [00:02<00:02, 33.46it/s, v_num=80885, train_loss_step=0.006, val_loss=0.016, val_acc=0.995, train_loss_epoch=0.00942]   Epoch 19:  49%|████▊     | 70/144 [00:02<00:02, 33.51it/s, v_num=80885, train_loss_step=0.006, val_loss=0.016, val_acc=0.995, train_loss_epoch=0.00942]Epoch 19:  49%|████▊     | 70/144 [00:02<00:02, 33.51it/s, v_num=80885, train_loss_step=0.00618, val_loss=0.016, val_acc=0.995, train_loss_epoch=0.00942]Epoch 19:  49%|████▉     | 71/144 [00:02<00:02, 33.51it/s, v_num=80885, train_loss_step=0.00618, val_loss=0.016, val_acc=0.995, train_loss_epoch=0.00942]Epoch 19:  49%|████▉     | 71/144 [00:02<00:02, 33.50it/s, v_num=80885, train_loss_step=0.0237, val_loss=0.016, val_acc=0.995, train_loss_epoch=0.00942] Epoch 19:  50%|█████     | 72/144 [00:02<00:02, 33.57it/s, v_num=80885, train_loss_step=0.0237, val_loss=0.016, val_acc=0.995, train_loss_epoch=0.00942]Epoch 19:  50%|█████     | 72/144 [00:02<00:02, 33.57it/s, v_num=80885, train_loss_step=0.0155, val_loss=0.016, val_acc=0.995, train_loss_epoch=0.00942]Epoch 19:  51%|█████     | 73/144 [00:02<00:02, 33.63it/s, v_num=80885, train_loss_step=0.0155, val_loss=0.016, val_acc=0.995, train_loss_epoch=0.00942]Epoch 19:  51%|█████     | 73/144 [00:02<00:02, 33.63it/s, v_num=80885, train_loss_step=0.00136, val_loss=0.016, val_acc=0.995, train_loss_epoch=0.00942]Epoch 19:  51%|█████▏    | 74/144 [00:02<00:02, 33.69it/s, v_num=80885, train_loss_step=0.00136, val_loss=0.016, val_acc=0.995, train_loss_epoch=0.00942]Epoch 19:  51%|█████▏    | 74/144 [00:02<00:02, 33.69it/s, v_num=80885, train_loss_step=0.010, val_loss=0.016, val_acc=0.995, train_loss_epoch=0.00942]  Epoch 19:  52%|█████▏    | 75/144 [00:02<00:02, 33.67it/s, v_num=80885, train_loss_step=0.010, val_loss=0.016, val_acc=0.995, train_loss_epoch=0.00942]Epoch 19:  52%|█████▏    | 75/144 [00:02<00:02, 33.67it/s, v_num=80885, train_loss_step=0.00484, val_loss=0.016, val_acc=0.995, train_loss_epoch=0.00942]Epoch 19:  53%|█████▎    | 76/144 [00:02<00:02, 33.71it/s, v_num=80885, train_loss_step=0.00484, val_loss=0.016, val_acc=0.995, train_loss_epoch=0.00942]Epoch 19:  53%|█████▎    | 76/144 [00:02<00:02, 33.71it/s, v_num=80885, train_loss_step=0.00513, val_loss=0.016, val_acc=0.995, train_loss_epoch=0.00942]Epoch 19:  53%|█████▎    | 77/144 [00:02<00:01, 33.74it/s, v_num=80885, train_loss_step=0.00513, val_loss=0.016, val_acc=0.995, train_loss_epoch=0.00942]Epoch 19:  53%|█████▎    | 77/144 [00:02<00:01, 33.74it/s, v_num=80885, train_loss_step=0.0318, val_loss=0.016, val_acc=0.995, train_loss_epoch=0.00942] Epoch 19:  54%|█████▍    | 78/144 [00:02<00:01, 33.78it/s, v_num=80885, train_loss_step=0.0318, val_loss=0.016, val_acc=0.995, train_loss_epoch=0.00942]Epoch 19:  54%|█████▍    | 78/144 [00:02<00:01, 33.78it/s, v_num=80885, train_loss_step=0.0322, val_loss=0.016, val_acc=0.995, train_loss_epoch=0.00942]Epoch 19:  55%|█████▍    | 79/144 [00:02<00:01, 33.77it/s, v_num=80885, train_loss_step=0.0322, val_loss=0.016, val_acc=0.995, train_loss_epoch=0.00942]Epoch 19:  55%|█████▍    | 79/144 [00:02<00:01, 33.76it/s, v_num=80885, train_loss_step=0.00591, val_loss=0.016, val_acc=0.995, train_loss_epoch=0.00942]Epoch 19:  56%|█████▌    | 80/144 [00:02<00:01, 33.81it/s, v_num=80885, train_loss_step=0.00591, val_loss=0.016, val_acc=0.995, train_loss_epoch=0.00942]Epoch 19:  56%|█████▌    | 80/144 [00:02<00:01, 33.81it/s, v_num=80885, train_loss_step=0.0058, val_loss=0.016, val_acc=0.995, train_loss_epoch=0.00942] Epoch 19:  56%|█████▋    | 81/144 [00:02<00:01, 33.87it/s, v_num=80885, train_loss_step=0.0058, val_loss=0.016, val_acc=0.995, train_loss_epoch=0.00942]Epoch 19:  56%|█████▋    | 81/144 [00:02<00:01, 33.87it/s, v_num=80885, train_loss_step=0.0147, val_loss=0.016, val_acc=0.995, train_loss_epoch=0.00942]Epoch 19:  57%|█████▋    | 82/144 [00:02<00:01, 33.92it/s, v_num=80885, train_loss_step=0.0147, val_loss=0.016, val_acc=0.995, train_loss_epoch=0.00942]Epoch 19:  57%|█████▋    | 82/144 [00:02<00:01, 33.92it/s, v_num=80885, train_loss_step=0.0272, val_loss=0.016, val_acc=0.995, train_loss_epoch=0.00942]Epoch 19:  58%|█████▊    | 83/144 [00:02<00:01, 33.91it/s, v_num=80885, train_loss_step=0.0272, val_loss=0.016, val_acc=0.995, train_loss_epoch=0.00942]Epoch 19:  58%|█████▊    | 83/144 [00:02<00:01, 33.91it/s, v_num=80885, train_loss_step=0.0395, val_loss=0.016, val_acc=0.995, train_loss_epoch=0.00942]Epoch 19:  58%|█████▊    | 84/144 [00:02<00:01, 33.95it/s, v_num=80885, train_loss_step=0.0395, val_loss=0.016, val_acc=0.995, train_loss_epoch=0.00942]Epoch 19:  58%|█████▊    | 84/144 [00:02<00:01, 33.95it/s, v_num=80885, train_loss_step=0.00388, val_loss=0.016, val_acc=0.995, train_loss_epoch=0.00942]Epoch 19:  59%|█████▉    | 85/144 [00:02<00:01, 33.99it/s, v_num=80885, train_loss_step=0.00388, val_loss=0.016, val_acc=0.995, train_loss_epoch=0.00942]Epoch 19:  59%|█████▉    | 85/144 [00:02<00:01, 33.99it/s, v_num=80885, train_loss_step=0.00518, val_loss=0.016, val_acc=0.995, train_loss_epoch=0.00942]Epoch 19:  60%|█████▉    | 86/144 [00:02<00:01, 34.03it/s, v_num=80885, train_loss_step=0.00518, val_loss=0.016, val_acc=0.995, train_loss_epoch=0.00942]Epoch 19:  60%|█████▉    | 86/144 [00:02<00:01, 34.03it/s, v_num=80885, train_loss_step=0.0658, val_loss=0.016, val_acc=0.995, train_loss_epoch=0.00942] Epoch 19:  60%|██████    | 87/144 [00:02<00:01, 34.03it/s, v_num=80885, train_loss_step=0.0658, val_loss=0.016, val_acc=0.995, train_loss_epoch=0.00942]Epoch 19:  60%|██████    | 87/144 [00:02<00:01, 34.03it/s, v_num=80885, train_loss_step=0.00839, val_loss=0.016, val_acc=0.995, train_loss_epoch=0.00942]Epoch 19:  61%|██████    | 88/144 [00:02<00:01, 34.06it/s, v_num=80885, train_loss_step=0.00839, val_loss=0.016, val_acc=0.995, train_loss_epoch=0.00942]Epoch 19:  61%|██████    | 88/144 [00:02<00:01, 34.06it/s, v_num=80885, train_loss_step=0.0154, val_loss=0.016, val_acc=0.995, train_loss_epoch=0.00942] Epoch 19:  62%|██████▏   | 89/144 [00:02<00:01, 34.10it/s, v_num=80885, train_loss_step=0.0154, val_loss=0.016, val_acc=0.995, train_loss_epoch=0.00942]Epoch 19:  62%|██████▏   | 89/144 [00:02<00:01, 34.10it/s, v_num=80885, train_loss_step=0.0067, val_loss=0.016, val_acc=0.995, train_loss_epoch=0.00942]Epoch 19:  62%|██████▎   | 90/144 [00:02<00:01, 34.12it/s, v_num=80885, train_loss_step=0.0067, val_loss=0.016, val_acc=0.995, train_loss_epoch=0.00942]Epoch 19:  62%|██████▎   | 90/144 [00:02<00:01, 34.12it/s, v_num=80885, train_loss_step=0.00678, val_loss=0.016, val_acc=0.995, train_loss_epoch=0.00942]Epoch 19:  63%|██████▎   | 91/144 [00:02<00:01, 34.10it/s, v_num=80885, train_loss_step=0.00678, val_loss=0.016, val_acc=0.995, train_loss_epoch=0.00942]Epoch 19:  63%|██████▎   | 91/144 [00:02<00:01, 34.10it/s, v_num=80885, train_loss_step=0.0207, val_loss=0.016, val_acc=0.995, train_loss_epoch=0.00942] Epoch 19:  64%|██████▍   | 92/144 [00:02<00:01, 34.05it/s, v_num=80885, train_loss_step=0.0207, val_loss=0.016, val_acc=0.995, train_loss_epoch=0.00942]Epoch 19:  64%|██████▍   | 92/144 [00:02<00:01, 34.05it/s, v_num=80885, train_loss_step=0.00931, val_loss=0.016, val_acc=0.995, train_loss_epoch=0.00942]Epoch 19:  65%|██████▍   | 93/144 [00:02<00:01, 34.06it/s, v_num=80885, train_loss_step=0.00931, val_loss=0.016, val_acc=0.995, train_loss_epoch=0.00942]Epoch 19:  65%|██████▍   | 93/144 [00:02<00:01, 34.06it/s, v_num=80885, train_loss_step=0.00156, val_loss=0.016, val_acc=0.995, train_loss_epoch=0.00942]Epoch 19:  65%|██████▌   | 94/144 [00:02<00:01, 34.09it/s, v_num=80885, train_loss_step=0.00156, val_loss=0.016, val_acc=0.995, train_loss_epoch=0.00942]Epoch 19:  65%|██████▌   | 94/144 [00:02<00:01, 34.09it/s, v_num=80885, train_loss_step=0.00166, val_loss=0.016, val_acc=0.995, train_loss_epoch=0.00942]Epoch 19:  66%|██████▌   | 95/144 [00:02<00:01, 34.07it/s, v_num=80885, train_loss_step=0.00166, val_loss=0.016, val_acc=0.995, train_loss_epoch=0.00942]Epoch 19:  66%|██████▌   | 95/144 [00:02<00:01, 34.06it/s, v_num=80885, train_loss_step=0.00334, val_loss=0.016, val_acc=0.995, train_loss_epoch=0.00942]Epoch 19:  67%|██████▋   | 96/144 [00:02<00:01, 34.09it/s, v_num=80885, train_loss_step=0.00334, val_loss=0.016, val_acc=0.995, train_loss_epoch=0.00942]Epoch 19:  67%|██████▋   | 96/144 [00:02<00:01, 34.09it/s, v_num=80885, train_loss_step=0.00544, val_loss=0.016, val_acc=0.995, train_loss_epoch=0.00942]Epoch 19:  67%|██████▋   | 97/144 [00:02<00:01, 34.14it/s, v_num=80885, train_loss_step=0.00544, val_loss=0.016, val_acc=0.995, train_loss_epoch=0.00942]Epoch 19:  67%|██████▋   | 97/144 [00:02<00:01, 34.14it/s, v_num=80885, train_loss_step=0.00608, val_loss=0.016, val_acc=0.995, train_loss_epoch=0.00942]Epoch 19:  68%|██████▊   | 98/144 [00:02<00:01, 34.19it/s, v_num=80885, train_loss_step=0.00608, val_loss=0.016, val_acc=0.995, train_loss_epoch=0.00942]Epoch 19:  68%|██████▊   | 98/144 [00:02<00:01, 34.19it/s, v_num=80885, train_loss_step=0.00453, val_loss=0.016, val_acc=0.995, train_loss_epoch=0.00942]Epoch 19:  69%|██████▉   | 99/144 [00:02<00:01, 34.18it/s, v_num=80885, train_loss_step=0.00453, val_loss=0.016, val_acc=0.995, train_loss_epoch=0.00942]Epoch 19:  69%|██████▉   | 99/144 [00:02<00:01, 34.18it/s, v_num=80885, train_loss_step=0.00341, val_loss=0.016, val_acc=0.995, train_loss_epoch=0.00942]Epoch 19:  69%|██████▉   | 100/144 [00:02<00:01, 34.22it/s, v_num=80885, train_loss_step=0.00341, val_loss=0.016, val_acc=0.995, train_loss_epoch=0.00942]Epoch 19:  69%|██████▉   | 100/144 [00:02<00:01, 34.22it/s, v_num=80885, train_loss_step=0.00563, val_loss=0.016, val_acc=0.995, train_loss_epoch=0.00942]Epoch 19:  70%|███████   | 101/144 [00:02<00:01, 34.26it/s, v_num=80885, train_loss_step=0.00563, val_loss=0.016, val_acc=0.995, train_loss_epoch=0.00942]Epoch 19:  70%|███████   | 101/144 [00:02<00:01, 34.26it/s, v_num=80885, train_loss_step=0.0126, val_loss=0.016, val_acc=0.995, train_loss_epoch=0.00942] Epoch 19:  71%|███████   | 102/144 [00:02<00:01, 34.31it/s, v_num=80885, train_loss_step=0.0126, val_loss=0.016, val_acc=0.995, train_loss_epoch=0.00942]Epoch 19:  71%|███████   | 102/144 [00:02<00:01, 34.31it/s, v_num=80885, train_loss_step=0.0108, val_loss=0.016, val_acc=0.995, train_loss_epoch=0.00942]Epoch 19:  72%|███████▏  | 103/144 [00:03<00:01, 34.31it/s, v_num=80885, train_loss_step=0.0108, val_loss=0.016, val_acc=0.995, train_loss_epoch=0.00942]Epoch 19:  72%|███████▏  | 103/144 [00:03<00:01, 34.31it/s, v_num=80885, train_loss_step=0.00541, val_loss=0.016, val_acc=0.995, train_loss_epoch=0.00942]Epoch 19:  72%|███████▏  | 104/144 [00:03<00:01, 34.34it/s, v_num=80885, train_loss_step=0.00541, val_loss=0.016, val_acc=0.995, train_loss_epoch=0.00942]Epoch 19:  72%|███████▏  | 104/144 [00:03<00:01, 34.34it/s, v_num=80885, train_loss_step=0.004, val_loss=0.016, val_acc=0.995, train_loss_epoch=0.00942]  Epoch 19:  73%|███████▎  | 105/144 [00:03<00:01, 34.38it/s, v_num=80885, train_loss_step=0.004, val_loss=0.016, val_acc=0.995, train_loss_epoch=0.00942]Epoch 19:  73%|███████▎  | 105/144 [00:03<00:01, 34.37it/s, v_num=80885, train_loss_step=0.011, val_loss=0.016, val_acc=0.995, train_loss_epoch=0.00942]Epoch 19:  74%|███████▎  | 106/144 [00:03<00:01, 34.41it/s, v_num=80885, train_loss_step=0.011, val_loss=0.016, val_acc=0.995, train_loss_epoch=0.00942]Epoch 19:  74%|███████▎  | 106/144 [00:03<00:01, 34.41it/s, v_num=80885, train_loss_step=0.00847, val_loss=0.016, val_acc=0.995, train_loss_epoch=0.00942]Epoch 19:  74%|███████▍  | 107/144 [00:03<00:01, 34.38it/s, v_num=80885, train_loss_step=0.00847, val_loss=0.016, val_acc=0.995, train_loss_epoch=0.00942]Epoch 19:  74%|███████▍  | 107/144 [00:03<00:01, 34.37it/s, v_num=80885, train_loss_step=0.00647, val_loss=0.016, val_acc=0.995, train_loss_epoch=0.00942]Epoch 19:  75%|███████▌  | 108/144 [00:03<00:01, 34.40it/s, v_num=80885, train_loss_step=0.00647, val_loss=0.016, val_acc=0.995, train_loss_epoch=0.00942]Epoch 19:  75%|███████▌  | 108/144 [00:03<00:01, 34.40it/s, v_num=80885, train_loss_step=0.0055, val_loss=0.016, val_acc=0.995, train_loss_epoch=0.00942] Epoch 19:  76%|███████▌  | 109/144 [00:03<00:01, 34.44it/s, v_num=80885, train_loss_step=0.0055, val_loss=0.016, val_acc=0.995, train_loss_epoch=0.00942]Epoch 19:  76%|███████▌  | 109/144 [00:03<00:01, 34.44it/s, v_num=80885, train_loss_step=0.00395, val_loss=0.016, val_acc=0.995, train_loss_epoch=0.00942]Epoch 19:  76%|███████▋  | 110/144 [00:03<00:00, 34.48it/s, v_num=80885, train_loss_step=0.00395, val_loss=0.016, val_acc=0.995, train_loss_epoch=0.00942]Epoch 19:  76%|███████▋  | 110/144 [00:03<00:00, 34.47it/s, v_num=80885, train_loss_step=0.00594, val_loss=0.016, val_acc=0.995, train_loss_epoch=0.00942]Epoch 19:  77%|███████▋  | 111/144 [00:03<00:00, 34.46it/s, v_num=80885, train_loss_step=0.00594, val_loss=0.016, val_acc=0.995, train_loss_epoch=0.00942]Epoch 19:  77%|███████▋  | 111/144 [00:03<00:00, 34.46it/s, v_num=80885, train_loss_step=0.00897, val_loss=0.016, val_acc=0.995, train_loss_epoch=0.00942]Epoch 19:  78%|███████▊  | 112/144 [00:03<00:00, 34.50it/s, v_num=80885, train_loss_step=0.00897, val_loss=0.016, val_acc=0.995, train_loss_epoch=0.00942]Epoch 19:  78%|███████▊  | 112/144 [00:03<00:00, 34.50it/s, v_num=80885, train_loss_step=0.0159, val_loss=0.016, val_acc=0.995, train_loss_epoch=0.00942] Epoch 19:  78%|███████▊  | 113/144 [00:03<00:00, 34.53it/s, v_num=80885, train_loss_step=0.0159, val_loss=0.016, val_acc=0.995, train_loss_epoch=0.00942]Epoch 19:  78%|███████▊  | 113/144 [00:03<00:00, 34.52it/s, v_num=80885, train_loss_step=0.00292, val_loss=0.016, val_acc=0.995, train_loss_epoch=0.00942]Epoch 19:  79%|███████▉  | 114/144 [00:03<00:00, 34.57it/s, v_num=80885, train_loss_step=0.00292, val_loss=0.016, val_acc=0.995, train_loss_epoch=0.00942]Epoch 19:  79%|███████▉  | 114/144 [00:03<00:00, 34.57it/s, v_num=80885, train_loss_step=0.00219, val_loss=0.016, val_acc=0.995, train_loss_epoch=0.00942]Epoch 19:  80%|███████▉  | 115/144 [00:03<00:00, 34.55it/s, v_num=80885, train_loss_step=0.00219, val_loss=0.016, val_acc=0.995, train_loss_epoch=0.00942]Epoch 19:  80%|███████▉  | 115/144 [00:03<00:00, 34.55it/s, v_num=80885, train_loss_step=0.0079, val_loss=0.016, val_acc=0.995, train_loss_epoch=0.00942] Epoch 19:  81%|████████  | 116/144 [00:03<00:00, 34.58it/s, v_num=80885, train_loss_step=0.0079, val_loss=0.016, val_acc=0.995, train_loss_epoch=0.00942]Epoch 19:  81%|████████  | 116/144 [00:03<00:00, 34.57it/s, v_num=80885, train_loss_step=0.0171, val_loss=0.016, val_acc=0.995, train_loss_epoch=0.00942]Epoch 19:  81%|████████▏ | 117/144 [00:03<00:00, 34.60it/s, v_num=80885, train_loss_step=0.0171, val_loss=0.016, val_acc=0.995, train_loss_epoch=0.00942]Epoch 19:  81%|████████▏ | 117/144 [00:03<00:00, 34.60it/s, v_num=80885, train_loss_step=0.0017, val_loss=0.016, val_acc=0.995, train_loss_epoch=0.00942]Epoch 19:  82%|████████▏ | 118/144 [00:03<00:00, 34.62it/s, v_num=80885, train_loss_step=0.0017, val_loss=0.016, val_acc=0.995, train_loss_epoch=0.00942]Epoch 19:  82%|████████▏ | 118/144 [00:03<00:00, 34.62it/s, v_num=80885, train_loss_step=0.00329, val_loss=0.016, val_acc=0.995, train_loss_epoch=0.00942]Epoch 19:  83%|████████▎ | 119/144 [00:03<00:00, 34.59it/s, v_num=80885, train_loss_step=0.00329, val_loss=0.016, val_acc=0.995, train_loss_epoch=0.00942]Epoch 19:  83%|████████▎ | 119/144 [00:03<00:00, 34.59it/s, v_num=80885, train_loss_step=0.00847, val_loss=0.016, val_acc=0.995, train_loss_epoch=0.00942]Epoch 19:  83%|████████▎ | 120/144 [00:03<00:00, 34.62it/s, v_num=80885, train_loss_step=0.00847, val_loss=0.016, val_acc=0.995, train_loss_epoch=0.00942]Epoch 19:  83%|████████▎ | 120/144 [00:03<00:00, 34.62it/s, v_num=80885, train_loss_step=0.00307, val_loss=0.016, val_acc=0.995, train_loss_epoch=0.00942]Epoch 19:  84%|████████▍ | 121/144 [00:03<00:00, 34.65it/s, v_num=80885, train_loss_step=0.00307, val_loss=0.016, val_acc=0.995, train_loss_epoch=0.00942]Epoch 19:  84%|████████▍ | 121/144 [00:03<00:00, 34.65it/s, v_num=80885, train_loss_step=0.00558, val_loss=0.016, val_acc=0.995, train_loss_epoch=0.00942]Epoch 19:  85%|████████▍ | 122/144 [00:03<00:00, 34.69it/s, v_num=80885, train_loss_step=0.00558, val_loss=0.016, val_acc=0.995, train_loss_epoch=0.00942]Epoch 19:  85%|████████▍ | 122/144 [00:03<00:00, 34.69it/s, v_num=80885, train_loss_step=0.0125, val_loss=0.016, val_acc=0.995, train_loss_epoch=0.00942] Epoch 19:  85%|████████▌ | 123/144 [00:03<00:00, 34.68it/s, v_num=80885, train_loss_step=0.0125, val_loss=0.016, val_acc=0.995, train_loss_epoch=0.00942]Epoch 19:  85%|████████▌ | 123/144 [00:03<00:00, 34.68it/s, v_num=80885, train_loss_step=0.00438, val_loss=0.016, val_acc=0.995, train_loss_epoch=0.00942]Epoch 19:  86%|████████▌ | 124/144 [00:03<00:00, 34.72it/s, v_num=80885, train_loss_step=0.00438, val_loss=0.016, val_acc=0.995, train_loss_epoch=0.00942]Epoch 19:  86%|████████▌ | 124/144 [00:03<00:00, 34.72it/s, v_num=80885, train_loss_step=0.00111, val_loss=0.016, val_acc=0.995, train_loss_epoch=0.00942]Epoch 19:  87%|████████▋ | 125/144 [00:03<00:00, 34.74it/s, v_num=80885, train_loss_step=0.00111, val_loss=0.016, val_acc=0.995, train_loss_epoch=0.00942]Epoch 19:  87%|████████▋ | 125/144 [00:03<00:00, 34.74it/s, v_num=80885, train_loss_step=0.0006, val_loss=0.016, val_acc=0.995, train_loss_epoch=0.00942] Epoch 19:  88%|████████▊ | 126/144 [00:03<00:00, 34.72it/s, v_num=80885, train_loss_step=0.0006, val_loss=0.016, val_acc=0.995, train_loss_epoch=0.00942]Epoch 19:  88%|████████▊ | 126/144 [00:03<00:00, 34.72it/s, v_num=80885, train_loss_step=0.0128, val_loss=0.016, val_acc=0.995, train_loss_epoch=0.00942]Epoch 19:  88%|████████▊ | 127/144 [00:03<00:00, 34.70it/s, v_num=80885, train_loss_step=0.0128, val_loss=0.016, val_acc=0.995, train_loss_epoch=0.00942]Epoch 19:  88%|████████▊ | 127/144 [00:03<00:00, 34.70it/s, v_num=80885, train_loss_step=0.000811, val_loss=0.016, val_acc=0.995, train_loss_epoch=0.00942]Epoch 19:  89%|████████▉ | 128/144 [00:03<00:00, 34.75it/s, v_num=80885, train_loss_step=0.000811, val_loss=0.016, val_acc=0.995, train_loss_epoch=0.00942]Epoch 19:  89%|████████▉ | 128/144 [00:03<00:00, 34.74it/s, v_num=80885, train_loss_step=0.00233, val_loss=0.016, val_acc=0.995, train_loss_epoch=0.00942] Epoch 19:  90%|████████▉ | 129/144 [00:03<00:00, 34.78it/s, v_num=80885, train_loss_step=0.00233, val_loss=0.016, val_acc=0.995, train_loss_epoch=0.00942]Epoch 19:  90%|████████▉ | 129/144 [00:03<00:00, 34.78it/s, v_num=80885, train_loss_step=0.00392, val_loss=0.016, val_acc=0.995, train_loss_epoch=0.00942]Epoch 19:  90%|█████████ | 130/144 [00:03<00:00, 34.81it/s, v_num=80885, train_loss_step=0.00392, val_loss=0.016, val_acc=0.995, train_loss_epoch=0.00942]Epoch 19:  90%|█████████ | 130/144 [00:03<00:00, 34.81it/s, v_num=80885, train_loss_step=0.00738, val_loss=0.016, val_acc=0.995, train_loss_epoch=0.00942]Epoch 19:  91%|█████████ | 131/144 [00:03<00:00, 34.78it/s, v_num=80885, train_loss_step=0.00738, val_loss=0.016, val_acc=0.995, train_loss_epoch=0.00942]Epoch 19:  91%|█████████ | 131/144 [00:03<00:00, 34.78it/s, v_num=80885, train_loss_step=0.00386, val_loss=0.016, val_acc=0.995, train_loss_epoch=0.00942]Epoch 19:  92%|█████████▏| 132/144 [00:03<00:00, 34.81it/s, v_num=80885, train_loss_step=0.00386, val_loss=0.016, val_acc=0.995, train_loss_epoch=0.00942]Epoch 19:  92%|█████████▏| 132/144 [00:03<00:00, 34.81it/s, v_num=80885, train_loss_step=0.0146, val_loss=0.016, val_acc=0.995, train_loss_epoch=0.00942] Epoch 19:  92%|█████████▏| 133/144 [00:03<00:00, 34.85it/s, v_num=80885, train_loss_step=0.0146, val_loss=0.016, val_acc=0.995, train_loss_epoch=0.00942]Epoch 19:  92%|█████████▏| 133/144 [00:03<00:00, 34.85it/s, v_num=80885, train_loss_step=0.00134, val_loss=0.016, val_acc=0.995, train_loss_epoch=0.00942]Epoch 19:  93%|█████████▎| 134/144 [00:03<00:00, 34.87it/s, v_num=80885, train_loss_step=0.00134, val_loss=0.016, val_acc=0.995, train_loss_epoch=0.00942]Epoch 19:  93%|█████████▎| 134/144 [00:03<00:00, 34.87it/s, v_num=80885, train_loss_step=0.00238, val_loss=0.016, val_acc=0.995, train_loss_epoch=0.00942]Epoch 19:  94%|█████████▍| 135/144 [00:03<00:00, 34.87it/s, v_num=80885, train_loss_step=0.00238, val_loss=0.016, val_acc=0.995, train_loss_epoch=0.00942]Epoch 19:  94%|█████████▍| 135/144 [00:03<00:00, 34.87it/s, v_num=80885, train_loss_step=0.00773, val_loss=0.016, val_acc=0.995, train_loss_epoch=0.00942]Epoch 19:  94%|█████████▍| 136/144 [00:03<00:00, 34.90it/s, v_num=80885, train_loss_step=0.00773, val_loss=0.016, val_acc=0.995, train_loss_epoch=0.00942]Epoch 19:  94%|█████████▍| 136/144 [00:03<00:00, 34.90it/s, v_num=80885, train_loss_step=0.0107, val_loss=0.016, val_acc=0.995, train_loss_epoch=0.00942] Epoch 19:  95%|█████████▌| 137/144 [00:03<00:00, 34.94it/s, v_num=80885, train_loss_step=0.0107, val_loss=0.016, val_acc=0.995, train_loss_epoch=0.00942]Epoch 19:  95%|█████████▌| 137/144 [00:03<00:00, 34.94it/s, v_num=80885, train_loss_step=0.00765, val_loss=0.016, val_acc=0.995, train_loss_epoch=0.00942]Epoch 19:  96%|█████████▌| 138/144 [00:03<00:00, 34.97it/s, v_num=80885, train_loss_step=0.00765, val_loss=0.016, val_acc=0.995, train_loss_epoch=0.00942]Epoch 19:  96%|█████████▌| 138/144 [00:03<00:00, 34.97it/s, v_num=80885, train_loss_step=0.00114, val_loss=0.016, val_acc=0.995, train_loss_epoch=0.00942]Epoch 19:  97%|█████████▋| 139/144 [00:03<00:00, 34.96it/s, v_num=80885, train_loss_step=0.00114, val_loss=0.016, val_acc=0.995, train_loss_epoch=0.00942]Epoch 19:  97%|█████████▋| 139/144 [00:03<00:00, 34.96it/s, v_num=80885, train_loss_step=0.00242, val_loss=0.016, val_acc=0.995, train_loss_epoch=0.00942]Epoch 19:  97%|█████████▋| 140/144 [00:04<00:00, 34.96it/s, v_num=80885, train_loss_step=0.00242, val_loss=0.016, val_acc=0.995, train_loss_epoch=0.00942]Epoch 19:  97%|█████████▋| 140/144 [00:04<00:00, 34.96it/s, v_num=80885, train_loss_step=0.0305, val_loss=0.016, val_acc=0.995, train_loss_epoch=0.00942] Epoch 19:  98%|█████████▊| 141/144 [00:04<00:00, 34.98it/s, v_num=80885, train_loss_step=0.0305, val_loss=0.016, val_acc=0.995, train_loss_epoch=0.00942]Epoch 19:  98%|█████████▊| 141/144 [00:04<00:00, 34.98it/s, v_num=80885, train_loss_step=0.0122, val_loss=0.016, val_acc=0.995, train_loss_epoch=0.00942]Epoch 19:  99%|█████████▊| 142/144 [00:04<00:00, 35.00it/s, v_num=80885, train_loss_step=0.0122, val_loss=0.016, val_acc=0.995, train_loss_epoch=0.00942]Epoch 19:  99%|█████████▊| 142/144 [00:04<00:00, 35.00it/s, v_num=80885, train_loss_step=0.0108, val_loss=0.016, val_acc=0.995, train_loss_epoch=0.00942]Epoch 19:  99%|█████████▉| 143/144 [00:04<00:00, 35.02it/s, v_num=80885, train_loss_step=0.0108, val_loss=0.016, val_acc=0.995, train_loss_epoch=0.00942]Epoch 19:  99%|█████████▉| 143/144 [00:04<00:00, 35.02it/s, v_num=80885, train_loss_step=0.00721, val_loss=0.016, val_acc=0.995, train_loss_epoch=0.00942]Epoch 19: 100%|██████████| 144/144 [00:04<00:00, 35.01it/s, v_num=80885, train_loss_step=0.00721, val_loss=0.016, val_acc=0.995, train_loss_epoch=0.00942]Epoch 19: 100%|██████████| 144/144 [00:04<00:00, 35.01it/s, v_num=80885, train_loss_step=0.0108, val_loss=0.016, val_acc=0.995, train_loss_epoch=0.00942] 
Validation: |          | 0/? [00:00<?, ?it/s][A
Validation:   0%|          | 0/14 [00:00<?, ?it/s][A
Validation DataLoader 0:   0%|          | 0/14 [00:00<?, ?it/s][A
Validation DataLoader 0:   7%|▋         | 1/14 [00:00<00:00, 124.73it/s][A
Validation DataLoader 0:  14%|█▍        | 2/14 [00:00<00:00, 81.62it/s] [A
Validation DataLoader 0:  21%|██▏       | 3/14 [00:00<00:00, 87.07it/s][A
Validation DataLoader 0:  29%|██▊       | 4/14 [00:00<00:00, 90.43it/s][A
Validation DataLoader 0:  36%|███▌      | 5/14 [00:00<00:00, 91.93it/s][A
Validation DataLoader 0:  43%|████▎     | 6/14 [00:00<00:00, 89.19it/s][A
Validation DataLoader 0:  50%|█████     | 7/14 [00:00<00:00, 84.84it/s][A
Validation DataLoader 0:  57%|█████▋    | 8/14 [00:00<00:00, 81.84it/s][A
Validation DataLoader 0:  64%|██████▍   | 9/14 [00:00<00:00, 79.68it/s][A
Validation DataLoader 0:  71%|███████▏  | 10/14 [00:00<00:00, 78.05it/s][A
Validation DataLoader 0:  79%|███████▊  | 11/14 [00:00<00:00, 76.80it/s][A
Validation DataLoader 0:  86%|████████▌ | 12/14 [00:00<00:00, 75.82it/s][A
Validation DataLoader 0:  93%|█████████▎| 13/14 [00:00<00:00, 75.01it/s][A
Validation DataLoader 0: 100%|██████████| 14/14 [00:00<00:00, 74.28it/s][A
                                                                        [AEpoch 19: 100%|██████████| 144/144 [00:04<00:00, 33.30it/s, v_num=80885, train_loss_step=0.0108, val_loss=0.0096, val_acc=0.997, train_loss_epoch=0.00942]Epoch 19: 100%|██████████| 144/144 [00:04<00:00, 33.29it/s, v_num=80885, train_loss_step=0.0108, val_loss=0.0096, val_acc=0.997, train_loss_epoch=0.0114] [2025-09-11 12:54:47,650] [INFO] [logging.py:107:log_dist] [Rank 0] [Torch] Checkpoint checkpoint is begin to save!
[2025-09-11 12:54:47,653] [INFO] [logging.py:107:log_dist] [Rank 0] Saving model checkpoint: deepspeed_logs/lightning_logs/version_80885/checkpoints/deepspeed-epoch=19-val_acc=1.00.ckpt/checkpoint/zero_pp_rank_0_mp_rank_00_model_states.pt
Epoch 19: 100%|██████████| 144/144 [00:04<00:00, 32.76it/s, v_num=80885, train_loss_step=0.0108, val_loss=0.0096, val_acc=0.997, train_loss_epoch=0.0114]
c2104:3652498:3652967 [0] NCCL INFO [Service thread] Connection closed by localRank 1
c2104:3652500:3652968 [2] NCCL INFO [Service thread] Connection closed by localRank 1
c2104:3652498:3652854 [0] NCCL INFO [Service thread] Connection closed by localRank 1
c2104:3652500:3652858 [2] NCCL INFO [Service thread] Connection closed by localRank 1
c2104:3652500:3652968 [2] NCCL INFO [Service thread] Connection closed by localRank 3
c2104:3652500:3652858 [2] NCCL INFO [Service thread] Connection closed by localRank 3
Done printing hostnames.
